Args in experiment:
Namespace(activation='gelu', affine=1, batch_size=32, c_out=7, checkpoints='./checkpoints/', d_ff=128, d_layers=1, d_model=16, data='PEMS', data_path='PEMS04.npz', dec_in=7, decomposition=0, des='Exp', device_ids=[0, 1], devices='0,1', dis=10, distil=True, do_predict=False, dropout=0.3, dvices='0,1', e_layers=3, embed='timeF', embed_type=0, enc_in=307, factor=1, fc_dropout=0.3, features='M', freq='h', gpu=0, head_dropout=0.0, hidden_size=512, individual=0, is_training=1, itr=1, k=20, kernel_size=25, label_len=18, learning_rate=0.0001, loss='mse', lradj='TST', model='PRNN_TST', model_id='96_24', moving_avg=25, n_heads=4, num_layers=1, num_workers=10, output_attention=False, padding_patch='end', patch_len=16, patience=20, pct_start=0.3, pred_len=24, random_seed=2021, revin=1, rnn_inp=96, root_path='./dataset/', seq_len=96, stride=8, subtract_last=0, target='OT', test_flop=False, top_k=3, train_epochs=300, use_amp=False, use_gpu=True, use_multi_gpu=True)
Use GPU: cuda:0
>>>>>>>start training : 96_24_PRNN_TST_PEMS_ftM_sl96_ll18_pl24_dm16_nh4_el3_dl1_df128_fc1_ebtimeF_dtTrue_Exp_0>>>>>>>>>>>>>>>>>>>>>>>>>>
module.model.revin_layer.affine_weight: 307
module.model.revin_layer.affine_bias: 307
module.model.rnn.weight_ih_l0: 262144
module.model.rnn.weight_hh_l0: 262144
module.model.rnn.bias_ih_l0: 512
module.model.rnn.bias_hh_l0: 512
module.model.embed.weight: 8192
module.model.embed.bias: 512
module.model.fc.weight: 135168
module.model.fc.bias: 24
Total trainable parameters: 669822
train 10076
val 3279
test 3280
	iters: 100, epoch: 1 | loss: 0.5471703
	speed: 0.0520s/iter; left time: 4894.7833s
	iters: 200, epoch: 1 | loss: 0.4032300
	speed: 0.0328s/iter; left time: 3079.0051s
	iters: 300, epoch: 1 | loss: 0.3333994
	speed: 0.0325s/iter; left time: 3050.3940s
Epoch: 1 cost time: 11.593380689620972
[2025-05-29 04:44:15] [32mIntermediate result: 0.4136547  (Index 0)[0m
Epoch: 1, Steps: 314 | Train Loss: 0.5845178 Vali Loss: 0.4604627 Test Loss: 0.4136547
Validation loss decreased (inf --> 0.460463).  Saving model ...
Updating learning rate to 4.029242372360529e-06
	iters: 100, epoch: 2 | loss: 0.4766077
	speed: 0.0920s/iter; left time: 8628.0112s
	iters: 200, epoch: 2 | loss: 0.3426868
	speed: 0.0334s/iter; left time: 3127.5151s
	iters: 300, epoch: 2 | loss: 0.2225455
	speed: 0.0329s/iter; left time: 3082.8313s
Epoch: 2 cost time: 10.850420951843262
[2025-05-29 04:44:31] [32mIntermediate result: 0.33306322  (Index 1)[0m
Epoch: 2, Steps: 314 | Train Loss: 0.3621837 Vali Loss: 0.3699859 Test Loss: 0.3330632
Validation loss decreased (0.460463 --> 0.369986).  Saving model ...
Updating learning rate to 4.116933859594552e-06
	iters: 100, epoch: 3 | loss: 0.3272606
	speed: 0.0927s/iter; left time: 8666.1592s
	iters: 200, epoch: 3 | loss: 0.2746214
	speed: 0.0331s/iter; left time: 3089.5879s
	iters: 300, epoch: 3 | loss: 0.2948897
	speed: 0.0330s/iter; left time: 3077.9981s
Epoch: 3 cost time: 10.905083894729614
[2025-05-29 04:44:47] [32mIntermediate result: 0.28159666  (Index 2)[0m
Epoch: 3, Steps: 314 | Train Loss: 0.2988377 Vali Loss: 0.3114356 Test Loss: 0.2815967
Validation loss decreased (0.369986 --> 0.311436).  Saving model ...
Updating learning rate to 4.262967615571971e-06
	iters: 100, epoch: 4 | loss: 0.2332957
	speed: 0.0917s/iter; left time: 8546.0653s
	iters: 200, epoch: 4 | loss: 0.2446218
	speed: 0.0332s/iter; left time: 3088.0474s
	iters: 300, epoch: 4 | loss: 0.3477813
	speed: 0.0333s/iter; left time: 3094.0032s
Epoch: 4 cost time: 10.857068061828613
[2025-05-29 04:45:03] [32mIntermediate result: 0.24953254  (Index 3)[0m
Epoch: 4, Steps: 314 | Train Loss: 0.2589655 Vali Loss: 0.2746584 Test Loss: 0.2495325
Validation loss decreased (0.311436 --> 0.274658).  Saving model ...
Updating learning rate to 4.467165708064901e-06
	iters: 100, epoch: 5 | loss: 0.2110553
	speed: 0.0924s/iter; left time: 8581.0704s
	iters: 200, epoch: 5 | loss: 0.2163267
	speed: 0.0329s/iter; left time: 3054.7095s
	iters: 300, epoch: 5 | loss: 0.2232220
	speed: 0.0327s/iter; left time: 3029.1467s
Epoch: 5 cost time: 10.92802619934082
[2025-05-29 04:45:19] [32mIntermediate result: 0.22964673  (Index 4)[0m
Epoch: 5, Steps: 314 | Train Loss: 0.2342687 Vali Loss: 0.2525996 Test Loss: 0.2296467
Validation loss decreased (0.274658 --> 0.252600).  Saving model ...
Updating learning rate to 4.7292793355459744e-06
	iters: 100, epoch: 6 | loss: 0.2280573
	speed: 0.0910s/iter; left time: 8424.9063s
	iters: 200, epoch: 6 | loss: 0.2140244
	speed: 0.0330s/iter; left time: 3051.7850s
	iters: 300, epoch: 6 | loss: 0.2181475
	speed: 0.0329s/iter; left time: 3040.3280s
Epoch: 6 cost time: 10.769646644592285
[2025-05-29 04:45:34] [32mIntermediate result: 0.21728191  (Index 5)[0m
Epoch: 6, Steps: 314 | Train Loss: 0.2185644 Vali Loss: 0.2379113 Test Loss: 0.2172819
Validation loss decreased (0.252600 --> 0.237911).  Saving model ...
Updating learning rate to 5.048989130336241e-06
	iters: 100, epoch: 7 | loss: 0.1700159
	speed: 0.0898s/iter; left time: 8280.0093s
	iters: 200, epoch: 7 | loss: 0.2412051
	speed: 0.0328s/iter; left time: 3021.2292s
	iters: 300, epoch: 7 | loss: 0.2170561
	speed: 0.0327s/iter; left time: 3009.2825s
Epoch: 7 cost time: 10.703899621963501
[2025-05-29 04:45:50] [32mIntermediate result: 0.20943746  (Index 6)[0m
Epoch: 7, Steps: 314 | Train Loss: 0.2087790 Vali Loss: 0.2283195 Test Loss: 0.2094375
Validation loss decreased (0.237911 --> 0.228320).  Saving model ...
Updating learning rate to 5.425905547732919e-06
	iters: 100, epoch: 8 | loss: 0.1841111
	speed: 0.0909s/iter; left time: 8350.2196s
	iters: 200, epoch: 8 | loss: 0.1973505
	speed: 0.0326s/iter; left time: 2991.1312s
	iters: 300, epoch: 8 | loss: 0.2122155
	speed: 0.0330s/iter; left time: 3029.4674s
Epoch: 8 cost time: 10.650170803070068
[2025-05-29 04:46:06] [32mIntermediate result: 0.2046611  (Index 7)[0m
Epoch: 8, Steps: 314 | Train Loss: 0.2023088 Vali Loss: 0.2227610 Test Loss: 0.2046611
Validation loss decreased (0.228320 --> 0.222761).  Saving model ...
Updating learning rate to 5.859569340643247e-06
	iters: 100, epoch: 9 | loss: 0.2327136
	speed: 0.0897s/iter; left time: 8211.1108s
	iters: 200, epoch: 9 | loss: 0.1887489
	speed: 0.0332s/iter; left time: 3037.0353s
	iters: 300, epoch: 9 | loss: 0.1749331
	speed: 0.0330s/iter; left time: 3019.7792s
Epoch: 9 cost time: 10.786103963851929
[2025-05-29 04:46:21] [32mIntermediate result: 0.20112689  (Index 8)[0m
Epoch: 9, Steps: 314 | Train Loss: 0.1984693 Vali Loss: 0.2184975 Test Loss: 0.2011269
Validation loss decreased (0.222761 --> 0.218497).  Saving model ...
Updating learning rate to 6.3494521191459035e-06
	iters: 100, epoch: 10 | loss: 0.2004672
	speed: 0.0911s/iter; left time: 8314.1198s
	iters: 200, epoch: 10 | loss: 0.2083450
	speed: 0.0331s/iter; left time: 3016.3288s
	iters: 300, epoch: 10 | loss: 0.1837335
	speed: 0.0331s/iter; left time: 3018.0226s
Epoch: 10 cost time: 10.738049268722534
[2025-05-29 04:46:37] [32mIntermediate result: 0.19872256  (Index 9)[0m
Epoch: 10, Steps: 314 | Train Loss: 0.1952350 Vali Loss: 0.2156581 Test Loss: 0.1987226
Validation loss decreased (0.218497 --> 0.215658).  Saving model ...
Updating learning rate to 6.894956994298306e-06
	iters: 100, epoch: 11 | loss: 0.1913557
	speed: 0.0900s/iter; left time: 8183.6165s
	iters: 200, epoch: 11 | loss: 0.1806462
	speed: 0.0332s/iter; left time: 3017.0910s
	iters: 300, epoch: 11 | loss: 0.2047175
	speed: 0.0331s/iter; left time: 3002.9355s
Epoch: 11 cost time: 10.797989130020142
[2025-05-29 04:46:53] [32mIntermediate result: 0.19661881  (Index 10)[0m
Epoch: 11, Steps: 314 | Train Loss: 0.1927202 Vali Loss: 0.2132187 Test Loss: 0.1966188
Validation loss decreased (0.215658 --> 0.213219).  Saving model ...
Updating learning rate to 7.495419305405293e-06
	iters: 100, epoch: 12 | loss: 0.2101513
	speed: 0.0904s/iter; left time: 8195.1051s
	iters: 200, epoch: 12 | loss: 0.2349737
	speed: 0.0333s/iter; left time: 3013.8185s
	iters: 300, epoch: 12 | loss: 0.1875107
	speed: 0.0337s/iter; left time: 3044.2556s
Epoch: 12 cost time: 10.84629511833191
[2025-05-29 04:47:08] [32mIntermediate result: 0.19462153  (Index 11)[0m
Epoch: 12, Steps: 314 | Train Loss: 0.1905352 Vali Loss: 0.2114007 Test Loss: 0.1946215
Validation loss decreased (0.213219 --> 0.211401).  Saving model ...
Updating learning rate to 8.15010742986315e-06
	iters: 100, epoch: 13 | loss: 0.1913789
	speed: 0.0899s/iter; left time: 8116.4548s
	iters: 200, epoch: 13 | loss: 0.1840657
	speed: 0.0329s/iter; left time: 2972.0719s
	iters: 300, epoch: 13 | loss: 0.1686789
	speed: 0.0331s/iter; left time: 2979.2215s
Epoch: 13 cost time: 10.766127347946167
[2025-05-29 04:47:24] [32mIntermediate result: 0.19257633  (Index 12)[0m
Epoch: 13, Steps: 314 | Train Loss: 0.1889417 Vali Loss: 0.2084756 Test Loss: 0.1925763
Validation loss decreased (0.211401 --> 0.208476).  Saving model ...
Updating learning rate to 8.858223674592048e-06
	iters: 100, epoch: 14 | loss: 0.1645494
	speed: 0.0913s/iter; left time: 8221.4457s
	iters: 200, epoch: 14 | loss: 0.1801103
	speed: 0.0329s/iter; left time: 2960.1573s
	iters: 300, epoch: 14 | loss: 0.1680667
	speed: 0.0331s/iter; left time: 2974.8402s
Epoch: 14 cost time: 10.790400505065918
[2025-05-29 04:47:40] [32mIntermediate result: 0.19054992  (Index 13)[0m
Epoch: 14, Steps: 314 | Train Loss: 0.1869151 Vali Loss: 0.2058274 Test Loss: 0.1905499
Validation loss decreased (0.208476 --> 0.205827).  Saving model ...
Updating learning rate to 9.618905247971027e-06
	iters: 100, epoch: 15 | loss: 0.1773672
	speed: 0.0900s/iter; left time: 8075.6375s
	iters: 200, epoch: 15 | loss: 0.1890802
	speed: 0.0330s/iter; left time: 2954.2561s
	iters: 300, epoch: 15 | loss: 0.1522314
	speed: 0.0330s/iter; left time: 2954.6135s
Epoch: 15 cost time: 10.722105741500854
[2025-05-29 04:47:55] [32mIntermediate result: 0.18956888  (Index 14)[0m
Epoch: 15, Steps: 314 | Train Loss: 0.1853159 Vali Loss: 0.2045964 Test Loss: 0.1895689
Validation loss decreased (0.205827 --> 0.204596).  Saving model ...
Updating learning rate to 1.0431225311091069e-05
	iters: 100, epoch: 16 | loss: 0.2205581
	speed: 0.0903s/iter; left time: 8072.5431s
	iters: 200, epoch: 16 | loss: 0.2004409
	speed: 0.0332s/iter; left time: 2965.9769s
	iters: 300, epoch: 16 | loss: 0.1435272
	speed: 0.0331s/iter; left time: 2950.2952s
Epoch: 16 cost time: 10.776278018951416
[2025-05-29 04:48:11] [32mIntermediate result: 0.18883975  (Index 15)[0m
Epoch: 16, Steps: 314 | Train Loss: 0.1837822 Vali Loss: 0.2029960 Test Loss: 0.1888397
Validation loss decreased (0.204596 --> 0.202996).  Saving model ...
Updating learning rate to 1.129419410704545e-05
	iters: 100, epoch: 17 | loss: 0.1836615
	speed: 0.0905s/iter; left time: 8063.6328s
	iters: 200, epoch: 17 | loss: 0.2039655
	speed: 0.0331s/iter; left time: 2945.8567s
	iters: 300, epoch: 17 | loss: 0.1813328
	speed: 0.0332s/iter; left time: 2947.0825s
Epoch: 17 cost time: 10.79291582107544
[2025-05-29 04:48:27] [32mIntermediate result: 0.18626867  (Index 16)[0m
Epoch: 17, Steps: 314 | Train Loss: 0.1823360 Vali Loss: 0.2006682 Test Loss: 0.1862687
Validation loss decreased (0.202996 --> 0.200668).  Saving model ...
Updating learning rate to 1.2206760166881371e-05
	iters: 100, epoch: 18 | loss: 0.1370763
	speed: 0.0908s/iter; left time: 8056.2499s
	iters: 200, epoch: 18 | loss: 0.1679128
	speed: 0.0331s/iter; left time: 2934.8788s
	iters: 300, epoch: 18 | loss: 0.1713439
	speed: 0.0329s/iter; left time: 2916.1011s
Epoch: 18 cost time: 10.762064695358276
[2025-05-29 04:48:42] [32mIntermediate result: 0.18534915  (Index 17)[0m
Epoch: 18, Steps: 314 | Train Loss: 0.1815170 Vali Loss: 0.1991189 Test Loss: 0.1853492
Validation loss decreased (0.200668 --> 0.199119).  Saving model ...
Updating learning rate to 1.316781159074363e-05
	iters: 100, epoch: 19 | loss: 0.1841126
	speed: 0.0895s/iter; left time: 7914.9053s
	iters: 200, epoch: 19 | loss: 0.2090592
	speed: 0.0335s/iter; left time: 2956.2788s
	iters: 300, epoch: 19 | loss: 0.1541241
	speed: 0.0332s/iter; left time: 2933.7792s
Epoch: 19 cost time: 10.839874744415283
[2025-05-29 04:48:58] [32mIntermediate result: 0.18418457  (Index 18)[0m
Epoch: 19, Steps: 314 | Train Loss: 0.1799683 Vali Loss: 0.1977925 Test Loss: 0.1841846
Validation loss decreased (0.199119 --> 0.197793).  Saving model ...
Updating learning rate to 1.4176177402649111e-05
	iters: 100, epoch: 20 | loss: 0.1797491
	speed: 0.0900s/iter; left time: 7928.5456s
	iters: 200, epoch: 20 | loss: 0.1947476
	speed: 0.0330s/iter; left time: 2907.8884s
	iters: 300, epoch: 20 | loss: 0.1907999
	speed: 0.0326s/iter; left time: 2869.9457s
Epoch: 20 cost time: 10.71536135673523
[2025-05-29 04:49:13] [32mIntermediate result: 0.1851677  (Index 19)[0m
Epoch: 20, Steps: 314 | Train Loss: 0.1790671 Vali Loss: 0.1976992 Test Loss: 0.1851677
Validation loss decreased (0.197793 --> 0.197699).  Saving model ...
Updating learning rate to 1.523062897724167e-05
	iters: 100, epoch: 21 | loss: 0.1729856
	speed: 0.0914s/iter; left time: 8028.3261s
	iters: 200, epoch: 21 | loss: 0.1601597
	speed: 0.0332s/iter; left time: 2916.0572s
	iters: 300, epoch: 21 | loss: 0.1820369
	speed: 0.0332s/iter; left time: 2910.7759s
Epoch: 21 cost time: 10.909964323043823
[2025-05-29 04:49:29] [32mIntermediate result: 0.18266633  (Index 20)[0m
Epoch: 21, Steps: 314 | Train Loss: 0.1776446 Vali Loss: 0.1955519 Test Loss: 0.1826663
Validation loss decreased (0.197699 --> 0.195552).  Saving model ...
Updating learning rate to 1.6329881536788823e-05
	iters: 100, epoch: 22 | loss: 0.1805237
	speed: 0.0900s/iter; left time: 7874.7295s
	iters: 200, epoch: 22 | loss: 0.1795457
	speed: 0.0333s/iter; left time: 2907.5146s
	iters: 300, epoch: 22 | loss: 0.2037981
	speed: 0.0333s/iter; left time: 2906.1669s
Epoch: 22 cost time: 10.81432580947876
[2025-05-29 04:49:45] [32mIntermediate result: 0.18246329  (Index 21)[0m
Epoch: 22, Steps: 314 | Train Loss: 0.1764193 Vali Loss: 0.1944113 Test Loss: 0.1824633
Validation loss decreased (0.195552 --> 0.194411).  Saving model ...
Updating learning rate to 1.7472595716596195e-05
	iters: 100, epoch: 23 | loss: 0.1549095
	speed: 0.0919s/iter; left time: 8014.2288s
	iters: 200, epoch: 23 | loss: 0.1396731
	speed: 0.0333s/iter; left time: 2897.3205s
	iters: 300, epoch: 23 | loss: 0.1847329
	speed: 0.0330s/iter; left time: 2868.2724s
Epoch: 23 cost time: 10.754561185836792
[2025-05-29 04:50:01] [32mIntermediate result: 0.1799281  (Index 22)[0m
Epoch: 23, Steps: 314 | Train Loss: 0.1755717 Vali Loss: 0.1921210 Test Loss: 0.1799281
Validation loss decreased (0.194411 --> 0.192121).  Saving model ...
Updating learning rate to 1.8657379196932637e-05
	iters: 100, epoch: 24 | loss: 0.2074876
	speed: 0.0909s/iter; left time: 7898.5055s
	iters: 200, epoch: 24 | loss: 0.1842827
	speed: 0.0331s/iter; left time: 2873.3548s
	iters: 300, epoch: 24 | loss: 0.1481869
	speed: 0.0334s/iter; left time: 2892.5069s
Epoch: 24 cost time: 10.817107439041138
[2025-05-29 04:50:16] [32mIntermediate result: 0.17966466  (Index 23)[0m
Epoch: 24, Steps: 314 | Train Loss: 0.1745757 Vali Loss: 0.1922257 Test Loss: 0.1796647
EarlyStopping counter: 1 out of 20
Updating learning rate to 1.988278839947736e-05
	iters: 100, epoch: 25 | loss: 0.1515973
	speed: 0.0908s/iter; left time: 7858.6422s
	iters: 200, epoch: 25 | loss: 0.1591019
	speed: 0.0324s/iter; left time: 2803.7281s
	iters: 300, epoch: 25 | loss: 0.1843258
	speed: 0.0324s/iter; left time: 2794.2309s
Epoch: 25 cost time: 10.597062587738037
[2025-05-29 04:50:32] [32mIntermediate result: 0.1781046  (Index 24)[0m
Epoch: 25, Steps: 314 | Train Loss: 0.1732471 Vali Loss: 0.1892699 Test Loss: 0.1781046
Validation loss decreased (0.192121 --> 0.189270).  Saving model ...
Updating learning rate to 2.1147330246222302e-05
	iters: 100, epoch: 26 | loss: 0.1436386
	speed: 0.0902s/iter; left time: 7780.9780s
	iters: 200, epoch: 26 | loss: 0.1558744
	speed: 0.0331s/iter; left time: 2847.7078s
	iters: 300, epoch: 26 | loss: 0.1534078
	speed: 0.0332s/iter; left time: 2856.0497s
Epoch: 26 cost time: 10.754193305969238
[2025-05-29 04:50:48] [32mIntermediate result: 0.17708975  (Index 25)[0m
Epoch: 26, Steps: 314 | Train Loss: 0.1725930 Vali Loss: 0.1885794 Test Loss: 0.1770898
Validation loss decreased (0.189270 --> 0.188579).  Saving model ...
Updating learning rate to 2.244946397868623e-05
	iters: 100, epoch: 27 | loss: 0.1628907
	speed: 0.0906s/iter; left time: 7784.3176s
	iters: 200, epoch: 27 | loss: 0.1544700
	speed: 0.0328s/iter; left time: 2818.5680s
	iters: 300, epoch: 27 | loss: 0.1788657
	speed: 0.0326s/iter; left time: 2798.0231s
Epoch: 27 cost time: 10.681473731994629
[2025-05-29 04:51:03] [32mIntermediate result: 0.1768047  (Index 26)[0m
Epoch: 27, Steps: 314 | Train Loss: 0.1710119 Vali Loss: 0.1877047 Test Loss: 0.1768047
Validation loss decreased (0.188579 --> 0.187705).  Saving model ...
Updating learning rate to 2.3787603035224682e-05
	iters: 100, epoch: 28 | loss: 0.1675653
	speed: 0.0921s/iter; left time: 7886.6473s
	iters: 200, epoch: 28 | loss: 0.1753798
	speed: 0.0333s/iter; left time: 2844.9380s
	iters: 300, epoch: 28 | loss: 0.1794019
	speed: 0.0329s/iter; left time: 2807.3507s
Epoch: 28 cost time: 10.777247428894043
[2025-05-29 04:51:19] [32mIntermediate result: 0.17516795  (Index 27)[0m
Epoch: 28, Steps: 314 | Train Loss: 0.1703290 Vali Loss: 0.1859366 Test Loss: 0.1751679
Validation loss decreased (0.187705 --> 0.185937).  Saving model ...
Updating learning rate to 2.5160116984147585e-05
	iters: 100, epoch: 29 | loss: 0.1524767
	speed: 0.0908s/iter; left time: 7743.5794s
	iters: 200, epoch: 29 | loss: 0.1763138
	speed: 0.0330s/iter; left time: 2814.4303s
	iters: 300, epoch: 29 | loss: 0.2088638
	speed: 0.0331s/iter; left time: 2812.9028s
Epoch: 29 cost time: 10.736422061920166
[2025-05-29 04:51:35] [32mIntermediate result: 0.17554511  (Index 28)[0m
Epoch: 29, Steps: 314 | Train Loss: 0.1691107 Vali Loss: 0.1860778 Test Loss: 0.1755451
EarlyStopping counter: 1 out of 20
Updating learning rate to 2.6565333510289752e-05
	iters: 100, epoch: 30 | loss: 0.1274242
	speed: 0.0897s/iter; left time: 7627.8124s
	iters: 200, epoch: 30 | loss: 0.1890700
	speed: 0.0332s/iter; left time: 2817.4341s
	iters: 300, epoch: 30 | loss: 0.1695130
	speed: 0.0330s/iter; left time: 2797.8284s
Epoch: 30 cost time: 10.789211511611938
[2025-05-29 04:51:50] [32mIntermediate result: 0.17392707  (Index 29)[0m
Epoch: 30, Steps: 314 | Train Loss: 0.1681331 Vali Loss: 0.1847789 Test Loss: 0.1739271
Validation loss decreased (0.185937 --> 0.184779).  Saving model ...
Updating learning rate to 2.8001540452613508e-05
	iters: 100, epoch: 31 | loss: 0.1547886
	speed: 0.0909s/iter; left time: 7700.5361s
	iters: 200, epoch: 31 | loss: 0.1615987
	speed: 0.0332s/iter; left time: 2804.5640s
	iters: 300, epoch: 31 | loss: 0.1847724
	speed: 0.0330s/iter; left time: 2787.2508s
Epoch: 31 cost time: 10.787782192230225
[2025-05-29 04:52:06] [32mIntermediate result: 0.17208268  (Index 30)[0m
Epoch: 31, Steps: 314 | Train Loss: 0.1672882 Vali Loss: 0.1827264 Test Loss: 0.1720827
Validation loss decreased (0.184779 --> 0.182726).  Saving model ...
Updating learning rate to 2.946698789036076e-05
	iters: 100, epoch: 32 | loss: 0.2089674
	speed: 0.0895s/iter; left time: 7553.6012s
	iters: 200, epoch: 32 | loss: 0.1549590
	speed: 0.0329s/iter; left time: 2775.5267s
	iters: 300, epoch: 32 | loss: 0.1470764
	speed: 0.0333s/iter; left time: 2801.8959s
Epoch: 32 cost time: 10.75669550895691
[2025-05-29 04:52:22] [32mIntermediate result: 0.17373313  (Index 31)[0m
Epoch: 32, Steps: 314 | Train Loss: 0.1654845 Vali Loss: 0.1828896 Test Loss: 0.1737331
EarlyStopping counter: 1 out of 20
Updating learning rate to 3.095989027521276e-05
	iters: 100, epoch: 33 | loss: 0.1628815
	speed: 0.0908s/iter; left time: 7628.5448s
	iters: 200, epoch: 33 | loss: 0.1288591
	speed: 0.0330s/iter; left time: 2773.4478s
	iters: 300, epoch: 33 | loss: 0.1641756
	speed: 0.0330s/iter; left time: 2765.2797s
Epoch: 33 cost time: 10.78015661239624
[2025-05-29 04:52:37] [32mIntermediate result: 0.17139691  (Index 32)[0m
Epoch: 33, Steps: 314 | Train Loss: 0.1642315 Vali Loss: 0.1800846 Test Loss: 0.1713969
Validation loss decreased (0.182726 --> 0.180085).  Saving model ...
Updating learning rate to 3.247842860685972e-05
	iters: 100, epoch: 34 | loss: 0.1736541
	speed: 0.0910s/iter; left time: 7617.6583s
	iters: 200, epoch: 34 | loss: 0.1446604
	speed: 0.0333s/iter; left time: 2787.4625s
	iters: 300, epoch: 34 | loss: 0.1724822
	speed: 0.0332s/iter; left time: 2776.2391s
Epoch: 34 cost time: 10.822853565216064
[2025-05-29 04:52:53] [32mIntermediate result: 0.16841117  (Index 33)[0m
Epoch: 34, Steps: 314 | Train Loss: 0.1629303 Vali Loss: 0.1776088 Test Loss: 0.1684112
Validation loss decreased (0.180085 --> 0.177609).  Saving model ...
Updating learning rate to 3.40207526493292e-05
	iters: 100, epoch: 35 | loss: 0.1800920
	speed: 0.0907s/iter; left time: 7568.8719s
	iters: 200, epoch: 35 | loss: 0.1955434
	speed: 0.0332s/iter; left time: 2764.3529s
	iters: 300, epoch: 35 | loss: 0.1543092
	speed: 0.0333s/iter; left time: 2772.7931s
Epoch: 35 cost time: 10.794115781784058
[2025-05-29 04:53:09] [32mIntermediate result: 0.16962096  (Index 34)[0m
Epoch: 35, Steps: 314 | Train Loss: 0.1623407 Vali Loss: 0.1785542 Test Loss: 0.1696210
EarlyStopping counter: 1 out of 20
Updating learning rate to 3.5584983185373275e-05
	iters: 100, epoch: 36 | loss: 0.1557970
	speed: 0.0909s/iter; left time: 7556.9709s
	iters: 200, epoch: 36 | loss: 0.1227401
	speed: 0.0330s/iter; left time: 2736.5710s
	iters: 300, epoch: 36 | loss: 0.1655107
	speed: 0.0332s/iter; left time: 2751.3063s
Epoch: 36 cost time: 10.807547569274902
[2025-05-29 04:53:24] [32mIntermediate result: 0.168508  (Index 35)[0m
Epoch: 36, Steps: 314 | Train Loss: 0.1606733 Vali Loss: 0.1770727 Test Loss: 0.1685080
Validation loss decreased (0.177609 --> 0.177073).  Saving model ...
Updating learning rate to 3.7169214306167263e-05
	iters: 100, epoch: 37 | loss: 0.1551638
	speed: 0.0911s/iter; left time: 7538.8718s
	iters: 200, epoch: 37 | loss: 0.1424024
	speed: 0.0330s/iter; left time: 2730.1427s
	iters: 300, epoch: 37 | loss: 0.1695043
	speed: 0.0333s/iter; left time: 2747.5407s
Epoch: 37 cost time: 10.819519519805908
[2025-05-29 04:53:40] [32mIntermediate result: 0.16645819  (Index 36)[0m
Epoch: 37, Steps: 314 | Train Loss: 0.1594861 Vali Loss: 0.1743122 Test Loss: 0.1664582
Validation loss decreased (0.177073 --> 0.174312).  Saving model ...
Updating learning rate to 3.877151573353033e-05
	iters: 100, epoch: 38 | loss: 0.1567607
	speed: 0.0907s/iter; left time: 7480.5050s
	iters: 200, epoch: 38 | loss: 0.1372018
	speed: 0.0328s/iter; left time: 2699.8297s
	iters: 300, epoch: 38 | loss: 0.1500116
	speed: 0.0327s/iter; left time: 2690.1173s
Epoch: 38 cost time: 10.713311910629272
[2025-05-29 04:53:56] [32mIntermediate result: 0.16775623  (Index 37)[0m
Epoch: 38, Steps: 314 | Train Loss: 0.1580188 Vali Loss: 0.1765755 Test Loss: 0.1677562
EarlyStopping counter: 1 out of 20
Updating learning rate to 4.038993517183863e-05
	iters: 100, epoch: 39 | loss: 0.1458745
	speed: 0.0906s/iter; left time: 7446.5357s
	iters: 200, epoch: 39 | loss: 0.1256677
	speed: 0.0331s/iter; left time: 2713.1358s
	iters: 300, epoch: 39 | loss: 0.1896044
	speed: 0.0330s/iter; left time: 2701.2845s
Epoch: 39 cost time: 10.769974708557129
[2025-05-29 04:54:12] [32mIntermediate result: 0.16302961  (Index 38)[0m
Epoch: 39, Steps: 314 | Train Loss: 0.1573907 Vali Loss: 0.1715373 Test Loss: 0.1630296
Validation loss decreased (0.174312 --> 0.171537).  Saving model ...
Updating learning rate to 4.202250068676505e-05
	iters: 100, epoch: 40 | loss: 0.1537018
	speed: 0.0909s/iter; left time: 7442.3058s
	iters: 200, epoch: 40 | loss: 0.1021674
	speed: 0.0335s/iter; left time: 2734.7681s
	iters: 300, epoch: 40 | loss: 0.1713045
	speed: 0.0333s/iter; left time: 2716.7928s
Epoch: 40 cost time: 10.846958637237549
[2025-05-29 04:54:27] [32mIntermediate result: 0.16571946  (Index 39)[0m
Epoch: 40, Steps: 314 | Train Loss: 0.1565763 Vali Loss: 0.1718538 Test Loss: 0.1657195
EarlyStopping counter: 1 out of 20
Updating learning rate to 4.366722310794751e-05
	iters: 100, epoch: 41 | loss: 0.1818251
	speed: 0.0918s/iter; left time: 7486.6873s
	iters: 200, epoch: 41 | loss: 0.1394419
	speed: 0.0330s/iter; left time: 2691.1111s
	iters: 300, epoch: 41 | loss: 0.1428729
	speed: 0.0332s/iter; left time: 2702.2665s
Epoch: 41 cost time: 10.813172817230225
[2025-05-29 04:54:43] [32mIntermediate result: 0.16323124  (Index 40)[0m
Epoch: 41, Steps: 314 | Train Loss: 0.1566088 Vali Loss: 0.1718536 Test Loss: 0.1632312
EarlyStopping counter: 2 out of 20
Updating learning rate to 4.532209845265805e-05
	iters: 100, epoch: 42 | loss: 0.1472068
	speed: 0.0907s/iter; left time: 7369.1104s
	iters: 200, epoch: 42 | loss: 0.1674592
	speed: 0.0331s/iter; left time: 2686.8650s
	iters: 300, epoch: 42 | loss: 0.1357040
	speed: 0.0330s/iter; left time: 2671.5923s
Epoch: 42 cost time: 10.77660846710205
[2025-05-29 04:54:59] [32mIntermediate result: 0.16105093  (Index 41)[0m
Epoch: 42, Steps: 314 | Train Loss: 0.1540289 Vali Loss: 0.1686583 Test Loss: 0.1610509
Validation loss decreased (0.171537 --> 0.168658).  Saving model ...
Updating learning rate to 4.6985110367520046e-05
	iters: 100, epoch: 43 | loss: 0.1540725
	speed: 0.0905s/iter; left time: 7323.7702s
	iters: 200, epoch: 43 | loss: 0.1521230
	speed: 0.0332s/iter; left time: 2682.5181s
	iters: 300, epoch: 43 | loss: 0.1501466
	speed: 0.0332s/iter; left time: 2678.4198s
Epoch: 43 cost time: 10.825171709060669
[2025-05-29 04:55:14] [32mIntermediate result: 0.16255753  (Index 42)[0m
Epoch: 43, Steps: 314 | Train Loss: 0.1534054 Vali Loss: 0.1683857 Test Loss: 0.1625575
Validation loss decreased (0.168658 --> 0.168386).  Saving model ...
Updating learning rate to 4.865423258529784e-05
	iters: 100, epoch: 44 | loss: 0.1775160
	speed: 0.0907s/iter; left time: 7312.9373s
	iters: 200, epoch: 44 | loss: 0.1396134
	speed: 0.0333s/iter; left time: 2676.6626s
	iters: 300, epoch: 44 | loss: 0.1622862
	speed: 0.0333s/iter; left time: 2676.0880s
Epoch: 44 cost time: 10.833333492279053
[2025-05-29 04:55:30] [32mIntermediate result: 0.16498153  (Index 43)[0m
Epoch: 44, Steps: 314 | Train Loss: 0.1533273 Vali Loss: 0.1721718 Test Loss: 0.1649815
EarlyStopping counter: 1 out of 20
Updating learning rate to 5.0327431393766176e-05
	iters: 100, epoch: 45 | loss: 0.1397230
	speed: 0.0911s/iter; left time: 7316.1557s
	iters: 200, epoch: 45 | loss: 0.1481832
	speed: 0.0327s/iter; left time: 2623.6353s
	iters: 300, epoch: 45 | loss: 0.1466067
	speed: 0.0331s/iter; left time: 2652.5256s
Epoch: 45 cost time: 10.729243993759155
[2025-05-29 04:55:46] [32mIntermediate result: 0.15929261  (Index 44)[0m
Epoch: 45, Steps: 314 | Train Loss: 0.1529000 Vali Loss: 0.1653436 Test Loss: 0.1592926
Validation loss decreased (0.168386 --> 0.165344).  Saving model ...
Updating learning rate to 5.2002668113650424e-05
	iters: 100, epoch: 46 | loss: 0.1532549
	speed: 0.0913s/iter; left time: 7303.8572s
	iters: 200, epoch: 46 | loss: 0.1623530
	speed: 0.0331s/iter; left time: 2646.3867s
	iters: 300, epoch: 46 | loss: 0.1604818
	speed: 0.0332s/iter; left time: 2647.2805s
Epoch: 46 cost time: 10.864910364151001
[2025-05-29 04:56:02] [32mIntermediate result: 0.16025427  (Index 45)[0m
Epoch: 46, Steps: 314 | Train Loss: 0.1513565 Vali Loss: 0.1664642 Test Loss: 0.1602543
EarlyStopping counter: 1 out of 20
Updating learning rate to 5.367790158261914e-05
	iters: 100, epoch: 47 | loss: 0.1241794
	speed: 0.0910s/iter; left time: 7245.2450s
	iters: 200, epoch: 47 | loss: 0.1421963
	speed: 0.0331s/iter; left time: 2633.7253s
	iters: 300, epoch: 47 | loss: 0.1420638
	speed: 0.0332s/iter; left time: 2639.7552s
Epoch: 47 cost time: 10.779483556747437
[2025-05-29 04:56:17] [32mIntermediate result: 0.16043742  (Index 46)[0m
Epoch: 47, Steps: 314 | Train Loss: 0.1509267 Vali Loss: 0.1656578 Test Loss: 0.1604374
EarlyStopping counter: 2 out of 20
Updating learning rate to 5.535109064230187e-05
	iters: 100, epoch: 48 | loss: 0.1170259
	speed: 0.0908s/iter; left time: 7205.1375s
	iters: 200, epoch: 48 | loss: 0.1565465
	speed: 0.0332s/iter; left time: 2632.2346s
	iters: 300, epoch: 48 | loss: 0.1407722
	speed: 0.0332s/iter; left time: 2625.0329s
Epoch: 48 cost time: 10.779961585998535
[2025-05-29 04:56:33] [32mIntermediate result: 0.15737593  (Index 47)[0m
Epoch: 48, Steps: 314 | Train Loss: 0.1495754 Vali Loss: 0.1644821 Test Loss: 0.1573759
Validation loss decreased (0.165344 --> 0.164482).  Saving model ...
Updating learning rate to 5.702019662530228e-05
	iters: 100, epoch: 49 | loss: 0.1479083
	speed: 0.0912s/iter; left time: 7209.1162s
	iters: 200, epoch: 49 | loss: 0.1710833
	speed: 0.0332s/iter; left time: 2620.6161s
	iters: 300, epoch: 49 | loss: 0.1426776
	speed: 0.0330s/iter; left time: 2598.4412s
Epoch: 49 cost time: 10.773291826248169
[2025-05-29 04:56:49] [32mIntermediate result: 0.15559116  (Index 48)[0m
Epoch: 49, Steps: 314 | Train Loss: 0.1490811 Vali Loss: 0.1616213 Test Loss: 0.1555912
Validation loss decreased (0.164482 --> 0.161621).  Saving model ...
Updating learning rate to 5.8683185839176025e-05
	iters: 100, epoch: 50 | loss: 0.1739684
	speed: 0.0899s/iter; left time: 7079.7543s
	iters: 200, epoch: 50 | loss: 0.1447770
	speed: 0.0325s/iter; left time: 2552.6352s
	iters: 300, epoch: 50 | loss: 0.1476616
	speed: 0.0326s/iter; left time: 2561.1466s
Epoch: 50 cost time: 10.595530986785889
[2025-05-29 04:57:04] [32mIntermediate result: 0.15760362  (Index 49)[0m
Epoch: 50, Steps: 314 | Train Loss: 0.1483857 Vali Loss: 0.1651381 Test Loss: 0.1576036
EarlyStopping counter: 1 out of 20
Updating learning rate to 6.0338032044347086e-05
	iters: 100, epoch: 51 | loss: 0.1601875
	speed: 0.0910s/iter; left time: 7132.3365s
	iters: 200, epoch: 51 | loss: 0.1467105
	speed: 0.0331s/iter; left time: 2593.8808s
	iters: 300, epoch: 51 | loss: 0.1427115
	speed: 0.0331s/iter; left time: 2586.9410s
Epoch: 51 cost time: 10.778280258178711
[2025-05-29 04:57:20] [32mIntermediate result: 0.15878533  (Index 50)[0m
Epoch: 51, Steps: 314 | Train Loss: 0.1471571 Vali Loss: 0.1639197 Test Loss: 0.1587853
EarlyStopping counter: 2 out of 20
Updating learning rate to 6.198271892294338e-05
	iters: 100, epoch: 52 | loss: 0.1536149
	speed: 0.0905s/iter; left time: 7067.6249s
	iters: 200, epoch: 52 | loss: 0.1387746
	speed: 0.0330s/iter; left time: 2575.6302s
	iters: 300, epoch: 52 | loss: 0.1578226
	speed: 0.0327s/iter; left time: 2545.8615s
Epoch: 52 cost time: 10.679400444030762
[2025-05-29 04:57:36] [32mIntermediate result: 0.15482716  (Index 51)[0m
Epoch: 52, Steps: 314 | Train Loss: 0.1467217 Vali Loss: 0.1606508 Test Loss: 0.1548272
Validation loss decreased (0.161621 --> 0.160651).  Saving model ...
Updating learning rate to 6.361524253554321e-05
	iters: 100, epoch: 53 | loss: 0.1441905
	speed: 0.0896s/iter; left time: 6970.6754s
	iters: 200, epoch: 53 | loss: 0.1556191
	speed: 0.0326s/iter; left time: 2533.1846s
	iters: 300, epoch: 53 | loss: 0.1282716
	speed: 0.0331s/iter; left time: 2566.7622s
Epoch: 53 cost time: 10.694149255752563
[2025-05-29 04:57:51] [32mIntermediate result: 0.1590921  (Index 52)[0m
Epoch: 53, Steps: 314 | Train Loss: 0.1469713 Vali Loss: 0.1625551 Test Loss: 0.1590921
EarlyStopping counter: 1 out of 20
Updating learning rate to 6.523361376283961e-05
	iters: 100, epoch: 54 | loss: 0.1232567
	speed: 0.0921s/iter; left time: 7130.9366s
	iters: 200, epoch: 54 | loss: 0.1463878
	speed: 0.0335s/iter; left time: 2589.4937s
	iters: 300, epoch: 54 | loss: 0.1492848
	speed: 0.0335s/iter; left time: 2590.6642s
Epoch: 54 cost time: 10.846725463867188
[2025-05-29 04:58:07] [32mIntermediate result: 0.15449506  (Index 53)[0m
Epoch: 54, Steps: 314 | Train Loss: 0.1457679 Vali Loss: 0.1588559 Test Loss: 0.1544951
Validation loss decreased (0.160651 --> 0.158856).  Saving model ...
Updating learning rate to 6.683586072924734e-05
	iters: 100, epoch: 55 | loss: 0.1568961
	speed: 0.0909s/iter; left time: 7014.0080s
	iters: 200, epoch: 55 | loss: 0.1461849
	speed: 0.0329s/iter; left time: 2535.9392s
	iters: 300, epoch: 55 | loss: 0.1508838
	speed: 0.0334s/iter; left time: 2572.1014s
Epoch: 55 cost time: 10.859298706054688
[2025-05-29 04:58:23] [32mIntermediate result: 0.15366797  (Index 54)[0m
Epoch: 55, Steps: 314 | Train Loss: 0.1452382 Vali Loss: 0.1592024 Test Loss: 0.1536680
EarlyStopping counter: 1 out of 20
Updating learning rate to 6.842003120549947e-05
	iters: 100, epoch: 56 | loss: 0.1553256
	speed: 0.0907s/iter; left time: 6967.1344s
	iters: 200, epoch: 56 | loss: 0.1620694
	speed: 0.0333s/iter; left time: 2557.9213s
	iters: 300, epoch: 56 | loss: 0.1314188
	speed: 0.0329s/iter; left time: 2518.3318s
Epoch: 56 cost time: 10.773874282836914
[2025-05-29 04:58:39] [32mIntermediate result: 0.15195519  (Index 55)[0m
Epoch: 56, Steps: 314 | Train Loss: 0.1449592 Vali Loss: 0.1568889 Test Loss: 0.1519552
Validation loss decreased (0.158856 --> 0.156889).  Saving model ...
Updating learning rate to 6.998419498730653e-05
	iters: 100, epoch: 57 | loss: 0.1438768
	speed: 0.0907s/iter; left time: 6941.3010s
	iters: 200, epoch: 57 | loss: 0.1489859
	speed: 0.0329s/iter; left time: 2515.3990s
	iters: 300, epoch: 57 | loss: 0.1450633
	speed: 0.0334s/iter; left time: 2550.3689s
Epoch: 57 cost time: 10.738326072692871
[2025-05-29 04:58:54] [32mIntermediate result: 0.15190288  (Index 56)[0m
Epoch: 57, Steps: 314 | Train Loss: 0.1427362 Vali Loss: 0.1574920 Test Loss: 0.1519029
EarlyStopping counter: 1 out of 20
Updating learning rate to 7.152644624717928e-05
	iters: 100, epoch: 58 | loss: 0.1768215
	speed: 0.0907s/iter; left time: 6909.9455s
	iters: 200, epoch: 58 | loss: 0.1472172
	speed: 0.0330s/iter; left time: 2512.6636s
	iters: 300, epoch: 58 | loss: 0.1532464
	speed: 0.0331s/iter; left time: 2518.7817s
Epoch: 58 cost time: 10.762795209884644
[2025-05-29 04:59:10] [32mIntermediate result: 0.1551168  (Index 57)[0m
Epoch: 58, Steps: 314 | Train Loss: 0.1442783 Vali Loss: 0.1596854 Test Loss: 0.1551168
EarlyStopping counter: 2 out of 20
Updating learning rate to 7.304490585655044e-05
	iters: 100, epoch: 59 | loss: 0.1544509
	speed: 0.0911s/iter; left time: 6909.8827s
	iters: 200, epoch: 59 | loss: 0.1465023
	speed: 0.0328s/iter; left time: 2485.8998s
	iters: 300, epoch: 59 | loss: 0.1405709
	speed: 0.0333s/iter; left time: 2520.5276s
Epoch: 59 cost time: 10.783808708190918
[2025-05-29 04:59:26] [32mIntermediate result: 0.15318775  (Index 58)[0m
Epoch: 59, Steps: 314 | Train Loss: 0.1422903 Vali Loss: 0.1587507 Test Loss: 0.1531878
EarlyStopping counter: 3 out of 20
Updating learning rate to 7.45377236753654e-05
	iters: 100, epoch: 60 | loss: 0.1337913
	speed: 0.0900s/iter; left time: 6803.6677s
	iters: 200, epoch: 60 | loss: 0.1477437
	speed: 0.0332s/iter; left time: 2503.3711s
	iters: 300, epoch: 60 | loss: 0.1308983
	speed: 0.0331s/iter; left time: 2491.7036s
Epoch: 60 cost time: 10.777284145355225
[2025-05-29 04:59:41] [32mIntermediate result: 0.15173495  (Index 59)[0m
Epoch: 60, Steps: 314 | Train Loss: 0.1415180 Vali Loss: 0.1564401 Test Loss: 0.1517349
Validation loss decreased (0.156889 --> 0.156440).  Saving model ...
Updating learning rate to 7.600308080635228e-05
	iters: 100, epoch: 61 | loss: 0.1423430
	speed: 0.0908s/iter; left time: 6833.9412s
	iters: 200, epoch: 61 | loss: 0.1307796
	speed: 0.0331s/iter; left time: 2489.2705s
	iters: 300, epoch: 61 | loss: 0.1411131
	speed: 0.0330s/iter; left time: 2475.3576s
Epoch: 61 cost time: 10.765493869781494
[2025-05-29 04:59:57] [32mIntermediate result: 0.15250182  (Index 60)[0m
Epoch: 61, Steps: 314 | Train Loss: 0.1415026 Vali Loss: 0.1572313 Test Loss: 0.1525018
EarlyStopping counter: 1 out of 20
Updating learning rate to 7.7439191811225e-05
	iters: 100, epoch: 62 | loss: 0.1247065
	speed: 0.0904s/iter; left time: 6775.9074s
	iters: 200, epoch: 62 | loss: 0.1266522
	speed: 0.0333s/iter; left time: 2493.2161s
	iters: 300, epoch: 62 | loss: 0.1861972
	speed: 0.0332s/iter; left time: 2482.4531s
Epoch: 62 cost time: 10.830349922180176
[2025-05-29 05:00:13] [32mIntermediate result: 0.14965597  (Index 61)[0m
Epoch: 62, Steps: 314 | Train Loss: 0.1404479 Vali Loss: 0.1532348 Test Loss: 0.1496560
Validation loss decreased (0.156440 --> 0.153235).  Saving model ...
Updating learning rate to 7.88443068861188e-05
	iters: 100, epoch: 63 | loss: 0.1293497
	speed: 0.0901s/iter; left time: 6724.1685s
	iters: 200, epoch: 63 | loss: 0.1481426
	speed: 0.0329s/iter; left time: 2455.2856s
	iters: 300, epoch: 63 | loss: 0.1616761
	speed: 0.0329s/iter; left time: 2451.4393s
Epoch: 63 cost time: 10.747656345367432
[2025-05-29 05:00:28] [32mIntermediate result: 0.14965686  (Index 62)[0m
Epoch: 63, Steps: 314 | Train Loss: 0.1413570 Vali Loss: 0.1530578 Test Loss: 0.1496569
Validation loss decreased (0.153235 --> 0.153058).  Saving model ...
Updating learning rate to 8.021671399360743e-05
	iters: 100, epoch: 64 | loss: 0.1280811
	speed: 0.0908s/iter; left time: 6748.8852s
	iters: 200, epoch: 64 | loss: 0.1178670
	speed: 0.0329s/iter; left time: 2443.1572s
	iters: 300, epoch: 64 | loss: 0.1347687
	speed: 0.0330s/iter; left time: 2447.8070s
Epoch: 64 cost time: 10.733884572982788
[2025-05-29 05:00:44] [32mIntermediate result: 0.14967942  (Index 63)[0m
Epoch: 64, Steps: 314 | Train Loss: 0.1393079 Vali Loss: 0.1534642 Test Loss: 0.1496794
EarlyStopping counter: 1 out of 20
Updating learning rate to 8.155474094870475e-05
	iters: 100, epoch: 65 | loss: 0.1465545
	speed: 0.0902s/iter; left time: 6676.7523s
	iters: 200, epoch: 65 | loss: 0.1201340
	speed: 0.0332s/iter; left time: 2450.5700s
	iters: 300, epoch: 65 | loss: 0.0999101
	speed: 0.0328s/iter; left time: 2419.3030s
Epoch: 65 cost time: 10.733589172363281
[2025-05-29 05:00:59] [32mIntermediate result: 0.14720671  (Index 64)[0m
Epoch: 65, Steps: 314 | Train Loss: 0.1389589 Vali Loss: 0.1509572 Test Loss: 0.1472067
Validation loss decreased (0.153058 --> 0.150957).  Saving model ...
Updating learning rate to 8.285675745630869e-05
	iters: 100, epoch: 66 | loss: 0.1279841
	speed: 0.0900s/iter; left time: 6634.6525s
	iters: 200, epoch: 66 | loss: 0.1431602
	speed: 0.0330s/iter; left time: 2428.4607s
	iters: 300, epoch: 66 | loss: 0.1545590
	speed: 0.0330s/iter; left time: 2425.3170s
Epoch: 66 cost time: 10.747647762298584
[2025-05-29 05:01:15] [32mIntermediate result: 0.15930533  (Index 65)[0m
Epoch: 66, Steps: 314 | Train Loss: 0.1392190 Vali Loss: 0.1649629 Test Loss: 0.1593053
EarlyStopping counter: 1 out of 20
Updating learning rate to 8.412117709760529e-05
	iters: 100, epoch: 67 | loss: 0.1371260
	speed: 0.0901s/iter; left time: 6610.0702s
	iters: 200, epoch: 67 | loss: 0.1515757
	speed: 0.0329s/iter; left time: 2408.2647s
	iters: 300, epoch: 67 | loss: 0.1535671
	speed: 0.0329s/iter; left time: 2410.6749s
Epoch: 67 cost time: 10.706953287124634
[2025-05-29 05:01:31] [32mIntermediate result: 0.14910573  (Index 66)[0m
Epoch: 67, Steps: 314 | Train Loss: 0.1380411 Vali Loss: 0.1523187 Test Loss: 0.1491057
EarlyStopping counter: 2 out of 20
Updating learning rate to 8.534645926301246e-05
	iters: 100, epoch: 68 | loss: 0.1524074
	speed: 0.0900s/iter; left time: 6577.1852s
	iters: 200, epoch: 68 | loss: 0.1576070
	speed: 0.0331s/iter; left time: 2417.1182s
	iters: 300, epoch: 68 | loss: 0.1464424
	speed: 0.0331s/iter; left time: 2411.4795s
Epoch: 68 cost time: 10.764606475830078
[2025-05-29 05:01:46] [32mIntermediate result: 0.14836717  (Index 67)[0m
Epoch: 68, Steps: 314 | Train Loss: 0.1387969 Vali Loss: 0.1517823 Test Loss: 0.1483672
EarlyStopping counter: 3 out of 20
Updating learning rate to 8.653111102930821e-05
	iters: 100, epoch: 69 | loss: 0.1356602
	speed: 0.0900s/iter; left time: 6549.7699s
	iters: 200, epoch: 69 | loss: 0.1225801
	speed: 0.0334s/iter; left time: 2424.3206s
	iters: 300, epoch: 69 | loss: 0.1223365
	speed: 0.0331s/iter; left time: 2398.1325s
Epoch: 69 cost time: 10.790895700454712
[2025-05-29 05:02:02] [32mIntermediate result: 0.14928837  (Index 68)[0m
Epoch: 69, Steps: 314 | Train Loss: 0.1378252 Vali Loss: 0.1534070 Test Loss: 0.1492884
EarlyStopping counter: 4 out of 20
Updating learning rate to 8.767368897865638e-05
	iters: 100, epoch: 70 | loss: 0.1351585
	speed: 0.0916s/iter; left time: 6638.0496s
	iters: 200, epoch: 70 | loss: 0.1399280
	speed: 0.0328s/iter; left time: 2375.1045s
	iters: 300, epoch: 70 | loss: 0.1410728
	speed: 0.0335s/iter; left time: 2420.8989s
Epoch: 70 cost time: 10.915959596633911
[2025-05-29 05:02:18] [32mIntermediate result: 0.15066248  (Index 69)[0m
Epoch: 70, Steps: 314 | Train Loss: 0.1367741 Vali Loss: 0.1541776 Test Loss: 0.1506625
EarlyStopping counter: 5 out of 20
Updating learning rate to 8.877280095731342e-05
	iters: 100, epoch: 71 | loss: 0.1409885
	speed: 0.0904s/iter; left time: 6520.2448s
	iters: 200, epoch: 71 | loss: 0.1187838
	speed: 0.0329s/iter; left time: 2371.1115s
	iters: 300, epoch: 71 | loss: 0.1096822
	speed: 0.0332s/iter; left time: 2389.1731s
Epoch: 71 cost time: 10.770349502563477
[2025-05-29 05:02:33] [32mIntermediate result: 0.1444951  (Index 70)[0m
Epoch: 71, Steps: 314 | Train Loss: 0.1356427 Vali Loss: 0.1474875 Test Loss: 0.1444951
Validation loss decreased (0.150957 --> 0.147488).  Saving model ...
Updating learning rate to 8.982710777187323e-05
	iters: 100, epoch: 72 | loss: 0.1517766
	speed: 0.0903s/iter; left time: 6485.0681s
	iters: 200, epoch: 72 | loss: 0.1259328
	speed: 0.0334s/iter; left time: 2396.8618s
	iters: 300, epoch: 72 | loss: 0.1409912
	speed: 0.0332s/iter; left time: 2376.0101s
Epoch: 72 cost time: 10.813374280929565
[2025-05-29 05:02:49] [32mIntermediate result: 0.14497449  (Index 71)[0m
Epoch: 72, Steps: 314 | Train Loss: 0.1356297 Vali Loss: 0.1472206 Test Loss: 0.1449745
Validation loss decreased (0.147488 --> 0.147221).  Saving model ...
Updating learning rate to 9.08353248209836e-05
	iters: 100, epoch: 73 | loss: 0.1377726
	speed: 0.0923s/iter; left time: 6597.4299s
	iters: 200, epoch: 73 | loss: 0.1257988
	speed: 0.0334s/iter; left time: 2386.8259s
	iters: 300, epoch: 73 | loss: 0.1574996
	speed: 0.0333s/iter; left time: 2370.7591s
Epoch: 73 cost time: 10.949303388595581
[2025-05-29 05:03:05] [32mIntermediate result: 0.1495532  (Index 72)[0m
Epoch: 73, Steps: 314 | Train Loss: 0.1349250 Vali Loss: 0.1532794 Test Loss: 0.1495532
EarlyStopping counter: 1 out of 20
Updating learning rate to 9.179622366054575e-05
	iters: 100, epoch: 74 | loss: 0.1318361
	speed: 0.0925s/iter; left time: 6585.6244s
	iters: 200, epoch: 74 | loss: 0.1204453
	speed: 0.0335s/iter; left time: 2377.7493s
	iters: 300, epoch: 74 | loss: 0.1329360
	speed: 0.0330s/iter; left time: 2341.5805s
Epoch: 74 cost time: 10.869256973266602
[2025-05-29 05:03:21] [32mIntermediate result: 0.1467661  (Index 73)[0m
Epoch: 74, Steps: 314 | Train Loss: 0.1354770 Vali Loss: 0.1487854 Test Loss: 0.1467661
EarlyStopping counter: 2 out of 20
Updating learning rate to 9.270863350049019e-05
	iters: 100, epoch: 75 | loss: 0.1290038
	speed: 0.0913s/iter; left time: 6469.1236s
	iters: 200, epoch: 75 | loss: 0.1319491
	speed: 0.0336s/iter; left time: 2376.9762s
	iters: 300, epoch: 75 | loss: 0.1356242
	speed: 0.0334s/iter; left time: 2356.7652s
Epoch: 75 cost time: 10.851982116699219
[2025-05-29 05:03:37] [32mIntermediate result: 0.14455257  (Index 74)[0m
Epoch: 75, Steps: 314 | Train Loss: 0.1341048 Vali Loss: 0.1477708 Test Loss: 0.1445526
EarlyStopping counter: 3 out of 20
Updating learning rate to 9.357144263130508e-05
	iters: 100, epoch: 76 | loss: 0.1356423
	speed: 0.0933s/iter; left time: 6579.7430s
	iters: 200, epoch: 76 | loss: 0.1492623
	speed: 0.0334s/iter; left time: 2350.5487s
	iters: 300, epoch: 76 | loss: 0.1402919
	speed: 0.0328s/iter; left time: 2309.1631s
Epoch: 76 cost time: 10.951310157775879
[2025-05-29 05:03:53] [32mIntermediate result: 0.14455162  (Index 75)[0m
Epoch: 76, Steps: 314 | Train Loss: 0.1329048 Vali Loss: 0.1479188 Test Loss: 0.1445516
EarlyStopping counter: 4 out of 20
Updating learning rate to 9.438359977857877e-05
	iters: 100, epoch: 77 | loss: 0.1561432
	speed: 0.0905s/iter; left time: 6355.8009s
	iters: 200, epoch: 77 | loss: 0.1490521
	speed: 0.0331s/iter; left time: 2322.2982s
	iters: 300, epoch: 77 | loss: 0.1316172
	speed: 0.0332s/iter; left time: 2321.7578s
Epoch: 77 cost time: 10.796988725662231
[2025-05-29 05:04:08] [32mIntermediate result: 0.14632295  (Index 76)[0m
Epoch: 77, Steps: 314 | Train Loss: 0.1336457 Vali Loss: 0.1469627 Test Loss: 0.1463230
Validation loss decreased (0.147221 --> 0.146963).  Saving model ...
Updating learning rate to 9.514411538390642e-05
	iters: 100, epoch: 78 | loss: 0.1377874
	speed: 0.0918s/iter; left time: 6419.1783s
	iters: 200, epoch: 78 | loss: 0.1081090
	speed: 0.0328s/iter; left time: 2289.8914s
	iters: 300, epoch: 78 | loss: 0.1238695
	speed: 0.0328s/iter; left time: 2289.6694s
Epoch: 78 cost time: 10.723304510116577
[2025-05-29 05:04:24] [32mIntermediate result: 0.14492066  (Index 77)[0m
Epoch: 78, Steps: 314 | Train Loss: 0.1335666 Vali Loss: 0.1486068 Test Loss: 0.1449207
EarlyStopping counter: 1 out of 20
Updating learning rate to 9.585206281059985e-05
	iters: 100, epoch: 79 | loss: 0.1338139
	speed: 0.0911s/iter; left time: 6342.1311s
	iters: 200, epoch: 79 | loss: 0.1070716
	speed: 0.0332s/iter; left time: 2309.8972s
	iters: 300, epoch: 79 | loss: 0.1331954
	speed: 0.0333s/iter; left time: 2309.9531s
Epoch: 79 cost time: 10.857369184494019
[2025-05-29 05:04:40] [32mIntermediate result: 0.14284173  (Index 78)[0m
Epoch: 79, Steps: 314 | Train Loss: 0.1314098 Vali Loss: 0.1438725 Test Loss: 0.1428417
Validation loss decreased (0.146963 --> 0.143872).  Saving model ...
Updating learning rate to 9.65065794727314e-05
	iters: 100, epoch: 80 | loss: 0.1457761
	speed: 0.0918s/iter; left time: 6358.1688s
	iters: 200, epoch: 80 | loss: 0.1657185
	speed: 0.0332s/iter; left time: 2294.4367s
	iters: 300, epoch: 80 | loss: 0.1377638
	speed: 0.0331s/iter; left time: 2286.1193s
Epoch: 80 cost time: 10.796451330184937
[2025-05-29 05:04:56] [32mIntermediate result: 0.14167957  (Index 79)[0m
Epoch: 80, Steps: 314 | Train Loss: 0.1325559 Vali Loss: 0.1434592 Test Loss: 0.1416796
Validation loss decreased (0.143872 --> 0.143459).  Saving model ...
Updating learning rate to 9.71068678861365e-05
	iters: 100, epoch: 81 | loss: 0.1096622
	speed: 0.0920s/iter; left time: 6344.0854s
	iters: 200, epoch: 81 | loss: 0.1398931
	speed: 0.0331s/iter; left time: 2282.5481s
	iters: 300, epoch: 81 | loss: 0.1375789
	speed: 0.0334s/iter; left time: 2296.2727s
Epoch: 81 cost time: 10.835103273391724
[2025-05-29 05:05:12] [32mIntermediate result: 0.14561489  (Index 80)[0m
Epoch: 81, Steps: 314 | Train Loss: 0.1316674 Vali Loss: 0.1477233 Test Loss: 0.1456149
EarlyStopping counter: 1 out of 20
Updating learning rate to 9.765219664009396e-05
	iters: 100, epoch: 82 | loss: 0.1267848
	speed: 0.0920s/iter; left time: 6317.3477s
	iters: 200, epoch: 82 | loss: 0.1235006
	speed: 0.0329s/iter; left time: 2254.9203s
	iters: 300, epoch: 82 | loss: 0.1258494
	speed: 0.0330s/iter; left time: 2259.9226s
Epoch: 82 cost time: 10.759785652160645
[2025-05-29 05:05:27] [32mIntermediate result: 0.14563923  (Index 81)[0m
Epoch: 82, Steps: 314 | Train Loss: 0.1308964 Vali Loss: 0.1485755 Test Loss: 0.1456392
EarlyStopping counter: 2 out of 20
Updating learning rate to 9.814190128850034e-05
	iters: 100, epoch: 83 | loss: 0.1365872
	speed: 0.0926s/iter; left time: 6326.1762s
	iters: 200, epoch: 83 | loss: 0.1231798
	speed: 0.0331s/iter; left time: 2258.8359s
	iters: 300, epoch: 83 | loss: 0.1282717
	speed: 0.0333s/iter; left time: 2271.3255s
Epoch: 83 cost time: 10.885993242263794
[2025-05-29 05:05:43] [32mIntermediate result: 0.14809795  (Index 82)[0m
Epoch: 83, Steps: 314 | Train Loss: 0.1299752 Vali Loss: 0.1519360 Test Loss: 0.1480979
EarlyStopping counter: 3 out of 20
Updating learning rate to 9.857538515945252e-05
	iters: 100, epoch: 84 | loss: 0.1246298
	speed: 0.0925s/iter; left time: 6294.9341s
	iters: 200, epoch: 84 | loss: 0.1347938
	speed: 0.0330s/iter; left time: 2245.2870s
	iters: 300, epoch: 84 | loss: 0.1330500
	speed: 0.0332s/iter; left time: 2252.3382s
Epoch: 84 cost time: 10.899065971374512
[2025-05-29 05:05:59] [32mIntermediate result: 0.14192396  (Index 83)[0m
Epoch: 84, Steps: 314 | Train Loss: 0.1292393 Vali Loss: 0.1439061 Test Loss: 0.1419240
EarlyStopping counter: 4 out of 20
Updating learning rate to 9.895212008225188e-05
	iters: 100, epoch: 85 | loss: 0.1417265
	speed: 0.0924s/iter; left time: 6258.2402s
	iters: 200, epoch: 85 | loss: 0.1262408
	speed: 0.0332s/iter; left time: 2242.5005s
	iters: 300, epoch: 85 | loss: 0.1221925
	speed: 0.0331s/iter; left time: 2232.7379s
Epoch: 85 cost time: 10.84799861907959
[2025-05-29 05:06:15] [32mIntermediate result: 0.14254998  (Index 84)[0m
Epoch: 85, Steps: 314 | Train Loss: 0.1294836 Vali Loss: 0.1432057 Test Loss: 0.1425500
Validation loss decreased (0.143459 --> 0.143206).  Saving model ...
Updating learning rate to 9.927164703094451e-05
	iters: 100, epoch: 86 | loss: 0.1193242
	speed: 0.0929s/iter; left time: 6265.1249s
	iters: 200, epoch: 86 | loss: 0.1401275
	speed: 0.0331s/iter; left time: 2225.3959s
	iters: 300, epoch: 86 | loss: 0.1487738
	speed: 0.0329s/iter; left time: 2209.0307s
Epoch: 86 cost time: 10.800007581710815
[2025-05-29 05:06:31] [32mIntermediate result: 0.14438553  (Index 85)[0m
Epoch: 86, Steps: 314 | Train Loss: 0.1293136 Vali Loss: 0.1466877 Test Loss: 0.1443855
EarlyStopping counter: 1 out of 20
Updating learning rate to 9.953357668361323e-05
	iters: 100, epoch: 87 | loss: 0.1243564
	speed: 0.0917s/iter; left time: 6150.3672s
	iters: 200, epoch: 87 | loss: 0.1332381
	speed: 0.0333s/iter; left time: 2229.0302s
	iters: 300, epoch: 87 | loss: 0.1228747
	speed: 0.0334s/iter; left time: 2234.7484s
Epoch: 87 cost time: 10.911068677902222
[2025-05-29 05:06:47] [32mIntermediate result: 0.13911593  (Index 86)[0m
Epoch: 87, Steps: 314 | Train Loss: 0.1283510 Vali Loss: 0.1404237 Test Loss: 0.1391159
Validation loss decreased (0.143206 --> 0.140424).  Saving model ...
Updating learning rate to 9.973758989673985e-05
	iters: 100, epoch: 88 | loss: 0.1090866
	speed: 0.0923s/iter; left time: 6164.7419s
	iters: 200, epoch: 88 | loss: 0.1272179
	speed: 0.0331s/iter; left time: 2204.3373s
	iters: 300, epoch: 88 | loss: 0.1131152
	speed: 0.0330s/iter; left time: 2199.7395s
Epoch: 88 cost time: 10.814101696014404
[2025-05-29 05:07:02] [32mIntermediate result: 0.13961402  (Index 87)[0m
Epoch: 88, Steps: 314 | Train Loss: 0.1278776 Vali Loss: 0.1413368 Test Loss: 0.1396140
EarlyStopping counter: 1 out of 20
Updating learning rate to 9.988343809406004e-05
	iters: 100, epoch: 89 | loss: 0.1247300
	speed: 0.0898s/iter; left time: 5971.8813s
	iters: 200, epoch: 89 | loss: 0.1267606
	speed: 0.0331s/iter; left time: 2198.0388s
	iters: 300, epoch: 89 | loss: 0.1174475
	speed: 0.0331s/iter; left time: 2194.0919s
Epoch: 89 cost time: 10.758643865585327
[2025-05-29 05:07:18] [32mIntermediate result: 0.14113592  (Index 88)[0m
Epoch: 89, Steps: 314 | Train Loss: 0.1273911 Vali Loss: 0.1424496 Test Loss: 0.1411359
EarlyStopping counter: 2 out of 20
Updating learning rate to 9.997094356943654e-05
	iters: 100, epoch: 90 | loss: 0.1448103
	speed: 0.0916s/iter; left time: 6059.3552s
	iters: 200, epoch: 90 | loss: 0.1273273
	speed: 0.0335s/iter; left time: 2213.2368s
	iters: 300, epoch: 90 | loss: 0.1282892
	speed: 0.0333s/iter; left time: 2199.5791s
Epoch: 90 cost time: 10.874231576919556
[2025-05-29 05:07:34] [32mIntermediate result: 0.13954553  (Index 89)[0m
Epoch: 90, Steps: 314 | Train Loss: 0.1272054 Vali Loss: 0.1393305 Test Loss: 0.1395455
Validation loss decreased (0.140424 --> 0.139330).  Saving model ...
Updating learning rate to 9.999999994325336e-05
	iters: 100, epoch: 91 | loss: 0.1320323
	speed: 0.0903s/iter; left time: 5943.4520s
	iters: 200, epoch: 91 | loss: 0.1141766
	speed: 0.0327s/iter; left time: 2149.4142s
	iters: 300, epoch: 91 | loss: 0.1357628
	speed: 0.0332s/iter; left time: 2179.0735s
Epoch: 91 cost time: 10.703812837600708
[2025-05-29 05:07:50] [32mIntermediate result: 0.13875361  (Index 90)[0m
Epoch: 91, Steps: 314 | Train Loss: 0.1276788 Vali Loss: 0.1389085 Test Loss: 0.1387536
Validation loss decreased (0.139330 --> 0.138909).  Saving model ...
Updating learning rate to 9.999436942059406e-05
	iters: 100, epoch: 92 | loss: 0.1230106
	speed: 0.0917s/iter; left time: 6007.7719s
	iters: 200, epoch: 92 | loss: 0.1196547
	speed: 0.0333s/iter; left time: 2180.5000s
	iters: 300, epoch: 92 | loss: 0.1236533
	speed: 0.0333s/iter; left time: 2176.1888s
Epoch: 92 cost time: 10.875384330749512
[2025-05-29 05:08:05] [32mIntermediate result: 0.13731772  (Index 91)[0m
Epoch: 92, Steps: 314 | Train Loss: 0.1260024 Vali Loss: 0.1375163 Test Loss: 0.1373177
Validation loss decreased (0.138909 --> 0.137516).  Saving model ...
Updating learning rate to 9.997755038382462e-05
	iters: 100, epoch: 93 | loss: 0.1318714
	speed: 0.0912s/iter; left time: 5948.1782s
	iters: 200, epoch: 93 | loss: 0.1411672
	speed: 0.0335s/iter; left time: 2179.3867s
	iters: 300, epoch: 93 | loss: 0.1035568
	speed: 0.0331s/iter; left time: 2149.7306s
Epoch: 93 cost time: 10.830146312713623
[2025-05-29 05:08:21] [32mIntermediate result: 0.14026104  (Index 92)[0m
Epoch: 93, Steps: 314 | Train Loss: 0.1257876 Vali Loss: 0.1418395 Test Loss: 0.1402610
EarlyStopping counter: 1 out of 20
Updating learning rate to 9.994954659698465e-05
	iters: 100, epoch: 94 | loss: 0.1324457
	speed: 0.0907s/iter; left time: 5886.6687s
	iters: 200, epoch: 94 | loss: 0.1269962
	speed: 0.0332s/iter; left time: 2152.2641s
	iters: 300, epoch: 94 | loss: 0.1236488
	speed: 0.0331s/iter; left time: 2142.0985s
Epoch: 94 cost time: 10.827082872390747
[2025-05-29 05:08:37] [32mIntermediate result: 0.1383833  (Index 93)[0m
Epoch: 94, Steps: 314 | Train Loss: 0.1267727 Vali Loss: 0.1406650 Test Loss: 0.1383833
EarlyStopping counter: 2 out of 20
Updating learning rate to 9.991036432722022e-05
	iters: 100, epoch: 95 | loss: 0.1287773
	speed: 0.0918s/iter; left time: 5931.7490s
	iters: 200, epoch: 95 | loss: 0.1350580
	speed: 0.0332s/iter; left time: 2142.5890s
	iters: 300, epoch: 95 | loss: 0.1252479
	speed: 0.0333s/iter; left time: 2142.5020s
Epoch: 95 cost time: 10.82128095626831
[2025-05-29 05:08:53] [32mIntermediate result: 0.13819484  (Index 94)[0m
Epoch: 95, Steps: 314 | Train Loss: 0.1246067 Vali Loss: 0.1387975 Test Loss: 0.1381948
EarlyStopping counter: 3 out of 20
Updating learning rate to 9.986001234338143e-05
	iters: 100, epoch: 96 | loss: 0.1337679
	speed: 0.0896s/iter; left time: 5756.4082s
	iters: 200, epoch: 96 | loss: 0.1107246
	speed: 0.0330s/iter; left time: 2114.7650s
	iters: 300, epoch: 96 | loss: 0.1308383
	speed: 0.0328s/iter; left time: 2100.1485s
Epoch: 96 cost time: 10.717024564743042
[2025-05-29 05:09:08] [32mIntermediate result: 0.13611765  (Index 95)[0m
Epoch: 96, Steps: 314 | Train Loss: 0.1242835 Vali Loss: 0.1366579 Test Loss: 0.1361177
Validation loss decreased (0.137516 --> 0.136658).  Saving model ...
Updating learning rate to 9.979850191405999e-05
	iters: 100, epoch: 97 | loss: 0.1163573
	speed: 0.0923s/iter; left time: 5902.0439s
	iters: 200, epoch: 97 | loss: 0.1302070
	speed: 0.0335s/iter; left time: 2139.8690s
	iters: 300, epoch: 97 | loss: 0.1480129
	speed: 0.0335s/iter; left time: 2137.5666s
Epoch: 97 cost time: 10.888510942459106
[2025-05-29 05:09:24] [32mIntermediate result: 0.13839489  (Index 96)[0m
Epoch: 97, Steps: 314 | Train Loss: 0.1248859 Vali Loss: 0.1383666 Test Loss: 0.1383949
EarlyStopping counter: 1 out of 20
Updating learning rate to 9.972584680506725e-05
	iters: 100, epoch: 98 | loss: 0.1105018
	speed: 0.0919s/iter; left time: 5847.8959s
	iters: 200, epoch: 98 | loss: 0.1032444
	speed: 0.0331s/iter; left time: 2102.1348s
	iters: 300, epoch: 98 | loss: 0.1215896
	speed: 0.0333s/iter; left time: 2114.3251s
Epoch: 98 cost time: 10.853967428207397
[2025-05-29 05:09:40] [32mIntermediate result: 0.13963194  (Index 97)[0m
Epoch: 98, Steps: 314 | Train Loss: 0.1238369 Vali Loss: 0.1408721 Test Loss: 0.1396319
EarlyStopping counter: 2 out of 20
Updating learning rate to 9.964206327635359e-05
	iters: 100, epoch: 99 | loss: 0.1184582
	speed: 0.0913s/iter; left time: 5780.5322s
	iters: 200, epoch: 99 | loss: 0.1080780
	speed: 0.0331s/iter; left time: 2093.3505s
	iters: 300, epoch: 99 | loss: 0.1298489
	speed: 0.0329s/iter; left time: 2074.9475s
Epoch: 99 cost time: 10.751817464828491
[2025-05-29 05:09:56] [32mIntermediate result: 0.13601108  (Index 98)[0m
Epoch: 99, Steps: 314 | Train Loss: 0.1236666 Vali Loss: 0.1365060 Test Loss: 0.1360111
Validation loss decreased (0.136658 --> 0.136506).  Saving model ...
Updating learning rate to 9.954717007836936e-05
	iters: 100, epoch: 100 | loss: 0.1234470
	speed: 0.0917s/iter; left time: 5776.1751s
	iters: 200, epoch: 100 | loss: 0.1132841
	speed: 0.0331s/iter; left time: 2084.0643s
	iters: 300, epoch: 100 | loss: 0.1409845
	speed: 0.0328s/iter; left time: 2061.0230s
Epoch: 100 cost time: 10.767969131469727
[2025-05-29 05:10:11] [32mIntermediate result: 0.13598643  (Index 99)[0m
Epoch: 100, Steps: 314 | Train Loss: 0.1235715 Vali Loss: 0.1354697 Test Loss: 0.1359864
Validation loss decreased (0.136506 --> 0.135470).  Saving model ...
Updating learning rate to 9.944118844786872e-05
	iters: 100, epoch: 101 | loss: 0.1493112
	speed: 0.0912s/iter; left time: 5716.0589s
	iters: 200, epoch: 101 | loss: 0.1297773
	speed: 0.0334s/iter; left time: 2088.4480s
	iters: 300, epoch: 101 | loss: 0.1076600
	speed: 0.0332s/iter; left time: 2076.4367s
Epoch: 101 cost time: 10.871582984924316
[2025-05-29 05:10:27] [32mIntermediate result: 0.13620585  (Index 100)[0m
Epoch: 101, Steps: 314 | Train Loss: 0.1224239 Vali Loss: 0.1358086 Test Loss: 0.1362059
EarlyStopping counter: 1 out of 20
Updating learning rate to 9.932414210315685e-05
	iters: 100, epoch: 102 | loss: 0.1305939
	speed: 0.0913s/iter; left time: 5695.9528s
	iters: 200, epoch: 102 | loss: 0.1209388
	speed: 0.0331s/iter; left time: 2060.2317s
	iters: 300, epoch: 102 | loss: 0.1157368
	speed: 0.0333s/iter; left time: 2071.0735s
Epoch: 102 cost time: 10.788753032684326
[2025-05-29 05:10:43] [32mIntermediate result: 0.13620171  (Index 101)[0m
Epoch: 102, Steps: 314 | Train Loss: 0.1224738 Vali Loss: 0.1358776 Test Loss: 0.1362017
EarlyStopping counter: 2 out of 20
Updating learning rate to 9.919605723878196e-05
	iters: 100, epoch: 103 | loss: 0.1079444
	speed: 0.0908s/iter; left time: 5638.0496s
	iters: 200, epoch: 103 | loss: 0.1431329
	speed: 0.0331s/iter; left time: 2052.5495s
	iters: 300, epoch: 103 | loss: 0.1045846
	speed: 0.0331s/iter; left time: 2047.0278s
Epoch: 103 cost time: 10.794909238815308
[2025-05-29 05:10:59] [32mIntermediate result: 0.13606107  (Index 102)[0m
Epoch: 103, Steps: 314 | Train Loss: 0.1227460 Vali Loss: 0.1353086 Test Loss: 0.1360611
Validation loss decreased (0.135470 --> 0.135309).  Saving model ...
Updating learning rate to 9.905696251967291e-05
	iters: 100, epoch: 104 | loss: 0.1246245
	speed: 0.0905s/iter; left time: 5589.1694s
	iters: 200, epoch: 104 | loss: 0.1378661
	speed: 0.0329s/iter; left time: 2029.5506s
	iters: 300, epoch: 104 | loss: 0.1419254
	speed: 0.0329s/iter; left time: 2027.0706s
Epoch: 104 cost time: 10.730441808700562
[2025-05-29 05:11:14] [32mIntermediate result: 0.14044313  (Index 103)[0m
Epoch: 104, Steps: 314 | Train Loss: 0.1213774 Vali Loss: 0.1391827 Test Loss: 0.1404431
EarlyStopping counter: 1 out of 20
Updating learning rate to 9.890688907472427e-05
	iters: 100, epoch: 105 | loss: 0.1237452
	speed: 0.0926s/iter; left time: 5688.4544s
	iters: 200, epoch: 105 | loss: 0.1006566
	speed: 0.0331s/iter; left time: 2032.0900s
	iters: 300, epoch: 105 | loss: 0.0967465
	speed: 0.0328s/iter; left time: 2007.7788s
Epoch: 105 cost time: 10.8833909034729
[2025-05-29 05:11:30] [32mIntermediate result: 0.13818377  (Index 104)[0m
Epoch: 105, Steps: 314 | Train Loss: 0.1210028 Vali Loss: 0.1370222 Test Loss: 0.1381838
EarlyStopping counter: 2 out of 20
Updating learning rate to 9.874587048982968e-05
	iters: 100, epoch: 106 | loss: 0.1126342
	speed: 0.0915s/iter; left time: 5591.3977s
	iters: 200, epoch: 106 | loss: 0.1240032
	speed: 0.0334s/iter; left time: 2040.2242s
	iters: 300, epoch: 106 | loss: 0.1087233
	speed: 0.0325s/iter; left time: 1980.8262s
Epoch: 106 cost time: 10.69450569152832
[2025-05-29 05:11:46] [32mIntermediate result: 0.13572699  (Index 105)[0m
Epoch: 106, Steps: 314 | Train Loss: 0.1212151 Vali Loss: 0.1358768 Test Loss: 0.1357270
EarlyStopping counter: 3 out of 20
Updating learning rate to 9.857394280036541e-05
	iters: 100, epoch: 107 | loss: 0.1217125
	speed: 0.0913s/iter; left time: 5553.1379s
	iters: 200, epoch: 107 | loss: 0.1068927
	speed: 0.0334s/iter; left time: 2026.9755s
	iters: 300, epoch: 107 | loss: 0.1066983
	speed: 0.0330s/iter; left time: 2002.5593s
Epoch: 107 cost time: 10.825098514556885
[2025-05-29 05:12:02] [32mIntermediate result: 0.13907802  (Index 106)[0m
Epoch: 107, Steps: 314 | Train Loss: 0.1202778 Vali Loss: 0.1380735 Test Loss: 0.1390780
EarlyStopping counter: 4 out of 20
Updating learning rate to 9.839114448312596e-05
	iters: 100, epoch: 108 | loss: 0.1308394
	speed: 0.0940s/iter; left time: 5686.9164s
	iters: 200, epoch: 108 | loss: 0.1288709
	speed: 0.0334s/iter; left time: 2019.7345s
	iters: 300, epoch: 108 | loss: 0.1310351
	speed: 0.0331s/iter; left time: 1998.6170s
Epoch: 108 cost time: 11.024624109268188
[2025-05-29 05:12:18] [32mIntermediate result: 0.13860257  (Index 107)[0m
Epoch: 108, Steps: 314 | Train Loss: 0.1206998 Vali Loss: 0.1379982 Test Loss: 0.1386026
EarlyStopping counter: 5 out of 20
Updating learning rate to 9.819751644771285e-05
	iters: 100, epoch: 109 | loss: 0.1151897
	speed: 0.0925s/iter; left time: 5565.5002s
	iters: 200, epoch: 109 | loss: 0.1122936
	speed: 0.0332s/iter; left time: 1997.6738s
	iters: 300, epoch: 109 | loss: 0.1212979
	speed: 0.0342s/iter; left time: 2051.9713s
Epoch: 109 cost time: 11.151768445968628
[2025-05-29 05:12:34] [32mIntermediate result: 0.13507201  (Index 108)[0m
Epoch: 109, Steps: 314 | Train Loss: 0.1198011 Vali Loss: 0.1345378 Test Loss: 0.1350720
Validation loss decreased (0.135309 --> 0.134538).  Saving model ...
Updating learning rate to 9.79931020273794e-05
	iters: 100, epoch: 110 | loss: 0.1218212
	speed: 0.0943s/iter; left time: 5643.4377s
	iters: 200, epoch: 110 | loss: 0.1036209
	speed: 0.0333s/iter; left time: 1993.1356s
	iters: 300, epoch: 110 | loss: 0.1153699
	speed: 0.0331s/iter; left time: 1976.9257s
Epoch: 110 cost time: 10.874325037002563
[2025-05-29 05:12:50] [32mIntermediate result: 0.14021088  (Index 109)[0m
Epoch: 110, Steps: 314 | Train Loss: 0.1193687 Vali Loss: 0.1417976 Test Loss: 0.1402109
EarlyStopping counter: 1 out of 20
Updating learning rate to 9.777794696933277e-05
	iters: 100, epoch: 111 | loss: 0.1319117
	speed: 0.0933s/iter; left time: 5554.1304s
	iters: 200, epoch: 111 | loss: 0.1297113
	speed: 0.0335s/iter; left time: 1989.9661s
	iters: 300, epoch: 111 | loss: 0.1104652
	speed: 0.0335s/iter; left time: 1986.4545s
Epoch: 111 cost time: 10.8801429271698
[2025-05-29 05:13:06] [32mIntermediate result: 0.13440077  (Index 110)[0m
Epoch: 111, Steps: 314 | Train Loss: 0.1192767 Vali Loss: 0.1338983 Test Loss: 0.1344008
Validation loss decreased (0.134538 --> 0.133898).  Saving model ...
Updating learning rate to 9.755209942449596e-05
	iters: 100, epoch: 112 | loss: 0.1161750
	speed: 0.0903s/iter; left time: 5351.4675s
	iters: 200, epoch: 112 | loss: 0.1332599
	speed: 0.0332s/iter; left time: 1961.5400s
	iters: 300, epoch: 112 | loss: 0.1044914
	speed: 0.0332s/iter; left time: 1960.0878s
Epoch: 112 cost time: 10.805501222610474
[2025-05-29 05:13:21] [32mIntermediate result: 0.13249886  (Index 111)[0m
Epoch: 112, Steps: 314 | Train Loss: 0.1189870 Vali Loss: 0.1320772 Test Loss: 0.1324989
Validation loss decreased (0.133898 --> 0.132077).  Saving model ...
Updating learning rate to 9.731560993673183e-05
	iters: 100, epoch: 113 | loss: 0.1245907
	speed: 0.0899s/iter; left time: 5296.8648s
	iters: 200, epoch: 113 | loss: 0.1101864
	speed: 0.0331s/iter; left time: 1946.0296s
	iters: 300, epoch: 113 | loss: 0.1203557
	speed: 0.0331s/iter; left time: 1944.2894s
Epoch: 113 cost time: 10.803406476974487
[2025-05-29 05:13:37] [32mIntermediate result: 0.13358825  (Index 112)[0m
Epoch: 113, Steps: 314 | Train Loss: 0.1184687 Vali Loss: 0.1331371 Test Loss: 0.1335883
EarlyStopping counter: 1 out of 20
Updating learning rate to 9.706853143153151e-05
	iters: 100, epoch: 114 | loss: 0.1257198
	speed: 0.0914s/iter; left time: 5355.1400s
	iters: 200, epoch: 114 | loss: 0.1248108
	speed: 0.0335s/iter; left time: 1959.3195s
	iters: 300, epoch: 114 | loss: 0.0935574
	speed: 0.0332s/iter; left time: 1940.0597s
Epoch: 114 cost time: 10.835912466049194
[2025-05-29 05:13:53] [32mIntermediate result: 0.14008458  (Index 113)[0m
Epoch: 114, Steps: 314 | Train Loss: 0.1184899 Vali Loss: 0.1402584 Test Loss: 0.1400846
EarlyStopping counter: 2 out of 20
Updating learning rate to 9.681091920416992e-05
	iters: 100, epoch: 115 | loss: 0.1073603
	speed: 0.0917s/iter; left time: 5348.7350s
	iters: 200, epoch: 115 | loss: 0.1262135
	speed: 0.0334s/iter; left time: 1945.9197s
	iters: 300, epoch: 115 | loss: 0.1058973
	speed: 0.0345s/iter; left time: 2006.8670s
Epoch: 115 cost time: 11.05929160118103
[2025-05-29 05:14:09] [32mIntermediate result: 0.13215606  (Index 114)[0m
Epoch: 115, Steps: 314 | Train Loss: 0.1173534 Vali Loss: 0.1314461 Test Loss: 0.1321561
Validation loss decreased (0.132077 --> 0.131446).  Saving model ...
Updating learning rate to 9.654283090733083e-05
	iters: 100, epoch: 116 | loss: 0.1117977
	speed: 0.0926s/iter; left time: 5369.3028s
	iters: 200, epoch: 116 | loss: 0.1039017
	speed: 0.0332s/iter; left time: 1921.6943s
	iters: 300, epoch: 116 | loss: 0.1241518
	speed: 0.0335s/iter; left time: 1936.3021s
Epoch: 116 cost time: 10.877238273620605
[2025-05-29 05:14:25] [32mIntermediate result: 0.13223441  (Index 115)[0m
Epoch: 116, Steps: 314 | Train Loss: 0.1173775 Vali Loss: 0.1315089 Test Loss: 0.1322344
EarlyStopping counter: 1 out of 20
Updating learning rate to 9.626432653820446e-05
	iters: 100, epoch: 117 | loss: 0.1195476
	speed: 0.0916s/iter; left time: 5285.1192s
	iters: 200, epoch: 117 | loss: 0.1237452
	speed: 0.0328s/iter; left time: 1886.6602s
	iters: 300, epoch: 117 | loss: 0.0881894
	speed: 0.0330s/iter; left time: 1894.1441s
Epoch: 117 cost time: 10.745255708694458
[2025-05-29 05:14:41] [32mIntermediate result: 0.13487835  (Index 116)[0m
Epoch: 117, Steps: 314 | Train Loss: 0.1170335 Vali Loss: 0.1346426 Test Loss: 0.1348784
EarlyStopping counter: 2 out of 20
Updating learning rate to 9.597546842506027e-05
	iters: 100, epoch: 118 | loss: 0.1187185
	speed: 0.0912s/iter; left time: 5230.7092s
	iters: 200, epoch: 118 | loss: 0.1042550
	speed: 0.0333s/iter; left time: 1905.5581s
	iters: 300, epoch: 118 | loss: 0.1280938
	speed: 0.0331s/iter; left time: 1891.2695s
Epoch: 118 cost time: 10.804824590682983
[2025-05-29 05:14:56] [32mIntermediate result: 0.13381334  (Index 117)[0m
Epoch: 118, Steps: 314 | Train Loss: 0.1172101 Vali Loss: 0.1320741 Test Loss: 0.1338133
EarlyStopping counter: 3 out of 20
Updating learning rate to 9.567632121329818e-05
	iters: 100, epoch: 119 | loss: 0.1476623
	speed: 0.0896s/iter; left time: 5109.2172s
	iters: 200, epoch: 119 | loss: 0.1121383
	speed: 0.0333s/iter; left time: 1897.7118s
	iters: 300, epoch: 119 | loss: 0.1073076
	speed: 0.0332s/iter; left time: 1887.4917s
Epoch: 119 cost time: 10.871599197387695
[2025-05-29 05:15:12] [32mIntermediate result: 0.13401133  (Index 118)[0m
Epoch: 119, Steps: 314 | Train Loss: 0.1167359 Vali Loss: 0.1332909 Test Loss: 0.1340113
EarlyStopping counter: 4 out of 20
Updating learning rate to 9.536695185098107e-05
	iters: 100, epoch: 120 | loss: 0.0997551
	speed: 0.0903s/iter; left time: 5125.8795s
	iters: 200, epoch: 120 | loss: 0.1165432
	speed: 0.0333s/iter; left time: 1884.9577s
	iters: 300, epoch: 120 | loss: 0.1059001
	speed: 0.0338s/iter; left time: 1909.0758s
Epoch: 120 cost time: 10.897861957550049
[2025-05-29 05:15:28] [32mIntermediate result: 0.13300638  (Index 119)[0m
Epoch: 120, Steps: 314 | Train Loss: 0.1164418 Vali Loss: 0.1306779 Test Loss: 0.1330064
Validation loss decreased (0.131446 --> 0.130678).  Saving model ...
Updating learning rate to 9.504742957385217e-05
	iters: 100, epoch: 121 | loss: 0.1115436
	speed: 0.0935s/iter; left time: 5274.5467s
	iters: 200, epoch: 121 | loss: 0.0992094
	speed: 0.0331s/iter; left time: 1864.4315s
	iters: 300, epoch: 121 | loss: 0.1143841
	speed: 0.0329s/iter; left time: 1848.2917s
Epoch: 121 cost time: 10.908341407775879
[2025-05-29 05:15:44] [32mIntermediate result: 0.1346778  (Index 120)[0m
Epoch: 121, Steps: 314 | Train Loss: 0.1158411 Vali Loss: 0.1338098 Test Loss: 0.1346778
EarlyStopping counter: 1 out of 20
Updating learning rate to 9.471782588984024e-05
	iters: 100, epoch: 122 | loss: 0.0966803
	speed: 0.0900s/iter; left time: 5052.2218s
	iters: 200, epoch: 122 | loss: 0.0956464
	speed: 0.0335s/iter; left time: 1873.6927s
	iters: 300, epoch: 122 | loss: 0.1080066
	speed: 0.0329s/iter; left time: 1841.0279s
Epoch: 122 cost time: 10.79384994506836
[2025-05-29 05:15:59] [32mIntermediate result: 0.13036744  (Index 121)[0m
Epoch: 122, Steps: 314 | Train Loss: 0.1155695 Vali Loss: 0.1289106 Test Loss: 0.1303674
Validation loss decreased (0.130678 --> 0.128911).  Saving model ...
Updating learning rate to 9.437821456305642e-05
	iters: 100, epoch: 123 | loss: 0.1324148
	speed: 0.0917s/iter; left time: 5116.4539s
	iters: 200, epoch: 123 | loss: 0.1105050
	speed: 0.0341s/iter; left time: 1897.1285s
	iters: 300, epoch: 123 | loss: 0.1070845
	speed: 0.0328s/iter; left time: 1823.1060s
Epoch: 123 cost time: 10.882841110229492
[2025-05-29 05:16:15] [32mIntermediate result: 0.13528849  (Index 122)[0m
Epoch: 123, Steps: 314 | Train Loss: 0.1152620 Vali Loss: 0.1350101 Test Loss: 0.1352885
EarlyStopping counter: 1 out of 20
Updating learning rate to 9.402867159728607e-05
	iters: 100, epoch: 124 | loss: 0.1335770
	speed: 0.0906s/iter; left time: 5027.6300s
	iters: 200, epoch: 124 | loss: 0.1147959
	speed: 0.0331s/iter; left time: 1833.5636s
	iters: 300, epoch: 124 | loss: 0.1249172
	speed: 0.0333s/iter; left time: 1839.1146s
Epoch: 124 cost time: 10.776535511016846
[2025-05-29 05:16:31] [32mIntermediate result: 0.13210243  (Index 123)[0m
Epoch: 124, Steps: 314 | Train Loss: 0.1155250 Vali Loss: 0.1322785 Test Loss: 0.1321024
EarlyStopping counter: 2 out of 20
Updating learning rate to 9.36692752189794e-05
	iters: 100, epoch: 125 | loss: 0.1206320
	speed: 0.0913s/iter; left time: 5036.8921s
	iters: 200, epoch: 125 | loss: 0.1137915
	speed: 0.0333s/iter; left time: 1831.8552s
	iters: 300, epoch: 125 | loss: 0.1043137
	speed: 0.0330s/iter; left time: 1816.4428s
Epoch: 125 cost time: 10.779069900512695
[2025-05-29 05:16:47] [32mIntermediate result: 0.13131115  (Index 124)[0m
Epoch: 125, Steps: 314 | Train Loss: 0.1148616 Vali Loss: 0.1293280 Test Loss: 0.1313111
EarlyStopping counter: 3 out of 20
Updating learning rate to 9.330010585974464e-05
	iters: 100, epoch: 126 | loss: 0.1212397
	speed: 0.0899s/iter; left time: 4930.2304s
	iters: 200, epoch: 126 | loss: 0.1083596
	speed: 0.0333s/iter; left time: 1823.2288s
	iters: 300, epoch: 126 | loss: 0.1319537
	speed: 0.0334s/iter; left time: 1825.8683s
Epoch: 126 cost time: 10.842350959777832
[2025-05-29 05:17:02] [32mIntermediate result: 0.13144211  (Index 125)[0m
Epoch: 126, Steps: 314 | Train Loss: 0.1145549 Vali Loss: 0.1300831 Test Loss: 0.1314421
EarlyStopping counter: 4 out of 20
Updating learning rate to 9.292124613834781e-05
	iters: 100, epoch: 127 | loss: 0.1134639
	speed: 0.0900s/iter; left time: 4906.5195s
	iters: 200, epoch: 127 | loss: 0.1188668
	speed: 0.0331s/iter; left time: 1799.9477s
	iters: 300, epoch: 127 | loss: 0.1110466
	speed: 0.0329s/iter; left time: 1787.9970s
Epoch: 127 cost time: 10.787654161453247
[2025-05-29 05:17:18] [32mIntermediate result: 0.13069767  (Index 126)[0m
Epoch: 127, Steps: 314 | Train Loss: 0.1138398 Vali Loss: 0.1301722 Test Loss: 0.1306977
EarlyStopping counter: 5 out of 20
Updating learning rate to 9.253278084222286e-05
	iters: 100, epoch: 128 | loss: 0.1160054
	speed: 0.0895s/iter; left time: 4851.3635s
	iters: 200, epoch: 128 | loss: 0.1258066
	speed: 0.0350s/iter; left time: 1896.6998s
	iters: 300, epoch: 128 | loss: 0.0964003
	speed: 0.0338s/iter; left time: 1827.4060s
Epoch: 128 cost time: 11.064746379852295
[2025-05-29 05:17:34] [32mIntermediate result: 0.13101168  (Index 127)[0m
Epoch: 128, Steps: 314 | Train Loss: 0.1135581 Vali Loss: 0.1297703 Test Loss: 0.1310117
EarlyStopping counter: 6 out of 20
Updating learning rate to 9.213479690849664e-05
	iters: 100, epoch: 129 | loss: 0.1258441
	speed: 0.0909s/iter; left time: 4900.3834s
	iters: 200, epoch: 129 | loss: 0.1005209
	speed: 0.0324s/iter; left time: 1741.1344s
	iters: 300, epoch: 129 | loss: 0.1305209
	speed: 0.0331s/iter; left time: 1777.2180s
Epoch: 129 cost time: 10.715431690216064
[2025-05-29 05:17:49] [32mIntermediate result: 0.13107602  (Index 128)[0m
Epoch: 129, Steps: 314 | Train Loss: 0.1137582 Vali Loss: 0.1290707 Test Loss: 0.1310760
EarlyStopping counter: 7 out of 20
Updating learning rate to 9.17273834045326e-05
	iters: 100, epoch: 130 | loss: 0.1036491
	speed: 0.0907s/iter; left time: 4861.8202s
	iters: 200, epoch: 130 | loss: 0.0991521
	speed: 0.0333s/iter; left time: 1781.9174s
	iters: 300, epoch: 130 | loss: 0.1223448
	speed: 0.0331s/iter; left time: 1769.2470s
Epoch: 130 cost time: 10.77140498161316
[2025-05-29 05:18:05] [32mIntermediate result: 0.12911074  (Index 129)[0m
Epoch: 130, Steps: 314 | Train Loss: 0.1134839 Vali Loss: 0.1277829 Test Loss: 0.1291107
Validation loss decreased (0.128911 --> 0.127783).  Saving model ...
Updating learning rate to 9.13106315079978e-05
	iters: 100, epoch: 131 | loss: 0.1141928
	speed: 0.0918s/iter; left time: 4892.4663s
	iters: 200, epoch: 131 | loss: 0.1115201
	speed: 0.0332s/iter; left time: 1766.3985s
	iters: 300, epoch: 131 | loss: 0.1032559
	speed: 0.0331s/iter; left time: 1755.3116s
Epoch: 131 cost time: 10.805455446243286
[2025-05-29 05:18:21] [32mIntermediate result: 0.13281322  (Index 130)[0m
Epoch: 131, Steps: 314 | Train Loss: 0.1133840 Vali Loss: 0.1302425 Test Loss: 0.1328132
EarlyStopping counter: 1 out of 20
Updating learning rate to 9.088463448645789e-05
	iters: 100, epoch: 132 | loss: 0.1188134
	speed: 0.0919s/iter; left time: 4866.1043s
	iters: 200, epoch: 132 | loss: 0.1172145
	speed: 0.0329s/iter; left time: 1740.8266s
	iters: 300, epoch: 132 | loss: 0.1220995
	speed: 0.0330s/iter; left time: 1742.4932s
Epoch: 132 cost time: 10.776573419570923
[2025-05-29 05:18:37] [32mIntermediate result: 0.13363363  (Index 131)[0m
Epoch: 132, Steps: 314 | Train Loss: 0.1130951 Vali Loss: 0.1325401 Test Loss: 0.1336336
EarlyStopping counter: 2 out of 20
Updating learning rate to 9.04494876765039e-05
	iters: 100, epoch: 133 | loss: 0.1146326
	speed: 0.0894s/iter; left time: 4704.5724s
	iters: 200, epoch: 133 | loss: 0.1125723
	speed: 0.0331s/iter; left time: 1737.1097s
	iters: 300, epoch: 133 | loss: 0.1053486
	speed: 0.0330s/iter; left time: 1733.4491s
Epoch: 133 cost time: 10.754334211349487
[2025-05-29 05:18:52] [32mIntermediate result: 0.128845  (Index 132)[0m
Epoch: 133, Steps: 314 | Train Loss: 0.1127384 Vali Loss: 0.1270972 Test Loss: 0.1288450
Validation loss decreased (0.127783 --> 0.127097).  Saving model ...
Updating learning rate to 9.000528846241647e-05
	iters: 100, epoch: 134 | loss: 0.1015054
	speed: 0.0925s/iter; left time: 4841.9818s
	iters: 200, epoch: 134 | loss: 0.1142809
	speed: 0.0331s/iter; left time: 1726.9657s
	iters: 300, epoch: 134 | loss: 0.1308405
	speed: 0.0329s/iter; left time: 1717.5403s
Epoch: 134 cost time: 10.8330717086792
[2025-05-29 05:19:08] [32mIntermediate result: 0.13130344  (Index 133)[0m
Epoch: 134, Steps: 314 | Train Loss: 0.1123655 Vali Loss: 0.1285741 Test Loss: 0.1313034
EarlyStopping counter: 1 out of 20
Updating learning rate to 8.955213625437145e-05
	iters: 100, epoch: 135 | loss: 0.1028466
	speed: 0.0915s/iter; left time: 4762.6312s
	iters: 200, epoch: 135 | loss: 0.1056359
	speed: 0.0329s/iter; left time: 1706.9870s
	iters: 300, epoch: 135 | loss: 0.1090679
	speed: 0.0325s/iter; left time: 1685.4185s
Epoch: 135 cost time: 10.683953762054443
[2025-05-29 05:19:24] [32mIntermediate result: 0.13027985  (Index 134)[0m
Epoch: 135, Steps: 314 | Train Loss: 0.1125258 Vali Loss: 0.1290602 Test Loss: 0.1302799
EarlyStopping counter: 2 out of 20
Updating learning rate to 8.909013246619231e-05
	iters: 100, epoch: 136 | loss: 0.1154113
	speed: 0.0898s/iter; left time: 4641.3932s
	iters: 200, epoch: 136 | loss: 0.1028391
	speed: 0.0331s/iter; left time: 1709.2259s
	iters: 300, epoch: 136 | loss: 0.1180515
	speed: 0.0331s/iter; left time: 1704.9329s
Epoch: 136 cost time: 10.749653339385986
[2025-05-29 05:19:39] [32mIntermediate result: 0.13021061  (Index 135)[0m
Epoch: 136, Steps: 314 | Train Loss: 0.1114523 Vali Loss: 0.1291160 Test Loss: 0.1302106
EarlyStopping counter: 3 out of 20
Updating learning rate to 8.861938049265419e-05
	iters: 100, epoch: 137 | loss: 0.1039294
	speed: 0.0917s/iter; left time: 4713.1814s
	iters: 200, epoch: 137 | loss: 0.1006175
	speed: 0.0331s/iter; left time: 1698.5040s
	iters: 300, epoch: 137 | loss: 0.1225815
	speed: 0.0332s/iter; left time: 1699.7284s
Epoch: 137 cost time: 10.770544528961182
[2025-05-29 05:19:55] [32mIntermediate result: 0.13068448  (Index 136)[0m
Epoch: 137, Steps: 314 | Train Loss: 0.1117612 Vali Loss: 0.1278099 Test Loss: 0.1306845
EarlyStopping counter: 4 out of 20
Updating learning rate to 8.813998568634436e-05
	iters: 100, epoch: 138 | loss: 0.0961512
	speed: 0.0910s/iter; left time: 4646.5621s
	iters: 200, epoch: 138 | loss: 0.1273675
	speed: 0.0338s/iter; left time: 1720.8262s
	iters: 300, epoch: 138 | loss: 0.1098500
	speed: 0.0332s/iter; left time: 1690.7860s
Epoch: 138 cost time: 10.910009622573853
[2025-05-29 05:20:11] [32mIntermediate result: 0.1286521  (Index 137)[0m
Epoch: 138, Steps: 314 | Train Loss: 0.1115396 Vali Loss: 0.1264144 Test Loss: 0.1286521
Validation loss decreased (0.127097 --> 0.126414).  Saving model ...
Updating learning rate to 8.76520553340848e-05
	iters: 100, epoch: 139 | loss: 0.1242661
	speed: 0.0908s/iter; left time: 4607.4841s
	iters: 200, epoch: 139 | loss: 0.1173966
	speed: 0.0330s/iter; left time: 1670.1770s
	iters: 300, epoch: 139 | loss: 0.1158569
	speed: 0.0332s/iter; left time: 1680.9237s
Epoch: 139 cost time: 10.766062498092651
[2025-05-29 05:20:27] [32mIntermediate result: 0.12820795  (Index 138)[0m
Epoch: 139, Steps: 314 | Train Loss: 0.1109082 Vali Loss: 0.1271569 Test Loss: 0.1282080
EarlyStopping counter: 1 out of 20
Updating learning rate to 8.715569863292179e-05
	iters: 100, epoch: 140 | loss: 0.1324637
	speed: 0.0910s/iter; left time: 4589.3289s
	iters: 200, epoch: 140 | loss: 0.1172209
	speed: 0.0332s/iter; left time: 1671.4873s
	iters: 300, epoch: 140 | loss: 0.1038316
	speed: 0.0334s/iter; left time: 1678.2794s
Epoch: 140 cost time: 10.892743587493896
[2025-05-29 05:20:43] [32mIntermediate result: 0.12897024  (Index 139)[0m
Epoch: 140, Steps: 314 | Train Loss: 0.1108883 Vali Loss: 0.1264186 Test Loss: 0.1289702
EarlyStopping counter: 2 out of 20
Updating learning rate to 8.665102666568795e-05
	iters: 100, epoch: 141 | loss: 0.1141305
	speed: 0.0922s/iter; left time: 4624.2164s
	iters: 200, epoch: 141 | loss: 0.1195882
	speed: 0.0339s/iter; left time: 1696.3095s
	iters: 300, epoch: 141 | loss: 0.1024778
	speed: 0.0330s/iter; left time: 1645.9865s
Epoch: 141 cost time: 10.851743459701538
[2025-05-29 05:20:58] [32mIntermediate result: 0.13020433  (Index 140)[0m
Epoch: 141, Steps: 314 | Train Loss: 0.1112507 Vali Loss: 0.1292851 Test Loss: 0.1302043
EarlyStopping counter: 3 out of 20
Updating learning rate to 8.613815237614234e-05
	iters: 100, epoch: 142 | loss: 0.1098550
	speed: 0.0905s/iter; left time: 4507.0633s
	iters: 200, epoch: 142 | loss: 0.1165039
	speed: 0.0328s/iter; left time: 1632.6120s
	iters: 300, epoch: 142 | loss: 0.1027591
	speed: 0.0332s/iter; left time: 1647.3189s
Epoch: 142 cost time: 10.763721704483032
[2025-05-29 05:21:14] [32mIntermediate result: 0.12900321  (Index 141)[0m
Epoch: 142, Steps: 314 | Train Loss: 0.1102664 Vali Loss: 0.1281294 Test Loss: 0.1290032
EarlyStopping counter: 4 out of 20
Updating learning rate to 8.561719054369414e-05
	iters: 100, epoch: 143 | loss: 0.0977420
	speed: 0.0922s/iter; left time: 4562.8152s
	iters: 200, epoch: 143 | loss: 0.1020571
	speed: 0.0333s/iter; left time: 1643.0947s
	iters: 300, epoch: 143 | loss: 0.1251588
	speed: 0.0332s/iter; left time: 1636.1897s
Epoch: 143 cost time: 10.94369101524353
[2025-05-29 05:21:30] [32mIntermediate result: 0.12918133  (Index 142)[0m
Epoch: 143, Steps: 314 | Train Loss: 0.1101313 Vali Loss: 0.1265295 Test Loss: 0.1291813
EarlyStopping counter: 5 out of 20
Updating learning rate to 8.50882577577152e-05
	iters: 100, epoch: 144 | loss: 0.1039169
	speed: 0.0918s/iter; left time: 4516.3301s
	iters: 200, epoch: 144 | loss: 0.0866764
	speed: 0.0332s/iter; left time: 1628.8387s
	iters: 300, epoch: 144 | loss: 0.1159405
	speed: 0.0329s/iter; left time: 1611.4125s
Epoch: 144 cost time: 10.79261589050293
[2025-05-29 05:21:46] [32mIntermediate result: 0.12806799  (Index 143)[0m
Epoch: 144, Steps: 314 | Train Loss: 0.1099277 Vali Loss: 0.1264213 Test Loss: 0.1280680
EarlyStopping counter: 6 out of 20
Updating learning rate to 8.455147239144806e-05
	iters: 100, epoch: 145 | loss: 0.1003288
	speed: 0.0903s/iter; left time: 4414.2298s
	iters: 200, epoch: 145 | loss: 0.0937569
	speed: 0.0333s/iter; left time: 1625.0513s
	iters: 300, epoch: 145 | loss: 0.1126041
	speed: 0.0331s/iter; left time: 1611.3519s
Epoch: 145 cost time: 10.780416250228882
[2025-05-29 05:22:01] [32mIntermediate result: 0.12908415  (Index 144)[0m
Epoch: 145, Steps: 314 | Train Loss: 0.1095565 Vali Loss: 0.1266625 Test Loss: 0.1290842
EarlyStopping counter: 7 out of 20
Updating learning rate to 8.400695457551421e-05
	iters: 100, epoch: 146 | loss: 0.1126706
	speed: 0.0906s/iter; left time: 4402.6826s
	iters: 200, epoch: 146 | loss: 0.1128763
	speed: 0.0331s/iter; left time: 1605.8682s
	iters: 300, epoch: 146 | loss: 0.1194872
	speed: 0.0329s/iter; left time: 1589.0722s
Epoch: 146 cost time: 10.744652509689331
[2025-05-29 05:22:17] [32mIntermediate result: 0.1336142  (Index 145)[0m
Epoch: 146, Steps: 314 | Train Loss: 0.1099806 Vali Loss: 0.1314545 Test Loss: 0.1336142
EarlyStopping counter: 8 out of 20
Updating learning rate to 8.345482617102942e-05
	iters: 100, epoch: 147 | loss: 0.1192813
	speed: 0.0902s/iter; left time: 4350.4953s
	iters: 200, epoch: 147 | loss: 0.1171321
	speed: 0.0337s/iter; left time: 1624.4341s
	iters: 300, epoch: 147 | loss: 0.1188385
	speed: 0.0327s/iter; left time: 1569.3954s
Epoch: 147 cost time: 10.81307601928711
[2025-05-29 05:22:33] [32mIntermediate result: 0.12783179  (Index 146)[0m
Epoch: 147, Steps: 314 | Train Loss: 0.1094065 Vali Loss: 0.1266412 Test Loss: 0.1278318
EarlyStopping counter: 9 out of 20
Updating learning rate to 8.289521074233157e-05
	iters: 100, epoch: 148 | loss: 0.1058149
	speed: 0.0930s/iter; left time: 4460.3581s
	iters: 200, epoch: 148 | loss: 0.0959077
	speed: 0.0331s/iter; left time: 1581.9130s
	iters: 300, epoch: 148 | loss: 0.1182423
	speed: 0.0332s/iter; left time: 1583.2308s
Epoch: 148 cost time: 11.002586603164673
[2025-05-29 05:22:48] [32mIntermediate result: 0.13013868  (Index 147)[0m
Epoch: 148, Steps: 314 | Train Loss: 0.1090886 Vali Loss: 0.1282807 Test Loss: 0.1301387
EarlyStopping counter: 10 out of 20
Updating learning rate to 8.232823352932754e-05
	iters: 100, epoch: 149 | loss: 0.0889275
	speed: 0.0907s/iter; left time: 4320.9241s
	iters: 200, epoch: 149 | loss: 0.0997243
	speed: 0.0330s/iter; left time: 1569.3892s
	iters: 300, epoch: 149 | loss: 0.1166936
	speed: 0.0329s/iter; left time: 1559.8695s
Epoch: 149 cost time: 10.740789651870728
[2025-05-29 05:23:04] [32mIntermediate result: 0.12738284  (Index 148)[0m
Epoch: 149, Steps: 314 | Train Loss: 0.1091339 Vali Loss: 0.1258295 Test Loss: 0.1273828
Validation loss decreased (0.126414 --> 0.125830).  Saving model ...
Updating learning rate to 8.175402141946478e-05
	iters: 100, epoch: 150 | loss: 0.1228789
	speed: 0.0910s/iter; left time: 4304.5521s
	iters: 200, epoch: 150 | loss: 0.1044106
	speed: 0.0331s/iter; left time: 1561.2335s
	iters: 300, epoch: 150 | loss: 0.1085372
	speed: 0.0332s/iter; left time: 1562.5811s
Epoch: 150 cost time: 10.77748155593872
[2025-05-29 05:23:20] [32mIntermediate result: 0.12945701  (Index 149)[0m
Epoch: 150, Steps: 314 | Train Loss: 0.1084707 Vali Loss: 0.1278974 Test Loss: 0.1294570
EarlyStopping counter: 1 out of 20
Updating learning rate to 8.117270291933454e-05
	iters: 100, epoch: 151 | loss: 0.1117127
	speed: 0.0908s/iter; left time: 4266.2632s
	iters: 200, epoch: 151 | loss: 0.1009859
	speed: 0.0333s/iter; left time: 1561.9618s
	iters: 300, epoch: 151 | loss: 0.1059576
	speed: 0.0332s/iter; left time: 1553.7652s
Epoch: 151 cost time: 10.7847261428833
[2025-05-29 05:23:36] [32mIntermediate result: 0.12848997  (Index 150)[0m
Epoch: 151, Steps: 314 | Train Loss: 0.1082169 Vali Loss: 0.1259368 Test Loss: 0.1284900
EarlyStopping counter: 2 out of 20
Updating learning rate to 8.058440812591249e-05
	iters: 100, epoch: 152 | loss: 0.0971266
	speed: 0.0908s/iter; left time: 4239.1658s
	iters: 200, epoch: 152 | loss: 0.1206133
	speed: 0.0326s/iter; left time: 1517.2835s
	iters: 300, epoch: 152 | loss: 0.1077701
	speed: 0.0331s/iter; left time: 1537.1114s
Epoch: 152 cost time: 10.697144985198975
[2025-05-29 05:23:51] [32mIntermediate result: 0.12988928  (Index 151)[0m
Epoch: 152, Steps: 314 | Train Loss: 0.1082748 Vali Loss: 0.1273589 Test Loss: 0.1298893
EarlyStopping counter: 3 out of 20
Updating learning rate to 7.998926869744339e-05
	iters: 100, epoch: 153 | loss: 0.1075872
	speed: 0.0926s/iter; left time: 4295.8572s
	iters: 200, epoch: 153 | loss: 0.1061066
	speed: 0.0328s/iter; left time: 1516.7509s
	iters: 300, epoch: 153 | loss: 0.1086228
	speed: 0.0332s/iter; left time: 1535.1902s
Epoch: 153 cost time: 10.803885221481323
[2025-05-29 05:24:07] [32mIntermediate result: 0.12703647  (Index 152)[0m
Epoch: 153, Steps: 314 | Train Loss: 0.1078706 Vali Loss: 0.1252934 Test Loss: 0.1270365
Validation loss decreased (0.125830 --> 0.125293).  Saving model ...
Updating learning rate to 7.938741782397663e-05
	iters: 100, epoch: 154 | loss: 0.1092631
	speed: 0.0903s/iter; left time: 4161.0193s
	iters: 200, epoch: 154 | loss: 0.1060438
	speed: 0.0331s/iter; left time: 1519.5376s
	iters: 300, epoch: 154 | loss: 0.1122330
	speed: 0.0330s/iter; left time: 1514.8797s
Epoch: 154 cost time: 10.718074083328247
[2025-05-29 05:24:23] [32mIntermediate result: 0.12777811  (Index 153)[0m
Epoch: 154, Steps: 314 | Train Loss: 0.1075061 Vali Loss: 0.1254089 Test Loss: 0.1277781
EarlyStopping counter: 1 out of 20
Updating learning rate to 7.877899019755868e-05
	iters: 100, epoch: 155 | loss: 0.1161904
	speed: 0.0917s/iter; left time: 4193.3402s
	iters: 200, epoch: 155 | loss: 0.1101228
	speed: 0.0332s/iter; left time: 1516.3678s
	iters: 300, epoch: 155 | loss: 0.1036989
	speed: 0.0333s/iter; left time: 1516.3814s
Epoch: 155 cost time: 10.850571870803833
[2025-05-29 05:24:38] [32mIntermediate result: 0.12694976  (Index 154)[0m
Epoch: 155, Steps: 314 | Train Loss: 0.1078344 Vali Loss: 0.1243884 Test Loss: 0.1269498
Validation loss decreased (0.125293 --> 0.124388).  Saving model ...
Updating learning rate to 7.816412198208946e-05
	iters: 100, epoch: 156 | loss: 0.0909192
	speed: 0.0897s/iter; left time: 4075.2428s
	iters: 200, epoch: 156 | loss: 0.1109696
	speed: 0.0330s/iter; left time: 1497.0205s
	iters: 300, epoch: 156 | loss: 0.1085898
	speed: 0.0332s/iter; left time: 1499.5106s
Epoch: 156 cost time: 10.767653942108154
[2025-05-29 05:24:54] [32mIntermediate result: 0.12700595  (Index 155)[0m
Epoch: 156, Steps: 314 | Train Loss: 0.1077877 Vali Loss: 0.1237228 Test Loss: 0.1270059
Validation loss decreased (0.124388 --> 0.123723).  Saving model ...
Updating learning rate to 7.754295078284946e-05
	iters: 100, epoch: 157 | loss: 0.0828918
	speed: 0.0896s/iter; left time: 4040.6404s
	iters: 200, epoch: 157 | loss: 0.1150334
	speed: 0.0332s/iter; left time: 1492.8414s
	iters: 300, epoch: 157 | loss: 0.1078086
	speed: 0.0336s/iter; left time: 1508.0762s
Epoch: 157 cost time: 10.847623825073242
[2025-05-29 05:25:10] [32mIntermediate result: 0.12682055  (Index 156)[0m
Epoch: 157, Steps: 314 | Train Loss: 0.1073326 Vali Loss: 0.1254096 Test Loss: 0.1268205
EarlyStopping counter: 1 out of 20
Updating learning rate to 7.691561561570405e-05
	iters: 100, epoch: 158 | loss: 0.1092344
	speed: 0.0926s/iter; left time: 4148.6175s
	iters: 200, epoch: 158 | loss: 0.1049113
	speed: 0.0332s/iter; left time: 1484.0114s
	iters: 300, epoch: 158 | loss: 0.0871362
	speed: 0.0331s/iter; left time: 1475.7673s
Epoch: 158 cost time: 10.815842390060425
[2025-05-29 05:25:26] [32mIntermediate result: 0.12784073  (Index 157)[0m
Epoch: 158, Steps: 314 | Train Loss: 0.1070066 Vali Loss: 0.1254197 Test Loss: 0.1278407
EarlyStopping counter: 2 out of 20
Updating learning rate to 7.62822568759924e-05
	iters: 100, epoch: 159 | loss: 0.1044548
	speed: 0.0899s/iter; left time: 3997.9936s
	iters: 200, epoch: 159 | loss: 0.0960792
	speed: 0.0331s/iter; left time: 1467.8373s
	iters: 300, epoch: 159 | loss: 0.1260311
	speed: 0.0333s/iter; left time: 1474.2490s
Epoch: 159 cost time: 10.773542642593384
[2025-05-29 05:25:41] [32mIntermediate result: 0.1264104  (Index 158)[0m
Epoch: 159, Steps: 314 | Train Loss: 0.1071585 Vali Loss: 0.1242441 Test Loss: 0.1264104
EarlyStopping counter: 3 out of 20
Updating learning rate to 7.56430163071073e-05
	iters: 100, epoch: 160 | loss: 0.0963437
	speed: 0.0901s/iter; left time: 3980.7550s
	iters: 200, epoch: 160 | loss: 0.0945944
	speed: 0.0331s/iter; left time: 1457.5115s
	iters: 300, epoch: 160 | loss: 0.1082541
	speed: 0.0329s/iter; left time: 1445.5818s
Epoch: 160 cost time: 10.735305309295654
[2025-05-29 05:25:57] [32mIntermediate result: 0.12636587  (Index 159)[0m
Epoch: 160, Steps: 314 | Train Loss: 0.1065348 Vali Loss: 0.1239222 Test Loss: 0.1263659
EarlyStopping counter: 4 out of 20
Updating learning rate to 7.49980369687737e-05
	iters: 100, epoch: 161 | loss: 0.1014252
	speed: 0.0897s/iter; left time: 3936.2997s
	iters: 200, epoch: 161 | loss: 0.1265014
	speed: 0.0331s/iter; left time: 1449.4949s
	iters: 300, epoch: 161 | loss: 0.1079205
	speed: 0.0326s/iter; left time: 1422.0012s
Epoch: 161 cost time: 10.760418176651001
[2025-05-29 05:26:12] [32mIntermediate result: 0.12696481  (Index 160)[0m
Epoch: 161, Steps: 314 | Train Loss: 0.1067701 Vali Loss: 0.1244894 Test Loss: 0.1269648
EarlyStopping counter: 5 out of 20
Updating learning rate to 7.434746320503231e-05
	iters: 100, epoch: 162 | loss: 0.1178809
	speed: 0.0894s/iter; left time: 3891.5873s
	iters: 200, epoch: 162 | loss: 0.1200247
	speed: 0.0333s/iter; left time: 1446.0575s
	iters: 300, epoch: 162 | loss: 0.0980582
	speed: 0.0330s/iter; left time: 1430.5243s
Epoch: 162 cost time: 10.792012453079224
[2025-05-29 05:26:28] [32mIntermediate result: 0.12800191  (Index 161)[0m
Epoch: 162, Steps: 314 | Train Loss: 0.1063588 Vali Loss: 0.1249290 Test Loss: 0.1280019
EarlyStopping counter: 6 out of 20
Updating learning rate to 7.369144061193605e-05
	iters: 100, epoch: 163 | loss: 0.0833016
	speed: 0.0903s/iter; left time: 3903.4975s
	iters: 200, epoch: 163 | loss: 0.1104484
	speed: 0.0326s/iter; left time: 1407.5296s
	iters: 300, epoch: 163 | loss: 0.0948616
	speed: 0.0324s/iter; left time: 1394.8387s
Epoch: 163 cost time: 10.661566495895386
[2025-05-29 05:26:44] [32mIntermediate result: 0.12664913  (Index 162)[0m
Epoch: 163, Steps: 314 | Train Loss: 0.1059854 Vali Loss: 0.1243360 Test Loss: 0.1266491
EarlyStopping counter: 7 out of 20
Updating learning rate to 7.303011600496609e-05
	iters: 100, epoch: 164 | loss: 0.0973974
	speed: 0.0914s/iter; left time: 3924.2898s
	iters: 200, epoch: 164 | loss: 0.1138375
	speed: 0.0334s/iter; left time: 1431.1963s
	iters: 300, epoch: 164 | loss: 0.1217988
	speed: 0.0332s/iter; left time: 1419.8821s
Epoch: 164 cost time: 10.892873525619507
[2025-05-29 05:26:59] [32mIntermediate result: 0.12719652  (Index 163)[0m
Epoch: 164, Steps: 314 | Train Loss: 0.1060879 Vali Loss: 0.1248164 Test Loss: 0.1271965
EarlyStopping counter: 8 out of 20
Updating learning rate to 7.23636373861751e-05
	iters: 100, epoch: 165 | loss: 0.0961136
	speed: 0.0914s/iter; left time: 3896.0376s
	iters: 200, epoch: 165 | loss: 0.1057596
	speed: 0.0339s/iter; left time: 1440.9930s
	iters: 300, epoch: 165 | loss: 0.1149134
	speed: 0.0343s/iter; left time: 1453.0352s
Epoch: 165 cost time: 11.012725114822388
[2025-05-29 05:27:15] [32mIntermediate result: 0.12672172  (Index 164)[0m
Epoch: 165, Steps: 314 | Train Loss: 0.1053967 Vali Loss: 0.1240219 Test Loss: 0.1267217
EarlyStopping counter: 9 out of 20
Updating learning rate to 7.169215391106495e-05
	iters: 100, epoch: 166 | loss: 0.0947356
	speed: 0.0924s/iter; left time: 3906.5119s
	iters: 200, epoch: 166 | loss: 0.1151864
	speed: 0.0331s/iter; left time: 1394.8435s
	iters: 300, epoch: 166 | loss: 0.1046112
	speed: 0.0331s/iter; left time: 1393.2262s
Epoch: 166 cost time: 10.872613191604614
[2025-05-29 05:27:31] [32mIntermediate result: 0.12803608  (Index 165)[0m
Epoch: 166, Steps: 314 | Train Loss: 0.1057368 Vali Loss: 0.1250915 Test Loss: 0.1280361
EarlyStopping counter: 10 out of 20
Updating learning rate to 7.101581585520625e-05
	iters: 100, epoch: 167 | loss: 0.0989743
	speed: 0.0905s/iter; left time: 3799.3975s
	iters: 200, epoch: 167 | loss: 0.0983927
	speed: 0.0335s/iter; left time: 1403.3968s
	iters: 300, epoch: 167 | loss: 0.0963255
	speed: 0.0333s/iter; left time: 1389.1489s
Epoch: 167 cost time: 10.850995540618896
[2025-05-29 05:27:47] [32mIntermediate result: 0.12706211  (Index 166)[0m
Epoch: 167, Steps: 314 | Train Loss: 0.1054081 Vali Loss: 0.1250864 Test Loss: 0.1270621
EarlyStopping counter: 11 out of 20
Updating learning rate to 7.033477458060717e-05
	iters: 100, epoch: 168 | loss: 0.0971820
	speed: 0.0902s/iter; left time: 3757.0956s
	iters: 200, epoch: 168 | loss: 0.1096640
	speed: 0.0334s/iter; left time: 1388.7488s
	iters: 300, epoch: 168 | loss: 0.0880828
	speed: 0.0332s/iter; left time: 1377.3014s
Epoch: 168 cost time: 10.835948944091797
[2025-05-29 05:28:03] [32mIntermediate result: 0.12600383  (Index 167)[0m
Epoch: 168, Steps: 314 | Train Loss: 0.1052255 Vali Loss: 0.1229059 Test Loss: 0.1260038
Validation loss decreased (0.123723 --> 0.122906).  Saving model ...
Updating learning rate to 6.964918250183924e-05
	iters: 100, epoch: 169 | loss: 0.0963557
	speed: 0.0917s/iter; left time: 3791.8664s
	iters: 200, epoch: 169 | loss: 0.1126963
	speed: 0.0329s/iter; left time: 1356.3754s
	iters: 300, epoch: 169 | loss: 0.0996062
	speed: 0.0328s/iter; left time: 1350.7319s
Epoch: 169 cost time: 10.714851379394531
[2025-05-29 05:28:18] [32mIntermediate result: 0.12591699  (Index 168)[0m
Epoch: 169, Steps: 314 | Train Loss: 0.1048387 Vali Loss: 0.1238336 Test Loss: 0.1259170
EarlyStopping counter: 1 out of 20
Updating learning rate to 6.895919305192745e-05
	iters: 100, epoch: 170 | loss: 0.1079303
	speed: 0.0893s/iter; left time: 3665.4994s
	iters: 200, epoch: 170 | loss: 0.0889830
	speed: 0.0330s/iter; left time: 1350.2096s
	iters: 300, epoch: 170 | loss: 0.1152686
	speed: 0.0334s/iter; left time: 1364.7839s
Epoch: 170 cost time: 10.74050498008728
[2025-05-29 05:28:34] [32mIntermediate result: 0.12785399  (Index 169)[0m
Epoch: 170, Steps: 314 | Train Loss: 0.1050325 Vali Loss: 0.1252824 Test Loss: 0.1278540
EarlyStopping counter: 2 out of 20
Updating learning rate to 6.826496064801256e-05
	iters: 100, epoch: 171 | loss: 0.0981216
	speed: 0.0901s/iter; left time: 3670.4475s
	iters: 200, epoch: 171 | loss: 0.0907737
	speed: 0.0331s/iter; left time: 1343.2593s
	iters: 300, epoch: 171 | loss: 0.0949992
	speed: 0.0330s/iter; left time: 1338.6955s
Epoch: 171 cost time: 10.749520063400269
[2025-05-29 05:28:50] [32mIntermediate result: 0.12719072  (Index 170)[0m
Epoch: 171, Steps: 314 | Train Loss: 0.1045879 Vali Loss: 0.1245259 Test Loss: 0.1271907
EarlyStopping counter: 3 out of 20
Updating learning rate to 6.756664065679307e-05
	iters: 100, epoch: 172 | loss: 0.1173386
	speed: 0.0905s/iter; left time: 3657.8074s
	iters: 200, epoch: 172 | loss: 0.1218815
	speed: 0.0331s/iter; left time: 1334.0854s
	iters: 300, epoch: 172 | loss: 0.1099264
	speed: 0.0328s/iter; left time: 1320.1769s
Epoch: 172 cost time: 10.757546663284302
[2025-05-29 05:29:05] [32mIntermediate result: 0.1260412  (Index 171)[0m
Epoch: 172, Steps: 314 | Train Loss: 0.1042275 Vali Loss: 0.1227186 Test Loss: 0.1260412
Validation loss decreased (0.122906 --> 0.122719).  Saving model ...
Updating learning rate to 6.68643893597547e-05
	iters: 100, epoch: 173 | loss: 0.0905171
	speed: 0.0908s/iter; left time: 3639.8823s
	iters: 200, epoch: 173 | loss: 0.1053931
	speed: 0.0331s/iter; left time: 1321.9666s
	iters: 300, epoch: 173 | loss: 0.0923315
	speed: 0.0329s/iter; left time: 1310.5185s
Epoch: 173 cost time: 10.743541479110718
[2025-05-29 05:29:21] [32mIntermediate result: 0.12674037  (Index 172)[0m
Epoch: 173, Steps: 314 | Train Loss: 0.1045500 Vali Loss: 0.1234786 Test Loss: 0.1267404
EarlyStopping counter: 1 out of 20
Updating learning rate to 6.615836391819522e-05
	iters: 100, epoch: 174 | loss: 0.1015296
	speed: 0.0902s/iter; left time: 3586.3205s
	iters: 200, epoch: 174 | loss: 0.1011438
	speed: 0.0331s/iter; left time: 1312.6586s
	iters: 300, epoch: 174 | loss: 0.1069203
	speed: 0.0331s/iter; left time: 1310.1412s
Epoch: 174 cost time: 10.74824333190918
[2025-05-29 05:29:36] [32mIntermediate result: 0.12863916  (Index 173)[0m
Epoch: 174, Steps: 314 | Train Loss: 0.1042847 Vali Loss: 0.1265415 Test Loss: 0.1286392
EarlyStopping counter: 2 out of 20
Updating learning rate to 6.544872233805223e-05
	iters: 100, epoch: 175 | loss: 0.1001135
	speed: 0.0905s/iter; left time: 3569.8845s
	iters: 200, epoch: 175 | loss: 0.1170225
	speed: 0.0332s/iter; left time: 1308.5720s
	iters: 300, epoch: 175 | loss: 0.0992569
	speed: 0.0332s/iter; left time: 1304.8367s
Epoch: 175 cost time: 10.792348146438599
[2025-05-29 05:29:52] [32mIntermediate result: 0.12799199  (Index 174)[0m
Epoch: 175, Steps: 314 | Train Loss: 0.1038305 Vali Loss: 0.1255642 Test Loss: 0.1279920
EarlyStopping counter: 3 out of 20
Updating learning rate to 6.473562343454208e-05
	iters: 100, epoch: 176 | loss: 0.0940034
	speed: 0.0905s/iter; left time: 3544.6192s
	iters: 200, epoch: 176 | loss: 0.0932638
	speed: 0.0333s/iter; left time: 1300.6514s
	iters: 300, epoch: 176 | loss: 0.1124570
	speed: 0.0333s/iter; left time: 1297.6904s
Epoch: 176 cost time: 10.849130868911743
[2025-05-29 05:30:08] [32mIntermediate result: 0.12613408  (Index 175)[0m
Epoch: 176, Steps: 314 | Train Loss: 0.1037496 Vali Loss: 0.1232905 Test Loss: 0.1261341
EarlyStopping counter: 4 out of 20
Updating learning rate to 6.401922679661758e-05
	iters: 100, epoch: 177 | loss: 0.1010086
	speed: 0.0921s/iter; left time: 3575.4220s
	iters: 200, epoch: 177 | loss: 0.0953387
	speed: 0.0343s/iter; left time: 1329.9838s
	iters: 300, epoch: 177 | loss: 0.0991107
	speed: 0.0330s/iter; left time: 1275.6930s
Epoch: 177 cost time: 10.966404676437378
[2025-05-29 05:30:24] [32mIntermediate result: 0.12575941  (Index 176)[0m
Epoch: 177, Steps: 314 | Train Loss: 0.1035347 Vali Loss: 0.1229685 Test Loss: 0.1257594
EarlyStopping counter: 5 out of 20
Updating learning rate to 6.329969275125253e-05
	iters: 100, epoch: 178 | loss: 0.1155780
	speed: 0.0902s/iter; left time: 3475.3201s
	iters: 200, epoch: 178 | loss: 0.0943024
	speed: 0.0331s/iter; left time: 1273.6345s
	iters: 300, epoch: 178 | loss: 0.0943412
	speed: 0.0335s/iter; left time: 1283.2759s
Epoch: 178 cost time: 10.797680616378784
[2025-05-29 05:30:39] [32mIntermediate result: 0.12556592  (Index 177)[0m
Epoch: 178, Steps: 314 | Train Loss: 0.1036014 Vali Loss: 0.1229563 Test Loss: 0.1255659
EarlyStopping counter: 6 out of 20
Updating learning rate to 6.257718232756116e-05
	iters: 100, epoch: 179 | loss: 0.0941048
	speed: 0.0904s/iter; left time: 3452.2394s
	iters: 200, epoch: 179 | loss: 0.1081371
	speed: 0.0336s/iter; left time: 1279.5420s
	iters: 300, epoch: 179 | loss: 0.1070747
	speed: 0.0342s/iter; left time: 1298.5480s
Epoch: 179 cost time: 10.94914197921753
[2025-05-29 05:30:55] [32mIntermediate result: 0.12558168  (Index 178)[0m
Epoch: 179, Steps: 314 | Train Loss: 0.1032995 Vali Loss: 0.1225860 Test Loss: 0.1255817
Validation loss decreased (0.122719 --> 0.122586).  Saving model ...
Updating learning rate to 6.185185722076048e-05
	iters: 100, epoch: 180 | loss: 0.1039795
	speed: 0.0914s/iter; left time: 3462.3960s
	iters: 200, epoch: 180 | loss: 0.0974154
	speed: 0.0329s/iter; left time: 1243.3002s
	iters: 300, epoch: 180 | loss: 0.1157829
	speed: 0.0330s/iter; left time: 1245.2128s
Epoch: 180 cost time: 10.740731954574585
[2025-05-29 05:31:11] [32mIntermediate result: 0.12642649  (Index 179)[0m
Epoch: 180, Steps: 314 | Train Loss: 0.1030374 Vali Loss: 0.1233870 Test Loss: 0.1264265
EarlyStopping counter: 1 out of 20
Updating learning rate to 6.112387975598325e-05
	iters: 100, epoch: 181 | loss: 0.1077880
	speed: 0.0921s/iter; left time: 3459.6642s
	iters: 200, epoch: 181 | loss: 0.1170567
	speed: 0.0337s/iter; left time: 1264.1241s
	iters: 300, epoch: 181 | loss: 0.1159416
	speed: 0.0333s/iter; left time: 1245.8802s
Epoch: 181 cost time: 10.936251163482666
[2025-05-29 05:31:27] [32mIntermediate result: 0.1253593  (Index 180)[0m
Epoch: 181, Steps: 314 | Train Loss: 0.1028100 Vali Loss: 0.1226823 Test Loss: 0.1253593
EarlyStopping counter: 2 out of 20
Updating learning rate to 6.039341285195045e-05
	iters: 100, epoch: 182 | loss: 0.1018888
	speed: 0.0907s/iter; left time: 3379.8668s
	iters: 200, epoch: 182 | loss: 0.0995065
	speed: 0.0330s/iter; left time: 1225.4141s
	iters: 300, epoch: 182 | loss: 0.1149848
	speed: 0.0328s/iter; left time: 1217.0138s
Epoch: 182 cost time: 10.74369192123413
[2025-05-29 05:31:43] [32mIntermediate result: 0.12748772  (Index 181)[0m
Epoch: 182, Steps: 314 | Train Loss: 0.1028608 Vali Loss: 0.1241628 Test Loss: 0.1274877
EarlyStopping counter: 3 out of 20
Updating learning rate to 5.966061998451048e-05
	iters: 100, epoch: 183 | loss: 0.1117090
	speed: 0.0907s/iter; left time: 3352.0486s
	iters: 200, epoch: 183 | loss: 0.1069728
	speed: 0.0332s/iter; left time: 1221.8434s
	iters: 300, epoch: 183 | loss: 0.1081977
	speed: 0.0335s/iter; left time: 1231.7814s
Epoch: 183 cost time: 10.869187593460083
[2025-05-29 05:31:58] [32mIntermediate result: 0.12623662  (Index 182)[0m
Epoch: 183, Steps: 314 | Train Loss: 0.1027131 Vali Loss: 0.1229434 Test Loss: 0.1262366
EarlyStopping counter: 4 out of 20
Updating learning rate to 5.892566515005398e-05
	iters: 100, epoch: 184 | loss: 0.1212018
	speed: 0.0898s/iter; left time: 3290.3436s
	iters: 200, epoch: 184 | loss: 0.0964500
	speed: 0.0330s/iter; left time: 1204.8582s
	iters: 300, epoch: 184 | loss: 0.1209713
	speed: 0.0333s/iter; left time: 1215.0338s
Epoch: 184 cost time: 10.754352569580078
[2025-05-29 05:32:14] [32mIntermediate result: 0.1261961  (Index 183)[0m
Epoch: 184, Steps: 314 | Train Loss: 0.1031156 Vali Loss: 0.1231402 Test Loss: 0.1261961
EarlyStopping counter: 5 out of 20
Updating learning rate to 5.818871282881198e-05
	iters: 100, epoch: 185 | loss: 0.1071355
	speed: 0.0922s/iter; left time: 3350.4540s
	iters: 200, epoch: 185 | loss: 0.1013589
	speed: 0.0332s/iter; left time: 1200.8741s
	iters: 300, epoch: 185 | loss: 0.1053993
	speed: 0.0332s/iter; left time: 1199.5173s
Epoch: 185 cost time: 10.824894428253174
[2025-05-29 05:32:30] [32mIntermediate result: 0.1260951  (Index 184)[0m
Epoch: 185, Steps: 314 | Train Loss: 0.1021557 Vali Loss: 0.1233362 Test Loss: 0.1260951
EarlyStopping counter: 6 out of 20
Updating learning rate to 5.7449927948045774e-05
	iters: 100, epoch: 186 | loss: 0.0935893
	speed: 0.0900s/iter; left time: 3241.6073s
	iters: 200, epoch: 186 | loss: 0.1047993
	speed: 0.0337s/iter; left time: 1210.1549s
	iters: 300, epoch: 186 | loss: 0.1050761
	speed: 0.0329s/iter; left time: 1179.8193s
Epoch: 186 cost time: 10.814068794250488
[2025-05-29 05:32:45] [32mIntermediate result: 0.12489447  (Index 185)[0m
Epoch: 186, Steps: 314 | Train Loss: 0.1024384 Vali Loss: 0.1217984 Test Loss: 0.1248945
Validation loss decreased (0.122586 --> 0.121798).  Saving model ...
Updating learning rate to 5.670947584513688e-05
	iters: 100, epoch: 187 | loss: 0.0836579
	speed: 0.0907s/iter; left time: 3238.8807s
	iters: 200, epoch: 187 | loss: 0.0947891
	speed: 0.0334s/iter; left time: 1189.3011s
	iters: 300, epoch: 187 | loss: 0.1106279
	speed: 0.0333s/iter; left time: 1181.2110s
Epoch: 187 cost time: 10.862199306488037
[2025-05-29 05:33:01] [32mIntermediate result: 0.12683928  (Index 186)[0m
Epoch: 187, Steps: 314 | Train Loss: 0.1018719 Vali Loss: 0.1238676 Test Loss: 0.1268393
EarlyStopping counter: 1 out of 20
Updating learning rate to 5.5967522230585085e-05
	iters: 100, epoch: 188 | loss: 0.1010458
	speed: 0.0902s/iter; left time: 3189.9493s
	iters: 200, epoch: 188 | loss: 0.0904190
	speed: 0.0333s/iter; left time: 1174.2158s
	iters: 300, epoch: 188 | loss: 0.1005006
	speed: 0.0343s/iter; left time: 1208.1464s
Epoch: 188 cost time: 10.94797658920288
[2025-05-29 05:33:17] [32mIntermediate result: 0.12579295  (Index 187)[0m
Epoch: 188, Steps: 314 | Train Loss: 0.1018991 Vali Loss: 0.1224229 Test Loss: 0.1257930
EarlyStopping counter: 2 out of 20
Updating learning rate to 5.522423315092307e-05
	iters: 100, epoch: 189 | loss: 0.1046155
	speed: 0.0902s/iter; left time: 3163.8695s
	iters: 200, epoch: 189 | loss: 0.0958268
	speed: 0.0331s/iter; left time: 1157.3391s
	iters: 300, epoch: 189 | loss: 0.1220328
	speed: 0.0331s/iter; left time: 1153.2985s
Epoch: 189 cost time: 10.754924535751343
[2025-05-29 05:33:33] [32mIntermediate result: 0.12430313  (Index 188)[0m
Epoch: 189, Steps: 314 | Train Loss: 0.1018033 Vali Loss: 0.1215765 Test Loss: 0.1243031
Validation loss decreased (0.121798 --> 0.121576).  Saving model ...
Updating learning rate to 5.447977495155573e-05
	iters: 100, epoch: 190 | loss: 0.0994869
	speed: 0.0908s/iter; left time: 3156.4025s
	iters: 200, epoch: 190 | loss: 0.1013388
	speed: 0.0331s/iter; left time: 1147.6877s
	iters: 300, epoch: 190 | loss: 0.0980658
	speed: 0.0339s/iter; left time: 1170.3486s
Epoch: 190 cost time: 10.842811822891235
[2025-05-29 05:33:49] [32mIntermediate result: 0.12628147  (Index 189)[0m
Epoch: 190, Steps: 314 | Train Loss: 0.1019130 Vali Loss: 0.1235637 Test Loss: 0.1262815
EarlyStopping counter: 1 out of 20
Updating learning rate to 5.373431423953275e-05
	iters: 100, epoch: 191 | loss: 0.1111337
	speed: 0.0922s/iter; left time: 3175.1734s
	iters: 200, epoch: 191 | loss: 0.1078257
	speed: 0.0334s/iter; left time: 1145.6972s
	iters: 300, epoch: 191 | loss: 0.1017391
	speed: 0.0333s/iter; left time: 1139.7204s
Epoch: 191 cost time: 10.887861251831055
[2025-05-29 05:34:04] [32mIntermediate result: 0.1254633  (Index 190)[0m
Epoch: 191, Steps: 314 | Train Loss: 0.1015287 Vali Loss: 0.1223725 Test Loss: 0.1254633
EarlyStopping counter: 2 out of 20
Updating learning rate to 5.298801784626249e-05
	iters: 100, epoch: 192 | loss: 0.1009611
	speed: 0.0908s/iter; left time: 3098.4906s
	iters: 200, epoch: 192 | loss: 0.1006870
	speed: 0.0330s/iter; left time: 1123.7514s
	iters: 300, epoch: 192 | loss: 0.1094401
	speed: 0.0335s/iter; left time: 1135.0178s
Epoch: 192 cost time: 10.803461074829102
[2025-05-29 05:34:20] [32mIntermediate result: 0.12553501  (Index 191)[0m
Epoch: 192, Steps: 314 | Train Loss: 0.1014934 Vali Loss: 0.1221735 Test Loss: 0.1255350
EarlyStopping counter: 3 out of 20
Updating learning rate to 5.224105279017577e-05
	iters: 100, epoch: 193 | loss: 0.0968206
	speed: 0.0914s/iter; left time: 3090.7658s
	iters: 200, epoch: 193 | loss: 0.1021860
	speed: 0.0331s/iter; left time: 1116.7748s
	iters: 300, epoch: 193 | loss: 0.0981918
	speed: 0.0332s/iter; left time: 1117.1551s
Epoch: 193 cost time: 10.796830177307129
[2025-05-29 05:34:36] [32mIntermediate result: 0.12527406  (Index 192)[0m
Epoch: 193, Steps: 314 | Train Loss: 0.1013292 Vali Loss: 0.1221316 Test Loss: 0.1252741
EarlyStopping counter: 4 out of 20
Updating learning rate to 5.1493586239347726e-05
	iters: 100, epoch: 194 | loss: 0.0953301
	speed: 0.0913s/iter; left time: 3059.7846s
	iters: 200, epoch: 194 | loss: 0.1059676
	speed: 0.0330s/iter; left time: 1103.6505s
	iters: 300, epoch: 194 | loss: 0.0945059
	speed: 0.0331s/iter; left time: 1103.0133s
Epoch: 194 cost time: 10.764095306396484
[2025-05-29 05:34:52] [32mIntermediate result: 0.12527975  (Index 193)[0m
Epoch: 194, Steps: 314 | Train Loss: 0.1012193 Vali Loss: 0.1223396 Test Loss: 0.1252798
EarlyStopping counter: 5 out of 20
Updating learning rate to 5.0745785474086194e-05
	iters: 100, epoch: 195 | loss: 0.1016246
	speed: 0.0916s/iter; left time: 3039.1926s
	iters: 200, epoch: 195 | loss: 0.0965758
	speed: 0.0333s/iter; left time: 1103.3771s
	iters: 300, epoch: 195 | loss: 0.1035687
	speed: 0.0330s/iter; left time: 1089.0296s
Epoch: 195 cost time: 10.77023983001709
[2025-05-29 05:35:07] [32mIntermediate result: 0.12476876  (Index 194)[0m
Epoch: 195, Steps: 314 | Train Loss: 0.1009401 Vali Loss: 0.1215755 Test Loss: 0.1247688
Validation loss decreased (0.121576 --> 0.121575).  Saving model ...
Updating learning rate to 4.9997817849494985e-05
	iters: 100, epoch: 196 | loss: 0.0937168
	speed: 0.0934s/iter; left time: 3070.9386s
	iters: 200, epoch: 196 | loss: 0.1142735
	speed: 0.0333s/iter; left time: 1091.8052s
	iters: 300, epoch: 196 | loss: 0.0960044
	speed: 0.0334s/iter; left time: 1090.9988s
Epoch: 196 cost time: 11.05689787864685
[2025-05-29 05:35:23] [32mIntermediate result: 0.12506676  (Index 195)[0m
Epoch: 196, Steps: 314 | Train Loss: 0.1009864 Vali Loss: 0.1217695 Test Loss: 0.1250668
EarlyStopping counter: 1 out of 20
Updating learning rate to 4.924985075802041e-05
	iters: 100, epoch: 197 | loss: 0.0978752
	speed: 0.0896s/iter; left time: 2917.5927s
	iters: 200, epoch: 197 | loss: 0.1060986
	speed: 0.0333s/iter; left time: 1079.3331s
	iters: 300, epoch: 197 | loss: 0.1060875
	speed: 0.0332s/iter; left time: 1073.7351s
Epoch: 197 cost time: 10.799559593200684
[2025-05-29 05:35:39] [32mIntermediate result: 0.12462692  (Index 196)[0m
Epoch: 197, Steps: 314 | Train Loss: 0.1005744 Vali Loss: 0.1218604 Test Loss: 0.1246269
EarlyStopping counter: 2 out of 20
Updating learning rate to 4.850205159198955e-05
	iters: 100, epoch: 198 | loss: 0.0870317
	speed: 0.0907s/iter; left time: 2922.8998s
	iters: 200, epoch: 198 | loss: 0.1165427
	speed: 0.0329s/iter; left time: 1058.3265s
	iters: 300, epoch: 198 | loss: 0.0995859
	speed: 0.0328s/iter; left time: 1050.7790s
Epoch: 198 cost time: 10.67877721786499
[2025-05-29 05:35:55] [32mIntermediate result: 0.12408159  (Index 197)[0m
Epoch: 198, Steps: 314 | Train Loss: 0.1004331 Vali Loss: 0.1207029 Test Loss: 0.1240816
Validation loss decreased (0.121575 --> 0.120703).  Saving model ...
Updating learning rate to 4.775458770614827e-05
	iters: 100, epoch: 199 | loss: 0.0922865
	speed: 0.0922s/iter; left time: 2943.1524s
	iters: 200, epoch: 199 | loss: 0.0968774
	speed: 0.0329s/iter; left time: 1048.2530s
	iters: 300, epoch: 199 | loss: 0.0993153
	speed: 0.0331s/iter; left time: 1049.5792s
Epoch: 199 cost time: 10.83473801612854
[2025-05-29 05:36:11] [32mIntermediate result: 0.12502417  (Index 198)[0m
Epoch: 199, Steps: 314 | Train Loss: 0.1007822 Vali Loss: 0.1216851 Test Loss: 0.1250242
EarlyStopping counter: 1 out of 20
Updating learning rate to 4.7007626380208016e-05
	iters: 100, epoch: 200 | loss: 0.0931226
	speed: 0.0924s/iter; left time: 2920.0611s
	iters: 200, epoch: 200 | loss: 0.1011238
	speed: 0.0329s/iter; left time: 1035.5946s
	iters: 300, epoch: 200 | loss: 0.1021904
	speed: 0.0330s/iter; left time: 1035.4615s
Epoch: 200 cost time: 10.783551454544067
[2025-05-29 05:36:26] [32mIntermediate result: 0.12421033  (Index 199)[0m
Epoch: 200, Steps: 314 | Train Loss: 0.1003654 Vali Loss: 0.1212795 Test Loss: 0.1242103
EarlyStopping counter: 2 out of 20
Updating learning rate to 4.626133478140913e-05
	iters: 100, epoch: 201 | loss: 0.0933514
	speed: 0.0906s/iter; left time: 2835.9110s
	iters: 200, epoch: 201 | loss: 0.0977201
	speed: 0.0328s/iter; left time: 1024.2044s
	iters: 300, epoch: 201 | loss: 0.0907825
	speed: 0.0329s/iter; left time: 1024.6357s
Epoch: 201 cost time: 10.726118803024292
[2025-05-29 05:36:42] [32mIntermediate result: 0.12512012  (Index 200)[0m
Epoch: 201, Steps: 314 | Train Loss: 0.1002273 Vali Loss: 0.1228207 Test Loss: 0.1251201
EarlyStopping counter: 3 out of 20
Updating learning rate to 4.551587992710941e-05
	iters: 100, epoch: 202 | loss: 0.1053375
	speed: 0.0900s/iter; left time: 2790.3198s
	iters: 200, epoch: 202 | loss: 0.0959228
	speed: 0.0331s/iter; left time: 1022.6634s
	iters: 300, epoch: 202 | loss: 0.1105084
	speed: 0.0332s/iter; left time: 1023.0783s
Epoch: 202 cost time: 10.77450942993164
[2025-05-29 05:36:58] [32mIntermediate result: 0.123826295  (Index 201)[0m
Epoch: 202, Steps: 314 | Train Loss: 0.1000626 Vali Loss: 0.1209375 Test Loss: 0.1238263
EarlyStopping counter: 4 out of 20
Updating learning rate to 4.4771428647406316e-05
	iters: 100, epoch: 203 | loss: 0.0997480
	speed: 0.0915s/iter; left time: 2806.1006s
	iters: 200, epoch: 203 | loss: 0.0870358
	speed: 0.0332s/iter; left time: 1013.6140s
	iters: 300, epoch: 203 | loss: 0.1016758
	speed: 0.0339s/iter; left time: 1034.1018s
Epoch: 203 cost time: 10.961239337921143
[2025-05-29 05:37:13] [32mIntermediate result: 0.1253176  (Index 202)[0m
Epoch: 203, Steps: 314 | Train Loss: 0.0998788 Vali Loss: 0.1220283 Test Loss: 0.1253176
EarlyStopping counter: 5 out of 20
Updating learning rate to 4.402814754780091e-05
	iters: 100, epoch: 204 | loss: 0.1049930
	speed: 0.0913s/iter; left time: 2772.2361s
	iters: 200, epoch: 204 | loss: 0.1052086
	speed: 0.0331s/iter; left time: 1000.9110s
	iters: 300, epoch: 204 | loss: 0.1146096
	speed: 0.0351s/iter; left time: 1058.8049s
Epoch: 204 cost time: 10.963728904724121
[2025-05-29 05:37:29] [32mIntermediate result: 0.124694765  (Index 203)[0m
Epoch: 204, Steps: 314 | Train Loss: 0.0998209 Vali Loss: 0.1215517 Test Loss: 0.1246948
EarlyStopping counter: 6 out of 20
Updating learning rate to 4.328620297191222e-05
	iters: 100, epoch: 205 | loss: 0.1044330
	speed: 0.0919s/iter; left time: 2759.8200s
	iters: 200, epoch: 205 | loss: 0.0862856
	speed: 0.0334s/iter; left time: 999.9244s
	iters: 300, epoch: 205 | loss: 0.0968194
	speed: 0.0332s/iter; left time: 990.7151s
Epoch: 205 cost time: 10.926055431365967
[2025-05-29 05:37:45] [32mIntermediate result: 0.12399416  (Index 204)[0m
Epoch: 205, Steps: 314 | Train Loss: 0.0998434 Vali Loss: 0.1213866 Test Loss: 0.1239942
EarlyStopping counter: 7 out of 20
Updating learning rate to 4.254576096425008e-05
	iters: 100, epoch: 206 | loss: 0.0859399
	speed: 0.0911s/iter; left time: 2707.4499s
	iters: 200, epoch: 206 | loss: 0.1041726
	speed: 0.0333s/iter; left time: 987.2197s
	iters: 300, epoch: 206 | loss: 0.0900212
	speed: 0.0329s/iter; left time: 971.7895s
Epoch: 206 cost time: 10.748498916625977
[2025-05-29 05:38:01] [32mIntermediate result: 0.12515213  (Index 205)[0m
Epoch: 206, Steps: 314 | Train Loss: 0.0996363 Vali Loss: 0.1216576 Test Loss: 0.1251521
EarlyStopping counter: 8 out of 20
Updating learning rate to 4.1806987233055e-05
	iters: 100, epoch: 207 | loss: 0.1084033
	speed: 0.0906s/iter; left time: 2665.0032s
	iters: 200, epoch: 207 | loss: 0.0915530
	speed: 0.0325s/iter; left time: 953.1458s
	iters: 300, epoch: 207 | loss: 0.0977945
	speed: 0.0323s/iter; left time: 943.4970s
Epoch: 207 cost time: 10.583557605743408
[2025-05-29 05:38:16] [32mIntermediate result: 0.12392183  (Index 206)[0m
Epoch: 207, Steps: 314 | Train Loss: 0.0997643 Vali Loss: 0.1209810 Test Loss: 0.1239218
EarlyStopping counter: 9 out of 20
Updating learning rate to 4.107004711321325e-05
	iters: 100, epoch: 208 | loss: 0.0957803
	speed: 0.0900s/iter; left time: 2618.7960s
	iters: 200, epoch: 208 | loss: 0.0975148
	speed: 0.0332s/iter; left time: 962.3793s
	iters: 300, epoch: 208 | loss: 0.1025772
	speed: 0.0328s/iter; left time: 946.7642s
Epoch: 208 cost time: 10.726948499679565
[2025-05-29 05:38:32] [32mIntermediate result: 0.124098875  (Index 207)[0m
Epoch: 208, Steps: 314 | Train Loss: 0.0993839 Vali Loss: 0.1208399 Test Loss: 0.1240989
EarlyStopping counter: 10 out of 20
Updating learning rate to 4.0335105529255526e-05
	iters: 100, epoch: 209 | loss: 0.0866848
	speed: 0.0919s/iter; left time: 2645.9579s
	iters: 200, epoch: 209 | loss: 0.1003772
	speed: 0.0335s/iter; left time: 960.4165s
	iters: 300, epoch: 209 | loss: 0.0999094
	speed: 0.0332s/iter; left time: 950.1399s
Epoch: 209 cost time: 10.804126262664795
[2025-05-29 05:38:48] [32mIntermediate result: 0.12581643  (Index 208)[0m
Epoch: 209, Steps: 314 | Train Loss: 0.0992481 Vali Loss: 0.1220087 Test Loss: 0.1258164
EarlyStopping counter: 11 out of 20
Updating learning rate to 3.960232695844742e-05
	iters: 100, epoch: 210 | loss: 0.0881913
	speed: 0.0897s/iter; left time: 2554.2233s
	iters: 200, epoch: 210 | loss: 0.0970773
	speed: 0.0334s/iter; left time: 947.0609s
	iters: 300, epoch: 210 | loss: 0.1056695
	speed: 0.0344s/iter; left time: 971.7311s
Epoch: 210 cost time: 10.900521993637085
[2025-05-29 05:39:04] [32mIntermediate result: 0.123971865  (Index 209)[0m
Epoch: 210, Steps: 314 | Train Loss: 0.0990803 Vali Loss: 0.1211041 Test Loss: 0.1239719
EarlyStopping counter: 12 out of 20
Updating learning rate to 3.8871875393980016e-05
	iters: 100, epoch: 211 | loss: 0.0993932
	speed: 0.0900s/iter; left time: 2533.5187s
	iters: 200, epoch: 211 | loss: 0.1112480
	speed: 0.0332s/iter; left time: 930.8446s
	iters: 300, epoch: 211 | loss: 0.0831961
	speed: 0.0333s/iter; left time: 929.7870s
Epoch: 211 cost time: 10.75923466682434
[2025-05-29 05:39:19] [32mIntermediate result: 0.12573227  (Index 210)[0m
Epoch: 211, Steps: 314 | Train Loss: 0.0991618 Vali Loss: 0.1221737 Test Loss: 0.1257323
EarlyStopping counter: 13 out of 20
Updating learning rate to 3.8143914308268836e-05
	iters: 100, epoch: 212 | loss: 0.0887445
	speed: 0.0901s/iter; left time: 2507.7287s
	iters: 200, epoch: 212 | loss: 0.0911863
	speed: 0.0328s/iter; left time: 910.9917s
	iters: 300, epoch: 212 | loss: 0.0915025
	speed: 0.0331s/iter; left time: 916.1032s
Epoch: 212 cost time: 10.713094234466553
[2025-05-29 05:39:35] [32mIntermediate result: 0.12508078  (Index 211)[0m
Epoch: 212, Steps: 314 | Train Loss: 0.0990734 Vali Loss: 0.1221276 Test Loss: 0.1250808
EarlyStopping counter: 14 out of 20
Updating learning rate to 3.741860661636923e-05
	iters: 100, epoch: 213 | loss: 0.0926063
	speed: 0.0906s/iter; left time: 2493.6398s
	iters: 200, epoch: 213 | loss: 0.1284773
	speed: 0.0331s/iter; left time: 909.2011s
	iters: 300, epoch: 213 | loss: 0.0973201
	speed: 0.0331s/iter; left time: 905.3601s
Epoch: 213 cost time: 10.769284725189209
[2025-05-29 05:39:51] [32mIntermediate result: 0.12380471  (Index 212)[0m
Epoch: 213, Steps: 314 | Train Loss: 0.0989881 Vali Loss: 0.1205554 Test Loss: 0.1238047
Validation loss decreased (0.120703 --> 0.120555).  Saving model ...
Updating learning rate to 3.6696114639516625e-05
	iters: 100, epoch: 214 | loss: 0.0857458
	speed: 0.0910s/iter; left time: 2476.8995s
	iters: 200, epoch: 214 | loss: 0.0946384
	speed: 0.0337s/iter; left time: 913.0123s
	iters: 300, epoch: 214 | loss: 0.0983181
	speed: 0.0338s/iter; left time: 914.2619s
Epoch: 214 cost time: 10.895998001098633
[2025-05-29 05:40:06] [32mIntermediate result: 0.12395766  (Index 213)[0m
Epoch: 214, Steps: 314 | Train Loss: 0.0986823 Vali Loss: 0.1210069 Test Loss: 0.1239577
EarlyStopping counter: 1 out of 20
Updating learning rate to 3.5976600068799645e-05
	iters: 100, epoch: 215 | loss: 0.1100022
	speed: 0.0897s/iter; left time: 2412.3486s
	iters: 200, epoch: 215 | loss: 0.0751562
	speed: 0.0330s/iter; left time: 884.0321s
	iters: 300, epoch: 215 | loss: 0.0890923
	speed: 0.0333s/iter; left time: 888.1596s
Epoch: 215 cost time: 10.746587038040161
[2025-05-29 05:40:22] [32mIntermediate result: 0.12409807  (Index 214)[0m
Epoch: 215, Steps: 314 | Train Loss: 0.0986600 Vali Loss: 0.1210796 Test Loss: 0.1240981
EarlyStopping counter: 2 out of 20
Updating learning rate to 3.5260223928974164e-05
	iters: 100, epoch: 216 | loss: 0.0780474
	speed: 0.0922s/iter; left time: 2450.6837s
	iters: 200, epoch: 216 | loss: 0.1087027
	speed: 0.0330s/iter; left time: 873.0897s
	iters: 300, epoch: 216 | loss: 0.0912642
	speed: 0.0331s/iter; left time: 874.1133s
Epoch: 216 cost time: 10.827670097351074
[2025-05-29 05:40:38] [32mIntermediate result: 0.12376058  (Index 215)[0m
Epoch: 216, Steps: 314 | Train Loss: 0.0987049 Vali Loss: 0.1212115 Test Loss: 0.1237606
EarlyStopping counter: 3 out of 20
Updating learning rate to 3.4547146542426576e-05
	iters: 100, epoch: 217 | loss: 0.1114513
	speed: 0.0892s/iter; left time: 2343.3044s
	iters: 200, epoch: 217 | loss: 0.1066786
	speed: 0.0330s/iter; left time: 864.0881s
	iters: 300, epoch: 217 | loss: 0.0873374
	speed: 0.0330s/iter; left time: 860.4018s
Epoch: 217 cost time: 10.705872058868408
[2025-05-29 05:40:53] [32mIntermediate result: 0.12428426  (Index 216)[0m
Epoch: 217, Steps: 314 | Train Loss: 0.0984134 Vali Loss: 0.1214511 Test Loss: 0.1242843
EarlyStopping counter: 4 out of 20
Updating learning rate to 3.383752749329432e-05
	iters: 100, epoch: 218 | loss: 0.0951899
	speed: 0.0914s/iter; left time: 2373.7615s
	iters: 200, epoch: 218 | loss: 0.1002693
	speed: 0.0346s/iter; left time: 895.6543s
	iters: 300, epoch: 218 | loss: 0.0908683
	speed: 0.0330s/iter; left time: 850.1903s
Epoch: 218 cost time: 10.964236497879028
[2025-05-29 05:41:09] [32mIntermediate result: 0.12367207  (Index 217)[0m
Epoch: 218, Steps: 314 | Train Loss: 0.0983447 Vali Loss: 0.1202850 Test Loss: 0.1236721
Validation loss decreased (0.120555 --> 0.120285).  Saving model ...
Updating learning rate to 3.313152559175135e-05
	iters: 100, epoch: 219 | loss: 0.0924749
	speed: 0.0910s/iter; left time: 2335.0039s
	iters: 200, epoch: 219 | loss: 0.1075123
	speed: 0.0332s/iter; left time: 847.2622s
	iters: 300, epoch: 219 | loss: 0.1039315
	speed: 0.0331s/iter; left time: 842.6697s
Epoch: 219 cost time: 10.861424446105957
[2025-05-29 05:41:25] [32mIntermediate result: 0.124048226  (Index 218)[0m
Epoch: 219, Steps: 314 | Train Loss: 0.0983581 Vali Loss: 0.1207755 Test Loss: 0.1240482
EarlyStopping counter: 1 out of 20
Updating learning rate to 3.242929883846711e-05
	iters: 100, epoch: 220 | loss: 0.1127984
	speed: 0.0908s/iter; left time: 2300.8124s
	iters: 200, epoch: 220 | loss: 0.0844696
	speed: 0.0332s/iter; left time: 837.9816s
	iters: 300, epoch: 220 | loss: 0.0936835
	speed: 0.0331s/iter; left time: 830.9315s
Epoch: 220 cost time: 10.836231708526611
[2025-05-29 05:41:41] [32mIntermediate result: 0.12397399  (Index 219)[0m
Epoch: 220, Steps: 314 | Train Loss: 0.0980500 Vali Loss: 0.1206287 Test Loss: 0.1239740
EarlyStopping counter: 2 out of 20
Updating learning rate to 3.173100438924655e-05
	iters: 100, epoch: 221 | loss: 0.0947880
	speed: 0.0927s/iter; left time: 2318.6350s
	iters: 200, epoch: 221 | loss: 0.1053804
	speed: 0.0360s/iter; left time: 896.6635s
	iters: 300, epoch: 221 | loss: 0.0861497
	speed: 0.0335s/iter; left time: 831.3522s
Epoch: 221 cost time: 11.27801251411438
[2025-05-29 05:41:57] [32mIntermediate result: 0.1236734  (Index 220)[0m
Epoch: 221, Steps: 314 | Train Loss: 0.0981737 Vali Loss: 0.1206868 Test Loss: 0.1236734
EarlyStopping counter: 3 out of 20
Updating learning rate to 3.103679851985921e-05
	iters: 100, epoch: 222 | loss: 0.1089777
	speed: 0.0918s/iter; left time: 2266.9484s
	iters: 200, epoch: 222 | loss: 0.1078367
	speed: 0.0332s/iter; left time: 817.2215s
	iters: 300, epoch: 222 | loss: 0.1081459
	speed: 0.0334s/iter; left time: 817.3617s
Epoch: 222 cost time: 10.820906400680542
[2025-05-29 05:42:13] [32mIntermediate result: 0.12610044  (Index 221)[0m
Epoch: 222, Steps: 314 | Train Loss: 0.0981309 Vali Loss: 0.1228416 Test Loss: 0.1261004
EarlyStopping counter: 4 out of 20
Updating learning rate to 3.034683659106524e-05
	iters: 100, epoch: 223 | loss: 0.1017026
	speed: 0.0917s/iter; left time: 2237.6691s
	iters: 200, epoch: 223 | loss: 0.0929590
	speed: 0.0330s/iter; left time: 801.3813s
	iters: 300, epoch: 223 | loss: 0.1046748
	speed: 0.0332s/iter; left time: 803.5093s
Epoch: 223 cost time: 10.818140745162964
[2025-05-29 05:42:29] [32mIntermediate result: 0.1238991  (Index 222)[0m
Epoch: 223, Steps: 314 | Train Loss: 0.0980030 Vali Loss: 0.1203406 Test Loss: 0.1238991
EarlyStopping counter: 5 out of 20
Updating learning rate to 2.9661273013846257e-05
	iters: 100, epoch: 224 | loss: 0.0918324
	speed: 0.0915s/iter; left time: 2202.9999s
	iters: 200, epoch: 224 | loss: 0.1140569
	speed: 0.0330s/iter; left time: 790.4872s
	iters: 300, epoch: 224 | loss: 0.0880924
	speed: 0.0346s/iter; left time: 826.2230s
Epoch: 224 cost time: 10.993179082870483
[2025-05-29 05:42:44] [32mIntermediate result: 0.123823434  (Index 223)[0m
Epoch: 224, Steps: 314 | Train Loss: 0.0979799 Vali Loss: 0.1205990 Test Loss: 0.1238234
EarlyStopping counter: 6 out of 20
Updating learning rate to 2.8980261214848736e-05
	iters: 100, epoch: 225 | loss: 0.0748917
	speed: 0.0910s/iter; left time: 2162.3492s
	iters: 200, epoch: 225 | loss: 0.0994410
	speed: 0.0335s/iter; left time: 791.9722s
	iters: 300, epoch: 225 | loss: 0.1085904
	speed: 0.0332s/iter; left time: 782.3485s
Epoch: 225 cost time: 10.864033460617065
[2025-05-29 05:43:00] [32mIntermediate result: 0.123676  (Index 224)[0m
Epoch: 225, Steps: 314 | Train Loss: 0.0976613 Vali Loss: 0.1204901 Test Loss: 0.1236760
EarlyStopping counter: 7 out of 20
Updating learning rate to 2.830395360204768e-05
	iters: 100, epoch: 226 | loss: 0.0851714
	speed: 0.0912s/iter; left time: 2138.7499s
	iters: 200, epoch: 226 | loss: 0.0897498
	speed: 0.0332s/iter; left time: 774.9368s
	iters: 300, epoch: 226 | loss: 0.1042667
	speed: 0.0330s/iter; left time: 767.0721s
Epoch: 226 cost time: 10.754325866699219
[2025-05-29 05:43:16] [32mIntermediate result: 0.12469089  (Index 225)[0m
Epoch: 226, Steps: 314 | Train Loss: 0.0975475 Vali Loss: 0.1212059 Test Loss: 0.1246909
EarlyStopping counter: 8 out of 20
Updating learning rate to 2.7632501530638192e-05
	iters: 100, epoch: 227 | loss: 0.0954982
	speed: 0.0913s/iter; left time: 2112.4374s
	iters: 200, epoch: 227 | loss: 0.1097710
	speed: 0.0332s/iter; left time: 764.2506s
	iters: 300, epoch: 227 | loss: 0.0965658
	speed: 0.0341s/iter; left time: 781.3087s
Epoch: 227 cost time: 10.940229892730713
[2025-05-29 05:43:32] [32mIntermediate result: 0.12514834  (Index 226)[0m
Epoch: 227, Steps: 314 | Train Loss: 0.0976740 Vali Loss: 0.1213359 Test Loss: 0.1251483
EarlyStopping counter: 9 out of 20
Updating learning rate to 2.6966055269162865e-05
	iters: 100, epoch: 228 | loss: 0.0876829
	speed: 0.0919s/iter; left time: 2097.5073s
	iters: 200, epoch: 228 | loss: 0.0837233
	speed: 0.0332s/iter; left time: 755.4070s
	iters: 300, epoch: 228 | loss: 0.0983225
	speed: 0.0332s/iter; left time: 750.3745s
Epoch: 228 cost time: 10.795020818710327
[2025-05-29 05:43:48] [32mIntermediate result: 0.124363326  (Index 227)[0m
Epoch: 228, Steps: 314 | Train Loss: 0.0974007 Vali Loss: 0.1207690 Test Loss: 0.1243633
EarlyStopping counter: 10 out of 20
Updating learning rate to 2.6304763965882083e-05
	iters: 100, epoch: 229 | loss: 0.1065554
	speed: 0.0928s/iter; left time: 2089.4412s
	iters: 200, epoch: 229 | loss: 0.0968618
	speed: 0.0331s/iter; left time: 741.2059s
	iters: 300, epoch: 229 | loss: 0.0997372
	speed: 0.0330s/iter; left time: 736.6211s
Epoch: 229 cost time: 10.82343053817749
[2025-05-29 05:44:04] [32mIntermediate result: 0.124311775  (Index 228)[0m
Epoch: 229, Steps: 314 | Train Loss: 0.0974432 Vali Loss: 0.1210417 Test Loss: 0.1243118
EarlyStopping counter: 11 out of 20
Updating learning rate to 2.5648775615395304e-05
	iters: 100, epoch: 230 | loss: 0.0901888
	speed: 0.0921s/iter; left time: 2044.0845s
	iters: 200, epoch: 230 | loss: 0.0995465
	speed: 0.0331s/iter; left time: 731.9942s
	iters: 300, epoch: 230 | loss: 0.0926252
	speed: 0.0331s/iter; left time: 728.0673s
Epoch: 230 cost time: 10.86500859260559
[2025-05-29 05:44:19] [32mIntermediate result: 0.124070436  (Index 229)[0m
Epoch: 230, Steps: 314 | Train Loss: 0.0973891 Vali Loss: 0.1209865 Test Loss: 0.1240704
EarlyStopping counter: 12 out of 20
Updating learning rate to 2.4998237025520322e-05
	iters: 100, epoch: 231 | loss: 0.0975556
	speed: 0.0925s/iter; left time: 2023.1164s
	iters: 200, epoch: 231 | loss: 0.0966275
	speed: 0.0333s/iter; left time: 724.5828s
	iters: 300, epoch: 231 | loss: 0.0955748
	speed: 0.0332s/iter; left time: 719.4402s
Epoch: 231 cost time: 10.889987468719482
[2025-05-29 05:44:35] [32mIntermediate result: 0.123878874  (Index 230)[0m
Epoch: 231, Steps: 314 | Train Loss: 0.0973911 Vali Loss: 0.1204161 Test Loss: 0.1238789
EarlyStopping counter: 13 out of 20
Updating learning rate to 2.4353293784438273e-05
	iters: 100, epoch: 232 | loss: 0.1031526
	speed: 0.0913s/iter; left time: 1969.6980s
	iters: 200, epoch: 232 | loss: 0.1073133
	speed: 0.0342s/iter; left time: 733.4470s
	iters: 300, epoch: 232 | loss: 0.0987892
	speed: 0.0333s/iter; left time: 711.6832s
Epoch: 232 cost time: 10.920494794845581
[2025-05-29 05:44:51] [32mIntermediate result: 0.12384542  (Index 231)[0m
Epoch: 232, Steps: 314 | Train Loss: 0.0972271 Vali Loss: 0.1206992 Test Loss: 0.1238454
EarlyStopping counter: 14 out of 20
Updating learning rate to 2.3714090228111424e-05
	iters: 100, epoch: 233 | loss: 0.0864956
	speed: 0.0916s/iter; left time: 1947.2653s
	iters: 200, epoch: 233 | loss: 0.0895301
	speed: 0.0329s/iter; left time: 696.0089s
	iters: 300, epoch: 233 | loss: 0.0919487
	speed: 0.0333s/iter; left time: 701.8680s
Epoch: 233 cost time: 10.76398754119873
[2025-05-29 05:45:07] [32mIntermediate result: 0.12342713  (Index 232)[0m
Epoch: 233, Steps: 314 | Train Loss: 0.0970487 Vali Loss: 0.1201479 Test Loss: 0.1234271
Validation loss decreased (0.120285 --> 0.120148).  Saving model ...
Updating learning rate to 2.308076940798145e-05
	iters: 100, epoch: 234 | loss: 0.0801387
	speed: 0.0943s/iter; left time: 1974.6028s
	iters: 200, epoch: 234 | loss: 0.0750268
	speed: 0.0334s/iter; left time: 696.3667s
	iters: 300, epoch: 234 | loss: 0.1097709
	speed: 0.0331s/iter; left time: 686.3981s
Epoch: 234 cost time: 11.10842514038086
[2025-05-29 05:45:23] [32mIntermediate result: 0.12392515  (Index 233)[0m
Epoch: 234, Steps: 314 | Train Loss: 0.0971714 Vali Loss: 0.1205382 Test Loss: 0.1239251
EarlyStopping counter: 1 out of 20
Updating learning rate to 2.245347305895489e-05
	iters: 100, epoch: 235 | loss: 0.0887654
	speed: 0.0914s/iter; left time: 1884.8906s
	iters: 200, epoch: 235 | loss: 0.0991601
	speed: 0.0335s/iter; left time: 687.5656s
	iters: 300, epoch: 235 | loss: 0.0955888
	speed: 0.0326s/iter; left time: 666.1391s
Epoch: 235 cost time: 10.765702962875366
[2025-05-29 05:45:39] [32mIntermediate result: 0.12343794  (Index 234)[0m
Epoch: 235, Steps: 314 | Train Loss: 0.0968935 Vali Loss: 0.1200979 Test Loss: 0.1234379
Validation loss decreased (0.120148 --> 0.120098).  Saving model ...
Updating learning rate to 2.1832341567683524e-05
	iters: 100, epoch: 236 | loss: 0.0904167
	speed: 0.0920s/iter; left time: 1868.5077s
	iters: 200, epoch: 236 | loss: 0.0810187
	speed: 0.0335s/iter; left time: 676.3861s
	iters: 300, epoch: 236 | loss: 0.0942891
	speed: 0.0340s/iter; left time: 684.1118s
Epoch: 236 cost time: 10.955788135528564
[2025-05-29 05:45:55] [32mIntermediate result: 0.12352881  (Index 235)[0m
Epoch: 236, Steps: 314 | Train Loss: 0.0969488 Vali Loss: 0.1204771 Test Loss: 0.1235288
EarlyStopping counter: 1 out of 20
Updating learning rate to 2.1217513941146257e-05
	iters: 100, epoch: 237 | loss: 0.0966784
	speed: 0.0909s/iter; left time: 1817.1697s
	iters: 200, epoch: 237 | loss: 0.1055616
	speed: 0.0338s/iter; left time: 672.1215s
	iters: 300, epoch: 237 | loss: 0.1021688
	speed: 0.0333s/iter; left time: 658.2911s
Epoch: 237 cost time: 10.921866655349731
[2025-05-29 05:46:10] [32mIntermediate result: 0.12461446  (Index 236)[0m
Epoch: 237, Steps: 314 | Train Loss: 0.0967735 Vali Loss: 0.1204981 Test Loss: 0.1246145
EarlyStopping counter: 2 out of 20
Updating learning rate to 2.0609127775539924e-05
	iters: 100, epoch: 238 | loss: 0.1064668
	speed: 0.0902s/iter; left time: 1776.0913s
	iters: 200, epoch: 238 | loss: 0.0894272
	speed: 0.0329s/iter; left time: 643.5290s
	iters: 300, epoch: 238 | loss: 0.1036904
	speed: 0.0329s/iter; left time: 641.1662s
Epoch: 238 cost time: 10.765737056732178
[2025-05-29 05:46:26] [32mIntermediate result: 0.12443738  (Index 237)[0m
Epoch: 238, Steps: 314 | Train Loss: 0.0967942 Vali Loss: 0.1205191 Test Loss: 0.1244374
EarlyStopping counter: 3 out of 20
Updating learning rate to 2.000731922548565e-05
	iters: 100, epoch: 239 | loss: 0.1037146
	speed: 0.0908s/iter; left time: 1759.1119s
	iters: 200, epoch: 239 | loss: 0.1005220
	speed: 0.0343s/iter; left time: 661.2719s
	iters: 300, epoch: 239 | loss: 0.0948468
	speed: 0.0333s/iter; left time: 637.3736s
Epoch: 239 cost time: 10.991495370864868
[2025-05-29 05:46:42] [32mIntermediate result: 0.12352559  (Index 238)[0m
Epoch: 239, Steps: 314 | Train Loss: 0.0966188 Vali Loss: 0.1205256 Test Loss: 0.1235256
EarlyStopping counter: 4 out of 20
Updating learning rate to 1.9412222973558084e-05
	iters: 100, epoch: 240 | loss: 0.0870760
	speed: 0.0920s/iter; left time: 1752.3388s
	iters: 200, epoch: 240 | loss: 0.0993143
	speed: 0.0336s/iter; left time: 637.6041s
	iters: 300, epoch: 240 | loss: 0.0849404
	speed: 0.0337s/iter; left time: 635.8125s
Epoch: 240 cost time: 10.933428049087524
[2025-05-29 05:46:58] [32mIntermediate result: 0.1234165  (Index 239)[0m
Epoch: 240, Steps: 314 | Train Loss: 0.0966338 Vali Loss: 0.1201799 Test Loss: 0.1234165
EarlyStopping counter: 5 out of 20
Updating learning rate to 1.8823972200143848e-05
	iters: 100, epoch: 241 | loss: 0.1053412
	speed: 0.0919s/iter; left time: 1722.2251s
	iters: 200, epoch: 241 | loss: 0.0951081
	speed: 0.0336s/iter; left time: 627.1399s
	iters: 300, epoch: 241 | loss: 0.0966197
	speed: 0.0339s/iter; left time: 628.0917s
Epoch: 241 cost time: 10.978924989700317
[2025-05-29 05:47:14] [32mIntermediate result: 0.124931656  (Index 240)[0m
Epoch: 241, Steps: 314 | Train Loss: 0.0966116 Vali Loss: 0.1212288 Test Loss: 0.1249317
EarlyStopping counter: 6 out of 20
Updating learning rate to 1.8242698553636213e-05
	iters: 100, epoch: 242 | loss: 0.1059073
	speed: 0.0938s/iter; left time: 1727.6373s
	iters: 200, epoch: 242 | loss: 0.1076956
	speed: 0.0365s/iter; left time: 668.1647s
	iters: 300, epoch: 242 | loss: 0.1079032
	speed: 0.0352s/iter; left time: 641.2995s
Epoch: 242 cost time: 11.584975242614746
[2025-05-29 05:47:30] [32mIntermediate result: 0.12411263  (Index 241)[0m
Epoch: 242, Steps: 314 | Train Loss: 0.0965793 Vali Loss: 0.1202757 Test Loss: 0.1241126
EarlyStopping counter: 7 out of 20
Updating learning rate to 1.7668532120972747e-05
	iters: 100, epoch: 243 | loss: 0.0936978
	speed: 0.0963s/iter; left time: 1743.5678s
	iters: 200, epoch: 243 | loss: 0.1047195
	speed: 0.0344s/iter; left time: 618.9879s
	iters: 300, epoch: 243 | loss: 0.0826652
	speed: 0.0336s/iter; left time: 601.1493s
Epoch: 243 cost time: 11.420512676239014
[2025-05-29 05:47:47] [32mIntermediate result: 0.12368694  (Index 242)[0m
Epoch: 243, Steps: 314 | Train Loss: 0.0964191 Vali Loss: 0.1205515 Test Loss: 0.1236869
EarlyStopping counter: 8 out of 20
Updating learning rate to 1.7101601398522315e-05
	iters: 100, epoch: 244 | loss: 0.0850497
	speed: 0.0923s/iter; left time: 1643.2489s
	iters: 200, epoch: 244 | loss: 0.1048342
	speed: 0.0334s/iter; left time: 590.5945s
	iters: 300, epoch: 244 | loss: 0.1018412
	speed: 0.0362s/iter; left time: 637.3824s
Epoch: 244 cost time: 11.21500277519226
[2025-05-29 05:48:03] [32mIntermediate result: 0.12406832  (Index 243)[0m
Epoch: 244, Steps: 314 | Train Loss: 0.0963803 Vali Loss: 0.1203703 Test Loss: 0.1240683
EarlyStopping counter: 9 out of 20
Updating learning rate to 1.6542033263327953e-05
	iters: 100, epoch: 245 | loss: 0.1006205
	speed: 0.0918s/iter; left time: 1604.3038s
	iters: 200, epoch: 245 | loss: 0.0972399
	speed: 0.0332s/iter; left time: 577.8094s
	iters: 300, epoch: 245 | loss: 0.0989251
	speed: 0.0332s/iter; left time: 574.4475s
Epoch: 245 cost time: 10.841743469238281
[2025-05-29 05:48:19] [32mIntermediate result: 0.123469636  (Index 244)[0m
Epoch: 245, Steps: 314 | Train Loss: 0.0964331 Vali Loss: 0.1200787 Test Loss: 0.1234696
Validation loss decreased (0.120098 --> 0.120079).  Saving model ...
Updating learning rate to 1.598995294471241e-05
	iters: 100, epoch: 246 | loss: 0.1004850
	speed: 0.0908s/iter; left time: 1559.8477s
	iters: 200, epoch: 246 | loss: 0.0913113
	speed: 0.0342s/iter; left time: 583.4880s
	iters: 300, epoch: 246 | loss: 0.0864375
	speed: 0.0341s/iter; left time: 578.0554s
Epoch: 246 cost time: 11.071474552154541
[2025-05-29 05:48:35] [32mIntermediate result: 0.12404957  (Index 245)[0m
Epoch: 246, Steps: 314 | Train Loss: 0.0961050 Vali Loss: 0.1206545 Test Loss: 0.1240496
EarlyStopping counter: 1 out of 20
Updating learning rate to 1.5445483996252156e-05
	iters: 100, epoch: 247 | loss: 0.0921793
	speed: 0.0917s/iter; left time: 1546.5402s
	iters: 200, epoch: 247 | loss: 0.0980424
	speed: 0.0348s/iter; left time: 582.6986s
	iters: 300, epoch: 247 | loss: 0.0966617
	speed: 0.0339s/iter; left time: 565.1430s
Epoch: 247 cost time: 11.180435180664062
[2025-05-29 05:48:51] [32mIntermediate result: 0.123966046  (Index 246)[0m
Epoch: 247, Steps: 314 | Train Loss: 0.0961164 Vali Loss: 0.1207642 Test Loss: 0.1239660
EarlyStopping counter: 2 out of 20
Updating learning rate to 1.4908748268126556e-05
	iters: 100, epoch: 248 | loss: 0.0969957
	speed: 0.0912s/iter; left time: 1508.0578s
	iters: 200, epoch: 248 | loss: 0.0957717
	speed: 0.0333s/iter; left time: 548.0760s
	iters: 300, epoch: 248 | loss: 0.0896629
	speed: 0.0334s/iter; left time: 546.2039s
Epoch: 248 cost time: 10.905335187911987
[2025-05-29 05:49:07] [32mIntermediate result: 0.12364405  (Index 247)[0m
Epoch: 248, Steps: 314 | Train Loss: 0.0961244 Vali Loss: 0.1197340 Test Loss: 0.1236440
Validation loss decreased (0.120079 --> 0.119734).  Saving model ...
Updating learning rate to 1.4379865879848325e-05
	iters: 100, epoch: 249 | loss: 0.1033461
	speed: 0.0922s/iter; left time: 1496.2041s
	iters: 200, epoch: 249 | loss: 0.0905238
	speed: 0.0349s/iter; left time: 562.9867s
	iters: 300, epoch: 249 | loss: 0.1010726
	speed: 0.0336s/iter; left time: 537.9620s
Epoch: 249 cost time: 10.987702131271362
[2025-05-29 05:49:23] [32mIntermediate result: 0.123753026  (Index 248)[0m
Epoch: 249, Steps: 314 | Train Loss: 0.0960551 Vali Loss: 0.1203989 Test Loss: 0.1237530
EarlyStopping counter: 1 out of 20
Updating learning rate to 1.385895519338107e-05
	iters: 100, epoch: 250 | loss: 0.0940827
	speed: 0.0917s/iter; left time: 1459.8210s
	iters: 200, epoch: 250 | loss: 0.1051313
	speed: 0.0334s/iter; left time: 528.1158s
	iters: 300, epoch: 250 | loss: 0.0958863
	speed: 0.0329s/iter; left time: 516.6021s
Epoch: 250 cost time: 10.8206787109375
[2025-05-29 05:49:38] [32mIntermediate result: 0.12351355  (Index 249)[0m
Epoch: 250, Steps: 314 | Train Loss: 0.0960186 Vali Loss: 0.1202762 Test Loss: 0.1235135
EarlyStopping counter: 2 out of 20
Updating learning rate to 1.3346132786650491e-05
	iters: 100, epoch: 251 | loss: 0.1053241
	speed: 0.0900s/iter; left time: 1404.8392s
	iters: 200, epoch: 251 | loss: 0.0978046
	speed: 0.0338s/iter; left time: 523.7102s
	iters: 300, epoch: 251 | loss: 0.0979556
	speed: 0.0328s/iter; left time: 504.7849s
Epoch: 251 cost time: 10.817840814590454
[2025-05-29 05:49:54] [32mIntermediate result: 0.12464816  (Index 250)[0m
Epoch: 251, Steps: 314 | Train Loss: 0.0959675 Vali Loss: 0.1205345 Test Loss: 0.1246482
EarlyStopping counter: 3 out of 20
Updating learning rate to 1.2841513427454483e-05
	iters: 100, epoch: 252 | loss: 0.0959923
	speed: 0.0919s/iter; left time: 1404.5268s
	iters: 200, epoch: 252 | loss: 0.0897571
	speed: 0.0355s/iter; left time: 539.6566s
	iters: 300, epoch: 252 | loss: 0.0846131
	speed: 0.0348s/iter; left time: 524.3484s
Epoch: 252 cost time: 11.299938440322876
[2025-05-29 05:50:10] [32mIntermediate result: 0.12393863  (Index 251)[0m
Epoch: 252, Steps: 314 | Train Loss: 0.0960621 Vali Loss: 0.1205425 Test Loss: 0.1239386
EarlyStopping counter: 4 out of 20
Updating learning rate to 1.2345210047778661e-05
	iters: 100, epoch: 253 | loss: 0.0930588
	speed: 0.0897s/iter; left time: 1343.0641s
	iters: 200, epoch: 253 | loss: 0.0899120
	speed: 0.0331s/iter; left time: 492.8048s
	iters: 300, epoch: 253 | loss: 0.0975011
	speed: 0.0330s/iter; left time: 487.9883s
Epoch: 253 cost time: 10.745020151138306
[2025-05-29 05:50:26] [32mIntermediate result: 0.123821296  (Index 252)[0m
Epoch: 253, Steps: 314 | Train Loss: 0.0958088 Vali Loss: 0.1197981 Test Loss: 0.1238213
EarlyStopping counter: 5 out of 20
Updating learning rate to 1.1857333718522473e-05
	iters: 100, epoch: 254 | loss: 0.1057833
	speed: 0.0930s/iter; left time: 1363.6279s
	iters: 200, epoch: 254 | loss: 0.1085529
	speed: 0.0337s/iter; left time: 489.9943s
	iters: 300, epoch: 254 | loss: 0.0878344
	speed: 0.0334s/iter; left time: 482.7805s
Epoch: 254 cost time: 10.978954792022705
[2025-05-29 05:50:42] [32mIntermediate result: 0.12412252  (Index 253)[0m
Epoch: 254, Steps: 314 | Train Loss: 0.0958020 Vali Loss: 0.1200780 Test Loss: 0.1241225
EarlyStopping counter: 6 out of 20
Updating learning rate to 1.1377993624642061e-05
	iters: 100, epoch: 255 | loss: 0.1084904
	speed: 0.0920s/iter; left time: 1320.1958s
	iters: 200, epoch: 255 | loss: 0.0943537
	speed: 0.0332s/iter; left time: 473.1640s
	iters: 300, epoch: 255 | loss: 0.0889600
	speed: 0.0329s/iter; left time: 464.8631s
Epoch: 255 cost time: 10.765287399291992
[2025-05-29 05:50:58] [32mIntermediate result: 0.123811185  (Index 254)[0m
Epoch: 255, Steps: 314 | Train Loss: 0.0957513 Vali Loss: 0.1203255 Test Loss: 0.1238112
EarlyStopping counter: 7 out of 20
Updating learning rate to 1.0907297040714925e-05
	iters: 100, epoch: 256 | loss: 0.1118579
	speed: 0.0911s/iter; left time: 1277.7924s
	iters: 200, epoch: 256 | loss: 0.1070002
	speed: 0.0333s/iter; left time: 463.4618s
	iters: 300, epoch: 256 | loss: 0.1002572
	speed: 0.0330s/iter; left time: 456.9680s
Epoch: 256 cost time: 10.807039976119995
[2025-05-29 05:51:13] [32mIntermediate result: 0.12346498  (Index 255)[0m
Epoch: 256, Steps: 314 | Train Loss: 0.0956694 Vali Loss: 0.1195529 Test Loss: 0.1234650
Validation loss decreased (0.119734 --> 0.119553).  Saving model ...
Updating learning rate to 1.0445349306932418e-05
	iters: 100, epoch: 257 | loss: 0.0836470
	speed: 0.0917s/iter; left time: 1257.2601s
	iters: 200, epoch: 257 | loss: 0.1026607
	speed: 0.0342s/iter; left time: 465.8311s
	iters: 300, epoch: 257 | loss: 0.0958545
	speed: 0.0335s/iter; left time: 453.3511s
Epoch: 257 cost time: 11.041063785552979
[2025-05-29 05:51:29] [32mIntermediate result: 0.12355925  (Index 256)[0m
Epoch: 257, Steps: 314 | Train Loss: 0.0956874 Vali Loss: 0.1202649 Test Loss: 0.1235593
EarlyStopping counter: 1 out of 20
Updating learning rate to 9.992253805524815e-06
	iters: 100, epoch: 258 | loss: 0.0968050
	speed: 0.0922s/iter; left time: 1235.9443s
	iters: 200, epoch: 258 | loss: 0.1004787
	speed: 0.0331s/iter; left time: 440.9884s
	iters: 300, epoch: 258 | loss: 0.0968945
	speed: 0.0355s/iter; left time: 468.1348s
Epoch: 258 cost time: 11.21699857711792
[2025-05-29 05:51:46] [32mIntermediate result: 0.12362876  (Index 257)[0m
Epoch: 258, Steps: 314 | Train Loss: 0.0956148 Vali Loss: 0.1198640 Test Loss: 0.1236288
EarlyStopping counter: 2 out of 20
Updating learning rate to 9.548111937624906e-06
	iters: 100, epoch: 259 | loss: 0.0915073
	speed: 0.0917s/iter; left time: 1199.7129s
	iters: 200, epoch: 259 | loss: 0.0987907
	speed: 0.0326s/iter; left time: 423.3444s
	iters: 300, epoch: 259 | loss: 0.0983675
	speed: 0.0330s/iter; left time: 425.0984s
Epoch: 259 cost time: 10.73026990890503
[2025-05-29 05:52:01] [32mIntermediate result: 0.1232544  (Index 258)[0m
Epoch: 259, Steps: 314 | Train Loss: 0.0955571 Vali Loss: 0.1198182 Test Loss: 0.1232544
EarlyStopping counter: 3 out of 20
Updating learning rate to 9.113023100574665e-06
	iters: 100, epoch: 260 | loss: 0.0887414
	speed: 0.0917s/iter; left time: 1171.7310s
	iters: 200, epoch: 260 | loss: 0.1056044
	speed: 0.0330s/iter; left time: 418.7787s
	iters: 300, epoch: 260 | loss: 0.0977995
	speed: 0.0332s/iter; left time: 417.4680s
Epoch: 260 cost time: 10.807064771652222
[2025-05-29 05:52:17] [32mIntermediate result: 0.12363099  (Index 259)[0m
Epoch: 260, Steps: 314 | Train Loss: 0.0955316 Vali Loss: 0.1200050 Test Loss: 0.1236310
EarlyStopping counter: 4 out of 20
Updating learning rate to 8.687084665680591e-06
	iters: 100, epoch: 261 | loss: 0.0951659
	speed: 0.0929s/iter; left time: 1157.5871s
	iters: 200, epoch: 261 | loss: 0.0912922
	speed: 0.0332s/iter; left time: 409.8638s
	iters: 300, epoch: 261 | loss: 0.0965896
	speed: 0.0334s/iter; left time: 409.2887s
Epoch: 261 cost time: 10.805701494216919
[2025-05-29 05:52:33] [32mIntermediate result: 0.1233744  (Index 260)[0m
Epoch: 261, Steps: 314 | Train Loss: 0.0955246 Vali Loss: 0.1201365 Test Loss: 0.1233744
EarlyStopping counter: 5 out of 20
Updating learning rate to 8.270391956422258e-06
	iters: 100, epoch: 262 | loss: 0.0955091
	speed: 0.0910s/iter; left time: 1105.4839s
	iters: 200, epoch: 262 | loss: 0.0858892
	speed: 0.0333s/iter; left time: 400.5836s
	iters: 300, epoch: 262 | loss: 0.1120096
	speed: 0.0333s/iter; left time: 398.2808s
Epoch: 262 cost time: 10.828807353973389
[2025-05-29 05:52:49] [32mIntermediate result: 0.12374107  (Index 261)[0m
Epoch: 262, Steps: 314 | Train Loss: 0.0955561 Vali Loss: 0.1199635 Test Loss: 0.1237411
EarlyStopping counter: 6 out of 20
Updating learning rate to 7.86303822711935e-06
	iters: 100, epoch: 263 | loss: 0.0886522
	speed: 0.0900s/iter; left time: 1064.6567s
	iters: 200, epoch: 263 | loss: 0.1098893
	speed: 0.0333s/iter; left time: 391.2873s
	iters: 300, epoch: 263 | loss: 0.1045743
	speed: 0.0331s/iter; left time: 384.8352s
Epoch: 263 cost time: 10.805720090866089
[2025-05-29 05:53:05] [32mIntermediate result: 0.12334456  (Index 262)[0m
Epoch: 263, Steps: 314 | Train Loss: 0.0954234 Vali Loss: 0.1200621 Test Loss: 0.1233446
EarlyStopping counter: 7 out of 20
Updating learning rate to 7.4651146420616516e-06
	iters: 100, epoch: 264 | loss: 0.0868545
	speed: 0.0977s/iter; left time: 1125.8453s
	iters: 200, epoch: 264 | loss: 0.0975701
	speed: 0.0334s/iter; left time: 381.2070s
	iters: 300, epoch: 264 | loss: 0.0819222
	speed: 0.0334s/iter; left time: 378.4962s
Epoch: 264 cost time: 11.061704397201538
[2025-05-29 05:53:21] [32mIntermediate result: 0.12380072  (Index 263)[0m
Epoch: 264, Steps: 314 | Train Loss: 0.0954078 Vali Loss: 0.1198726 Test Loss: 0.1238007
EarlyStopping counter: 8 out of 20
Updating learning rate to 7.0767102551068015e-06
	iters: 100, epoch: 265 | loss: 0.0925678
	speed: 0.0914s/iter; left time: 1023.9582s
	iters: 200, epoch: 265 | loss: 0.1038346
	speed: 0.0334s/iter; left time: 371.3043s
	iters: 300, epoch: 265 | loss: 0.0986152
	speed: 0.0335s/iter; left time: 368.2239s
Epoch: 265 cost time: 10.93273115158081
[2025-05-29 05:53:37] [32mIntermediate result: 0.12351272  (Index 264)[0m
Epoch: 265, Steps: 314 | Train Loss: 0.0954089 Vali Loss: 0.1200756 Test Loss: 0.1235127
EarlyStopping counter: 9 out of 20
Updating learning rate to 6.697911989750341e-06
	iters: 100, epoch: 266 | loss: 0.0949716
	speed: 0.0915s/iter; left time: 996.8845s
	iters: 200, epoch: 266 | loss: 0.0946324
	speed: 0.0330s/iter; left time: 356.1230s
	iters: 300, epoch: 266 | loss: 0.0941615
	speed: 0.0355s/iter; left time: 379.2953s
Epoch: 266 cost time: 11.013900756835938
[2025-05-29 05:53:53] [32mIntermediate result: 0.12363086  (Index 265)[0m
Epoch: 266, Steps: 314 | Train Loss: 0.0953432 Vali Loss: 0.1203666 Test Loss: 0.1236309
EarlyStopping counter: 10 out of 20
Updating learning rate to 6.3288046196726265e-06
	iters: 100, epoch: 267 | loss: 0.0906418
	speed: 0.0914s/iter; left time: 966.4577s
	iters: 200, epoch: 267 | loss: 0.0831522
	speed: 0.0334s/iter; left time: 350.4182s
	iters: 300, epoch: 267 | loss: 0.0798405
	speed: 0.0327s/iter; left time: 339.1112s
Epoch: 267 cost time: 10.818571329116821
[2025-05-29 05:54:08] [32mIntermediate result: 0.123444326  (Index 266)[0m
Epoch: 267, Steps: 314 | Train Loss: 0.0952893 Vali Loss: 0.1198228 Test Loss: 0.1234443
EarlyStopping counter: 11 out of 20
Updating learning rate to 5.969470749766684e-06
	iters: 100, epoch: 268 | loss: 0.0848113
	speed: 0.0913s/iter; left time: 937.2222s
	iters: 200, epoch: 268 | loss: 0.0982553
	speed: 0.0331s/iter; left time: 336.4744s
	iters: 300, epoch: 268 | loss: 0.0915763
	speed: 0.0331s/iter; left time: 332.8711s
Epoch: 268 cost time: 10.82808542251587
[2025-05-29 05:54:24] [32mIntermediate result: 0.123266704  (Index 267)[0m
Epoch: 268, Steps: 314 | Train Loss: 0.0952572 Vali Loss: 0.1198473 Test Loss: 0.1232667
EarlyStopping counter: 12 out of 20
Updating learning rate to 5.61999079765163e-06
	iters: 100, epoch: 269 | loss: 0.0997969
	speed: 0.0913s/iter; left time: 908.8180s
	iters: 200, epoch: 269 | loss: 0.1159413
	speed: 0.0336s/iter; left time: 331.0339s
	iters: 300, epoch: 269 | loss: 0.0996651
	speed: 0.0332s/iter; left time: 323.7429s
Epoch: 269 cost time: 10.834624528884888
[2025-05-29 05:54:40] [32mIntermediate result: 0.123344935  (Index 268)[0m
Epoch: 269, Steps: 314 | Train Loss: 0.0952681 Vali Loss: 0.1197378 Test Loss: 0.1233449
EarlyStopping counter: 13 out of 20
Updating learning rate to 5.280442975675436e-06
	iters: 100, epoch: 270 | loss: 0.0957229
	speed: 0.0915s/iter; left time: 881.2809s
	iters: 200, epoch: 270 | loss: 0.1119965
	speed: 0.0339s/iter; left time: 323.0071s
	iters: 300, epoch: 270 | loss: 0.0952207
	speed: 0.0345s/iter; left time: 325.2114s
Epoch: 270 cost time: 11.061178207397461
[2025-05-29 05:54:56] [32mIntermediate result: 0.12336836  (Index 269)[0m
Epoch: 270, Steps: 314 | Train Loss: 0.0952412 Vali Loss: 0.1197618 Test Loss: 0.1233684
EarlyStopping counter: 14 out of 20
Updating learning rate to 4.950903273411319e-06
	iters: 100, epoch: 271 | loss: 0.1138785
	speed: 0.0928s/iter; left time: 865.0605s
	iters: 200, epoch: 271 | loss: 0.0948504
	speed: 0.0334s/iter; left time: 307.8363s
	iters: 300, epoch: 271 | loss: 0.1087628
	speed: 0.0335s/iter; left time: 305.2936s
Epoch: 271 cost time: 10.854978799819946
[2025-05-29 05:55:12] [32mIntermediate result: 0.12335432  (Index 270)[0m
Epoch: 271, Steps: 314 | Train Loss: 0.0951660 Vali Loss: 0.1197952 Test Loss: 0.1233543
EarlyStopping counter: 15 out of 20
Updating learning rate to 4.631445440651519e-06
	iters: 100, epoch: 272 | loss: 0.1037207
	speed: 0.0908s/iter; left time: 818.1267s
	iters: 200, epoch: 272 | loss: 0.0824851
	speed: 0.0332s/iter; left time: 295.7512s
	iters: 300, epoch: 272 | loss: 0.0854799
	speed: 0.0333s/iter; left time: 293.0155s
Epoch: 272 cost time: 10.837819576263428
[2025-05-29 05:55:28] [32mIntermediate result: 0.12307309  (Index 271)[0m
Epoch: 272, Steps: 314 | Train Loss: 0.0951524 Vali Loss: 0.1196546 Test Loss: 0.1230731
EarlyStopping counter: 16 out of 20
Updating learning rate to 4.322140970902406e-06
	iters: 100, epoch: 273 | loss: 0.0967910
	speed: 0.0913s/iter; left time: 793.3217s
	iters: 200, epoch: 273 | loss: 0.0828940
	speed: 0.0333s/iter; left time: 285.8239s
	iters: 300, epoch: 273 | loss: 0.1042645
	speed: 0.0333s/iter; left time: 282.8504s
Epoch: 273 cost time: 10.819805145263672
[2025-05-29 05:55:43] [32mIntermediate result: 0.123375736  (Index 272)[0m
Epoch: 273, Steps: 314 | Train Loss: 0.0951394 Vali Loss: 0.1198484 Test Loss: 0.1233757
EarlyStopping counter: 17 out of 20
Updating learning rate to 4.0230590853844515e-06
	iters: 100, epoch: 274 | loss: 0.0841764
	speed: 0.0906s/iter; left time: 759.2349s
	iters: 200, epoch: 274 | loss: 0.1117870
	speed: 0.0336s/iter; left time: 277.9065s
	iters: 300, epoch: 274 | loss: 0.0838076
	speed: 0.0340s/iter; left time: 278.2915s
Epoch: 274 cost time: 10.895426511764526
[2025-05-29 05:55:59] [32mIntermediate result: 0.12311917  (Index 273)[0m
Epoch: 274, Steps: 314 | Train Loss: 0.0950616 Vali Loss: 0.1197169 Test Loss: 0.1231192
EarlyStopping counter: 18 out of 20
Updating learning rate to 3.734266717540788e-06
	iters: 100, epoch: 275 | loss: 0.1019266
	speed: 0.0908s/iter; left time: 732.4873s
	iters: 200, epoch: 275 | loss: 0.0938912
	speed: 0.0333s/iter; left time: 264.9251s
	iters: 300, epoch: 275 | loss: 0.1016763
	speed: 0.0331s/iter; left time: 260.3997s
Epoch: 275 cost time: 10.784823894500732
[2025-05-29 05:56:15] [32mIntermediate result: 0.12314998  (Index 274)[0m
Epoch: 275, Steps: 314 | Train Loss: 0.0951028 Vali Loss: 0.1196551 Test Loss: 0.1231500
EarlyStopping counter: 19 out of 20
Updating learning rate to 3.4558284980577666e-06
	iters: 100, epoch: 276 | loss: 0.1129623
	speed: 0.0923s/iter; left time: 715.4036s
	iters: 200, epoch: 276 | loss: 0.0965606
	speed: 0.0336s/iter; left time: 256.7051s
	iters: 300, epoch: 276 | loss: 0.0970568
	speed: 0.0332s/iter; left time: 250.3299s
Epoch: 276 cost time: 10.933685541152954
[2025-05-29 05:56:31] [32mIntermediate result: 0.12318982  (Index 275)[0m
Epoch: 276, Steps: 314 | Train Loss: 0.0950443 Vali Loss: 0.1197681 Test Loss: 0.1231898
EarlyStopping counter: 20 out of 20
Early stopping
>>>>>>>testing : 96_24_PRNN_TST_PEMS_ftM_sl96_ll18_pl24_dm16_nh4_el3_dl1_df128_fc1_ebtimeF_dtTrue_Exp_0<<<<<<<<<<<<<<<<<<<<<<<<<<<<<<<<<
test 3280
mse:0.12346489727497101, mae:0.23067575693130493, rse:0.34467172622680664
[2025-05-29 05:56:36] [32mFinal result: 0.1234649[0m
