Args in experiment:
Namespace(activation='gelu', affine=1, batch_size=32, c_out=7, checkpoints='./checkpoints/', d_ff=128, d_layers=1, d_model=16, data='PEMS', data_path='PEMS04.npz', dec_in=7, decomposition=0, des='Exp', device_ids=[0, 1], devices='0,1', dis=10, distil=True, do_predict=False, dropout=0.3, dvices='0,1', e_layers=3, embed='timeF', embed_type=0, enc_in=307, factor=1, fc_dropout=0.3, features='M', freq='h', gpu=0, head_dropout=0.0, hidden_size=512, individual=0, is_training=1, itr=1, k=20, kernel_size=25, label_len=18, learning_rate=0.0001, loss='mse', lradj='TST', model='PRNN_TST', model_id='96_96', moving_avg=25, n_heads=4, num_layers=1, num_workers=10, output_attention=False, padding_patch='end', patch_len=16, patience=20, pct_start=0.3, pred_len=96, random_seed=2021, revin=1, rnn_inp=96, root_path='./dataset/', seq_len=96, stride=8, subtract_last=0, target='OT', test_flop=False, top_k=3, train_epochs=300, use_amp=False, use_gpu=True, use_multi_gpu=True)
Use GPU: cuda:0
>>>>>>>start training : 96_96_PRNN_TST_PEMS_ftM_sl96_ll18_pl96_dm16_nh4_el3_dl1_df128_fc1_ebtimeF_dtTrue_Exp_0>>>>>>>>>>>>>>>>>>>>>>>>>>
module.model.revin_layer.affine_weight: 307
module.model.revin_layer.affine_bias: 307
module.model.rnn.weight_ih_l0: 262144
module.model.rnn.weight_hh_l0: 262144
module.model.rnn.bias_ih_l0: 512
module.model.rnn.bias_hh_l0: 512
module.model.embed.weight: 8192
module.model.embed.bias: 512
module.model.fc.weight: 540672
module.model.fc.bias: 96
Total trainable parameters: 1075398
train 10004
val 3207
test 3208
	iters: 100, epoch: 1 | loss: 1.5565723
	speed: 0.0528s/iter; left time: 4940.0105s
	iters: 200, epoch: 1 | loss: 1.4196570
	speed: 0.0347s/iter; left time: 3240.1140s
	iters: 300, epoch: 1 | loss: 1.1273794
	speed: 0.0344s/iter; left time: 3213.0391s
Epoch: 1 cost time: 12.028139591217041
[2025-05-29 07:20:49] [32mIntermediate result: 1.3356143  (Index 0)[0m
Epoch: 1, Steps: 312 | Train Loss: 1.5024063 Vali Loss: 1.4469600 Test Loss: 1.3356143
Validation loss decreased (inf --> 1.446960).  Saving model ...
Updating learning rate to 4.029242385625837e-06
	iters: 100, epoch: 2 | loss: 1.0306362
	speed: 0.1013s/iter; left time: 9436.9486s
	iters: 200, epoch: 2 | loss: 1.1957051
	speed: 0.0354s/iter; left time: 3294.1761s
	iters: 300, epoch: 2 | loss: 1.1123651
	speed: 0.0353s/iter; left time: 3285.7046s
Epoch: 2 cost time: 11.642819166183472
[2025-05-29 07:21:07] [32mIntermediate result: 1.20056  (Index 1)[0m
Epoch: 2, Steps: 312 | Train Loss: 1.2306703 Vali Loss: 1.3089908 Test Loss: 1.2005600
Validation loss decreased (1.446960 --> 1.308991).  Saving model ...
Updating learning rate to 4.11693391262345e-06
	iters: 100, epoch: 3 | loss: 1.0936489
	speed: 0.1100s/iter; left time: 10220.6846s
	iters: 200, epoch: 3 | loss: 1.1748166
	speed: 0.0354s/iter; left time: 3282.7019s
	iters: 300, epoch: 3 | loss: 1.0018843
	speed: 0.0353s/iter; left time: 3275.3808s
Epoch: 3 cost time: 11.620296716690063
[2025-05-29 07:21:24] [32mIntermediate result: 1.0679094  (Index 2)[0m
Epoch: 3, Steps: 312 | Train Loss: 1.1058763 Vali Loss: 1.1741369 Test Loss: 1.0679094
Validation loss decreased (1.308991 --> 1.174137).  Saving model ...
Updating learning rate to 4.262967734765824e-06
	iters: 100, epoch: 4 | loss: 1.0723670
	speed: 0.1033s/iter; left time: 9557.8088s
	iters: 200, epoch: 4 | loss: 0.9670853
	speed: 0.0354s/iter; left time: 3274.0233s
	iters: 300, epoch: 4 | loss: 0.8813038
	speed: 0.0353s/iter; left time: 3261.9016s
Epoch: 4 cost time: 11.51571774482727
[2025-05-29 07:21:42] [32mIntermediate result: 0.9694845  (Index 3)[0m
Epoch: 4, Steps: 312 | Train Loss: 0.9993489 Vali Loss: 1.0733862 Test Loss: 0.9694845
Validation loss decreased (1.174137 --> 1.073386).  Saving model ...
Updating learning rate to 4.467165919663747e-06
	iters: 100, epoch: 5 | loss: 0.9699477
	speed: 0.1111s/iter; left time: 10253.7699s
	iters: 200, epoch: 5 | loss: 0.8474708
	speed: 0.0355s/iter; left time: 3272.1761s
	iters: 300, epoch: 5 | loss: 0.8221327
	speed: 0.0365s/iter; left time: 3363.0175s
Epoch: 5 cost time: 11.960051536560059
[2025-05-29 07:22:00] [32mIntermediate result: 0.9035445  (Index 4)[0m
Epoch: 5, Steps: 312 | Train Loss: 0.9251469 Vali Loss: 1.0030656 Test Loss: 0.9035445
Validation loss decreased (1.073386 --> 1.003066).  Saving model ...
Updating learning rate to 4.72927966556439e-06
	iters: 100, epoch: 6 | loss: 0.9361544
	speed: 0.1068s/iter; left time: 9818.0338s
	iters: 200, epoch: 6 | loss: 0.8516700
	speed: 0.0354s/iter; left time: 3249.8083s
	iters: 300, epoch: 6 | loss: 0.8504299
	speed: 0.0367s/iter; left time: 3363.1690s
Epoch: 6 cost time: 11.69488787651062
[2025-05-29 07:22:18] [32mIntermediate result: 0.85551614  (Index 5)[0m
Epoch: 6, Steps: 312 | Train Loss: 0.8713968 Vali Loss: 0.9489286 Test Loss: 0.8555161
Validation loss decreased (1.003066 --> 0.948929).  Saving model ...
Updating learning rate to 5.048989604499647e-06
	iters: 100, epoch: 7 | loss: 0.7814072
	speed: 0.1065s/iter; left time: 9758.2461s
	iters: 200, epoch: 7 | loss: 0.8233443
	speed: 0.0356s/iter; left time: 3261.2461s
	iters: 300, epoch: 7 | loss: 0.7482598
	speed: 0.0350s/iter; left time: 3204.3452s
Epoch: 7 cost time: 11.556501388549805
[2025-05-29 07:22:36] [32mIntermediate result: 0.81632125  (Index 6)[0m
Epoch: 7, Steps: 312 | Train Loss: 0.8288498 Vali Loss: 0.9050584 Test Loss: 0.8163213
Validation loss decreased (0.948929 --> 0.905058).  Saving model ...
Updating learning rate to 5.4259061914143974e-06
	iters: 100, epoch: 8 | loss: 0.8110006
	speed: 0.1071s/iter; left time: 9777.7756s
	iters: 200, epoch: 8 | loss: 0.9328362
	speed: 0.0354s/iter; left time: 3224.7161s
	iters: 300, epoch: 8 | loss: 0.8825292
	speed: 0.0366s/iter; left time: 3334.6633s
Epoch: 8 cost time: 11.779771327972412
[2025-05-29 07:22:54] [32mIntermediate result: 0.78701776  (Index 7)[0m
Epoch: 8, Steps: 312 | Train Loss: 0.7954367 Vali Loss: 0.8742586 Test Loss: 0.7870178
Validation loss decreased (0.905058 --> 0.874259).  Saving model ...
Updating learning rate to 5.859570178800969e-06
	iters: 100, epoch: 9 | loss: 0.7539853
	speed: 0.1062s/iter; left time: 9666.9264s
	iters: 200, epoch: 9 | loss: 0.7339777
	speed: 0.0354s/iter; left time: 3216.9561s
	iters: 300, epoch: 9 | loss: 0.7591021
	speed: 0.0350s/iter; left time: 3181.4787s
Epoch: 9 cost time: 11.523828744888306
[2025-05-29 07:23:11] [32mIntermediate result: 0.7631897  (Index 8)[0m
Epoch: 9, Steps: 312 | Train Loss: 0.7697907 Vali Loss: 0.8423934 Test Loss: 0.7631897
Validation loss decreased (0.874259 --> 0.842393).  Saving model ...
Updating learning rate to 6.349453176261453e-06
	iters: 100, epoch: 10 | loss: 0.6970348
	speed: 0.1073s/iter; left time: 9734.1225s
	iters: 200, epoch: 10 | loss: 0.7488427
	speed: 0.0351s/iter; left time: 3177.0487s
	iters: 300, epoch: 10 | loss: 0.6260183
	speed: 0.0355s/iter; left time: 3210.2257s
Epoch: 10 cost time: 11.556981325149536
[2025-05-29 07:23:29] [32mIntermediate result: 0.7450479  (Index 9)[0m
Epoch: 10, Steps: 312 | Train Loss: 0.7481960 Vali Loss: 0.8244821 Test Loss: 0.7450479
Validation loss decreased (0.842393 --> 0.824482).  Saving model ...
Updating learning rate to 6.894958294315651e-06
	iters: 100, epoch: 11 | loss: 0.7297155
	speed: 0.1088s/iter; left time: 9830.8845s
	iters: 200, epoch: 11 | loss: 0.7167469
	speed: 0.0350s/iter; left time: 3163.6113s
	iters: 300, epoch: 11 | loss: 0.6806197
	speed: 0.0354s/iter; left time: 3192.2164s
Epoch: 11 cost time: 11.514240741729736
[2025-05-29 07:23:47] [32mIntermediate result: 0.7279856  (Index 10)[0m
Epoch: 11, Steps: 312 | Train Loss: 0.7301369 Vali Loss: 0.7997830 Test Loss: 0.7279856
Validation loss decreased (0.824482 --> 0.799783).  Saving model ...
Updating learning rate to 7.495420871670992e-06
	iters: 100, epoch: 12 | loss: 0.7132143
	speed: 0.1109s/iter; left time: 9987.4070s
	iters: 200, epoch: 12 | loss: 0.6035822
	speed: 0.0388s/iter; left time: 3486.6640s
	iters: 300, epoch: 12 | loss: 0.6929297
	speed: 0.0362s/iter; left time: 3255.2977s
Epoch: 12 cost time: 12.258152723312378
[2025-05-29 07:24:06] [32mIntermediate result: 0.71432763  (Index 11)[0m
Epoch: 12, Steps: 312 | Train Loss: 0.7158462 Vali Loss: 0.7814145 Test Loss: 0.7143276
Validation loss decreased (0.799783 --> 0.781415).  Saving model ...
Updating learning rate to 8.1501092850674e-06
	iters: 100, epoch: 13 | loss: 0.6178406
	speed: 0.1086s/iter; left time: 9746.5682s
	iters: 200, epoch: 13 | loss: 0.6673669
	speed: 0.0353s/iter; left time: 3163.7621s
	iters: 300, epoch: 13 | loss: 0.6897873
	speed: 0.0359s/iter; left time: 3215.9196s
Epoch: 13 cost time: 11.559285879135132
[2025-05-29 07:24:24] [32mIntermediate result: 0.70245713  (Index 12)[0m
Epoch: 13, Steps: 312 | Train Loss: 0.7015157 Vali Loss: 0.7678730 Test Loss: 0.7024571
Validation loss decreased (0.781415 --> 0.767873).  Saving model ...
Updating learning rate to 8.858225840711179e-06
	iters: 100, epoch: 14 | loss: 0.5072147
	speed: 0.1088s/iter; left time: 9727.3199s
	iters: 200, epoch: 14 | loss: 0.6969780
	speed: 0.0378s/iter; left time: 3378.6205s
	iters: 300, epoch: 14 | loss: 0.6812435
	speed: 0.0380s/iter; left time: 3390.2125s
Epoch: 14 cost time: 12.271329641342163
[2025-05-29 07:24:42] [32mIntermediate result: 0.69038314  (Index 13)[0m
Epoch: 14, Steps: 312 | Train Loss: 0.6899072 Vali Loss: 0.7501676 Test Loss: 0.6903831
Validation loss decreased (0.767873 --> 0.750168).  Saving model ...
Updating learning rate to 9.618907746211127e-06
	iters: 100, epoch: 15 | loss: 0.6275300
	speed: 0.1055s/iter; left time: 9402.1939s
	iters: 200, epoch: 15 | loss: 0.7425222
	speed: 0.0348s/iter; left time: 3099.1387s
	iters: 300, epoch: 15 | loss: 0.7332917
	speed: 0.0349s/iter; left time: 3104.6081s
Epoch: 15 cost time: 11.439563274383545
[2025-05-29 07:25:00] [32mIntermediate result: 0.6855004  (Index 14)[0m
Epoch: 15, Steps: 312 | Train Loss: 0.6783020 Vali Loss: 0.7427194 Test Loss: 0.6855004
Validation loss decreased (0.750168 --> 0.742719).  Saving model ...
Updating learning rate to 1.0431228161833132e-05
	iters: 100, epoch: 16 | loss: 0.6407303
	speed: 0.1091s/iter; left time: 9689.4542s
	iters: 200, epoch: 16 | loss: 0.7608863
	speed: 0.0353s/iter; left time: 3133.4477s
	iters: 300, epoch: 16 | loss: 0.6585420
	speed: 0.0354s/iter; left time: 3132.8581s
Epoch: 16 cost time: 11.58342957496643
[2025-05-29 07:25:17] [32mIntermediate result: 0.67087424  (Index 15)[0m
Epoch: 16, Steps: 312 | Train Loss: 0.6701683 Vali Loss: 0.7264380 Test Loss: 0.6708742
Validation loss decreased (0.742719 --> 0.726438).  Saving model ...
Updating learning rate to 1.1294197329791983e-05
	iters: 100, epoch: 17 | loss: 0.6441916
	speed: 0.1065s/iter; left time: 9426.6747s
	iters: 200, epoch: 17 | loss: 0.6769583
	speed: 0.0351s/iter; left time: 3106.0025s
	iters: 300, epoch: 17 | loss: 0.6098215
	speed: 0.0354s/iter; left time: 3123.9108s
Epoch: 17 cost time: 11.549001932144165
[2025-05-29 07:25:35] [32mIntermediate result: 0.6630766  (Index 16)[0m
Epoch: 17, Steps: 312 | Train Loss: 0.6598031 Vali Loss: 0.7128459 Test Loss: 0.6630766
Validation loss decreased (0.726438 --> 0.712846).  Saving model ...
Updating learning rate to 1.2206763780204621e-05
	iters: 100, epoch: 18 | loss: 0.6007432
	speed: 0.1050s/iter; left time: 9258.1497s
	iters: 200, epoch: 18 | loss: 0.6035849
	speed: 0.0352s/iter; left time: 3100.3357s
	iters: 300, epoch: 18 | loss: 0.7333804
	speed: 0.0354s/iter; left time: 3115.7775s
Epoch: 18 cost time: 11.650050640106201
[2025-05-29 07:25:53] [32mIntermediate result: 0.6551583  (Index 17)[0m
Epoch: 18, Steps: 312 | Train Loss: 0.6515559 Vali Loss: 0.7093853 Test Loss: 0.6551583
Validation loss decreased (0.712846 --> 0.709385).  Saving model ...
Updating learning rate to 1.3167815612235564e-05
	iters: 100, epoch: 19 | loss: 0.6441621
	speed: 0.1121s/iter; left time: 9856.1359s
	iters: 200, epoch: 19 | loss: 0.7151712
	speed: 0.0353s/iter; left time: 3099.7521s
	iters: 300, epoch: 19 | loss: 0.6312012
	speed: 0.0353s/iter; left time: 3094.8103s
Epoch: 19 cost time: 11.723193407058716
[2025-05-29 07:26:11] [32mIntermediate result: 0.6486763  (Index 18)[0m
Epoch: 19, Steps: 312 | Train Loss: 0.6425771 Vali Loss: 0.6924295 Test Loss: 0.6486763
Validation loss decreased (0.709385 --> 0.692429).  Saving model ...
Updating learning rate to 1.4176181848873194e-05
	iters: 100, epoch: 20 | loss: 0.7225727
	speed: 0.1563s/iter; left time: 13690.7211s
	iters: 200, epoch: 20 | loss: 0.6210356
	speed: 0.0360s/iter; left time: 3150.8442s
	iters: 300, epoch: 20 | loss: 0.6911010
	speed: 0.0354s/iter; left time: 3092.6613s
Epoch: 20 cost time: 16.6193687915802
[2025-05-29 07:26:34] [32mIntermediate result: 0.6414658  (Index 19)[0m
Epoch: 20, Steps: 312 | Train Loss: 0.6354246 Vali Loss: 0.6904305 Test Loss: 0.6414658
Validation loss decreased (0.692429 --> 0.690430).  Saving model ...
Updating learning rate to 1.5230633863686489e-05
	iters: 100, epoch: 21 | loss: 0.6535423
	speed: 0.1075s/iter; left time: 9377.1360s
	iters: 200, epoch: 21 | loss: 0.7301075
	speed: 0.0374s/iter; left time: 3260.2734s
	iters: 300, epoch: 21 | loss: 0.6555359
	speed: 0.0377s/iter; left time: 3277.9920s
Epoch: 21 cost time: 12.264977216720581
[2025-05-29 07:26:52] [32mIntermediate result: 0.6339033  (Index 20)[0m
Epoch: 21, Steps: 312 | Train Loss: 0.6297118 Vali Loss: 0.6776382 Test Loss: 0.6339033
Validation loss decreased (0.690430 --> 0.677638).  Saving model ...
Updating learning rate to 1.6329886877823783e-05
	iters: 100, epoch: 22 | loss: 0.6980914
	speed: 0.1062s/iter; left time: 9234.6862s
	iters: 200, epoch: 22 | loss: 0.6273103
	speed: 0.0361s/iter; left time: 3135.1577s
	iters: 300, epoch: 22 | loss: 0.6873569
	speed: 0.0353s/iter; left time: 3058.9600s
Epoch: 22 cost time: 11.656512975692749
[2025-05-29 07:27:09] [32mIntermediate result: 0.6270247  (Index 21)[0m
Epoch: 22, Steps: 312 | Train Loss: 0.6236215 Vali Loss: 0.6747314 Test Loss: 0.6270247
Validation loss decreased (0.677638 --> 0.674731).  Saving model ...
Updating learning rate to 1.7472601525429223e-05
	iters: 100, epoch: 23 | loss: 0.6297035
	speed: 0.1014s/iter; left time: 8784.9545s
	iters: 200, epoch: 23 | loss: 0.6196303
	speed: 0.0353s/iter; left time: 3051.5872s
	iters: 300, epoch: 23 | loss: 0.5574486
	speed: 0.0354s/iter; left time: 3056.9570s
Epoch: 23 cost time: 11.548079252243042
[2025-05-29 07:27:27] [32mIntermediate result: 0.6205176  (Index 22)[0m
Epoch: 23, Steps: 312 | Train Loss: 0.6152051 Vali Loss: 0.6605253 Test Loss: 0.6205176
Validation loss decreased (0.674731 --> 0.660525).  Saving model ...
Updating learning rate to 1.8657385485570095e-05
	iters: 100, epoch: 24 | loss: 0.6072433
	speed: 0.1092s/iter; left time: 9424.6377s
	iters: 200, epoch: 24 | loss: 0.6019840
	speed: 0.0355s/iter; left time: 3059.9900s
	iters: 300, epoch: 24 | loss: 0.5530190
	speed: 0.0355s/iter; left time: 3055.2024s
Epoch: 24 cost time: 11.621323108673096
[2025-05-29 07:27:46] [32mIntermediate result: 0.61373603  (Index 23)[0m
Epoch: 24, Steps: 312 | Train Loss: 0.6091977 Vali Loss: 0.6547434 Test Loss: 0.6137360
Validation loss decreased (0.660525 --> 0.654743).  Saving model ...
Updating learning rate to 1.988279517868616e-05
	iters: 100, epoch: 25 | loss: 0.5098743
	speed: 0.1107s/iter; left time: 9524.3593s
	iters: 200, epoch: 25 | loss: 0.5180056
	speed: 0.0353s/iter; left time: 3029.6619s
	iters: 300, epoch: 25 | loss: 0.5714295
	speed: 0.0354s/iter; left time: 3040.2907s
Epoch: 25 cost time: 11.492785692214966
[2025-05-29 07:28:03] [32mIntermediate result: 0.6050561  (Index 24)[0m
Epoch: 25, Steps: 312 | Train Loss: 0.6006367 Vali Loss: 0.6473044 Test Loss: 0.6050561
Validation loss decreased (0.654743 --> 0.647304).  Saving model ...
Updating learning rate to 2.1147337525494227e-05
	iters: 100, epoch: 26 | loss: 0.5917794
	speed: 0.1064s/iter; left time: 9115.3910s
	iters: 200, epoch: 26 | loss: 0.5544531
	speed: 0.0354s/iter; left time: 3030.3450s
	iters: 300, epoch: 26 | loss: 0.6087199
	speed: 0.0349s/iter; left time: 2983.1558s
Epoch: 26 cost time: 11.470746517181396
[2025-05-29 07:28:21] [32mIntermediate result: 0.5989732  (Index 25)[0m
Epoch: 26, Steps: 312 | Train Loss: 0.5969016 Vali Loss: 0.6381729 Test Loss: 0.5989732
Validation loss decreased (0.647304 --> 0.638173).  Saving model ...
Updating learning rate to 2.2449471766204947e-05
	iters: 100, epoch: 27 | loss: 0.6449116
	speed: 0.1036s/iter; left time: 8846.4241s
	iters: 200, epoch: 27 | loss: 0.5935348
	speed: 0.0364s/iter; left time: 3104.4361s
	iters: 300, epoch: 27 | loss: 0.5807482
	speed: 0.0353s/iter; left time: 3003.5474s
Epoch: 27 cost time: 11.727758646011353
[2025-05-29 07:28:39] [32mIntermediate result: 0.59040624  (Index 26)[0m
Epoch: 27, Steps: 312 | Train Loss: 0.5860775 Vali Loss: 0.6301581 Test Loss: 0.5904062
Validation loss decreased (0.638173 --> 0.630158).  Saving model ...
Updating learning rate to 2.37876113378348e-05
	iters: 100, epoch: 28 | loss: 0.5355354
	speed: 0.1104s/iter; left time: 9395.1176s
	iters: 200, epoch: 28 | loss: 0.5286218
	speed: 0.0352s/iter; left time: 2991.6795s
	iters: 300, epoch: 28 | loss: 0.5556616
	speed: 0.0353s/iter; left time: 2993.7141s
Epoch: 28 cost time: 11.550128936767578
[2025-05-29 07:28:56] [32mIntermediate result: 0.5816872  (Index 27)[0m
Epoch: 28, Steps: 312 | Train Loss: 0.5796501 Vali Loss: 0.6202826 Test Loss: 0.5816872
Validation loss decreased (0.630158 --> 0.620283).  Saving model ...
Updating learning rate to 2.5160125807326548e-05
	iters: 100, epoch: 29 | loss: 0.5925114
	speed: 0.1064s/iter; left time: 9021.7765s
	iters: 200, epoch: 29 | loss: 0.6203434
	speed: 0.0355s/iter; left time: 3001.8467s
	iters: 300, epoch: 29 | loss: 0.5352099
	speed: 0.0355s/iter; left time: 2998.9376s
Epoch: 29 cost time: 11.597079277038574
[2025-05-29 07:29:14] [32mIntermediate result: 0.5743213  (Index 28)[0m
Epoch: 29, Steps: 312 | Train Loss: 0.5730205 Vali Loss: 0.6110408 Test Loss: 0.5743213
Validation loss decreased (0.620283 --> 0.611041).  Saving model ...
Updating learning rate to 2.656534285812209e-05
	iters: 100, epoch: 30 | loss: 0.5481350
	speed: 0.0993s/iter; left time: 8384.1825s
	iters: 200, epoch: 30 | loss: 0.5632920
	speed: 0.0370s/iter; left time: 3120.0613s
	iters: 300, epoch: 30 | loss: 0.5646795
	speed: 0.0388s/iter; left time: 3267.8729s
Epoch: 30 cost time: 12.131690979003906
[2025-05-29 07:29:32] [32mIntermediate result: 0.5723109  (Index 29)[0m
Epoch: 30, Steps: 312 | Train Loss: 0.5671599 Vali Loss: 0.6048309 Test Loss: 0.5723109
Validation loss decreased (0.611041 --> 0.604831).  Saving model ...
Updating learning rate to 2.800155032776775e-05
	iters: 100, epoch: 31 | loss: 0.5923704
	speed: 0.1094s/iter; left time: 9205.9807s
	iters: 200, epoch: 31 | loss: 0.5408056
	speed: 0.0361s/iter; left time: 3036.7491s
	iters: 300, epoch: 31 | loss: 0.5238952
	speed: 0.0352s/iter; left time: 2950.5529s
Epoch: 31 cost time: 11.752321720123291
[2025-05-29 07:29:49] [32mIntermediate result: 0.57216626  (Index 30)[0m
Epoch: 31, Steps: 312 | Train Loss: 0.5550338 Vali Loss: 0.6129662 Test Loss: 0.5721663
EarlyStopping counter: 1 out of 20
Updating learning rate to 2.9466998294069147e-05
	iters: 100, epoch: 32 | loss: 0.5630498
	speed: 0.1040s/iter; left time: 8716.7629s
	iters: 200, epoch: 32 | loss: 0.6219807
	speed: 0.0408s/iter; left time: 3413.3504s
	iters: 300, epoch: 32 | loss: 0.5378699
	speed: 0.0385s/iter; left time: 3223.8732s
Epoch: 32 cost time: 12.755910634994507
[2025-05-29 07:30:08] [32mIntermediate result: 0.5635723  (Index 31)[0m
Epoch: 32, Steps: 312 | Train Loss: 0.5459485 Vali Loss: 0.5943395 Test Loss: 0.5635723
Validation loss decreased (0.604831 --> 0.594340).  Saving model ...
Updating learning rate to 3.095990120725357e-05
	iters: 100, epoch: 33 | loss: 0.5589629
	speed: 0.1039s/iter; left time: 8679.2616s
	iters: 200, epoch: 33 | loss: 0.5194308
	speed: 0.0396s/iter; left time: 3299.2527s
	iters: 300, epoch: 33 | loss: 0.4423260
	speed: 0.0355s/iter; left time: 2954.1515s
Epoch: 33 cost time: 12.110673904418945
[2025-05-29 07:30:26] [32mIntermediate result: 0.5543365  (Index 32)[0m
Epoch: 33, Steps: 312 | Train Loss: 0.5377016 Vali Loss: 0.5922133 Test Loss: 0.5543365
Validation loss decreased (0.594340 --> 0.592213).  Saving model ...
Updating learning rate to 3.2478440065542285e-05
	iters: 100, epoch: 34 | loss: 0.5349526
	speed: 0.1064s/iter; left time: 8852.5574s
	iters: 200, epoch: 34 | loss: 0.6210487
	speed: 0.0353s/iter; left time: 2930.5668s
	iters: 300, epoch: 34 | loss: 0.5445987
	speed: 0.0348s/iter; left time: 2891.1794s
Epoch: 34 cost time: 11.502555131912231
[2025-05-29 07:30:43] [32mIntermediate result: 0.5338415  (Index 33)[0m
Epoch: 34, Steps: 312 | Train Loss: 0.5303766 Vali Loss: 0.5619197 Test Loss: 0.5338415
Validation loss decreased (0.592213 --> 0.561920).  Saving model ...
Updating learning rate to 3.4020764631481886e-05
	iters: 100, epoch: 35 | loss: 0.5257686
	speed: 0.1010s/iter; left time: 8370.9621s
	iters: 200, epoch: 35 | loss: 0.5527199
	speed: 0.0355s/iter; left time: 2940.5790s
	iters: 300, epoch: 35 | loss: 0.5520073
	speed: 0.0351s/iter; left time: 2901.5992s
Epoch: 35 cost time: 11.514402389526367
[2025-05-29 07:31:01] [32mIntermediate result: 0.5342898  (Index 34)[0m
Epoch: 35, Steps: 312 | Train Loss: 0.5220322 Vali Loss: 0.5613850 Test Loss: 0.5342898
Validation loss decreased (0.561920 --> 0.561385).  Saving model ...
Updating learning rate to 3.558499568633414e-05
	iters: 100, epoch: 36 | loss: 0.6004734
	speed: 0.1099s/iter; left time: 9072.7220s
	iters: 200, epoch: 36 | loss: 0.4977466
	speed: 0.0353s/iter; left time: 2912.5143s
	iters: 300, epoch: 36 | loss: 0.5455263
	speed: 0.0353s/iter; left time: 2906.1433s
Epoch: 36 cost time: 11.551258087158203
[2025-05-29 07:31:19] [32mIntermediate result: 0.53698814  (Index 35)[0m
Epoch: 36, Steps: 312 | Train Loss: 0.5161976 Vali Loss: 0.5528622 Test Loss: 0.5369881
Validation loss decreased (0.561385 --> 0.552862).  Saving model ...
Updating learning rate to 3.716922731977765e-05
	iters: 100, epoch: 37 | loss: 0.5022203
	speed: 0.1059s/iter; left time: 8711.0446s
	iters: 200, epoch: 37 | loss: 0.4990591
	speed: 0.0354s/iter; left time: 2907.0907s
	iters: 300, epoch: 37 | loss: 0.5251958
	speed: 0.0350s/iter; left time: 2871.7658s
Epoch: 37 cost time: 11.547725677490234
[2025-05-29 07:31:36] [32mIntermediate result: 0.52617985  (Index 36)[0m
Epoch: 37, Steps: 312 | Train Loss: 0.5093441 Vali Loss: 0.5448250 Test Loss: 0.5261799
Validation loss decreased (0.552862 --> 0.544825).  Saving model ...
Updating learning rate to 3.877152925213132e-05
	iters: 100, epoch: 38 | loss: 0.4901358
	speed: 0.1040s/iter; left time: 8526.9230s
	iters: 200, epoch: 38 | loss: 0.5093074
	speed: 0.0384s/iter; left time: 3140.2790s
	iters: 300, epoch: 38 | loss: 0.4572805
	speed: 0.0353s/iter; left time: 2885.9710s
Epoch: 38 cost time: 11.936155319213867
[2025-05-29 07:31:54] [32mIntermediate result: 0.5135238  (Index 37)[0m
Epoch: 38, Steps: 312 | Train Loss: 0.5013277 Vali Loss: 0.5296977 Test Loss: 0.5135238
Validation loss decreased (0.544825 --> 0.529698).  Saving model ...
Updating learning rate to 4.0389949186270384e-05
	iters: 100, epoch: 39 | loss: 0.4941289
	speed: 0.1047s/iter; left time: 8551.4519s
	iters: 200, epoch: 39 | loss: 0.4807594
	speed: 0.0351s/iter; left time: 2864.5100s
	iters: 300, epoch: 39 | loss: 0.4584112
	speed: 0.0355s/iter; left time: 2893.8492s
Epoch: 39 cost time: 11.525709629058838
[2025-05-29 07:32:12] [32mIntermediate result: 0.50953126  (Index 38)[0m
Epoch: 39, Steps: 312 | Train Loss: 0.4973485 Vali Loss: 0.5307524 Test Loss: 0.5095313
EarlyStopping counter: 1 out of 20
Updating learning rate to 4.2022515186369055e-05
	iters: 100, epoch: 40 | loss: 0.4620260
	speed: 0.1042s/iter; left time: 8472.7522s
	iters: 200, epoch: 40 | loss: 0.5482130
	speed: 0.0352s/iter; left time: 2857.5167s
	iters: 300, epoch: 40 | loss: 0.4687513
	speed: 0.0354s/iter; left time: 2872.6304s
Epoch: 40 cost time: 11.63783311843872
[2025-05-29 07:32:29] [32mIntermediate result: 0.50604445  (Index 39)[0m
Epoch: 40, Steps: 312 | Train Loss: 0.4876389 Vali Loss: 0.5209873 Test Loss: 0.5060444
Validation loss decreased (0.529698 --> 0.520987).  Saving model ...
Updating learning rate to 4.3667238080571724e-05
	iters: 100, epoch: 41 | loss: 0.4397402
	speed: 0.1068s/iter; left time: 8650.4973s
	iters: 200, epoch: 41 | loss: 0.5207336
	speed: 0.0352s/iter; left time: 2847.6239s
	iters: 300, epoch: 41 | loss: 0.5019324
	speed: 0.0353s/iter; left time: 2849.4396s
Epoch: 41 cost time: 11.577834367752075
[2025-05-29 07:32:47] [32mIntermediate result: 0.50691164  (Index 40)[0m
Epoch: 41, Steps: 312 | Train Loss: 0.4829450 Vali Loss: 0.5113918 Test Loss: 0.5069116
Validation loss decreased (0.520987 --> 0.511392).  Saving model ...
Updating learning rate to 4.5322113884665076e-05
	iters: 100, epoch: 42 | loss: 0.4650840
	speed: 0.1041s/iter; left time: 8404.2691s
	iters: 200, epoch: 42 | loss: 0.5064490
	speed: 0.0353s/iter; left time: 2846.9898s
	iters: 300, epoch: 42 | loss: 0.4383740
	speed: 0.0352s/iter; left time: 2833.2171s
Epoch: 42 cost time: 11.557656049728394
[2025-05-29 07:33:05] [32mIntermediate result: 0.49584997  (Index 41)[0m
Epoch: 42, Steps: 312 | Train Loss: 0.4740953 Vali Loss: 0.5134332 Test Loss: 0.4958500
EarlyStopping counter: 1 out of 20
Updating learning rate to 4.6985126243798e-05
	iters: 100, epoch: 43 | loss: 0.4439542
	speed: 0.1116s/iter; left time: 8972.6865s
	iters: 200, epoch: 43 | loss: 0.4354396
	speed: 0.0379s/iter; left time: 3039.9960s
	iters: 300, epoch: 43 | loss: 0.4711685
	speed: 0.0354s/iter; left time: 2840.7313s
Epoch: 43 cost time: 11.996356725692749
[2025-05-29 07:33:23] [32mIntermediate result: 0.49239746  (Index 42)[0m
Epoch: 43, Steps: 312 | Train Loss: 0.4708252 Vali Loss: 0.5090935 Test Loss: 0.4923975
Validation loss decreased (0.511392 --> 0.509093).  Saving model ...
Updating learning rate to 4.8654248889274416e-05
	iters: 100, epoch: 44 | loss: 0.5108837
	speed: 0.1093s/iter; left time: 8757.0425s
	iters: 200, epoch: 44 | loss: 0.5062464
	speed: 0.0350s/iter; left time: 2796.8988s
	iters: 300, epoch: 44 | loss: 0.4709197
	speed: 0.0351s/iter; left time: 2806.4684s
Epoch: 44 cost time: 11.571675539016724
[2025-05-29 07:33:41] [32mIntermediate result: 0.4742128  (Index 43)[0m
Epoch: 44, Steps: 312 | Train Loss: 0.4631683 Vali Loss: 0.4917708 Test Loss: 0.4742128
Validation loss decreased (0.509093 --> 0.491771).  Saving model ...
Updating learning rate to 5.032744810742534e-05
	iters: 100, epoch: 45 | loss: 0.4292069
	speed: 0.1017s/iter; left time: 8115.6006s
	iters: 200, epoch: 45 | loss: 0.4298601
	speed: 0.0350s/iter; left time: 2786.7375s
	iters: 300, epoch: 45 | loss: 0.4479847
	speed: 0.0350s/iter; left time: 2785.6668s
Epoch: 45 cost time: 11.436046361923218
[2025-05-29 07:33:58] [32mIntermediate result: 0.476952  (Index 44)[0m
Epoch: 45, Steps: 312 | Train Loss: 0.4573002 Vali Loss: 0.4862602 Test Loss: 0.4769520
Validation loss decreased (0.491771 --> 0.486260).  Saving model ...
Updating learning rate to 5.200268521755215e-05
	iters: 100, epoch: 46 | loss: 0.5187151
	speed: 0.1058s/iter; left time: 8403.7736s
	iters: 200, epoch: 46 | loss: 0.5123130
	speed: 0.0356s/iter; left time: 2824.7944s
	iters: 300, epoch: 46 | loss: 0.4565628
	speed: 0.0360s/iter; left time: 2855.6587s
Epoch: 46 cost time: 11.62049412727356
[2025-05-29 07:34:16] [32mIntermediate result: 0.48493046  (Index 45)[0m
Epoch: 46, Steps: 312 | Train Loss: 0.4546134 Vali Loss: 0.5131088 Test Loss: 0.4849305
EarlyStopping counter: 1 out of 20
Updating learning rate to 5.367791905592201e-05
	iters: 100, epoch: 47 | loss: 0.4391143
	speed: 0.1101s/iter; left time: 8713.6818s
	iters: 200, epoch: 47 | loss: 0.4900445
	speed: 0.0349s/iter; left time: 2757.6516s
	iters: 300, epoch: 47 | loss: 0.5734198
	speed: 0.0352s/iter; left time: 2780.9072s
Epoch: 47 cost time: 11.506738662719727
[2025-05-29 07:34:34] [32mIntermediate result: 0.46635956  (Index 46)[0m
Epoch: 47, Steps: 312 | Train Loss: 0.4487898 Vali Loss: 0.4753882 Test Loss: 0.4663596
Validation loss decreased (0.486260 --> 0.475388).  Saving model ...
Updating learning rate to 5.5351108462788446e-05
	iters: 100, epoch: 48 | loss: 0.4723368
	speed: 0.1036s/iter; left time: 8164.9401s
	iters: 200, epoch: 48 | loss: 0.4852981
	speed: 0.0354s/iter; left time: 2784.5865s
	iters: 300, epoch: 48 | loss: 0.4145500
	speed: 0.0351s/iter; left time: 2756.7103s
Epoch: 48 cost time: 11.518449306488037
[2025-05-29 07:34:52] [32mIntermediate result: 0.4564619  (Index 47)[0m
Epoch: 48, Steps: 312 | Train Loss: 0.4485786 Vali Loss: 0.4706876 Test Loss: 0.4564619
Validation loss decreased (0.475388 --> 0.470688).  Saving model ...
Updating learning rate to 5.702021476940727e-05
	iters: 100, epoch: 49 | loss: 0.4519004
	speed: 0.1127s/iter; left time: 8851.4013s
	iters: 200, epoch: 49 | loss: 0.4178352
	speed: 0.0354s/iter; left time: 2774.3924s
	iters: 300, epoch: 49 | loss: 0.4387710
	speed: 0.0354s/iter; left time: 2775.3003s
Epoch: 49 cost time: 11.900291681289673
[2025-05-29 07:35:09] [32mIntermediate result: 0.4600532  (Index 48)[0m
Epoch: 49, Steps: 312 | Train Loss: 0.4346996 Vali Loss: 0.4746893 Test Loss: 0.4600532
EarlyStopping counter: 1 out of 20
Updating learning rate to 5.868320428201726e-05
	iters: 100, epoch: 50 | loss: 0.4334494
	speed: 0.1063s/iter; left time: 8313.0324s
	iters: 200, epoch: 50 | loss: 0.4037208
	speed: 0.0388s/iter; left time: 3027.6632s
	iters: 300, epoch: 50 | loss: 0.4370769
	speed: 0.0364s/iter; left time: 2838.3473s
Epoch: 50 cost time: 12.417664051055908
[2025-05-29 07:35:28] [32mIntermediate result: 0.46085367  (Index 49)[0m
Epoch: 50, Steps: 312 | Train Loss: 0.4355185 Vali Loss: 0.4770779 Test Loss: 0.4608537
EarlyStopping counter: 2 out of 20
Updating learning rate to 6.0338050759759315e-05
	iters: 100, epoch: 51 | loss: 0.4508471
	speed: 0.1067s/iter; left time: 8312.9398s
	iters: 200, epoch: 51 | loss: 0.4839943
	speed: 0.0360s/iter; left time: 2797.1541s
	iters: 300, epoch: 51 | loss: 0.4433998
	speed: 0.0354s/iter; left time: 2748.4386s
Epoch: 51 cost time: 11.571384906768799
[2025-05-29 07:35:46] [32mIntermediate result: 0.4464598  (Index 50)[0m
Epoch: 51, Steps: 312 | Train Loss: 0.4299782 Vali Loss: 0.4622582 Test Loss: 0.4464598
Validation loss decreased (0.470688 --> 0.462258).  Saving model ...
Updating learning rate to 6.19827378835145e-05
	iters: 100, epoch: 52 | loss: 0.3631537
	speed: 0.1116s/iter; left time: 8655.6963s
	iters: 200, epoch: 52 | loss: 0.4041303
	speed: 0.0363s/iter; left time: 2810.5427s
	iters: 300, epoch: 52 | loss: 0.3692716
	speed: 0.0355s/iter; left time: 2744.8542s
Epoch: 52 cost time: 11.774433612823486
[2025-05-29 07:36:04] [32mIntermediate result: 0.46500576  (Index 51)[0m
Epoch: 52, Steps: 312 | Train Loss: 0.4194007 Vali Loss: 0.4919098 Test Loss: 0.4650058
EarlyStopping counter: 1 out of 20
Updating learning rate to 6.361526171265339e-05
	iters: 100, epoch: 53 | loss: 0.4324006
	speed: 0.1063s/iter; left time: 8214.9651s
	iters: 200, epoch: 53 | loss: 0.4036838
	speed: 0.0349s/iter; left time: 2695.5862s
	iters: 300, epoch: 53 | loss: 0.4795022
	speed: 0.0352s/iter; left time: 2712.5227s
Epoch: 53 cost time: 11.487596988677979
[2025-05-29 07:36:22] [32mIntermediate result: 0.43827197  (Index 52)[0m
Epoch: 53, Steps: 312 | Train Loss: 0.4165765 Vali Loss: 0.4394808 Test Loss: 0.4382720
Validation loss decreased (0.462258 --> 0.439481).  Saving model ...
Updating learning rate to 6.523363312670283e-05
	iters: 100, epoch: 54 | loss: 0.4175823
	speed: 0.1079s/iter; left time: 8302.7545s
	iters: 200, epoch: 54 | loss: 0.3847995
	speed: 0.0354s/iter; left time: 2717.4697s
	iters: 300, epoch: 54 | loss: 0.3828799
	speed: 0.0355s/iter; left time: 2727.6592s
Epoch: 54 cost time: 11.692234516143799
[2025-05-29 07:36:40] [32mIntermediate result: 0.4320892  (Index 53)[0m
Epoch: 54, Steps: 312 | Train Loss: 0.4112846 Vali Loss: 0.4390869 Test Loss: 0.4320892
Validation loss decreased (0.439481 --> 0.439087).  Saving model ...
Updating learning rate to 6.683588024895552e-05
	iters: 100, epoch: 55 | loss: 0.4084971
	speed: 0.1093s/iter; left time: 8375.5038s
	iters: 200, epoch: 55 | loss: 0.3376601
	speed: 0.0355s/iter; left time: 2717.5641s
	iters: 300, epoch: 55 | loss: 0.4135122
	speed: 0.0358s/iter; left time: 2734.1875s
Epoch: 55 cost time: 11.726673126220703
[2025-05-29 07:36:57] [32mIntermediate result: 0.4360112  (Index 54)[0m
Epoch: 55, Steps: 312 | Train Loss: 0.4090779 Vali Loss: 0.4368725 Test Loss: 0.4360112
Validation loss decreased (0.439087 --> 0.436873).  Saving model ...
Updating learning rate to 6.842005084906912e-05
	iters: 100, epoch: 56 | loss: 0.4222128
	speed: 0.1059s/iter; left time: 8085.3043s
	iters: 200, epoch: 56 | loss: 0.3785489
	speed: 0.0356s/iter; left time: 2711.0173s
	iters: 300, epoch: 56 | loss: 0.4678331
	speed: 0.0373s/iter; left time: 2836.5679s
Epoch: 56 cost time: 11.835468530654907
[2025-05-29 07:37:15] [32mIntermediate result: 0.42195222  (Index 55)[0m
Epoch: 56, Steps: 312 | Train Loss: 0.4070858 Vali Loss: 0.4197695 Test Loss: 0.4219522
Validation loss decreased (0.436873 --> 0.419769).  Saving model ...
Updating learning rate to 6.998421472172755e-05
	iters: 100, epoch: 57 | loss: 0.3757521
	speed: 0.1027s/iter; left time: 7806.4581s
	iters: 200, epoch: 57 | loss: 0.3891056
	speed: 0.0354s/iter; left time: 2689.7307s
	iters: 300, epoch: 57 | loss: 0.4287831
	speed: 0.0355s/iter; left time: 2691.5229s
Epoch: 57 cost time: 11.610880851745605
[2025-05-29 07:37:33] [32mIntermediate result: 0.44323665  (Index 56)[0m
Epoch: 57, Steps: 312 | Train Loss: 0.4000992 Vali Loss: 0.4400688 Test Loss: 0.4432366
EarlyStopping counter: 1 out of 20
Updating learning rate to 7.152646603846637e-05
	iters: 100, epoch: 58 | loss: 0.3998065
	speed: 0.1048s/iter; left time: 7938.4344s
	iters: 200, epoch: 58 | loss: 0.3885784
	speed: 0.0352s/iter; left time: 2659.4562s
	iters: 300, epoch: 58 | loss: 0.3250543
	speed: 0.0351s/iter; left time: 2651.4562s
Epoch: 58 cost time: 11.548031330108643
[2025-05-29 07:37:51] [32mIntermediate result: 0.41372356  (Index 57)[0m
Epoch: 58, Steps: 312 | Train Loss: 0.3983630 Vali Loss: 0.4136943 Test Loss: 0.4137236
Validation loss decreased (0.419769 --> 0.413694).  Saving model ...
Updating learning rate to 7.304492566979659e-05
	iters: 100, epoch: 59 | loss: 0.4052731
	speed: 0.1099s/iter; left time: 8289.0597s
	iters: 200, epoch: 59 | loss: 0.4076632
	speed: 0.0357s/iter; left time: 2691.1218s
	iters: 300, epoch: 59 | loss: 0.4048759
	speed: 0.0355s/iter; left time: 2669.0190s
Epoch: 59 cost time: 11.56047534942627
[2025-05-29 07:38:09] [32mIntermediate result: 0.42939717  (Index 58)[0m
Epoch: 59, Steps: 312 | Train Loss: 0.3935212 Vali Loss: 0.4212269 Test Loss: 0.4293972
EarlyStopping counter: 1 out of 20
Updating learning rate to 7.45377434747975e-05
	iters: 100, epoch: 60 | loss: 0.3769700
	speed: 0.1091s/iter; left time: 8189.0195s
	iters: 200, epoch: 60 | loss: 0.4092347
	speed: 0.0353s/iter; left time: 2644.2603s
	iters: 300, epoch: 60 | loss: 0.4259158
	speed: 0.0369s/iter; left time: 2762.6400s
Epoch: 60 cost time: 11.787193298339844
[2025-05-29 07:38:26] [32mIntermediate result: 0.43551216  (Index 59)[0m
Epoch: 60, Steps: 312 | Train Loss: 0.3917908 Vali Loss: 0.4458826 Test Loss: 0.4355122
EarlyStopping counter: 2 out of 20
Updating learning rate to 7.600310055538898e-05
	iters: 100, epoch: 61 | loss: 0.3704028
	speed: 0.1040s/iter; left time: 7776.4528s
	iters: 200, epoch: 61 | loss: 0.4262722
	speed: 0.0355s/iter; left time: 2647.5320s
	iters: 300, epoch: 61 | loss: 0.4039892
	speed: 0.0353s/iter; left time: 2634.6428s
Epoch: 61 cost time: 11.577612400054932
[2025-05-29 07:38:43] [32mIntermediate result: 0.40298757  (Index 60)[0m
Epoch: 61, Steps: 312 | Train Loss: 0.3832430 Vali Loss: 0.3969518 Test Loss: 0.4029876
Validation loss decreased (0.413694 --> 0.396952).  Saving model ...
Updating learning rate to 7.743921147253645e-05
	iters: 100, epoch: 62 | loss: 0.3527315
	speed: 0.1014s/iter; left time: 7552.6092s
	iters: 200, epoch: 62 | loss: 0.3893210
	speed: 0.0354s/iter; left time: 2630.0831s
	iters: 300, epoch: 62 | loss: 0.3797651
	speed: 0.0347s/iter; left time: 2579.1414s
Epoch: 62 cost time: 11.556414604187012
[2025-05-29 07:39:01] [32mIntermediate result: 0.41785023  (Index 61)[0m
Epoch: 62, Steps: 312 | Train Loss: 0.3835271 Vali Loss: 0.4085417 Test Loss: 0.4178502
EarlyStopping counter: 1 out of 20
Updating learning rate to 7.884432642168823e-05
	iters: 100, epoch: 63 | loss: 0.3685330
	speed: 0.1076s/iter; left time: 7977.4815s
	iters: 200, epoch: 63 | loss: 0.3822769
	speed: 0.0354s/iter; left time: 2620.1472s
	iters: 300, epoch: 63 | loss: 0.3480509
	speed: 0.0351s/iter; left time: 2598.1343s
Epoch: 63 cost time: 11.518375635147095
[2025-05-29 07:39:19] [32mIntermediate result: 0.39825138  (Index 62)[0m
Epoch: 63, Steps: 312 | Train Loss: 0.3797039 Vali Loss: 0.3975643 Test Loss: 0.3982514
EarlyStopping counter: 2 out of 20
Updating learning rate to 8.021673336479464e-05
	iters: 100, epoch: 64 | loss: 0.3656889
	speed: 0.1064s/iter; left time: 7857.3678s
	iters: 200, epoch: 64 | loss: 0.3535409
	speed: 0.0357s/iter; left time: 2634.2750s
	iters: 300, epoch: 64 | loss: 0.3577588
	speed: 0.0390s/iter; left time: 2874.4700s
Epoch: 64 cost time: 11.964259386062622
[2025-05-29 07:39:37] [32mIntermediate result: 0.38981903  (Index 63)[0m
Epoch: 64, Steps: 312 | Train Loss: 0.3736778 Vali Loss: 0.3880005 Test Loss: 0.3898190
Validation loss decreased (0.396952 --> 0.388001).  Saving model ...
Updating learning rate to 8.155476011631126e-05
	iters: 100, epoch: 65 | loss: 0.3523495
	speed: 0.1096s/iter; left time: 8056.0278s
	iters: 200, epoch: 65 | loss: 0.3809804
	speed: 0.0355s/iter; left time: 2604.2381s
	iters: 300, epoch: 65 | loss: 0.3656469
	speed: 0.0350s/iter; left time: 2569.8374s
Epoch: 65 cost time: 11.554502010345459
[2025-05-29 07:39:55] [32mIntermediate result: 0.39519134  (Index 64)[0m
Epoch: 65, Steps: 312 | Train Loss: 0.3722970 Vali Loss: 0.3967831 Test Loss: 0.3951913
EarlyStopping counter: 1 out of 20
Updating learning rate to 8.285677638064456e-05
	iters: 100, epoch: 66 | loss: 0.3881242
	speed: 0.1020s/iter; left time: 7468.2074s
	iters: 200, epoch: 66 | loss: 0.3821605
	speed: 0.0356s/iter; left time: 2600.4430s
	iters: 300, epoch: 66 | loss: 0.3888668
	speed: 0.0350s/iter; left time: 2554.0560s
Epoch: 66 cost time: 11.572436094284058
[2025-05-29 07:40:12] [32mIntermediate result: 0.39801803  (Index 65)[0m
Epoch: 66, Steps: 312 | Train Loss: 0.3699631 Vali Loss: 0.4008397 Test Loss: 0.3980180
EarlyStopping counter: 2 out of 20
Updating learning rate to 8.412119573855731e-05
	iters: 100, epoch: 67 | loss: 0.3737828
	speed: 0.1054s/iter; left time: 7681.9504s
	iters: 200, epoch: 67 | loss: 0.3650820
	speed: 0.0358s/iter; left time: 2607.7198s
	iters: 300, epoch: 67 | loss: 0.3918012
	speed: 0.0372s/iter; left time: 2707.5606s
Epoch: 67 cost time: 11.99224328994751
[2025-05-29 07:40:31] [32mIntermediate result: 0.38826266  (Index 66)[0m
Epoch: 67, Steps: 312 | Train Loss: 0.3659152 Vali Loss: 0.3946184 Test Loss: 0.3882627
EarlyStopping counter: 3 out of 20
Updating learning rate to 8.534647758011382e-05
	iters: 100, epoch: 68 | loss: 0.3414425
	speed: 0.1113s/iter; left time: 8078.1620s
	iters: 200, epoch: 68 | loss: 0.3560489
	speed: 0.0355s/iter; left time: 2575.1396s
	iters: 300, epoch: 68 | loss: 0.3521690
	speed: 0.0365s/iter; left time: 2644.5455s
Epoch: 68 cost time: 11.697547435760498
[2025-05-29 07:40:49] [32mIntermediate result: 0.38544178  (Index 67)[0m
Epoch: 68, Steps: 312 | Train Loss: 0.3641696 Vali Loss: 0.3786573 Test Loss: 0.3854418
Validation loss decreased (0.388001 --> 0.378657).  Saving model ...
Updating learning rate to 8.653112898180947e-05
	iters: 100, epoch: 69 | loss: 0.3425539
	speed: 0.1070s/iter; left time: 7734.0537s
	iters: 200, epoch: 69 | loss: 0.4063901
	speed: 0.0352s/iter; left time: 2542.9591s
	iters: 300, epoch: 69 | loss: 0.3578432
	speed: 0.0354s/iter; left time: 2550.6552s
Epoch: 69 cost time: 11.468327283859253
[2025-05-29 07:41:07] [32mIntermediate result: 0.40579894  (Index 68)[0m
Epoch: 69, Steps: 312 | Train Loss: 0.3650833 Vali Loss: 0.4008277 Test Loss: 0.4057989
EarlyStopping counter: 1 out of 20
Updating learning rate to 8.767370652559756e-05
	iters: 100, epoch: 70 | loss: 0.3975868
	speed: 0.1094s/iter; left time: 7873.7711s
	iters: 200, epoch: 70 | loss: 0.3473037
	speed: 0.0350s/iter; left time: 2516.4426s
	iters: 300, epoch: 70 | loss: 0.3705559
	speed: 0.0358s/iter; left time: 2571.8752s
Epoch: 70 cost time: 11.535197019577026
[2025-05-29 07:41:24] [32mIntermediate result: 0.37624413  (Index 69)[0m
Epoch: 70, Steps: 312 | Train Loss: 0.3564232 Vali Loss: 0.3717766 Test Loss: 0.3762441
Validation loss decreased (0.378657 --> 0.371777).  Saving model ...
Updating learning rate to 8.877281805759714e-05
	iters: 100, epoch: 71 | loss: 0.3555188
	speed: 0.1084s/iter; left time: 7766.4547s
	iters: 200, epoch: 71 | loss: 0.3307805
	speed: 0.0354s/iter; left time: 2536.2514s
	iters: 300, epoch: 71 | loss: 0.3645733
	speed: 0.0352s/iter; left time: 2514.1829s
Epoch: 71 cost time: 11.516172885894775
[2025-05-29 07:41:42] [32mIntermediate result: 0.3826545  (Index 70)[0m
Epoch: 71, Steps: 312 | Train Loss: 0.3575671 Vali Loss: 0.3769177 Test Loss: 0.3826545
EarlyStopping counter: 1 out of 20
Updating learning rate to 8.982712438433885e-05
	iters: 100, epoch: 72 | loss: 0.3334964
	speed: 0.1030s/iter; left time: 7346.5474s
	iters: 200, epoch: 72 | loss: 0.4023065
	speed: 0.0356s/iter; left time: 2533.6819s
	iters: 300, epoch: 72 | loss: 0.3361466
	speed: 0.0355s/iter; left time: 2526.5481s
Epoch: 72 cost time: 11.542818069458008
[2025-05-29 07:41:59] [32mIntermediate result: 0.40717965  (Index 71)[0m
Epoch: 72, Steps: 312 | Train Loss: 0.3542519 Vali Loss: 0.3925645 Test Loss: 0.4071797
EarlyStopping counter: 2 out of 20
Updating learning rate to 9.08353409044821e-05
	iters: 100, epoch: 73 | loss: 0.3516465
	speed: 0.1052s/iter; left time: 7473.6745s
	iters: 200, epoch: 73 | loss: 0.3631490
	speed: 0.0355s/iter; left time: 2515.7421s
	iters: 300, epoch: 73 | loss: 0.3525421
	speed: 0.0353s/iter; left time: 2498.3211s
Epoch: 73 cost time: 11.606014490127563
[2025-05-29 07:42:17] [32mIntermediate result: 0.3809218  (Index 72)[0m
Epoch: 73, Steps: 312 | Train Loss: 0.3530860 Vali Loss: 0.3718861 Test Loss: 0.3809218
EarlyStopping counter: 3 out of 20
Updating learning rate to 9.179623917401536e-05
	iters: 100, epoch: 74 | loss: 0.3166849
	speed: 0.1090s/iter; left time: 7706.6472s
	iters: 200, epoch: 74 | loss: 0.3297907
	speed: 0.0354s/iter; left time: 2502.8036s
	iters: 300, epoch: 74 | loss: 0.3398629
	speed: 0.0352s/iter; left time: 2484.1028s
Epoch: 74 cost time: 11.576986074447632
[2025-05-29 07:42:35] [32mIntermediate result: 0.38858616  (Index 73)[0m
Epoch: 74, Steps: 312 | Train Loss: 0.3507056 Vali Loss: 0.3783294 Test Loss: 0.3885862
EarlyStopping counter: 4 out of 20
Updating learning rate to 9.270864840303261e-05
	iters: 100, epoch: 75 | loss: 0.3552931
	speed: 0.1072s/iter; left time: 7547.5657s
	iters: 200, epoch: 75 | loss: 0.3483346
	speed: 0.0360s/iter; left time: 2533.2979s
	iters: 300, epoch: 75 | loss: 0.3609388
	speed: 0.0358s/iter; left time: 2515.5017s
Epoch: 75 cost time: 11.65192174911499
[2025-05-29 07:42:53] [32mIntermediate result: 0.37553024  (Index 74)[0m
Epoch: 75, Steps: 312 | Train Loss: 0.3488756 Vali Loss: 0.3714789 Test Loss: 0.3755302
Validation loss decreased (0.371777 --> 0.371479).  Saving model ...
Updating learning rate to 9.357145688226203e-05
	iters: 100, epoch: 76 | loss: 0.3251776
	speed: 0.1104s/iter; left time: 7736.7707s
	iters: 200, epoch: 76 | loss: 0.3293692
	speed: 0.0351s/iter; left time: 2455.9671s
	iters: 300, epoch: 76 | loss: 0.3986545
	speed: 0.0355s/iter; left time: 2480.0830s
Epoch: 76 cost time: 11.595468282699585
[2025-05-29 07:43:11] [32mIntermediate result: 0.37171277  (Index 75)[0m
Epoch: 76, Steps: 312 | Train Loss: 0.3422239 Vali Loss: 0.3626509 Test Loss: 0.3717128
Validation loss decreased (0.371479 --> 0.362651).  Saving model ...
Updating learning rate to 9.438361333760901e-05
	iters: 100, epoch: 77 | loss: 0.3429772
	speed: 0.1091s/iter; left time: 7611.1949s
	iters: 200, epoch: 77 | loss: 0.3371356
	speed: 0.0354s/iter; left time: 2469.9620s
	iters: 300, epoch: 77 | loss: 0.3858411
	speed: 0.0356s/iter; left time: 2477.2443s
Epoch: 77 cost time: 11.624127626419067
[2025-05-29 07:43:29] [32mIntermediate result: 0.3922616  (Index 76)[0m
Epoch: 77, Steps: 312 | Train Loss: 0.3414704 Vali Loss: 0.3884130 Test Loss: 0.3922616
EarlyStopping counter: 1 out of 20
Updating learning rate to 9.514412821106288e-05
	iters: 100, epoch: 78 | loss: 0.3467253
	speed: 0.1023s/iter; left time: 7104.7968s
	iters: 200, epoch: 78 | loss: 0.3078535
	speed: 0.0353s/iter; left time: 2451.0371s
	iters: 300, epoch: 78 | loss: 0.3528418
	speed: 0.0353s/iter; left time: 2442.7090s
Epoch: 78 cost time: 11.5713472366333
[2025-05-29 07:43:46] [32mIntermediate result: 0.37425426  (Index 77)[0m
Epoch: 78, Steps: 312 | Train Loss: 0.3407915 Vali Loss: 0.3782497 Test Loss: 0.3742543
EarlyStopping counter: 2 out of 20
Updating learning rate to 9.585207486640683e-05
	iters: 100, epoch: 79 | loss: 0.3122197
	speed: 0.1001s/iter; left time: 6920.6077s
	iters: 200, epoch: 79 | loss: 0.3709606
	speed: 0.0360s/iter; left time: 2483.5589s
	iters: 300, epoch: 79 | loss: 0.3481071
	speed: 0.0350s/iter; left time: 2413.5706s
Epoch: 79 cost time: 11.624176502227783
[2025-05-29 07:44:03] [32mIntermediate result: 0.3929645  (Index 78)[0m
Epoch: 79, Steps: 312 | Train Loss: 0.3395296 Vali Loss: 0.3833210 Test Loss: 0.3929645
EarlyStopping counter: 3 out of 20
Updating learning rate to 9.650659071826176e-05
	iters: 100, epoch: 80 | loss: 0.2958307
	speed: 0.1020s/iter; left time: 7020.0530s
	iters: 200, epoch: 80 | loss: 0.3200453
	speed: 0.0357s/iter; left time: 2451.1448s
	iters: 300, epoch: 80 | loss: 0.3575931
	speed: 0.0352s/iter; left time: 2419.4847s
Epoch: 80 cost time: 11.664440393447876
[2025-05-29 07:44:20] [32mIntermediate result: 0.38343656  (Index 79)[0m
Epoch: 80, Steps: 312 | Train Loss: 0.3363484 Vali Loss: 0.3894490 Test Loss: 0.3834366
EarlyStopping counter: 4 out of 20
Updating learning rate to 9.710687828308859e-05
	iters: 100, epoch: 81 | loss: 0.3289182
	speed: 0.1003s/iter; left time: 6875.2792s
	iters: 200, epoch: 81 | loss: 0.3322237
	speed: 0.0356s/iter; left time: 2433.1456s
	iters: 300, epoch: 81 | loss: 0.3443561
	speed: 0.0355s/iter; left time: 2424.6459s
Epoch: 81 cost time: 11.64642071723938
[2025-05-29 07:44:37] [32mIntermediate result: 0.36007094  (Index 80)[0m
Epoch: 81, Steps: 312 | Train Loss: 0.3352249 Vali Loss: 0.3648127 Test Loss: 0.3600709
EarlyStopping counter: 5 out of 20
Updating learning rate to 9.765220615086826e-05
	iters: 100, epoch: 82 | loss: 0.3058096
	speed: 0.1030s/iter; left time: 7030.1495s
	iters: 200, epoch: 82 | loss: 0.3363084
	speed: 0.0355s/iter; left time: 2415.7939s
	iters: 300, epoch: 82 | loss: 0.3205244
	speed: 0.0354s/iter; left time: 2405.1817s
Epoch: 82 cost time: 11.647035121917725
[2025-05-29 07:44:55] [32mIntermediate result: 0.35974348  (Index 81)[0m
Epoch: 82, Steps: 312 | Train Loss: 0.3337273 Vali Loss: 0.3491813 Test Loss: 0.3597435
Validation loss decreased (0.362651 --> 0.349181).  Saving model ...
Updating learning rate to 9.814190987627572e-05
	iters: 100, epoch: 83 | loss: 0.3494661
	speed: 0.0993s/iter; left time: 6742.6636s
	iters: 200, epoch: 83 | loss: 0.3234756
	speed: 0.0350s/iter; left time: 2376.5262s
	iters: 300, epoch: 83 | loss: 0.3622248
	speed: 0.0350s/iter; left time: 2372.9456s
Epoch: 83 cost time: 11.2819185256958
[2025-05-29 07:45:12] [32mIntermediate result: 0.37815806  (Index 82)[0m
Epoch: 83, Steps: 312 | Train Loss: 0.3308085 Vali Loss: 0.3767405 Test Loss: 0.3781581
EarlyStopping counter: 1 out of 20
Updating learning rate to 9.857539278826173e-05
	iters: 100, epoch: 84 | loss: 0.4072531
	speed: 0.0979s/iter; left time: 6620.3884s
	iters: 200, epoch: 84 | loss: 0.3502751
	speed: 0.0352s/iter; left time: 2376.4509s
	iters: 300, epoch: 84 | loss: 0.3079463
	speed: 0.0354s/iter; left time: 2384.8598s
Epoch: 84 cost time: 11.33772325515747
[2025-05-29 07:45:29] [32mIntermediate result: 0.3606295  (Index 83)[0m
Epoch: 84, Steps: 312 | Train Loss: 0.3295266 Vali Loss: 0.3481578 Test Loss: 0.3606295
Validation loss decreased (0.349181 --> 0.348158).  Saving model ...
Updating learning rate to 9.895212671705652e-05
	iters: 100, epoch: 85 | loss: 0.3145299
	speed: 0.1040s/iter; left time: 7000.9008s
	iters: 200, epoch: 85 | loss: 0.3167959
	speed: 0.0353s/iter; left time: 2372.9452s
	iters: 300, epoch: 85 | loss: 0.3381209
	speed: 0.0352s/iter; left time: 2364.1898s
Epoch: 85 cost time: 11.563836097717285
[2025-05-29 07:45:46] [32mIntermediate result: 0.35542268  (Index 84)[0m
Epoch: 85, Steps: 312 | Train Loss: 0.3287536 Vali Loss: 0.3471946 Test Loss: 0.3554227
Validation loss decreased (0.348158 --> 0.347195).  Saving model ...
Updating learning rate to 9.927165263770911e-05
	iters: 100, epoch: 86 | loss: 0.3316052
	speed: 0.1030s/iter; left time: 6899.6923s
	iters: 200, epoch: 86 | loss: 0.3192336
	speed: 0.0353s/iter; left time: 2361.2928s
	iters: 300, epoch: 86 | loss: 0.3059076
	speed: 0.0352s/iter; left time: 2348.5502s
Epoch: 86 cost time: 11.600947856903076
[2025-05-29 07:46:04] [32mIntermediate result: 0.35139018  (Index 85)[0m
Epoch: 86, Steps: 312 | Train Loss: 0.3227302 Vali Loss: 0.3474050 Test Loss: 0.3513902
EarlyStopping counter: 1 out of 20
Updating learning rate to 9.953358122937828e-05
	iters: 100, epoch: 87 | loss: 0.2961203
	speed: 0.1070s/iter; left time: 7132.8891s
	iters: 200, epoch: 87 | loss: 0.3096170
	speed: 0.0355s/iter; left time: 2360.5807s
	iters: 300, epoch: 87 | loss: 0.2971382
	speed: 0.0360s/iter; left time: 2393.9094s
Epoch: 87 cost time: 11.511002779006958
[2025-05-29 07:46:21] [32mIntermediate result: 0.3509077  (Index 86)[0m
Epoch: 87, Steps: 312 | Train Loss: 0.3264140 Vali Loss: 0.3438761 Test Loss: 0.3509077
Validation loss decreased (0.347195 --> 0.343876).  Saving model ...
Updating learning rate to 9.973759334969385e-05
	iters: 100, epoch: 88 | loss: 0.2984667
	speed: 0.1052s/iter; left time: 6978.2847s
	iters: 200, epoch: 88 | loss: 0.3409857
	speed: 0.0400s/iter; left time: 2647.9459s
	iters: 300, epoch: 88 | loss: 0.3181345
	speed: 0.0363s/iter; left time: 2402.2418s
Epoch: 88 cost time: 12.493473291397095
[2025-05-29 07:46:39] [32mIntermediate result: 0.35581523  (Index 87)[0m
Epoch: 88, Steps: 312 | Train Loss: 0.3224854 Vali Loss: 0.3412786 Test Loss: 0.3558152
Validation loss decreased (0.343876 --> 0.341279).  Saving model ...
Updating learning rate to 9.988344042361021e-05
	iters: 100, epoch: 89 | loss: 0.3494796
	speed: 0.1018s/iter; left time: 6724.7883s
	iters: 200, epoch: 89 | loss: 0.2728270
	speed: 0.0354s/iter; left time: 2335.6554s
	iters: 300, epoch: 89 | loss: 0.3394168
	speed: 0.0353s/iter; left time: 2324.5644s
Epoch: 89 cost time: 11.569777727127075
[2025-05-29 07:46:56] [32mIntermediate result: 0.36088535  (Index 88)[0m
Epoch: 89, Steps: 312 | Train Loss: 0.3220851 Vali Loss: 0.3453233 Test Loss: 0.3608854
EarlyStopping counter: 1 out of 20
Updating learning rate to 9.997094474627829e-05
	iters: 100, epoch: 90 | loss: 0.3298615
	speed: 0.0993s/iter; left time: 6524.3176s
	iters: 200, epoch: 90 | loss: 0.3002514
	speed: 0.0357s/iter; left time: 2341.6436s
	iters: 300, epoch: 90 | loss: 0.3331555
	speed: 0.0359s/iter; left time: 2354.2157s
Epoch: 90 cost time: 11.70344352722168
[2025-05-29 07:47:14] [32mIntermediate result: 0.35069606  (Index 89)[0m
Epoch: 90, Steps: 312 | Train Loss: 0.3195418 Vali Loss: 0.3513978 Test Loss: 0.3506961
EarlyStopping counter: 2 out of 20
Updating learning rate to 9.999999994252352e-05
	iters: 100, epoch: 91 | loss: 0.2874709
	speed: 0.1014s/iter; left time: 6631.9368s
	iters: 200, epoch: 91 | loss: 0.3283246
	speed: 0.0354s/iter; left time: 2313.4685s
	iters: 300, epoch: 91 | loss: 0.2883561
	speed: 0.0407s/iter; left time: 2655.5702s
Epoch: 91 cost time: 12.259175300598145
[2025-05-29 07:47:32] [32mIntermediate result: 0.34804675  (Index 90)[0m
Epoch: 91, Steps: 312 | Train Loss: 0.3154896 Vali Loss: 0.3382983 Test Loss: 0.3480467
Validation loss decreased (0.341279 --> 0.338298).  Saving model ...
Updating learning rate to 9.99943691914312e-05
	iters: 100, epoch: 92 | loss: 0.3741473
	speed: 0.1022s/iter; left time: 6655.4944s
	iters: 200, epoch: 92 | loss: 0.2896933
	speed: 0.0350s/iter; left time: 2277.7978s
	iters: 300, epoch: 92 | loss: 0.3262146
	speed: 0.0352s/iter; left time: 2284.4729s
Epoch: 92 cost time: 11.482898473739624
[2025-05-29 07:47:48] [32mIntermediate result: 0.35812274  (Index 91)[0m
Epoch: 92, Steps: 312 | Train Loss: 0.3137754 Vali Loss: 0.3486214 Test Loss: 0.3581227
EarlyStopping counter: 1 out of 20
Updating learning rate to 9.997754992628009e-05
	iters: 100, epoch: 93 | loss: 0.3179940
	speed: 0.0993s/iter; left time: 6431.7284s
	iters: 200, epoch: 93 | loss: 0.3001200
	speed: 0.0353s/iter; left time: 2284.2462s
	iters: 300, epoch: 93 | loss: 0.3127749
	speed: 0.0354s/iter; left time: 2286.9224s
Epoch: 93 cost time: 11.592469930648804
[2025-05-29 07:48:06] [32mIntermediate result: 0.35110122  (Index 92)[0m
Epoch: 93, Steps: 312 | Train Loss: 0.3129525 Vali Loss: 0.3468102 Test Loss: 0.3511012
EarlyStopping counter: 2 out of 20
Updating learning rate to 9.99495459111608e-05
	iters: 100, epoch: 94 | loss: 0.3217035
	speed: 0.1013s/iter; left time: 6531.1876s
	iters: 200, epoch: 94 | loss: 0.3018052
	speed: 0.0355s/iter; left time: 2284.7194s
	iters: 300, epoch: 94 | loss: 0.3027770
	speed: 0.0352s/iter; left time: 2261.1134s
Epoch: 94 cost time: 11.527275085449219
[2025-05-29 07:48:24] [32mIntermediate result: 0.34811252  (Index 93)[0m
Epoch: 94, Steps: 312 | Train Loss: 0.3111597 Vali Loss: 0.3468080 Test Loss: 0.3481125
EarlyStopping counter: 3 out of 20
Updating learning rate to 9.991036341327054e-05
	iters: 100, epoch: 95 | loss: 0.3024392
	speed: 0.1103s/iter; left time: 7076.6745s
	iters: 200, epoch: 95 | loss: 0.2833879
	speed: 0.0352s/iter; left time: 2252.5568s
	iters: 300, epoch: 95 | loss: 0.2668065
	speed: 0.0350s/iter; left time: 2239.1644s
Epoch: 95 cost time: 11.72109866142273
[2025-05-29 07:48:41] [32mIntermediate result: 0.35033596  (Index 94)[0m
Epoch: 95, Steps: 312 | Train Loss: 0.3105037 Vali Loss: 0.3449035 Test Loss: 0.3503360
EarlyStopping counter: 4 out of 20
Updating learning rate to 9.986001120151049e-05
	iters: 100, epoch: 96 | loss: 0.2939093
	speed: 0.1003s/iter; left time: 6404.9821s
	iters: 200, epoch: 96 | loss: 0.2930813
	speed: 0.0361s/iter; left time: 2300.5168s
	iters: 300, epoch: 96 | loss: 0.2811882
	speed: 0.0354s/iter; left time: 2253.8107s
Epoch: 96 cost time: 11.707277059555054
[2025-05-29 07:48:59] [32mIntermediate result: 0.36793652  (Index 95)[0m
Epoch: 96, Steps: 312 | Train Loss: 0.3113606 Vali Loss: 0.3470471 Test Loss: 0.3679365
EarlyStopping counter: 5 out of 20
Updating learning rate to 9.97985005445233e-05
	iters: 100, epoch: 97 | loss: 0.3312637
	speed: 0.1071s/iter; left time: 6807.7549s
	iters: 200, epoch: 97 | loss: 0.2947598
	speed: 0.0353s/iter; left time: 2238.8697s
	iters: 300, epoch: 97 | loss: 0.3286985
	speed: 0.0354s/iter; left time: 2244.4715s
Epoch: 97 cost time: 11.612406253814697
[2025-05-29 07:49:16] [32mIntermediate result: 0.3475621  (Index 96)[0m
Epoch: 97, Steps: 312 | Train Loss: 0.3133484 Vali Loss: 0.3455123 Test Loss: 0.3475621
EarlyStopping counter: 6 out of 20
Updating learning rate to 9.972584520817133e-05
	iters: 100, epoch: 98 | loss: 0.2976009
	speed: 0.1059s/iter; left time: 6697.1010s
	iters: 200, epoch: 98 | loss: 0.2994184
	speed: 0.0378s/iter; left time: 2383.9112s
	iters: 300, epoch: 98 | loss: 0.2846386
	speed: 0.0357s/iter; left time: 2253.4273s
Epoch: 98 cost time: 11.827171325683594
[2025-05-29 07:49:34] [32mIntermediate result: 0.34138325  (Index 97)[0m
Epoch: 98, Steps: 312 | Train Loss: 0.3063100 Vali Loss: 0.3313180 Test Loss: 0.3413832
Validation loss decreased (0.338298 --> 0.331318).  Saving model ...
Updating learning rate to 9.964206145245581e-05
	iters: 100, epoch: 99 | loss: 0.3028452
	speed: 0.1007s/iter; left time: 6336.1949s
	iters: 200, epoch: 99 | loss: 0.3025480
	speed: 0.0352s/iter; left time: 2213.3478s
	iters: 300, epoch: 99 | loss: 0.3106353
	speed: 0.0352s/iter; left time: 2209.7004s
Epoch: 99 cost time: 11.502610921859741
[2025-05-29 07:49:51] [32mIntermediate result: 0.33778545  (Index 98)[0m
Epoch: 99, Steps: 312 | Train Loss: 0.3036967 Vali Loss: 0.3303486 Test Loss: 0.3377855
Validation loss decreased (0.331318 --> 0.330349).  Saving model ...
Updating learning rate to 9.95471680278779e-05
	iters: 100, epoch: 100 | loss: 0.2891520
	speed: 0.0995s/iter; left time: 6231.0622s
	iters: 200, epoch: 100 | loss: 0.2971187
	speed: 0.0352s/iter; left time: 2199.1147s
	iters: 300, epoch: 100 | loss: 0.2982388
	speed: 0.0353s/iter; left time: 2201.2980s
Epoch: 100 cost time: 11.539433240890503
[2025-05-29 07:50:08] [32mIntermediate result: 0.34107932  (Index 99)[0m
Epoch: 100, Steps: 312 | Train Loss: 0.3041409 Vali Loss: 0.3369345 Test Loss: 0.3410793
EarlyStopping counter: 1 out of 20
Updating learning rate to 9.944118617124247e-05
	iters: 100, epoch: 101 | loss: 0.3121862
	speed: 0.0998s/iter; left time: 6214.5957s
	iters: 200, epoch: 101 | loss: 0.3398454
	speed: 0.0354s/iter; left time: 2200.5820s
	iters: 300, epoch: 101 | loss: 0.2608053
	speed: 0.0354s/iter; left time: 2198.7605s
Epoch: 101 cost time: 11.42890191078186
[2025-05-29 07:50:26] [32mIntermediate result: 0.346711  (Index 100)[0m
Epoch: 101, Steps: 312 | Train Loss: 0.3012490 Vali Loss: 0.3372071 Test Loss: 0.3467110
EarlyStopping counter: 2 out of 20
Updating learning rate to 9.932413960090534e-05
	iters: 100, epoch: 102 | loss: 0.2904906
	speed: 0.1082s/iter; left time: 6709.1733s
	iters: 200, epoch: 102 | loss: 0.2858520
	speed: 0.0350s/iter; left time: 2166.8597s
	iters: 300, epoch: 102 | loss: 0.2936676
	speed: 0.0350s/iter; left time: 2163.1346s
Epoch: 102 cost time: 11.582084894180298
[2025-05-29 07:50:43] [32mIntermediate result: 0.3360443  (Index 101)[0m
Epoch: 102, Steps: 312 | Train Loss: 0.3039518 Vali Loss: 0.3288121 Test Loss: 0.3360443
Validation loss decreased (0.330349 --> 0.328812).  Saving model ...
Updating learning rate to 9.919605451146513e-05
	iters: 100, epoch: 103 | loss: 0.2804349
	speed: 0.1006s/iter; left time: 6206.7409s
	iters: 200, epoch: 103 | loss: 0.3287166
	speed: 0.0356s/iter; left time: 2192.2191s
	iters: 300, epoch: 103 | loss: 0.2919520
	speed: 0.0356s/iter; left time: 2189.9732s
Epoch: 103 cost time: 11.651808977127075
[2025-05-29 07:51:00] [32mIntermediate result: 0.34133056  (Index 102)[0m
Epoch: 103, Steps: 312 | Train Loss: 0.2992878 Vali Loss: 0.3395509 Test Loss: 0.3413306
EarlyStopping counter: 1 out of 20
Updating learning rate to 9.905695956790115e-05
	iters: 100, epoch: 104 | loss: 0.2675575
	speed: 0.0982s/iter; left time: 6023.0940s
	iters: 200, epoch: 104 | loss: 0.3065031
	speed: 0.0353s/iter; left time: 2164.0040s
	iters: 300, epoch: 104 | loss: 0.2883842
	speed: 0.0356s/iter; left time: 2175.8968s
Epoch: 104 cost time: 11.36893105506897
[2025-05-29 07:51:17] [32mIntermediate result: 0.3440623  (Index 103)[0m
Epoch: 104, Steps: 312 | Train Loss: 0.2985935 Vali Loss: 0.3423014 Test Loss: 0.3440623
EarlyStopping counter: 2 out of 20
Updating learning rate to 9.89068858991582e-05
	iters: 100, epoch: 105 | loss: 0.3046564
	speed: 0.1001s/iter; left time: 6109.2462s
	iters: 200, epoch: 105 | loss: 0.2995969
	speed: 0.0351s/iter; left time: 2141.7428s
	iters: 300, epoch: 105 | loss: 0.2717713
	speed: 0.0365s/iter; left time: 2218.6372s
Epoch: 105 cost time: 11.630790948867798
[2025-05-29 07:51:34] [32mIntermediate result: 0.3309549  (Index 104)[0m
Epoch: 105, Steps: 312 | Train Loss: 0.2967771 Vali Loss: 0.3235191 Test Loss: 0.3309549
Validation loss decreased (0.328812 --> 0.323519).  Saving model ...
Updating learning rate to 9.874586709117993e-05
	iters: 100, epoch: 106 | loss: 0.2844091
	speed: 0.1015s/iter; left time: 6167.6468s
	iters: 200, epoch: 106 | loss: 0.2855958
	speed: 0.0351s/iter; left time: 2127.4049s
	iters: 300, epoch: 106 | loss: 0.2905325
	speed: 0.0351s/iter; left time: 2125.0428s
Epoch: 106 cost time: 11.524544715881348
[2025-05-29 07:51:52] [32mIntermediate result: 0.33424968  (Index 105)[0m
Epoch: 106, Steps: 312 | Train Loss: 0.2948387 Vali Loss: 0.3244753 Test Loss: 0.3342497
EarlyStopping counter: 1 out of 20
Updating learning rate to 9.857393917939266e-05
	iters: 100, epoch: 107 | loss: 0.3088575
	speed: 0.1103s/iter; left time: 6663.6614s
	iters: 200, epoch: 107 | loss: 0.3635191
	speed: 0.0352s/iter; left time: 2122.4343s
	iters: 300, epoch: 107 | loss: 0.2795690
	speed: 0.0352s/iter; left time: 2119.2671s
Epoch: 107 cost time: 11.605124473571777
[2025-05-29 07:52:09] [32mIntermediate result: 0.33137223  (Index 106)[0m
Epoch: 107, Steps: 312 | Train Loss: 0.2958125 Vali Loss: 0.3251578 Test Loss: 0.3313722
EarlyStopping counter: 2 out of 20
Updating learning rate to 9.83911406406405e-05
	iters: 100, epoch: 108 | loss: 0.2794306
	speed: 0.1022s/iter; left time: 6143.2471s
	iters: 200, epoch: 108 | loss: 0.2822849
	speed: 0.0364s/iter; left time: 2183.3170s
	iters: 300, epoch: 108 | loss: 0.3033189
	speed: 0.0355s/iter; left time: 2125.3858s
Epoch: 108 cost time: 11.807684898376465
[2025-05-29 07:52:27] [32mIntermediate result: 0.3338607  (Index 107)[0m
Epoch: 108, Steps: 312 | Train Loss: 0.2946629 Vali Loss: 0.3224272 Test Loss: 0.3338607
Validation loss decreased (0.323519 --> 0.322427).  Saving model ...
Updating learning rate to 9.819751238457466e-05
	iters: 100, epoch: 109 | loss: 0.2936567
	speed: 0.0998s/iter; left time: 5971.2004s
	iters: 200, epoch: 109 | loss: 0.3179046
	speed: 0.0351s/iter; left time: 2096.0308s
	iters: 300, epoch: 109 | loss: 0.2961173
	speed: 0.0351s/iter; left time: 2094.5523s
Epoch: 109 cost time: 11.380864143371582
[2025-05-29 07:52:44] [32mIntermediate result: 0.33723632  (Index 108)[0m
Epoch: 109, Steps: 312 | Train Loss: 0.2928456 Vali Loss: 0.3238097 Test Loss: 0.3372363
EarlyStopping counter: 1 out of 20
Updating learning rate to 9.799309774449777e-05
	iters: 100, epoch: 110 | loss: 0.2741702
	speed: 0.1069s/iter; left time: 6359.9532s
	iters: 200, epoch: 110 | loss: 0.3414557
	speed: 0.0377s/iter; left time: 2240.1843s
	iters: 300, epoch: 110 | loss: 0.2808778
	speed: 0.0354s/iter; left time: 2101.0388s
Epoch: 110 cost time: 12.012962818145752
[2025-05-29 07:53:03] [32mIntermediate result: 0.33993682  (Index 109)[0m
Epoch: 110, Steps: 312 | Train Loss: 0.2922255 Vali Loss: 0.3275229 Test Loss: 0.3399368
EarlyStopping counter: 2 out of 20
Updating learning rate to 9.777794246766619e-05
	iters: 100, epoch: 111 | loss: 0.3141313
	speed: 0.1101s/iter; left time: 6516.3922s
	iters: 200, epoch: 111 | loss: 0.2946742
	speed: 0.0350s/iter; left time: 2069.7086s
	iters: 300, epoch: 111 | loss: 0.2981243
	speed: 0.0352s/iter; left time: 2074.8513s
Epoch: 111 cost time: 11.476791620254517
[2025-05-29 07:53:20] [32mIntermediate result: 0.32988444  (Index 110)[0m
Epoch: 111, Steps: 312 | Train Loss: 0.2933632 Vali Loss: 0.3250706 Test Loss: 0.3298844
EarlyStopping counter: 3 out of 20
Updating learning rate to 9.75520947050519e-05
	iters: 100, epoch: 112 | loss: 0.2754488
	speed: 0.1008s/iter; left time: 5931.7846s
	iters: 200, epoch: 112 | loss: 0.2702917
	speed: 0.0357s/iter; left time: 2097.0070s
	iters: 300, epoch: 112 | loss: 0.2786670
	speed: 0.0351s/iter; left time: 2059.8052s
Epoch: 112 cost time: 11.591084241867065
[2025-05-29 07:53:37] [32mIntermediate result: 0.34159064  (Index 111)[0m
Epoch: 112, Steps: 312 | Train Loss: 0.2894576 Vali Loss: 0.3249715 Test Loss: 0.3415906
EarlyStopping counter: 4 out of 20
Updating learning rate to 9.731560500056648e-05
	iters: 100, epoch: 113 | loss: 0.2774755
	speed: 0.0995s/iter; left time: 5828.2644s
	iters: 200, epoch: 113 | loss: 0.2902269
	speed: 0.0353s/iter; left time: 2064.4723s
	iters: 300, epoch: 113 | loss: 0.2768386
	speed: 0.0352s/iter; left time: 2052.8025s
Epoch: 113 cost time: 11.538214445114136
[2025-05-29 07:53:54] [32mIntermediate result: 0.32961985  (Index 112)[0m
Epoch: 113, Steps: 312 | Train Loss: 0.2889223 Vali Loss: 0.3203508 Test Loss: 0.3296199
Validation loss decreased (0.322427 --> 0.320351).  Saving model ...
Updating learning rate to 9.706852627974957e-05
	iters: 100, epoch: 114 | loss: 0.2678985
	speed: 0.1004s/iter; left time: 5848.1000s
	iters: 200, epoch: 114 | loss: 0.3134971
	speed: 0.0351s/iter; left time: 2043.2840s
	iters: 300, epoch: 114 | loss: 0.2766343
	speed: 0.0353s/iter; left time: 2047.7974s
Epoch: 114 cost time: 11.447216272354126
[2025-05-29 07:54:11] [32mIntermediate result: 0.3290057  (Index 113)[0m
Epoch: 114, Steps: 312 | Train Loss: 0.2871365 Vali Loss: 0.3170535 Test Loss: 0.3290057
Validation loss decreased (0.320351 --> 0.317053).  Saving model ...
Updating learning rate to 9.681091383792434e-05
	iters: 100, epoch: 115 | loss: 0.2896112
	speed: 0.1017s/iter; left time: 5892.7313s
	iters: 200, epoch: 115 | loss: 0.2859584
	speed: 0.0356s/iter; left time: 2058.5095s
	iters: 300, epoch: 115 | loss: 0.2989096
	speed: 0.0351s/iter; left time: 2026.4141s
Epoch: 115 cost time: 11.759629726409912
[2025-05-29 07:54:28] [32mIntermediate result: 0.3389675  (Index 114)[0m
Epoch: 115, Steps: 312 | Train Loss: 0.2873832 Vali Loss: 0.3272346 Test Loss: 0.3389675
EarlyStopping counter: 1 out of 20
Updating learning rate to 9.654282532782255e-05
	iters: 100, epoch: 116 | loss: 0.2770839
	speed: 0.0990s/iter; left time: 5702.3769s
	iters: 200, epoch: 116 | loss: 0.2736844
	speed: 0.0368s/iter; left time: 2117.7703s
	iters: 300, epoch: 116 | loss: 0.2671997
	speed: 0.0375s/iter; left time: 2155.8251s
Epoch: 116 cost time: 11.81374740600586
[2025-05-29 07:54:45] [32mIntermediate result: 0.33445117  (Index 115)[0m
Epoch: 116, Steps: 312 | Train Loss: 0.2853940 Vali Loss: 0.3193611 Test Loss: 0.3344512
EarlyStopping counter: 2 out of 20
Updating learning rate to 9.626432074668216e-05
	iters: 100, epoch: 117 | loss: 0.2964814
	speed: 0.0985s/iter; left time: 5642.8772s
	iters: 200, epoch: 117 | loss: 0.2788846
	speed: 0.0354s/iter; left time: 2023.9336s
	iters: 300, epoch: 117 | loss: 0.3006036
	speed: 0.0353s/iter; left time: 2016.9749s
Epoch: 117 cost time: 11.36964750289917
[2025-05-29 07:55:02] [32mIntermediate result: 0.32294083  (Index 116)[0m
Epoch: 117, Steps: 312 | Train Loss: 0.2848076 Vali Loss: 0.3136981 Test Loss: 0.3229408
Validation loss decreased (0.317053 --> 0.313698).  Saving model ...
Updating learning rate to 9.597546242282008e-05
	iters: 100, epoch: 118 | loss: 0.2648523
	speed: 0.0989s/iter; left time: 5635.0662s
	iters: 200, epoch: 118 | loss: 0.2898534
	speed: 0.0355s/iter; left time: 2021.0627s
	iters: 300, epoch: 118 | loss: 0.2890299
	speed: 0.0390s/iter; left time: 2217.8378s
Epoch: 118 cost time: 11.864390850067139
[2025-05-29 07:55:20] [32mIntermediate result: 0.32828552  (Index 117)[0m
Epoch: 118, Steps: 312 | Train Loss: 0.2834312 Vali Loss: 0.3120074 Test Loss: 0.3282855
Validation loss decreased (0.313698 --> 0.312007).  Saving model ...
Updating learning rate to 9.567631500168334e-05
	iters: 100, epoch: 119 | loss: 0.2826824
	speed: 0.1013s/iter; left time: 5740.9925s
	iters: 200, epoch: 119 | loss: 0.2785265
	speed: 0.0349s/iter; left time: 1974.0595s
	iters: 300, epoch: 119 | loss: 0.2813338
	speed: 0.0349s/iter; left time: 1970.7808s
Epoch: 119 cost time: 11.465919733047485
[2025-05-29 07:55:37] [32mIntermediate result: 0.3375387  (Index 118)[0m
Epoch: 119, Steps: 312 | Train Loss: 0.2819996 Vali Loss: 0.3214309 Test Loss: 0.3375387
EarlyStopping counter: 1 out of 20
Updating learning rate to 9.536694543138175e-05
	iters: 100, epoch: 120 | loss: 0.2989539
	speed: 0.1037s/iter; left time: 5848.3646s
	iters: 200, epoch: 120 | loss: 0.2707947
	speed: 0.0364s/iter; left time: 2046.1577s
	iters: 300, epoch: 120 | loss: 0.2987146
	speed: 0.0355s/iter; left time: 1994.7262s
Epoch: 120 cost time: 11.89064335823059
[2025-05-29 07:55:55] [32mIntermediate result: 0.31952327  (Index 119)[0m
Epoch: 120, Steps: 312 | Train Loss: 0.2840373 Vali Loss: 0.3097107 Test Loss: 0.3195233
Validation loss decreased (0.312007 --> 0.309711).  Saving model ...
Updating learning rate to 9.504742294770506e-05
	iters: 100, epoch: 121 | loss: 0.2654635
	speed: 0.1045s/iter; left time: 5858.0416s
	iters: 200, epoch: 121 | loss: 0.2897038
	speed: 0.0353s/iter; left time: 1975.1145s
	iters: 300, epoch: 121 | loss: 0.2697603
	speed: 0.0360s/iter; left time: 2011.5349s
Epoch: 121 cost time: 11.750022888183594
[2025-05-29 07:56:12] [32mIntermediate result: 0.33109388  (Index 120)[0m
Epoch: 121, Steps: 312 | Train Loss: 0.2803692 Vali Loss: 0.3266167 Test Loss: 0.3310939
EarlyStopping counter: 1 out of 20
Updating learning rate to 9.471781905862823e-05
	iters: 100, epoch: 122 | loss: 0.3020184
	speed: 0.0984s/iter; left time: 5483.8516s
	iters: 200, epoch: 122 | loss: 0.3100812
	speed: 0.0354s/iter; left time: 1968.8151s
	iters: 300, epoch: 122 | loss: 0.2649061
	speed: 0.0352s/iter; left time: 1955.6244s
Epoch: 122 cost time: 11.433284997940063
[2025-05-29 07:56:29] [32mIntermediate result: 0.3276049  (Index 121)[0m
Epoch: 122, Steps: 312 | Train Loss: 0.2798903 Vali Loss: 0.3269611 Test Loss: 0.3276049
EarlyStopping counter: 2 out of 20
Updating learning rate to 9.437820752830834e-05
	iters: 100, epoch: 123 | loss: 0.2733186
	speed: 0.0984s/iter; left time: 5454.0091s
	iters: 200, epoch: 123 | loss: 0.2807261
	speed: 0.0350s/iter; left time: 1936.9414s
	iters: 300, epoch: 123 | loss: 0.2699271
	speed: 0.0353s/iter; left time: 1951.0305s
Epoch: 123 cost time: 11.422048091888428
[2025-05-29 07:56:47] [32mIntermediate result: 0.32380638  (Index 122)[0m
Epoch: 123, Steps: 312 | Train Loss: 0.2796278 Vali Loss: 0.3138642 Test Loss: 0.3238064
EarlyStopping counter: 3 out of 20
Updating learning rate to 9.402866436057622e-05
	iters: 100, epoch: 124 | loss: 0.2657681
	speed: 0.1080s/iter; left time: 5951.6328s
	iters: 200, epoch: 124 | loss: 0.3094526
	speed: 0.0349s/iter; left time: 1920.5710s
	iters: 300, epoch: 124 | loss: 0.2938961
	speed: 0.0349s/iter; left time: 1917.3666s
Epoch: 124 cost time: 11.44335150718689
[2025-05-29 07:57:04] [32mIntermediate result: 0.32561883  (Index 123)[0m
Epoch: 124, Steps: 312 | Train Loss: 0.2785062 Vali Loss: 0.3117293 Test Loss: 0.3256188
EarlyStopping counter: 4 out of 20
Updating learning rate to 9.366926778192736e-05
	iters: 100, epoch: 125 | loss: 0.2789760
	speed: 0.0999s/iter; left time: 5476.9379s
	iters: 200, epoch: 125 | loss: 0.2771846
	speed: 0.0351s/iter; left time: 1922.4095s
	iters: 300, epoch: 125 | loss: 0.2591760
	speed: 0.0361s/iter; left time: 1970.2348s
Epoch: 125 cost time: 11.612877607345581
[2025-05-29 07:57:21] [32mIntermediate result: 0.32589078  (Index 124)[0m
Epoch: 125, Steps: 312 | Train Loss: 0.2777121 Vali Loss: 0.3099999 Test Loss: 0.3258908
EarlyStopping counter: 5 out of 20
Updating learning rate to 9.33000982240148e-05
	iters: 100, epoch: 126 | loss: 0.2864530
	speed: 0.1023s/iter; left time: 5574.8904s
	iters: 200, epoch: 126 | loss: 0.2772755
	speed: 0.0352s/iter; left time: 1913.3730s
	iters: 300, epoch: 126 | loss: 0.2848123
	speed: 0.0350s/iter; left time: 1899.5468s
Epoch: 126 cost time: 11.522551774978638
[2025-05-29 07:57:38] [32mIntermediate result: 0.31621814  (Index 125)[0m
Epoch: 126, Steps: 312 | Train Loss: 0.2768804 Vali Loss: 0.3093199 Test Loss: 0.3162181
Validation loss decreased (0.309711 --> 0.309320).  Saving model ...
Updating learning rate to 9.2921238305649e-05
	iters: 100, epoch: 127 | loss: 0.2929362
	speed: 0.0997s/iter; left time: 5403.0574s
	iters: 200, epoch: 127 | loss: 0.2677407
	speed: 0.0349s/iter; left time: 1886.6547s
	iters: 300, epoch: 127 | loss: 0.2566936
	speed: 0.0352s/iter; left time: 1901.1622s
Epoch: 127 cost time: 11.397209405899048
[2025-05-29 07:57:55] [32mIntermediate result: 0.3223764  (Index 126)[0m
Epoch: 127, Steps: 312 | Train Loss: 0.2743002 Vali Loss: 0.3094043 Test Loss: 0.3223764
EarlyStopping counter: 1 out of 20
Updating learning rate to 9.253277281430805e-05
	iters: 100, epoch: 128 | loss: 0.2551621
	speed: 0.0999s/iter; left time: 5379.9218s
	iters: 200, epoch: 128 | loss: 0.2788435
	speed: 0.0353s/iter; left time: 1898.6200s
	iters: 300, epoch: 128 | loss: 0.2749705
	speed: 0.0353s/iter; left time: 1895.8687s
Epoch: 128 cost time: 11.431919574737549
[2025-05-29 07:58:12] [32mIntermediate result: 0.3234689  (Index 127)[0m
Epoch: 128, Steps: 312 | Train Loss: 0.2750853 Vali Loss: 0.3132972 Test Loss: 0.3234689
EarlyStopping counter: 2 out of 20
Updating learning rate to 9.213478868716241e-05
	iters: 100, epoch: 129 | loss: 0.2734841
	speed: 0.0988s/iter; left time: 5291.6524s
	iters: 200, epoch: 129 | loss: 0.2849205
	speed: 0.0351s/iter; left time: 1876.1332s
	iters: 300, epoch: 129 | loss: 0.2824903
	speed: 0.0349s/iter; left time: 1864.6371s
Epoch: 129 cost time: 11.350895404815674
[2025-05-29 07:58:30] [32mIntermediate result: 0.33020663  (Index 128)[0m
Epoch: 129, Steps: 312 | Train Loss: 0.2746181 Vali Loss: 0.3139101 Test Loss: 0.3302066
EarlyStopping counter: 3 out of 20
Updating learning rate to 9.172737499161884e-05
	iters: 100, epoch: 130 | loss: 0.2796549
	speed: 0.1086s/iter; left time: 5782.0128s
	iters: 200, epoch: 130 | loss: 0.2688933
	speed: 0.0389s/iter; left time: 2065.9330s
	iters: 300, epoch: 130 | loss: 0.2549911
	speed: 0.0365s/iter; left time: 1936.2343s
Epoch: 130 cost time: 12.094616889953613
[2025-05-29 07:58:48] [32mIntermediate result: 0.32059494  (Index 129)[0m
Epoch: 130, Steps: 312 | Train Loss: 0.2730529 Vali Loss: 0.3148249 Test Loss: 0.3205949
EarlyStopping counter: 4 out of 20
Updating learning rate to 9.131062290538734e-05
	iters: 100, epoch: 131 | loss: 0.2896789
	speed: 0.1099s/iter; left time: 5820.4909s
	iters: 200, epoch: 131 | loss: 0.2842899
	speed: 0.0351s/iter; left time: 1855.0708s
	iters: 300, epoch: 131 | loss: 0.2416222
	speed: 0.0352s/iter; left time: 1857.8111s
Epoch: 131 cost time: 11.543828010559082
[2025-05-29 07:59:05] [32mIntermediate result: 0.31719053  (Index 130)[0m
Epoch: 131, Steps: 312 | Train Loss: 0.2723904 Vali Loss: 0.3068698 Test Loss: 0.3171905
Validation loss decreased (0.309320 --> 0.306870).  Saving model ...
Updating learning rate to 9.088462569607592e-05
	iters: 100, epoch: 132 | loss: 0.2369792
	speed: 0.1035s/iter; left time: 5448.3611s
	iters: 200, epoch: 132 | loss: 0.2930164
	speed: 0.0353s/iter; left time: 1854.5556s
	iters: 300, epoch: 132 | loss: 0.2833559
	speed: 0.0350s/iter; left time: 1837.0761s
Epoch: 132 cost time: 11.543283939361572
[2025-05-29 07:59:23] [32mIntermediate result: 0.3259366  (Index 131)[0m
Epoch: 132, Steps: 312 | Train Loss: 0.2741400 Vali Loss: 0.3109361 Test Loss: 0.3259366
EarlyStopping counter: 1 out of 20
Updating learning rate to 9.044947870031772e-05
	iters: 100, epoch: 133 | loss: 0.2675662
	speed: 0.1019s/iter; left time: 5331.7745s
	iters: 200, epoch: 133 | loss: 0.2760323
	speed: 0.0352s/iter; left time: 1839.3568s
	iters: 300, epoch: 133 | loss: 0.2633191
	speed: 0.0352s/iter; left time: 1834.6461s
Epoch: 133 cost time: 11.561814785003662
[2025-05-29 07:59:40] [32mIntermediate result: 0.31564742  (Index 132)[0m
Epoch: 133, Steps: 312 | Train Loss: 0.2710994 Vali Loss: 0.3038340 Test Loss: 0.3156474
Validation loss decreased (0.306870 --> 0.303834).  Saving model ...
Updating learning rate to 9.000527930243489e-05
	iters: 100, epoch: 134 | loss: 0.2776369
	speed: 0.1001s/iter; left time: 5204.7866s
	iters: 200, epoch: 134 | loss: 0.2902426
	speed: 0.0353s/iter; left time: 1830.1810s
	iters: 300, epoch: 134 | loss: 0.2524025
	speed: 0.0352s/iter; left time: 1824.3664s
Epoch: 134 cost time: 11.439760446548462
[2025-05-29 07:59:57] [32mIntermediate result: 0.3184746  (Index 133)[0m
Epoch: 134, Steps: 312 | Train Loss: 0.2724058 Vali Loss: 0.3108727 Test Loss: 0.3184746
EarlyStopping counter: 1 out of 20
Updating learning rate to 8.955212691264441e-05
	iters: 100, epoch: 135 | loss: 0.2776924
	speed: 0.0999s/iter; left time: 5166.0915s
	iters: 200, epoch: 135 | loss: 0.2788593
	speed: 0.0353s/iter; left time: 1820.8293s
	iters: 300, epoch: 135 | loss: 0.2645020
	speed: 0.0352s/iter; left time: 1813.8576s
Epoch: 135 cost time: 11.504043579101562
[2025-05-29 08:00:15] [32mIntermediate result: 0.3165631  (Index 134)[0m
Epoch: 135, Steps: 312 | Train Loss: 0.2684036 Vali Loss: 0.3059986 Test Loss: 0.3165631
EarlyStopping counter: 2 out of 20
Updating learning rate to 8.90901229448105e-05
	iters: 100, epoch: 136 | loss: 0.2848552
	speed: 0.1088s/iter; left time: 5589.5170s
	iters: 200, epoch: 136 | loss: 0.2601381
	speed: 0.0355s/iter; left time: 1821.7668s
	iters: 300, epoch: 136 | loss: 0.3053723
	speed: 0.0352s/iter; left time: 1803.4106s
Epoch: 136 cost time: 11.697076797485352
[2025-05-29 08:00:33] [32mIntermediate result: 0.31345603  (Index 135)[0m
Epoch: 136, Steps: 312 | Train Loss: 0.2686682 Vali Loss: 0.3061002 Test Loss: 0.3134560
EarlyStopping counter: 3 out of 20
Updating learning rate to 8.861937079374843e-05
	iters: 100, epoch: 137 | loss: 0.2800005
	speed: 0.1081s/iter; left time: 5521.7508s
	iters: 200, epoch: 137 | loss: 0.2571270
	speed: 0.0354s/iter; left time: 1805.8946s
	iters: 300, epoch: 137 | loss: 0.2600377
	speed: 0.0354s/iter; left time: 1799.5726s
Epoch: 137 cost time: 11.614939451217651
[2025-05-29 08:00:50] [32mIntermediate result: 0.32061347  (Index 136)[0m
Epoch: 137, Steps: 312 | Train Loss: 0.2693594 Vali Loss: 0.3069174 Test Loss: 0.3206135
EarlyStopping counter: 4 out of 20
Updating learning rate to 8.813997581208526e-05
	iters: 100, epoch: 138 | loss: 0.2700852
	speed: 0.0997s/iter; left time: 5062.2012s
	iters: 200, epoch: 138 | loss: 0.2715757
	speed: 0.0353s/iter; left time: 1790.6181s
	iters: 300, epoch: 138 | loss: 0.2478058
	speed: 0.0355s/iter; left time: 1796.9066s
Epoch: 138 cost time: 11.523253440856934
[2025-05-29 08:01:07] [32mIntermediate result: 0.32451415  (Index 137)[0m
Epoch: 138, Steps: 312 | Train Loss: 0.2673361 Vali Loss: 0.3180377 Test Loss: 0.3245142
EarlyStopping counter: 5 out of 20
Updating learning rate to 8.765204528668217e-05
	iters: 100, epoch: 139 | loss: 0.2562487
	speed: 0.0995s/iter; left time: 5017.2162s
	iters: 200, epoch: 139 | loss: 0.2818339
	speed: 0.0350s/iter; left time: 1762.7801s
	iters: 300, epoch: 139 | loss: 0.2565155
	speed: 0.0352s/iter; left time: 1770.9179s
Epoch: 139 cost time: 11.485639095306396
[2025-05-29 08:01:24] [32mIntermediate result: 0.31772032  (Index 138)[0m
Epoch: 139, Steps: 312 | Train Loss: 0.2665148 Vali Loss: 0.3099612 Test Loss: 0.3177203
EarlyStopping counter: 6 out of 20
Updating learning rate to 8.71556884146242e-05
	iters: 100, epoch: 140 | loss: 0.2805390
	speed: 0.1021s/iter; left time: 5119.9759s
	iters: 200, epoch: 140 | loss: 0.2735974
	speed: 0.0355s/iter; left time: 1778.0665s
	iters: 300, epoch: 140 | loss: 0.2655778
	speed: 0.0352s/iter; left time: 1759.5986s
Epoch: 140 cost time: 11.604001522064209
[2025-05-29 08:01:41] [32mIntermediate result: 0.32940704  (Index 139)[0m
Epoch: 140, Steps: 312 | Train Loss: 0.2677795 Vali Loss: 0.3147343 Test Loss: 0.3294070
EarlyStopping counter: 7 out of 20
Updating learning rate to 8.665101627878222e-05
	iters: 100, epoch: 141 | loss: 0.2486614
	speed: 0.1032s/iter; left time: 5140.4719s
	iters: 200, epoch: 141 | loss: 0.2747804
	speed: 0.0351s/iter; left time: 1746.8637s
	iters: 300, epoch: 141 | loss: 0.2890120
	speed: 0.0351s/iter; left time: 1740.2357s
Epoch: 141 cost time: 11.538131475448608
[2025-05-29 08:01:59] [32mIntermediate result: 0.3162353  (Index 140)[0m
Epoch: 141, Steps: 312 | Train Loss: 0.2650510 Vali Loss: 0.3044252 Test Loss: 0.3162353
EarlyStopping counter: 8 out of 20
Updating learning rate to 8.613814182295305e-05
	iters: 100, epoch: 142 | loss: 0.2548753
	speed: 0.1088s/iter; left time: 5386.8515s
	iters: 200, epoch: 142 | loss: 0.2555686
	speed: 0.0351s/iter; left time: 1733.0976s
	iters: 300, epoch: 142 | loss: 0.2667660
	speed: 0.0348s/iter; left time: 1717.7275s
Epoch: 142 cost time: 11.39995288848877
[2025-05-29 08:02:16] [32mIntermediate result: 0.31775135  (Index 141)[0m
Epoch: 142, Steps: 312 | Train Loss: 0.2635636 Vali Loss: 0.3143309 Test Loss: 0.3177513
EarlyStopping counter: 9 out of 20
Updating learning rate to 8.561717982658299e-05
	iters: 100, epoch: 143 | loss: 0.2346383
	speed: 0.0993s/iter; left time: 4883.8497s
	iters: 200, epoch: 143 | loss: 0.2628162
	speed: 0.0355s/iter; left time: 1744.5126s
	iters: 300, epoch: 143 | loss: 0.2492798
	speed: 0.0354s/iter; left time: 1732.9880s
Epoch: 143 cost time: 11.543819189071655
[2025-05-29 08:02:33] [32mIntermediate result: 0.31400302  (Index 142)[0m
Epoch: 143, Steps: 312 | Train Loss: 0.2634796 Vali Loss: 0.3012237 Test Loss: 0.3140030
Validation loss decreased (0.303834 --> 0.301224).  Saving model ...
Updating learning rate to 8.50882468790807e-05
	iters: 100, epoch: 144 | loss: 0.2450828
	speed: 0.1004s/iter; left time: 4907.8002s
	iters: 200, epoch: 144 | loss: 0.2662510
	speed: 0.0352s/iter; left time: 1715.2433s
	iters: 300, epoch: 144 | loss: 0.2469249
	speed: 0.0351s/iter; left time: 1708.9004s
Epoch: 144 cost time: 11.468827724456787
[2025-05-29 08:02:50] [32mIntermediate result: 0.32286862  (Index 143)[0m
Epoch: 144, Steps: 312 | Train Loss: 0.2628140 Vali Loss: 0.3081476 Test Loss: 0.3228686
EarlyStopping counter: 1 out of 20
Updating learning rate to 8.455146135372479e-05
	iters: 100, epoch: 145 | loss: 0.2639711
	speed: 0.1000s/iter; left time: 4858.3234s
	iters: 200, epoch: 145 | loss: 0.2470909
	speed: 0.0353s/iter; left time: 1713.2810s
	iters: 300, epoch: 145 | loss: 0.2665786
	speed: 0.0350s/iter; left time: 1692.4990s
Epoch: 145 cost time: 11.47622036933899
[2025-05-29 08:03:08] [32mIntermediate result: 0.3139492  (Index 144)[0m
Epoch: 145, Steps: 312 | Train Loss: 0.2633138 Vali Loss: 0.3090139 Test Loss: 0.3139492
EarlyStopping counter: 2 out of 20
Updating learning rate to 8.400694338117237e-05
	iters: 100, epoch: 146 | loss: 0.2724407
	speed: 0.1060s/iter; left time: 5117.7304s
	iters: 200, epoch: 146 | loss: 0.2477093
	speed: 0.0480s/iter; left time: 2310.1285s
	iters: 300, epoch: 146 | loss: 0.2471991
	speed: 0.0471s/iter; left time: 2264.9668s
Epoch: 146 cost time: 14.448675155639648
[2025-05-29 08:03:28] [32mIntermediate result: 0.30882275  (Index 145)[0m
Epoch: 146, Steps: 312 | Train Loss: 0.2624656 Vali Loss: 0.2992587 Test Loss: 0.3088228
Validation loss decreased (0.301224 --> 0.299259).  Saving model ...
Updating learning rate to 8.345481482257425e-05
	iters: 100, epoch: 147 | loss: 0.2643323
	speed: 0.0982s/iter; left time: 4709.1390s
	iters: 200, epoch: 147 | loss: 0.2611986
	speed: 0.0352s/iter; left time: 1686.4603s
	iters: 300, epoch: 147 | loss: 0.2398489
	speed: 0.0352s/iter; left time: 1680.7046s
Epoch: 147 cost time: 11.320957899093628
[2025-05-29 08:03:45] [32mIntermediate result: 0.32845622  (Index 146)[0m
Epoch: 147, Steps: 312 | Train Loss: 0.2604017 Vali Loss: 0.3093309 Test Loss: 0.3284562
EarlyStopping counter: 1 out of 20
Updating learning rate to 8.289519924230284e-05
	iters: 100, epoch: 148 | loss: 0.2527383
	speed: 0.1041s/iter; left time: 4959.0262s
	iters: 200, epoch: 148 | loss: 0.2499371
	speed: 0.0351s/iter; left time: 1666.9258s
	iters: 300, epoch: 148 | loss: 0.2498534
	speed: 0.0352s/iter; left time: 1668.3644s
Epoch: 148 cost time: 11.39150619506836
[2025-05-29 08:04:02] [32mIntermediate result: 0.31150985  (Index 147)[0m
Epoch: 148, Steps: 312 | Train Loss: 0.2599482 Vali Loss: 0.3020743 Test Loss: 0.3115098
EarlyStopping counter: 2 out of 20
Updating learning rate to 8.232822188029889e-05
	iters: 100, epoch: 149 | loss: 0.2603764
	speed: 0.0995s/iter; left time: 4707.0459s
	iters: 200, epoch: 149 | loss: 0.2519570
	speed: 0.0351s/iter; left time: 1658.7851s
	iters: 300, epoch: 149 | loss: 0.2415676
	speed: 0.0351s/iter; left time: 1653.4021s
Epoch: 149 cost time: 11.524263381958008
[2025-05-29 08:04:19] [32mIntermediate result: 0.31053084  (Index 148)[0m
Epoch: 149, Steps: 312 | Train Loss: 0.2612924 Vali Loss: 0.2989779 Test Loss: 0.3105308
Validation loss decreased (0.299259 --> 0.298978).  Saving model ...
Updating learning rate to 8.175400962404325e-05
	iters: 100, epoch: 150 | loss: 0.2557714
	speed: 0.0997s/iter; left time: 4686.5690s
	iters: 200, epoch: 150 | loss: 0.2703909
	speed: 0.0353s/iter; left time: 1657.5438s
	iters: 300, epoch: 150 | loss: 0.2747279
	speed: 0.0351s/iter; left time: 1642.7952s
Epoch: 150 cost time: 11.395257711410522
[2025-05-29 08:04:36] [32mIntermediate result: 0.31254062  (Index 149)[0m
Epoch: 150, Steps: 312 | Train Loss: 0.2592652 Vali Loss: 0.2985350 Test Loss: 0.3125406
Validation loss decreased (0.298978 --> 0.298535).  Saving model ...
Updating learning rate to 8.117269098015989e-05
	iters: 100, epoch: 151 | loss: 0.2810024
	speed: 0.1035s/iter; left time: 4831.7139s
	iters: 200, epoch: 151 | loss: 0.2373819
	speed: 0.0354s/iter; left time: 1650.5128s
	iters: 300, epoch: 151 | loss: 0.2634755
	speed: 0.0347s/iter; left time: 1614.1498s
Epoch: 151 cost time: 11.659409284591675
[2025-05-29 08:04:54] [32mIntermediate result: 0.31672236  (Index 150)[0m
Epoch: 151, Steps: 312 | Train Loss: 0.2591272 Vali Loss: 0.3073449 Test Loss: 0.3167224
EarlyStopping counter: 1 out of 20
Updating learning rate to 8.058439604565664e-05
	iters: 100, epoch: 152 | loss: 0.2452587
	speed: 0.1050s/iter; left time: 4870.4232s
	iters: 200, epoch: 152 | loss: 0.2418741
	speed: 0.0352s/iter; left time: 1630.1784s
	iters: 300, epoch: 152 | loss: 0.2489537
	speed: 0.0351s/iter; left time: 1620.0232s
Epoch: 152 cost time: 11.303258419036865
[2025-05-29 08:05:11] [32mIntermediate result: 0.31088388  (Index 151)[0m
Epoch: 152, Steps: 312 | Train Loss: 0.2591646 Vali Loss: 0.3038178 Test Loss: 0.3108839
EarlyStopping counter: 2 out of 20
Updating learning rate to 7.998925647880988e-05
	iters: 100, epoch: 153 | loss: 0.2982186
	speed: 0.1036s/iter; left time: 4773.9635s
	iters: 200, epoch: 153 | loss: 0.2845733
	speed: 0.0348s/iter; left time: 1601.6893s
	iters: 300, epoch: 153 | loss: 0.2643093
	speed: 0.0349s/iter; left time: 1601.1966s
Epoch: 153 cost time: 11.393406391143799
[2025-05-29 08:05:28] [32mIntermediate result: 0.31779087  (Index 152)[0m
Epoch: 153, Steps: 312 | Train Loss: 0.2586344 Vali Loss: 0.3085993 Test Loss: 0.3177909
EarlyStopping counter: 3 out of 20
Updating learning rate to 7.938740546969996e-05
	iters: 100, epoch: 154 | loss: 0.2505172
	speed: 0.0993s/iter; left time: 4545.4196s
	iters: 200, epoch: 154 | loss: 0.2549560
	speed: 0.0351s/iter; left time: 1603.9523s
	iters: 300, epoch: 154 | loss: 0.2610133
	speed: 0.0356s/iter; left time: 1622.8776s
Epoch: 154 cost time: 11.545844316482544
[2025-05-29 08:05:45] [32mIntermediate result: 0.30748817  (Index 153)[0m
Epoch: 154, Steps: 312 | Train Loss: 0.2570261 Vali Loss: 0.2961396 Test Loss: 0.3074882
Validation loss decreased (0.298535 --> 0.296140).  Saving model ...
Updating learning rate to 7.877897771040366e-05
	iters: 100, epoch: 155 | loss: 0.2570238
	speed: 0.0994s/iter; left time: 4518.5085s
	iters: 200, epoch: 155 | loss: 0.2577942
	speed: 0.0353s/iter; left time: 1598.8081s
	iters: 300, epoch: 155 | loss: 0.2527742
	speed: 0.0352s/iter; left time: 1592.5891s
Epoch: 155 cost time: 11.464853525161743
[2025-05-29 08:06:02] [32mIntermediate result: 0.30828846  (Index 154)[0m
Epoch: 155, Steps: 312 | Train Loss: 0.2573154 Vali Loss: 0.2966630 Test Loss: 0.3082885
EarlyStopping counter: 1 out of 20
Updating learning rate to 7.816410936485068e-05
	iters: 100, epoch: 156 | loss: 0.2046285
	speed: 0.1000s/iter; left time: 4512.5674s
	iters: 200, epoch: 156 | loss: 0.2452370
	speed: 0.0352s/iter; left time: 1586.5202s
	iters: 300, epoch: 156 | loss: 0.2566458
	speed: 0.0355s/iter; left time: 1595.7247s
Epoch: 156 cost time: 11.522462129592896
[2025-05-29 08:06:19] [32mIntermediate result: 0.32552102  (Index 155)[0m
Epoch: 156, Steps: 312 | Train Loss: 0.2558416 Vali Loss: 0.3058523 Test Loss: 0.3255210
EarlyStopping counter: 2 out of 20
Updating learning rate to 7.75429380383506e-05
	iters: 100, epoch: 157 | loss: 0.2564648
	speed: 0.0995s/iter; left time: 4462.2498s
	iters: 200, epoch: 157 | loss: 0.2746451
	speed: 0.0351s/iter; left time: 1571.4918s
	iters: 300, epoch: 157 | loss: 0.2545078
	speed: 0.0350s/iter; left time: 1560.0653s
Epoch: 157 cost time: 11.411420583724976
[2025-05-29 08:06:36] [32mIntermediate result: 0.3144615  (Index 156)[0m
Epoch: 157, Steps: 312 | Train Loss: 0.2557581 Vali Loss: 0.3055438 Test Loss: 0.3144615
EarlyStopping counter: 3 out of 20
Updating learning rate to 7.691560274679733e-05
	iters: 100, epoch: 158 | loss: 0.2557406
	speed: 0.0988s/iter; left time: 4397.7536s
	iters: 200, epoch: 158 | loss: 0.2418556
	speed: 0.0353s/iter; left time: 1568.0865s
	iters: 300, epoch: 158 | loss: 0.2558814
	speed: 0.0352s/iter; left time: 1561.1713s
Epoch: 158 cost time: 11.36597990989685
[2025-05-29 08:06:53] [32mIntermediate result: 0.30721027  (Index 157)[0m
Epoch: 158, Steps: 312 | Train Loss: 0.2556113 Vali Loss: 0.2943229 Test Loss: 0.3072103
Validation loss decreased (0.296140 --> 0.294323).  Saving model ...
Updating learning rate to 7.628224388555778e-05
	iters: 100, epoch: 159 | loss: 0.2361879
	speed: 0.0989s/iter; left time: 4374.0142s
	iters: 200, epoch: 159 | loss: 0.2604670
	speed: 0.0349s/iter; left time: 1540.5414s
	iters: 300, epoch: 159 | loss: 0.2383263
	speed: 0.0349s/iter; left time: 1534.9539s
Epoch: 159 cost time: 11.459550857543945
[2025-05-29 08:07:10] [32mIntermediate result: 0.30792564  (Index 158)[0m
Epoch: 159, Steps: 312 | Train Loss: 0.2540809 Vali Loss: 0.2951219 Test Loss: 0.3079256
EarlyStopping counter: 1 out of 20
Updating learning rate to 7.564300319805202e-05
	iters: 100, epoch: 160 | loss: 0.2396884
	speed: 0.1001s/iter; left time: 4394.3667s
	iters: 200, epoch: 160 | loss: 0.2692145
	speed: 0.0350s/iter; left time: 1533.8884s
	iters: 300, epoch: 160 | loss: 0.2569399
	speed: 0.0352s/iter; left time: 1536.1531s
Epoch: 160 cost time: 11.383746862411499
[2025-05-29 08:07:27] [32mIntermediate result: 0.31602103  (Index 159)[0m
Epoch: 160, Steps: 312 | Train Loss: 0.2531938 Vali Loss: 0.3028135 Test Loss: 0.3160210
EarlyStopping counter: 2 out of 20
Updating learning rate to 7.499802374403152e-05
	iters: 100, epoch: 161 | loss: 0.2539136
	speed: 0.1018s/iter; left time: 4435.2642s
	iters: 200, epoch: 161 | loss: 0.2524160
	speed: 0.0352s/iter; left time: 1531.2567s
	iters: 300, epoch: 161 | loss: 0.2524170
	speed: 0.0354s/iter; left time: 1537.4728s
Epoch: 161 cost time: 11.688206672668457
[2025-05-29 08:07:44] [32mIntermediate result: 0.31472063  (Index 160)[0m
Epoch: 161, Steps: 312 | Train Loss: 0.2544277 Vali Loss: 0.2996088 Test Loss: 0.3147206
EarlyStopping counter: 3 out of 20
Updating learning rate to 7.434744986756288e-05
	iters: 100, epoch: 162 | loss: 0.2546148
	speed: 0.0976s/iter; left time: 4222.6988s
	iters: 200, epoch: 162 | loss: 0.2451082
	speed: 0.0354s/iter; left time: 1528.4564s
	iters: 300, epoch: 162 | loss: 0.2258845
	speed: 0.0353s/iter; left time: 1518.2698s
Epoch: 162 cost time: 11.353224515914917
[2025-05-29 08:08:01] [32mIntermediate result: 0.306919  (Index 161)[0m
Epoch: 162, Steps: 312 | Train Loss: 0.2530420 Vali Loss: 0.2941456 Test Loss: 0.3069190
Validation loss decreased (0.294323 --> 0.294146).  Saving model ...
Updating learning rate to 7.369142716472424e-05
	iters: 100, epoch: 163 | loss: 0.2483013
	speed: 0.0993s/iter; left time: 4267.4102s
	iters: 200, epoch: 163 | loss: 0.2374309
	speed: 0.0351s/iter; left time: 1504.0520s
	iters: 300, epoch: 163 | loss: 0.2493585
	speed: 0.0352s/iter; left time: 1503.4161s
Epoch: 163 cost time: 11.438213109970093
[2025-05-29 08:08:19] [32mIntermediate result: 0.30520642  (Index 162)[0m
Epoch: 163, Steps: 312 | Train Loss: 0.2512746 Vali Loss: 0.2916013 Test Loss: 0.3052064
Validation loss decreased (0.294146 --> 0.291601).  Saving model ...
Updating learning rate to 7.303010245102134e-05
	iters: 100, epoch: 164 | loss: 0.2538621
	speed: 0.1068s/iter; left time: 4555.6167s
	iters: 200, epoch: 164 | loss: 0.2528865
	speed: 0.0353s/iter; left time: 1502.7002s
	iters: 300, epoch: 164 | loss: 0.2438882
	speed: 0.0352s/iter; left time: 1495.0078s
Epoch: 164 cost time: 11.475502490997314
[2025-05-29 08:08:36] [32mIntermediate result: 0.30497748  (Index 163)[0m
Epoch: 164, Steps: 312 | Train Loss: 0.2519397 Vali Loss: 0.2945198 Test Loss: 0.3049775
EarlyStopping counter: 1 out of 20
Updating learning rate to 7.236362372853072e-05
	iters: 100, epoch: 165 | loss: 0.2509151
	speed: 0.1002s/iter; left time: 4239.9404s
	iters: 200, epoch: 165 | loss: 0.2261263
	speed: 0.0352s/iter; left time: 1488.4393s
	iters: 300, epoch: 165 | loss: 0.2533247
	speed: 0.0351s/iter; left time: 1476.8959s
Epoch: 165 cost time: 11.49697470664978
[2025-05-29 08:08:53] [32mIntermediate result: 0.3126058  (Index 164)[0m
Epoch: 165, Steps: 312 | Train Loss: 0.2508159 Vali Loss: 0.3015565 Test Loss: 0.3126058
EarlyStopping counter: 2 out of 20
Updating learning rate to 7.16921401527775e-05
	iters: 100, epoch: 166 | loss: 0.2598506
	speed: 0.0998s/iter; left time: 4193.9947s
	iters: 200, epoch: 166 | loss: 0.2563989
	speed: 0.0353s/iter; left time: 1481.8261s
	iters: 300, epoch: 166 | loss: 0.2835962
	speed: 0.0350s/iter; left time: 1464.3728s
Epoch: 166 cost time: 11.440023422241211
[2025-05-29 08:09:10] [32mIntermediate result: 0.30793133  (Index 165)[0m
Epoch: 166, Steps: 312 | Train Loss: 0.2504037 Vali Loss: 0.2921846 Test Loss: 0.3079313
EarlyStopping counter: 3 out of 20
Updating learning rate to 7.101580199935477e-05
	iters: 100, epoch: 167 | loss: 0.2691567
	speed: 0.0995s/iter; left time: 4148.7554s
	iters: 200, epoch: 167 | loss: 0.2422297
	speed: 0.0355s/iter; left time: 1476.3420s
	iters: 300, epoch: 167 | loss: 0.2246991
	speed: 0.0355s/iter; left time: 1472.2355s
Epoch: 167 cost time: 11.420526027679443
[2025-05-29 08:09:27] [32mIntermediate result: 0.30843452  (Index 166)[0m
Epoch: 167, Steps: 312 | Train Loss: 0.2488092 Vali Loss: 0.3039463 Test Loss: 0.3084345
EarlyStopping counter: 4 out of 20
Updating learning rate to 7.033476063029256e-05
	iters: 100, epoch: 168 | loss: 0.2544064
	speed: 0.1009s/iter; left time: 4176.0441s
	iters: 200, epoch: 168 | loss: 0.2676055
	speed: 0.0352s/iter; left time: 1454.2311s
	iters: 300, epoch: 168 | loss: 0.2368037
	speed: 0.0351s/iter; left time: 1444.7464s
Epoch: 168 cost time: 11.547018766403198
[2025-05-29 08:09:44] [32mIntermediate result: 0.30635488  (Index 167)[0m
Epoch: 168, Steps: 312 | Train Loss: 0.2490377 Vali Loss: 0.2961654 Test Loss: 0.3063549
EarlyStopping counter: 5 out of 20
Updating learning rate to 6.964916846018349e-05
	iters: 100, epoch: 169 | loss: 0.2341474
	speed: 0.1010s/iter; left time: 4149.2387s
	iters: 200, epoch: 169 | loss: 0.2601141
	speed: 0.0371s/iter; left time: 1522.4281s
	iters: 300, epoch: 169 | loss: 0.2269395
	speed: 0.0366s/iter; left time: 1495.7075s
Epoch: 169 cost time: 11.858636856079102
[2025-05-29 08:10:01] [32mIntermediate result: 0.31154555  (Index 168)[0m
Epoch: 169, Steps: 312 | Train Loss: 0.2491363 Vali Loss: 0.2937782 Test Loss: 0.3115456
EarlyStopping counter: 6 out of 20
Updating learning rate to 6.895917892207307e-05
	iters: 100, epoch: 170 | loss: 0.2518926
	speed: 0.0991s/iter; left time: 4040.2378s
	iters: 200, epoch: 170 | loss: 0.2439597
	speed: 0.0352s/iter; left time: 1433.1949s
	iters: 300, epoch: 170 | loss: 0.2553327
	speed: 0.0352s/iter; left time: 1426.7822s
Epoch: 170 cost time: 11.429546594619751
[2025-05-29 08:10:18] [32mIntermediate result: 0.30717453  (Index 169)[0m
Epoch: 170, Steps: 312 | Train Loss: 0.2477965 Vali Loss: 0.2961237 Test Loss: 0.3071745
EarlyStopping counter: 7 out of 20
Updating learning rate to 6.826494643312177e-05
	iters: 100, epoch: 171 | loss: 0.2365639
	speed: 0.1005s/iter; left time: 4066.2196s
	iters: 200, epoch: 171 | loss: 0.2498749
	speed: 0.0353s/iter; left time: 1426.2921s
	iters: 300, epoch: 171 | loss: 0.2636104
	speed: 0.0352s/iter; left time: 1416.6494s
Epoch: 171 cost time: 11.571057319641113
[2025-05-29 08:10:36] [32mIntermediate result: 0.30672675  (Index 170)[0m
Epoch: 171, Steps: 312 | Train Loss: 0.2479581 Vali Loss: 0.2926719 Test Loss: 0.3067268
EarlyStopping counter: 8 out of 20
Updating learning rate to 6.756662636004708e-05
	iters: 100, epoch: 172 | loss: 0.2594094
	speed: 0.1006s/iter; left time: 4038.4188s
	iters: 200, epoch: 172 | loss: 0.2295522
	speed: 0.0352s/iter; left time: 1409.3644s
	iters: 300, epoch: 172 | loss: 0.2504193
	speed: 0.0350s/iter; left time: 1399.3248s
Epoch: 172 cost time: 11.440277814865112
[2025-05-29 08:10:52] [32mIntermediate result: 0.32115927  (Index 171)[0m
Epoch: 172, Steps: 312 | Train Loss: 0.2476104 Vali Loss: 0.3002535 Test Loss: 0.3211593
EarlyStopping counter: 9 out of 20
Updating learning rate to 6.686437498435309e-05
	iters: 100, epoch: 173 | loss: 0.2564108
	speed: 0.0986s/iter; left time: 3926.8988s
	iters: 200, epoch: 173 | loss: 0.2371831
	speed: 0.0357s/iter; left time: 1416.9836s
	iters: 300, epoch: 173 | loss: 0.2243855
	speed: 0.0356s/iter; left time: 1409.6633s
Epoch: 173 cost time: 11.421316862106323
[2025-05-29 08:11:10] [32mIntermediate result: 0.30946565  (Index 172)[0m
Epoch: 173, Steps: 312 | Train Loss: 0.2474665 Vali Loss: 0.3000110 Test Loss: 0.3094656
EarlyStopping counter: 10 out of 20
Updating learning rate to 6.615834946735513e-05
	iters: 100, epoch: 174 | loss: 0.2540551
	speed: 0.0994s/iter; left time: 3930.5658s
	iters: 200, epoch: 174 | loss: 0.2392409
	speed: 0.0353s/iter; left time: 1393.5897s
	iters: 300, epoch: 174 | loss: 0.2548919
	speed: 0.0354s/iter; left time: 1390.8633s
Epoch: 174 cost time: 11.422872304916382
[2025-05-29 08:11:26] [32mIntermediate result: 0.30738094  (Index 173)[0m
Epoch: 174, Steps: 312 | Train Loss: 0.2469316 Vali Loss: 0.2924058 Test Loss: 0.3073809
EarlyStopping counter: 11 out of 20
Updating learning rate to 6.544870781500772e-05
	iters: 100, epoch: 175 | loss: 0.2377762
	speed: 0.0997s/iter; left time: 3911.3928s
	iters: 200, epoch: 175 | loss: 0.2637081
	speed: 0.0352s/iter; left time: 1377.5517s
	iters: 300, epoch: 175 | loss: 0.2533588
	speed: 0.0355s/iter; left time: 1385.2482s
Epoch: 175 cost time: 11.524600505828857
[2025-05-29 08:11:44] [32mIntermediate result: 0.30632034  (Index 174)[0m
Epoch: 175, Steps: 312 | Train Loss: 0.2452060 Vali Loss: 0.2940007 Test Loss: 0.3063203
EarlyStopping counter: 12 out of 20
Updating learning rate to 6.473560884254335e-05
	iters: 100, epoch: 176 | loss: 0.2469932
	speed: 0.1061s/iter; left time: 4127.2497s
	iters: 200, epoch: 176 | loss: 0.2429414
	speed: 0.0352s/iter; left time: 1365.9294s
	iters: 300, epoch: 176 | loss: 0.2685742
	speed: 0.0351s/iter; left time: 1360.2187s
Epoch: 176 cost time: 11.446868181228638
[2025-05-29 08:12:01] [32mIntermediate result: 0.30731308  (Index 175)[0m
Epoch: 176, Steps: 312 | Train Loss: 0.2463507 Vali Loss: 0.2921740 Test Loss: 0.3073131
EarlyStopping counter: 13 out of 20
Updating learning rate to 6.401921213893028e-05
	iters: 100, epoch: 177 | loss: 0.2497060
	speed: 0.0986s/iter; left time: 3804.2254s
	iters: 200, epoch: 177 | loss: 0.2460663
	speed: 0.0354s/iter; left time: 1363.6064s
	iters: 300, epoch: 177 | loss: 0.2632716
	speed: 0.0351s/iter; left time: 1347.4874s
Epoch: 177 cost time: 11.472836017608643
[2025-05-29 08:12:18] [32mIntermediate result: 0.30410025  (Index 176)[0m
Epoch: 177, Steps: 312 | Train Loss: 0.2452031 Vali Loss: 0.2937975 Test Loss: 0.3041002
EarlyStopping counter: 14 out of 20
Updating learning rate to 6.329967803115698e-05
	iters: 100, epoch: 178 | loss: 0.2222173
	speed: 0.0997s/iter; left time: 3816.9338s
	iters: 200, epoch: 178 | loss: 0.2284563
	speed: 0.0352s/iter; left time: 1343.8768s
	iters: 300, epoch: 178 | loss: 0.2473296
	speed: 0.0351s/iter; left time: 1334.9840s
Epoch: 178 cost time: 11.367849588394165
[2025-05-29 08:12:35] [32mIntermediate result: 0.3081128  (Index 177)[0m
Epoch: 178, Steps: 312 | Train Loss: 0.2440957 Vali Loss: 0.2940774 Test Loss: 0.3081128
EarlyStopping counter: 15 out of 20
Updating learning rate to 6.25771675483517e-05
	iters: 100, epoch: 179 | loss: 0.2279921
	speed: 0.0989s/iter; left time: 3752.9767s
	iters: 200, epoch: 179 | loss: 0.2461613
	speed: 0.0356s/iter; left time: 1348.6920s
	iters: 300, epoch: 179 | loss: 0.2421219
	speed: 0.0355s/iter; left time: 1342.0609s
Epoch: 179 cost time: 11.572598695755005
[2025-05-29 08:12:52] [32mIntermediate result: 0.3036932  (Index 178)[0m
Epoch: 179, Steps: 312 | Train Loss: 0.2440902 Vali Loss: 0.2898247 Test Loss: 0.3036932
Validation loss decreased (0.291601 --> 0.289825).  Saving model ...
Updating learning rate to 6.185184238574459e-05
	iters: 100, epoch: 180 | loss: 0.2489453
	speed: 0.1000s/iter; left time: 3765.8075s
	iters: 200, epoch: 180 | loss: 0.2427392
	speed: 0.0358s/iter; left time: 1345.5142s
	iters: 300, epoch: 180 | loss: 0.2285463
	speed: 0.0356s/iter; left time: 1334.6140s
Epoch: 180 cost time: 11.653265237808228
[2025-05-29 08:13:09] [32mIntermediate result: 0.30849895  (Index 179)[0m
Epoch: 180, Steps: 312 | Train Loss: 0.2438128 Vali Loss: 0.2918832 Test Loss: 0.3084989
EarlyStopping counter: 1 out of 20
Updating learning rate to 6.1123864868481e-05
	iters: 100, epoch: 181 | loss: 0.2562182
	speed: 0.0989s/iter; left time: 3693.7139s
	iters: 200, epoch: 181 | loss: 0.2642052
	speed: 0.0347s/iter; left time: 1293.6421s
	iters: 300, epoch: 181 | loss: 0.2398949
	speed: 0.0350s/iter; left time: 1301.3267s
Epoch: 181 cost time: 11.252131462097168
[2025-05-29 08:13:26] [32mIntermediate result: 0.3092938  (Index 180)[0m
Epoch: 181, Steps: 312 | Train Loss: 0.2440876 Vali Loss: 0.3055952 Test Loss: 0.3092938
EarlyStopping counter: 2 out of 20
Updating learning rate to 6.0393397915293566e-05
	iters: 100, epoch: 182 | loss: 0.2499059
	speed: 0.0988s/iter; left time: 3659.7032s
	iters: 200, epoch: 182 | loss: 0.2412964
	speed: 0.0352s/iter; left time: 1301.5809s
	iters: 300, epoch: 182 | loss: 0.2324547
	speed: 0.0353s/iter; left time: 1300.9114s
Epoch: 182 cost time: 11.400045394897461
[2025-05-29 08:13:43] [32mIntermediate result: 0.31232283  (Index 181)[0m
Epoch: 182, Steps: 312 | Train Loss: 0.2425233 Vali Loss: 0.2990939 Test Loss: 0.3123228
EarlyStopping counter: 3 out of 20
Updating learning rate to 5.966060500204176e-05
	iters: 100, epoch: 183 | loss: 0.2356866
	speed: 0.0983s/iter; left time: 3611.0007s
	iters: 200, epoch: 183 | loss: 0.2270578
	speed: 0.0352s/iter; left time: 1289.1704s
	iters: 300, epoch: 183 | loss: 0.2283344
	speed: 0.0355s/iter; left time: 1297.9770s
Epoch: 183 cost time: 11.366010904312134
[2025-05-29 08:14:00] [32mIntermediate result: 0.30783367  (Index 182)[0m
Epoch: 183, Steps: 312 | Train Loss: 0.2422588 Vali Loss: 0.2930389 Test Loss: 0.3078337
EarlyStopping counter: 4 out of 20
Updating learning rate to 5.892565012512645e-05
	iters: 100, epoch: 184 | loss: 0.2397691
	speed: 0.1018s/iter; left time: 3704.3493s
	iters: 200, epoch: 184 | loss: 0.2383014
	speed: 0.0357s/iter; left time: 1296.4313s
	iters: 300, epoch: 184 | loss: 0.2210014
	speed: 0.0356s/iter; left time: 1290.5684s
Epoch: 184 cost time: 11.72381591796875
[2025-05-29 08:14:17] [32mIntermediate result: 0.31419012  (Index 183)[0m
Epoch: 184, Steps: 312 | Train Loss: 0.2427859 Vali Loss: 0.2970302 Test Loss: 0.3141901
EarlyStopping counter: 5 out of 20
Updating learning rate to 5.8188697764788134e-05
	iters: 100, epoch: 185 | loss: 0.2417367
	speed: 0.0987s/iter; left time: 3563.9373s
	iters: 200, epoch: 185 | loss: 0.2260495
	speed: 0.0353s/iter; left time: 1269.7679s
	iters: 300, epoch: 185 | loss: 0.2487103
	speed: 0.0351s/iter; left time: 1258.8828s
Epoch: 185 cost time: 11.408868789672852
[2025-05-29 08:14:34] [32mIntermediate result: 0.3009549  (Index 184)[0m
Epoch: 185, Steps: 312 | Train Loss: 0.2418664 Vali Loss: 0.2891744 Test Loss: 0.3009549
Validation loss decreased (0.289825 --> 0.289174).  Saving model ...
Updating learning rate to 5.744991284829691e-05
	iters: 100, epoch: 186 | loss: 0.2158940
	speed: 0.1012s/iter; left time: 3621.5683s
	iters: 200, epoch: 186 | loss: 0.2366432
	speed: 0.0355s/iter; left time: 1267.5674s
	iters: 300, epoch: 186 | loss: 0.2536555
	speed: 0.0381s/iter; left time: 1355.1732s
Epoch: 186 cost time: 12.020430088043213
[2025-05-29 08:14:52] [32mIntermediate result: 0.30373073  (Index 185)[0m
Epoch: 186, Steps: 312 | Train Loss: 0.2417012 Vali Loss: 0.2897073 Test Loss: 0.3037307
EarlyStopping counter: 1 out of 20
Updating learning rate to 5.670946071304228e-05
	iters: 100, epoch: 187 | loss: 0.2426471
	speed: 0.1015s/iter; left time: 3598.5574s
	iters: 200, epoch: 187 | loss: 0.2228969
	speed: 0.0354s/iter; left time: 1252.3926s
	iters: 300, epoch: 187 | loss: 0.2269518
	speed: 0.0364s/iter; left time: 1282.3069s
Epoch: 187 cost time: 11.700075387954712
[2025-05-29 08:15:09] [32mIntermediate result: 0.3064638  (Index 186)[0m
Epoch: 187, Steps: 312 | Train Loss: 0.2407664 Vali Loss: 0.2895135 Test Loss: 0.3064638
EarlyStopping counter: 2 out of 20
Updating learning rate to 5.596750706953124e-05
	iters: 100, epoch: 188 | loss: 0.2266457
	speed: 0.0986s/iter; left time: 3464.9362s
	iters: 200, epoch: 188 | loss: 0.2342278
	speed: 0.0350s/iter; left time: 1225.7370s
	iters: 300, epoch: 188 | loss: 0.2262955
	speed: 0.0352s/iter; left time: 1232.1539s
Epoch: 188 cost time: 11.334743022918701
[2025-05-29 08:15:26] [32mIntermediate result: 0.3025209  (Index 187)[0m
Epoch: 188, Steps: 312 | Train Loss: 0.2403065 Vali Loss: 0.2916122 Test Loss: 0.3025209
EarlyStopping counter: 3 out of 20
Updating learning rate to 5.522421796430298e-05
	iters: 100, epoch: 189 | loss: 0.2468444
	speed: 0.0984s/iter; left time: 3429.3208s
	iters: 200, epoch: 189 | loss: 0.2366007
	speed: 0.0353s/iter; left time: 1227.0882s
	iters: 300, epoch: 189 | loss: 0.2397546
	speed: 0.0354s/iter; left time: 1225.8113s
Epoch: 189 cost time: 11.378841638565063
[2025-05-29 08:15:43] [32mIntermediate result: 0.30361488  (Index 188)[0m
Epoch: 189, Steps: 312 | Train Loss: 0.2398003 Vali Loss: 0.2878286 Test Loss: 0.3036149
Validation loss decreased (0.289174 --> 0.287829).  Saving model ...
Updating learning rate to 5.44797597427681e-05
	iters: 100, epoch: 190 | loss: 0.2328754
	speed: 0.0984s/iter; left time: 3398.2729s
	iters: 200, epoch: 190 | loss: 0.2378500
	speed: 0.0360s/iter; left time: 1240.6270s
	iters: 300, epoch: 190 | loss: 0.2260957
	speed: 0.0359s/iter; left time: 1231.4317s
Epoch: 190 cost time: 11.585150957107544
[2025-05-29 08:16:00] [32mIntermediate result: 0.30803442  (Index 189)[0m
Epoch: 190, Steps: 312 | Train Loss: 0.2392348 Vali Loss: 0.2945003 Test Loss: 0.3080344
EarlyStopping counter: 1 out of 20
Updating learning rate to 5.373429901198124e-05
	iters: 100, epoch: 191 | loss: 0.2526084
	speed: 0.1071s/iter; left time: 3665.5064s
	iters: 200, epoch: 191 | loss: 0.2341541
	speed: 0.0354s/iter; left time: 1207.9385s
	iters: 300, epoch: 191 | loss: 0.2338511
	speed: 0.0354s/iter; left time: 1204.7202s
Epoch: 191 cost time: 11.609666585922241
[2025-05-29 08:16:18] [32mIntermediate result: 0.302712  (Index 190)[0m
Epoch: 191, Steps: 312 | Train Loss: 0.2391505 Vali Loss: 0.2901659 Test Loss: 0.3027120
EarlyStopping counter: 2 out of 20
Updating learning rate to 5.298800260335497e-05
	iters: 100, epoch: 192 | loss: 0.2536189
	speed: 0.1052s/iter; left time: 3568.1664s
	iters: 200, epoch: 192 | loss: 0.2256315
	speed: 0.0351s/iter; left time: 1188.0172s
	iters: 300, epoch: 192 | loss: 0.2434880
	speed: 0.0352s/iter; left time: 1187.4917s
Epoch: 192 cost time: 11.533527374267578
[2025-05-29 08:16:36] [32mIntermediate result: 0.30588242  (Index 191)[0m
Epoch: 192, Steps: 312 | Train Loss: 0.2395327 Vali Loss: 0.2911180 Test Loss: 0.3058824
EarlyStopping counter: 3 out of 20
Updating learning rate to 5.224103753532357e-05
	iters: 100, epoch: 193 | loss: 0.2244486
	speed: 0.1112s/iter; left time: 3734.9465s
	iters: 200, epoch: 193 | loss: 0.2484645
	speed: 0.0354s/iter; left time: 1184.7926s
	iters: 300, epoch: 193 | loss: 0.2344242
	speed: 0.0354s/iter; left time: 1182.9361s
Epoch: 193 cost time: 11.602065563201904
[2025-05-29 08:16:54] [32mIntermediate result: 0.30470073  (Index 192)[0m
Epoch: 193, Steps: 312 | Train Loss: 0.2378441 Vali Loss: 0.2907962 Test Loss: 0.3047007
EarlyStopping counter: 4 out of 20
Updating learning rate to 5.149357097596481e-05
	iters: 100, epoch: 194 | loss: 0.2378668
	speed: 0.1095s/iter; left time: 3644.3871s
	iters: 200, epoch: 194 | loss: 0.2304717
	speed: 0.0350s/iter; left time: 1162.2636s
	iters: 300, epoch: 194 | loss: 0.2394505
	speed: 0.0356s/iter; left time: 1176.4837s
Epoch: 194 cost time: 11.50427770614624
[2025-05-29 08:17:12] [32mIntermediate result: 0.3021214  (Index 193)[0m
Epoch: 194, Steps: 312 | Train Loss: 0.2378960 Vali Loss: 0.2940275 Test Loss: 0.3021214
EarlyStopping counter: 5 out of 20
Updating learning rate to 5.074577020558844e-05
	iters: 100, epoch: 195 | loss: 0.2424788
	speed: 0.1031s/iter; left time: 3400.1799s
	iters: 200, epoch: 195 | loss: 0.2355825
	speed: 0.0357s/iter; left time: 1174.2864s
	iters: 300, epoch: 195 | loss: 0.2441266
	speed: 0.0353s/iter; left time: 1157.3799s
Epoch: 195 cost time: 11.56914734840393
[2025-05-29 08:17:29] [32mIntermediate result: 0.30886853  (Index 194)[0m
Epoch: 195, Steps: 312 | Train Loss: 0.2375264 Vali Loss: 0.2972394 Test Loss: 0.3088685
EarlyStopping counter: 6 out of 20
Updating learning rate to 4.999780257929944e-05
	iters: 100, epoch: 196 | loss: 0.2183301
	speed: 0.1015s/iter; left time: 3316.4551s
	iters: 200, epoch: 196 | loss: 0.2244039
	speed: 0.0361s/iter; left time: 1174.3639s
	iters: 300, epoch: 196 | loss: 0.2481099
	speed: 0.0357s/iter; left time: 1159.0048s
Epoch: 196 cost time: 11.67134952545166
[2025-05-29 08:17:46] [32mIntermediate result: 0.30435556  (Index 195)[0m
Epoch: 196, Steps: 312 | Train Loss: 0.2369539 Vali Loss: 0.2866426 Test Loss: 0.3043556
Validation loss decreased (0.287829 --> 0.286643).  Saving model ...
Updating learning rate to 4.924983548954452e-05
	iters: 100, epoch: 197 | loss: 0.2349482
	speed: 0.1008s/iter; left time: 3261.7598s
	iters: 200, epoch: 197 | loss: 0.2345582
	speed: 0.0354s/iter; left time: 1141.4529s
	iters: 300, epoch: 197 | loss: 0.2320021
	speed: 0.0354s/iter; left time: 1138.5806s
Epoch: 197 cost time: 11.402710199356079
[2025-05-29 08:18:03] [32mIntermediate result: 0.30596069  (Index 196)[0m
Epoch: 197, Steps: 312 | Train Loss: 0.2360493 Vali Loss: 0.2917580 Test Loss: 0.3059607
EarlyStopping counter: 1 out of 20
Updating learning rate to 4.8502036328650304e-05
	iters: 100, epoch: 198 | loss: 0.2561917
	speed: 0.1039s/iter; left time: 3328.9672s
	iters: 200, epoch: 198 | loss: 0.2286436
	speed: 0.0356s/iter; left time: 1136.0565s
	iters: 300, epoch: 198 | loss: 0.2308165
	speed: 0.0377s/iter; left time: 1200.0429s
Epoch: 198 cost time: 12.224511623382568
[2025-05-29 08:18:21] [32mIntermediate result: 0.30461705  (Index 197)[0m
Epoch: 198, Steps: 312 | Train Loss: 0.2367068 Vali Loss: 0.2887565 Test Loss: 0.3046170
EarlyStopping counter: 2 out of 20
Updating learning rate to 4.775457245136157e-05
	iters: 100, epoch: 199 | loss: 0.2287962
	speed: 0.1005s/iter; left time: 3188.5393s
	iters: 200, epoch: 199 | loss: 0.2428475
	speed: 0.0354s/iter; left time: 1119.1389s
	iters: 300, epoch: 199 | loss: 0.2369175
	speed: 0.0411s/iter; left time: 1294.9509s
Epoch: 199 cost time: 12.058616399765015
[2025-05-29 08:18:39] [32mIntermediate result: 0.31089795  (Index 198)[0m
Epoch: 199, Steps: 312 | Train Loss: 0.2364354 Vali Loss: 0.2937054 Test Loss: 0.3108979
EarlyStopping counter: 3 out of 20
Updating learning rate to 4.70076111373878e-05
	iters: 100, epoch: 200 | loss: 0.2358022
	speed: 0.1022s/iter; left time: 3211.0520s
	iters: 200, epoch: 200 | loss: 0.2354466
	speed: 0.0352s/iter; left time: 1103.4280s
	iters: 300, epoch: 200 | loss: 0.2448926
	speed: 0.0355s/iter; left time: 1109.4340s
Epoch: 200 cost time: 11.582004308700562
[2025-05-29 08:18:56] [32mIntermediate result: 0.3025363  (Index 199)[0m
Epoch: 200, Steps: 312 | Train Loss: 0.2365580 Vali Loss: 0.2942344 Test Loss: 0.3025363
EarlyStopping counter: 4 out of 20
Updating learning rate to 4.626131955396669e-05
	iters: 100, epoch: 201 | loss: 0.2451812
	speed: 0.1018s/iter; left time: 3166.8961s
	iters: 200, epoch: 201 | loss: 0.2365459
	speed: 0.0350s/iter; left time: 1085.3595s
	iters: 300, epoch: 201 | loss: 0.2413632
	speed: 0.0351s/iter; left time: 1086.0762s
Epoch: 201 cost time: 11.531877756118774
[2025-05-29 08:19:13] [32mIntermediate result: 0.3077383  (Index 200)[0m
Epoch: 201, Steps: 312 | Train Loss: 0.2354130 Vali Loss: 0.2909398 Test Loss: 0.3077383
EarlyStopping counter: 5 out of 20
Updating learning rate to 4.551586471845262e-05
	iters: 100, epoch: 202 | loss: 0.2409680
	speed: 0.1011s/iter; left time: 3112.7138s
	iters: 200, epoch: 202 | loss: 0.2402084
	speed: 0.0351s/iter; left time: 1076.0829s
	iters: 300, epoch: 202 | loss: 0.2454149
	speed: 0.0352s/iter; left time: 1077.2333s
Epoch: 202 cost time: 11.499103546142578
[2025-05-29 08:19:30] [32mIntermediate result: 0.30609307  (Index 201)[0m
Epoch: 202, Steps: 312 | Train Loss: 0.2349695 Vali Loss: 0.2920502 Test Loss: 0.3060931
EarlyStopping counter: 6 out of 20
Updating learning rate to 4.47714134609388e-05
	iters: 100, epoch: 203 | loss: 0.2333480
	speed: 0.0999s/iter; left time: 3044.5929s
	iters: 200, epoch: 203 | loss: 0.2482457
	speed: 0.0350s/iter; left time: 1064.3191s
	iters: 300, epoch: 203 | loss: 0.2416375
	speed: 0.0353s/iter; left time: 1069.7958s
Epoch: 203 cost time: 11.353754758834839
[2025-05-29 08:19:47] [32mIntermediate result: 0.299824  (Index 202)[0m
Epoch: 203, Steps: 312 | Train Loss: 0.2342471 Vali Loss: 0.2863503 Test Loss: 0.2998240
Validation loss decreased (0.286643 --> 0.286350).  Saving model ...
Updating learning rate to 4.4028132386921364e-05
	iters: 100, epoch: 204 | loss: 0.2463071
	speed: 0.0991s/iter; left time: 2988.4272s
	iters: 200, epoch: 204 | loss: 0.2619053
	speed: 0.0373s/iter; left time: 1120.8235s
	iters: 300, epoch: 204 | loss: 0.2478071
	speed: 0.0355s/iter; left time: 1062.4780s
Epoch: 204 cost time: 11.777488708496094
[2025-05-29 08:20:05] [32mIntermediate result: 0.30099702  (Index 203)[0m
Epoch: 204, Steps: 312 | Train Loss: 0.2348410 Vali Loss: 0.2861516 Test Loss: 0.3009970
Validation loss decreased (0.286350 --> 0.286152).  Saving model ...
Updating learning rate to 4.328618784001359e-05
	iters: 100, epoch: 205 | loss: 0.2581415
	speed: 0.1016s/iter; left time: 3031.6687s
	iters: 200, epoch: 205 | loss: 0.2395494
	speed: 0.0354s/iter; left time: 1054.1621s
	iters: 300, epoch: 205 | loss: 0.2144289
	speed: 0.0354s/iter; left time: 1049.3459s
Epoch: 205 cost time: 11.660589933395386
[2025-05-29 08:20:22] [32mIntermediate result: 0.29959416  (Index 204)[0m
Epoch: 205, Steps: 312 | Train Loss: 0.2333187 Vali Loss: 0.2874744 Test Loss: 0.2995942
EarlyStopping counter: 1 out of 20
Updating learning rate to 4.254574586471879e-05
	iters: 100, epoch: 206 | loss: 0.2644058
	speed: 0.1032s/iter; left time: 3049.9630s
	iters: 200, epoch: 206 | loss: 0.2527215
	speed: 0.0358s/iter; left time: 1053.0635s
	iters: 300, epoch: 206 | loss: 0.2257585
	speed: 0.0353s/iter; left time: 1035.8469s
Epoch: 206 cost time: 11.616974115371704
[2025-05-29 08:20:40] [32mIntermediate result: 0.30847546  (Index 205)[0m
Epoch: 206, Steps: 312 | Train Loss: 0.2334898 Vali Loss: 0.2951210 Test Loss: 0.3084755
EarlyStopping counter: 2 out of 20
Updating learning rate to 4.1806972169270297e-05
	iters: 100, epoch: 207 | loss: 0.2437710
	speed: 0.1062s/iter; left time: 3104.3242s
	iters: 200, epoch: 207 | loss: 0.2181666
	speed: 0.0349s/iter; left time: 1017.5999s
	iters: 300, epoch: 207 | loss: 0.2224535
	speed: 0.0355s/iter; left time: 1029.2249s
Epoch: 207 cost time: 11.457408428192139
[2025-05-29 08:20:57] [32mIntermediate result: 0.30172652  (Index 206)[0m
Epoch: 207, Steps: 312 | Train Loss: 0.2339122 Vali Loss: 0.2918153 Test Loss: 0.3017265
EarlyStopping counter: 3 out of 20
Updating learning rate to 4.107003208854636e-05
	iters: 100, epoch: 208 | loss: 0.2251040
	speed: 0.1003s/iter; left time: 2900.8108s
	iters: 200, epoch: 208 | loss: 0.2359210
	speed: 0.0355s/iter; left time: 1023.5766s
	iters: 300, epoch: 208 | loss: 0.2336429
	speed: 0.0353s/iter; left time: 1013.3572s
Epoch: 208 cost time: 11.538247346878052
[2025-05-29 08:21:14] [32mIntermediate result: 0.30532324  (Index 207)[0m
Epoch: 208, Steps: 312 | Train Loss: 0.2328207 Vali Loss: 0.2904872 Test Loss: 0.3053232
EarlyStopping counter: 4 out of 20
Updating learning rate to 4.0335090547068906e-05
	iters: 100, epoch: 209 | loss: 0.2288554
	speed: 0.1008s/iter; left time: 2883.6179s
	iters: 200, epoch: 209 | loss: 0.2262530
	speed: 0.0354s/iter; left time: 1008.5598s
	iters: 300, epoch: 209 | loss: 0.2219192
	speed: 0.0352s/iter; left time: 999.6217s
Epoch: 209 cost time: 11.511456489562988
[2025-05-29 08:21:31] [32mIntermediate result: 0.30362025  (Index 208)[0m
Epoch: 209, Steps: 312 | Train Loss: 0.2321914 Vali Loss: 0.2875326 Test Loss: 0.3036202
EarlyStopping counter: 5 out of 20
Updating learning rate to 3.960231202209404e-05
	iters: 100, epoch: 210 | loss: 0.2358155
	speed: 0.0998s/iter; left time: 2823.7702s
	iters: 200, epoch: 210 | loss: 0.2246418
	speed: 0.0356s/iter; left time: 1004.0014s
	iters: 300, epoch: 210 | loss: 0.2182166
	speed: 0.0353s/iter; left time: 991.0442s
Epoch: 210 cost time: 11.543819189071655
[2025-05-29 08:21:48] [32mIntermediate result: 0.30285838  (Index 209)[0m
Epoch: 210, Steps: 312 | Train Loss: 0.2325071 Vali Loss: 0.2962750 Test Loss: 0.3028584
EarlyStopping counter: 6 out of 20
Updating learning rate to 3.887186050680258e-05
	iters: 100, epoch: 211 | loss: 0.2325503
	speed: 0.1018s/iter; left time: 2848.5453s
	iters: 200, epoch: 211 | loss: 0.2210036
	speed: 0.0354s/iter; left time: 985.8803s
	iters: 300, epoch: 211 | loss: 0.2301198
	speed: 0.0352s/iter; left time: 978.2826s
Epoch: 211 cost time: 11.628745794296265
[2025-05-29 08:22:05] [32mIntermediate result: 0.3008846  (Index 210)[0m
Epoch: 211, Steps: 312 | Train Loss: 0.2325531 Vali Loss: 0.2877573 Test Loss: 0.3008846
EarlyStopping counter: 7 out of 20
Updating learning rate to 3.8143899473599034e-05
	iters: 100, epoch: 212 | loss: 0.2285263
	speed: 0.0990s/iter; left time: 2740.4768s
	iters: 200, epoch: 212 | loss: 0.2303561
	speed: 0.0354s/iter; left time: 977.0762s
	iters: 300, epoch: 212 | loss: 0.2322122
	speed: 0.0353s/iter; left time: 969.9598s
Epoch: 212 cost time: 11.387435913085938
[2025-05-29 08:22:22] [32mIntermediate result: 0.30241638  (Index 211)[0m
Epoch: 212, Steps: 312 | Train Loss: 0.2317839 Vali Loss: 0.2915227 Test Loss: 0.3024164
EarlyStopping counter: 8 out of 20
Updating learning rate to 3.741859183752699e-05
	iters: 100, epoch: 213 | loss: 0.2344894
	speed: 0.0980s/iter; left time: 2680.4420s
	iters: 200, epoch: 213 | loss: 0.2278892
	speed: 0.0351s/iter; left time: 955.7734s
	iters: 300, epoch: 213 | loss: 0.2274963
	speed: 0.0354s/iter; left time: 960.3269s
Epoch: 213 cost time: 11.433334112167358
[2025-05-29 08:22:39] [32mIntermediate result: 0.3032979  (Index 212)[0m
Epoch: 213, Steps: 312 | Train Loss: 0.2320864 Vali Loss: 0.2864927 Test Loss: 0.3032979
EarlyStopping counter: 9 out of 20
Updating learning rate to 3.669609991980942e-05
	iters: 100, epoch: 214 | loss: 0.2304672
	speed: 0.1008s/iter; left time: 2726.1852s
	iters: 200, epoch: 214 | loss: 0.2353536
	speed: 0.0352s/iter; left time: 949.5086s
	iters: 300, epoch: 214 | loss: 0.2410497
	speed: 0.0353s/iter; left time: 947.4373s
Epoch: 214 cost time: 11.529722213745117
[2025-05-29 08:22:57] [32mIntermediate result: 0.2974463  (Index 213)[0m
Epoch: 214, Steps: 312 | Train Loss: 0.2315485 Vali Loss: 0.2876650 Test Loss: 0.2974463
EarlyStopping counter: 10 out of 20
Updating learning rate to 3.5976585411521683e-05
	iters: 100, epoch: 215 | loss: 0.2354313
	speed: 0.1037s/iter; left time: 2771.8169s
	iters: 200, epoch: 215 | loss: 0.2202028
	speed: 0.0352s/iter; left time: 937.2270s
	iters: 300, epoch: 215 | loss: 0.2345718
	speed: 0.0351s/iter; left time: 932.4975s
Epoch: 215 cost time: 11.531554460525513
[2025-05-29 08:23:14] [32mIntermediate result: 0.29996663  (Index 214)[0m
Epoch: 215, Steps: 312 | Train Loss: 0.2307885 Vali Loss: 0.2864336 Test Loss: 0.2999666
EarlyStopping counter: 11 out of 20
Updating learning rate to 3.5260209337405684e-05
	iters: 100, epoch: 216 | loss: 0.2229417
	speed: 0.0989s/iter; left time: 2611.9173s
	iters: 200, epoch: 216 | loss: 0.2351260
	speed: 0.0354s/iter; left time: 931.2472s
	iters: 300, epoch: 216 | loss: 0.2186663
	speed: 0.0355s/iter; left time: 930.2785s
Epoch: 216 cost time: 11.421398878097534
[2025-05-29 08:23:31] [32mIntermediate result: 0.3001757  (Index 215)[0m
Epoch: 216, Steps: 312 | Train Loss: 0.2305450 Vali Loss: 0.2861222 Test Loss: 0.3001757
Validation loss decreased (0.286152 --> 0.286122).  Saving model ...
Updating learning rate to 3.454713201983315e-05
	iters: 100, epoch: 217 | loss: 0.2152807
	speed: 0.0992s/iter; left time: 2589.2733s
	iters: 200, epoch: 217 | loss: 0.2387382
	speed: 0.0352s/iter; left time: 915.7265s
	iters: 300, epoch: 217 | loss: 0.2366760
	speed: 0.0352s/iter; left time: 913.2886s
Epoch: 217 cost time: 11.572654485702515
[2025-05-29 08:23:48] [32mIntermediate result: 0.30181378  (Index 216)[0m
Epoch: 217, Steps: 312 | Train Loss: 0.2300938 Vali Loss: 0.2861665 Test Loss: 0.3018138
EarlyStopping counter: 1 out of 20
Updating learning rate to 3.383751304292603e-05
	iters: 100, epoch: 218 | loss: 0.2274520
	speed: 0.1061s/iter; left time: 2736.5597s
	iters: 200, epoch: 218 | loss: 0.2133991
	speed: 0.0356s/iter; left time: 913.9629s
	iters: 300, epoch: 218 | loss: 0.2428636
	speed: 0.0355s/iter; left time: 908.6442s
Epoch: 218 cost time: 11.53242802619934
[2025-05-29 08:24:05] [32mIntermediate result: 0.30232182  (Index 217)[0m
Epoch: 218, Steps: 312 | Train Loss: 0.2297515 Vali Loss: 0.2905615 Test Loss: 0.3023218
EarlyStopping counter: 2 out of 20
Updating learning rate to 3.313151121684212e-05
	iters: 100, epoch: 219 | loss: 0.2246582
	speed: 0.1006s/iter; left time: 2563.1785s
	iters: 200, epoch: 219 | loss: 0.2153663
	speed: 0.0353s/iter; left time: 895.5549s
	iters: 300, epoch: 219 | loss: 0.2140237
	speed: 0.0352s/iter; left time: 889.8219s
Epoch: 219 cost time: 11.604746341705322
[2025-05-29 08:24:22] [32mIntermediate result: 0.2997623  (Index 218)[0m
Epoch: 219, Steps: 312 | Train Loss: 0.2296714 Vali Loss: 0.2891760 Test Loss: 0.2997623
EarlyStopping counter: 3 out of 20
Updating learning rate to 3.242928454223401e-05
	iters: 100, epoch: 220 | loss: 0.2362035
	speed: 0.0982s/iter; left time: 2472.0341s
	iters: 200, epoch: 220 | loss: 0.2190111
	speed: 0.0352s/iter; left time: 882.4690s
	iters: 300, epoch: 220 | loss: 0.2330247
	speed: 0.0360s/iter; left time: 900.1329s
Epoch: 220 cost time: 11.43329930305481
[2025-05-29 08:24:39] [32mIntermediate result: 0.2996001  (Index 219)[0m
Epoch: 220, Steps: 312 | Train Loss: 0.2309211 Vali Loss: 0.2888057 Test Loss: 0.2996001
EarlyStopping counter: 4 out of 20
Updating learning rate to 3.173099017488903e-05
	iters: 100, epoch: 221 | loss: 0.2349305
	speed: 0.1027s/iter; left time: 2554.0938s
	iters: 200, epoch: 221 | loss: 0.2454511
	speed: 0.0358s/iter; left time: 886.2737s
	iters: 300, epoch: 221 | loss: 0.2423078
	speed: 0.0351s/iter; left time: 866.2525s
Epoch: 221 cost time: 11.896339416503906
[2025-05-29 08:24:57] [32mIntermediate result: 0.30225456  (Index 220)[0m
Epoch: 221, Steps: 312 | Train Loss: 0.2293037 Vali Loss: 0.2892513 Test Loss: 0.3022546
EarlyStopping counter: 5 out of 20
Updating learning rate to 3.103678439055839e-05
	iters: 100, epoch: 222 | loss: 0.2429806
	speed: 0.0996s/iter; left time: 2444.1696s
	iters: 200, epoch: 222 | loss: 0.2360883
	speed: 0.0349s/iter; left time: 853.0839s
	iters: 300, epoch: 222 | loss: 0.2440632
	speed: 0.0370s/iter; left time: 899.7715s
Epoch: 222 cost time: 11.650254487991333
[2025-05-29 08:25:14] [32mIntermediate result: 0.3022691  (Index 221)[0m
Epoch: 222, Steps: 312 | Train Loss: 0.2297132 Vali Loss: 0.2893958 Test Loss: 0.3022691
EarlyStopping counter: 6 out of 20
Updating learning rate to 3.03468225499832e-05
	iters: 100, epoch: 223 | loss: 0.2310440
	speed: 0.0998s/iter; left time: 2419.8602s
	iters: 200, epoch: 223 | loss: 0.2531181
	speed: 0.0356s/iter; left time: 858.3168s
	iters: 300, epoch: 223 | loss: 0.2135329
	speed: 0.0351s/iter; left time: 843.6335s
Epoch: 223 cost time: 11.526055812835693
[2025-05-29 08:25:31] [32mIntermediate result: 0.2996479  (Index 222)[0m
Epoch: 223, Steps: 312 | Train Loss: 0.2289664 Vali Loss: 0.2848702 Test Loss: 0.2996479
Validation loss decreased (0.286122 --> 0.284870).  Saving model ...
Updating learning rate to 2.9661259064125356e-05
	iters: 100, epoch: 224 | loss: 0.2132952
	speed: 0.1022s/iter; left time: 2445.5176s
	iters: 200, epoch: 224 | loss: 0.2175050
	speed: 0.0352s/iter; left time: 838.7232s
	iters: 300, epoch: 224 | loss: 0.2186840
	speed: 0.0355s/iter; left time: 843.2605s
Epoch: 224 cost time: 11.547083854675293
[2025-05-29 08:25:48] [32mIntermediate result: 0.29944497  (Index 223)[0m
Epoch: 224, Steps: 312 | Train Loss: 0.2286060 Vali Loss: 0.2844209 Test Loss: 0.2994450
Validation loss decreased (0.284870 --> 0.284421).  Saving model ...
Updating learning rate to 2.8980247359610866e-05
	iters: 100, epoch: 225 | loss: 0.2173594
	speed: 0.0988s/iter; left time: 2332.2631s
	iters: 200, epoch: 225 | loss: 0.2175129
	speed: 0.0350s/iter; left time: 822.0685s
	iters: 300, epoch: 225 | loss: 0.2271312
	speed: 0.0350s/iter; left time: 819.5299s
Epoch: 225 cost time: 11.321737289428711
[2025-05-29 08:26:05] [32mIntermediate result: 0.29899186  (Index 224)[0m
Epoch: 225, Steps: 312 | Train Loss: 0.2279537 Vali Loss: 0.2864751 Test Loss: 0.2989919
EarlyStopping counter: 1 out of 20
Updating learning rate to 2.8303939844393567e-05
	iters: 100, epoch: 226 | loss: 0.2046905
	speed: 0.0979s/iter; left time: 2281.4630s
	iters: 200, epoch: 226 | loss: 0.2378967
	speed: 0.0357s/iter; left time: 827.2795s
	iters: 300, epoch: 226 | loss: 0.2462927
	speed: 0.0356s/iter; left time: 822.6558s
Epoch: 226 cost time: 11.421841144561768
[2025-05-29 08:26:22] [32mIntermediate result: 0.29891345  (Index 225)[0m
Epoch: 226, Steps: 312 | Train Loss: 0.2281618 Vali Loss: 0.2822376 Test Loss: 0.2989134
Validation loss decreased (0.284421 --> 0.282238).  Saving model ...
Updating learning rate to 2.763248787364677e-05
	iters: 100, epoch: 227 | loss: 0.2379287
	speed: 0.1012s/iter; left time: 2327.3017s
	iters: 200, epoch: 227 | loss: 0.2261322
	speed: 0.0386s/iter; left time: 883.3139s
	iters: 300, epoch: 227 | loss: 0.2243193
	speed: 0.0365s/iter; left time: 831.0407s
Epoch: 227 cost time: 12.004370212554932
[2025-05-29 08:26:40] [32mIntermediate result: 0.3024989  (Index 226)[0m
Epoch: 227, Steps: 312 | Train Loss: 0.2281219 Vali Loss: 0.2936628 Test Loss: 0.3024989
EarlyStopping counter: 1 out of 20
Updating learning rate to 2.6966041715890517e-05
	iters: 100, epoch: 228 | loss: 0.2290018
	speed: 0.0996s/iter; left time: 2259.0131s
	iters: 200, epoch: 228 | loss: 0.2175825
	speed: 0.0357s/iter; left time: 806.2087s
	iters: 300, epoch: 228 | loss: 0.2257286
	speed: 0.0359s/iter; left time: 807.6253s
Epoch: 228 cost time: 11.622571229934692
[2025-05-29 08:26:57] [32mIntermediate result: 0.30344543  (Index 227)[0m
Epoch: 228, Steps: 312 | Train Loss: 0.2275282 Vali Loss: 0.2887313 Test Loss: 0.3034454
EarlyStopping counter: 2 out of 20
Updating learning rate to 2.630475051936198e-05
	iters: 100, epoch: 229 | loss: 0.2351793
	speed: 0.1010s/iter; left time: 2259.3761s
	iters: 200, epoch: 229 | loss: 0.2327314
	speed: 0.0352s/iter; left time: 784.0598s
	iters: 300, epoch: 229 | loss: 0.2211957
	speed: 0.0351s/iter; left time: 777.4802s
Epoch: 229 cost time: 11.416123628616333
[2025-05-29 08:27:14] [32mIntermediate result: 0.29807046  (Index 228)[0m
Epoch: 229, Steps: 312 | Train Loss: 0.2271507 Vali Loss: 0.2850637 Test Loss: 0.2980705
EarlyStopping counter: 3 out of 20
Updating learning rate to 2.5648762278636726e-05
	iters: 100, epoch: 230 | loss: 0.2166872
	speed: 0.1011s/iter; left time: 2230.6061s
	iters: 200, epoch: 230 | loss: 0.2124277
	speed: 0.0352s/iter; left time: 771.8730s
	iters: 300, epoch: 230 | loss: 0.2333183
	speed: 0.0351s/iter; left time: 767.0014s
Epoch: 230 cost time: 11.676053285598755
[2025-05-29 08:27:31] [32mIntermediate result: 0.2966366  (Index 229)[0m
Epoch: 230, Steps: 312 | Train Loss: 0.2266920 Vali Loss: 0.2848745 Test Loss: 0.2966366
EarlyStopping counter: 4 out of 20
Updating learning rate to 2.499822380150801e-05
	iters: 100, epoch: 231 | loss: 0.1981286
	speed: 0.1015s/iter; left time: 2206.1352s
	iters: 200, epoch: 231 | loss: 0.2244061
	speed: 0.0356s/iter; left time: 770.8793s
	iters: 300, epoch: 231 | loss: 0.2193271
	speed: 0.0366s/iter; left time: 788.8857s
Epoch: 231 cost time: 11.774439096450806
[2025-05-29 08:27:49] [32mIntermediate result: 0.29949325  (Index 230)[0m
Epoch: 231, Steps: 312 | Train Loss: 0.2265651 Vali Loss: 0.2852351 Test Loss: 0.2994933
EarlyStopping counter: 5 out of 20
Updating learning rate to 2.4353280676131675e-05
	iters: 100, epoch: 232 | loss: 0.2259622
	speed: 0.1058s/iter; left time: 2266.8730s
	iters: 200, epoch: 232 | loss: 0.2533261
	speed: 0.0356s/iter; left time: 758.6883s
	iters: 300, epoch: 232 | loss: 0.2190373
	speed: 0.0352s/iter; left time: 747.2857s
Epoch: 232 cost time: 11.575788259506226
[2025-05-29 08:28:06] [32mIntermediate result: 0.3041656  (Index 231)[0m
Epoch: 232, Steps: 312 | Train Loss: 0.2264277 Vali Loss: 0.2898327 Test Loss: 0.3041656
EarlyStopping counter: 6 out of 20
Updating learning rate to 2.3714077238444153e-05
	iters: 100, epoch: 233 | loss: 0.2285900
	speed: 0.0986s/iter; left time: 2082.9429s
	iters: 200, epoch: 233 | loss: 0.2223299
	speed: 0.0353s/iter; left time: 741.3397s
	iters: 300, epoch: 233 | loss: 0.2281697
	speed: 0.0355s/iter; left time: 741.6453s
Epoch: 233 cost time: 11.355538845062256
[2025-05-29 08:28:24] [32mIntermediate result: 0.29852462  (Index 232)[0m
Epoch: 233, Steps: 312 | Train Loss: 0.2266960 Vali Loss: 0.2841133 Test Loss: 0.2985246
EarlyStopping counter: 7 out of 20
Updating learning rate to 2.3080756539860542e-05
	iters: 100, epoch: 234 | loss: 0.2300232
	speed: 0.1070s/iter; left time: 2225.8525s
	iters: 200, epoch: 234 | loss: 0.2412153
	speed: 0.0352s/iter; left time: 729.0349s
	iters: 300, epoch: 234 | loss: 0.2217878
	speed: 0.0351s/iter; left time: 723.6620s
Epoch: 234 cost time: 11.552919387817383
[2025-05-29 08:28:41] [32mIntermediate result: 0.3006162  (Index 233)[0m
Epoch: 234, Steps: 312 | Train Loss: 0.2268229 Vali Loss: 0.2859777 Test Loss: 0.3006162
EarlyStopping counter: 8 out of 20
Updating learning rate to 2.245346031526019e-05
	iters: 100, epoch: 235 | loss: 0.2083394
	speed: 0.1051s/iter; left time: 2152.8887s
	iters: 200, epoch: 235 | loss: 0.2326300
	speed: 0.0355s/iter; left time: 723.2181s
	iters: 300, epoch: 235 | loss: 0.2386277
	speed: 0.0361s/iter; left time: 732.8660s
Epoch: 235 cost time: 11.66020679473877
[2025-05-29 08:28:59] [32mIntermediate result: 0.2996664  (Index 234)[0m
Epoch: 235, Steps: 312 | Train Loss: 0.2258750 Vali Loss: 0.2882518 Test Loss: 0.2996664
EarlyStopping counter: 9 out of 20
Updating learning rate to 2.1832328951267017e-05
	iters: 100, epoch: 236 | loss: 0.2124324
	speed: 0.1042s/iter; left time: 2103.6849s
	iters: 200, epoch: 236 | loss: 0.2188632
	speed: 0.0409s/iter; left time: 820.3921s
	iters: 300, epoch: 236 | loss: 0.2329720
	speed: 0.0400s/iter; left time: 799.2385s
Epoch: 236 cost time: 12.805582761764526
[2025-05-29 08:29:17] [32mIntermediate result: 0.29826126  (Index 235)[0m
Epoch: 236, Steps: 312 | Train Loss: 0.2256791 Vali Loss: 0.2872032 Test Loss: 0.2982613
EarlyStopping counter: 10 out of 20
Updating learning rate to 2.121750145483148e-05
	iters: 100, epoch: 237 | loss: 0.2411803
	speed: 0.1030s/iter; left time: 2046.4100s
	iters: 200, epoch: 237 | loss: 0.2354231
	speed: 0.0354s/iter; left time: 699.3841s
	iters: 300, epoch: 237 | loss: 0.2228765
	speed: 0.0353s/iter; left time: 694.6448s
Epoch: 237 cost time: 11.628907442092896
[2025-05-29 08:29:34] [32mIntermediate result: 0.29823607  (Index 236)[0m
Epoch: 237, Steps: 312 | Train Loss: 0.2258757 Vali Loss: 0.2837557 Test Loss: 0.2982361
EarlyStopping counter: 11 out of 20
Updating learning rate to 2.060911542212122e-05
	iters: 100, epoch: 238 | loss: 0.2042495
	speed: 0.1024s/iter; left time: 2002.6502s
	iters: 200, epoch: 238 | loss: 0.2408273
	speed: 0.0362s/iter; left time: 705.0982s
	iters: 300, epoch: 238 | loss: 0.2364060
	speed: 0.0356s/iter; left time: 689.0713s
Epoch: 238 cost time: 11.792188167572021
[2025-05-29 08:29:52] [32mIntermediate result: 0.29739335  (Index 237)[0m
Epoch: 238, Steps: 312 | Train Loss: 0.2248770 Vali Loss: 0.2854422 Test Loss: 0.2973934
EarlyStopping counter: 12 out of 20
Updating learning rate to 2.000730700772769e-05
	iters: 100, epoch: 239 | loss: 0.2150385
	speed: 0.1033s/iter; left time: 1988.5049s
	iters: 200, epoch: 239 | loss: 0.1989784
	speed: 0.0355s/iter; left time: 679.9613s
	iters: 300, epoch: 239 | loss: 0.2385136
	speed: 0.0351s/iter; left time: 667.8354s
Epoch: 239 cost time: 11.518450260162354
[2025-05-29 08:30:10] [32mIntermediate result: 0.30365026  (Index 238)[0m
Epoch: 239, Steps: 312 | Train Loss: 0.2249178 Vali Loss: 0.2876751 Test Loss: 0.3036503
EarlyStopping counter: 13 out of 20
Updating learning rate to 1.9412210894195163e-05
	iters: 100, epoch: 240 | loss: 0.2189445
	speed: 0.1026s/iter; left time: 1942.2360s
	iters: 200, epoch: 240 | loss: 0.2164897
	speed: 0.0353s/iter; left time: 665.3666s
	iters: 300, epoch: 240 | loss: 0.2228540
	speed: 0.0354s/iter; left time: 662.8682s
Epoch: 240 cost time: 11.462018251419067
[2025-05-29 08:30:27] [32mIntermediate result: 0.30211356  (Index 239)[0m
Epoch: 240, Steps: 312 | Train Loss: 0.2247355 Vali Loss: 0.2874863 Test Loss: 0.3021136
EarlyStopping counter: 14 out of 20
Updating learning rate to 1.8823960261879286e-05
	iters: 100, epoch: 241 | loss: 0.2169519
	speed: 0.1013s/iter; left time: 1885.6500s
	iters: 200, epoch: 241 | loss: 0.2149366
	speed: 0.0353s/iter; left time: 654.2379s
	iters: 300, epoch: 241 | loss: 0.2183555
	speed: 0.0352s/iter; left time: 649.0334s
Epoch: 241 cost time: 11.559301853179932
[2025-05-29 08:30:44] [32mIntermediate result: 0.30486545  (Index 240)[0m
Epoch: 241, Steps: 312 | Train Loss: 0.2244394 Vali Loss: 0.2933094 Test Loss: 0.3048654
EarlyStopping counter: 15 out of 20
Updating learning rate to 1.8242686759141748e-05
	iters: 100, epoch: 242 | loss: 0.1906059
	speed: 0.1002s/iter; left time: 1834.1970s
	iters: 200, epoch: 242 | loss: 0.2245874
	speed: 0.0358s/iter; left time: 651.2725s
	iters: 300, epoch: 242 | loss: 0.2038837
	speed: 0.0373s/iter; left time: 675.3734s
Epoch: 242 cost time: 11.705220222473145
[2025-05-29 08:31:01] [32mIntermediate result: 0.30478773  (Index 241)[0m
Epoch: 242, Steps: 312 | Train Loss: 0.2248909 Vali Loss: 0.2863172 Test Loss: 0.3047877
EarlyStopping counter: 16 out of 20
Updating learning rate to 1.7668520472887964e-05
	iters: 100, epoch: 243 | loss: 0.2152166
	speed: 0.0992s/iter; left time: 1785.9305s
	iters: 200, epoch: 243 | loss: 0.1943910
	speed: 0.0356s/iter; left time: 636.9746s
	iters: 300, epoch: 243 | loss: 0.2454024
	speed: 0.0352s/iter; left time: 625.9136s
Epoch: 243 cost time: 11.411357879638672
[2025-05-29 08:31:18] [32mIntermediate result: 0.29865777  (Index 242)[0m
Epoch: 243, Steps: 312 | Train Loss: 0.2244535 Vali Loss: 0.2852120 Test Loss: 0.2986578
EarlyStopping counter: 17 out of 20
Updating learning rate to 1.7101589899453972e-05
	iters: 100, epoch: 244 | loss: 0.2058127
	speed: 0.1033s/iter; left time: 1825.9997s
	iters: 200, epoch: 244 | loss: 0.2238125
	speed: 0.0351s/iter; left time: 617.7720s
	iters: 300, epoch: 244 | loss: 0.2118072
	speed: 0.0352s/iter; left time: 615.4649s
Epoch: 244 cost time: 11.49040174484253
[2025-05-29 08:31:35] [32mIntermediate result: 0.29743567  (Index 243)[0m
Epoch: 244, Steps: 312 | Train Loss: 0.2241781 Vali Loss: 0.2844837 Test Loss: 0.2974357
EarlyStopping counter: 18 out of 20
Updating learning rate to 1.654202191584954e-05
	iters: 100, epoch: 245 | loss: 0.2379979
	speed: 0.0985s/iter; left time: 1711.1978s
	iters: 200, epoch: 245 | loss: 0.2243779
	speed: 0.0350s/iter; left time: 605.2252s
	iters: 300, epoch: 245 | loss: 0.2291197
	speed: 0.0352s/iter; left time: 605.0350s
Epoch: 245 cost time: 11.337058067321777
[2025-05-29 08:31:52] [32mIntermediate result: 0.30054584  (Index 244)[0m
Epoch: 245, Steps: 312 | Train Loss: 0.2239838 Vali Loss: 0.2874390 Test Loss: 0.3005458
EarlyStopping counter: 19 out of 20
Updating learning rate to 1.598994175136341e-05
	iters: 100, epoch: 246 | loss: 0.2390401
	speed: 0.1013s/iter; left time: 1728.6098s
	iters: 200, epoch: 246 | loss: 0.2168574
	speed: 0.0352s/iter; left time: 597.1591s
	iters: 300, epoch: 246 | loss: 0.2317941
	speed: 0.0350s/iter; left time: 590.4554s
Epoch: 246 cost time: 11.450412511825562
[2025-05-29 08:32:09] [32mIntermediate result: 0.2970324  (Index 245)[0m
Epoch: 246, Steps: 312 | Train Loss: 0.2237978 Vali Loss: 0.2834088 Test Loss: 0.2970324
EarlyStopping counter: 20 out of 20
Early stopping
>>>>>>>testing : 96_96_PRNN_TST_PEMS_ftM_sl96_ll18_pl96_dm16_nh4_el3_dl1_df128_fc1_ebtimeF_dtTrue_Exp_0<<<<<<<<<<<<<<<<<<<<<<<<<<<<<<<<<
test 3208
mse:0.2989133298397064, mae:0.37327051162719727, rse:0.535423219203949
[2025-05-29 08:32:19] [32mFinal result: 0.29891333[0m
