Args in experiment:
Namespace(activation='gelu', affine=1, batch_size=32, c_out=7, checkpoints='./checkpoints/', d_ff=128, d_layers=1, d_model=16, data='PEMS', data_path='PEMS07.npz', dec_in=7, decomposition=0, des='Exp', device_ids=[0, 1], devices='0,1', dis=10, distil=True, do_predict=False, dropout=0.3, dvices='0,1', e_layers=3, embed='timeF', embed_type=0, enc_in=883, factor=1, fc_dropout=0.3, features='M', freq='h', gpu=0, head_dropout=0.0, hidden_size=512, individual=0, is_training=1, itr=1, k=20, kernel_size=25, label_len=18, learning_rate=0.0001, loss='mse', lradj='TST', model='PRNN_TST', model_id='96_48', moving_avg=25, n_heads=4, num_layers=1, num_workers=10, output_attention=False, padding_patch='end', patch_len=16, patience=20, pct_start=0.3, pred_len=48, random_seed=2021, revin=1, rnn_inp=96, root_path='./dataset/', seq_len=96, stride=8, subtract_last=0, target='OT', test_flop=False, top_k=3, train_epochs=300, use_amp=False, use_gpu=True, use_multi_gpu=True)
Use GPU: cuda:0
>>>>>>>start training : 96_48_PRNN_TST_PEMS_ftM_sl96_ll18_pl48_dm16_nh4_el3_dl1_df128_fc1_ebtimeF_dtTrue_Exp_0>>>>>>>>>>>>>>>>>>>>>>>>>>
module.model.revin_layer.affine_weight: 883
module.model.revin_layer.affine_bias: 883
module.model.rnn.weight_ih_l0: 262144
module.model.rnn.weight_hh_l0: 262144
module.model.rnn.bias_ih_l0: 512
module.model.rnn.bias_hh_l0: 512
module.model.embed.weight: 8192
module.model.embed.bias: 512
module.model.fc.weight: 270336
module.model.fc.bias: 48
Total trainable parameters: 806166
train 16791
val 5502
test 5502
	iters: 100, epoch: 1 | loss: 0.9276723
	speed: 0.1024s/iter; left time: 16080.4483s
	iters: 200, epoch: 1 | loss: 0.8799092
	speed: 0.0839s/iter; left time: 13178.1636s
	iters: 300, epoch: 1 | loss: 0.6718915
	speed: 0.0835s/iter; left time: 13100.9722s
	iters: 400, epoch: 1 | loss: 0.8286107
	speed: 0.0834s/iter; left time: 13075.8051s
	iters: 500, epoch: 1 | loss: 0.6840792
	speed: 0.0835s/iter; left time: 13083.4458s
Epoch: 1 cost time: 45.09014964103699
[2025-05-29 16:30:26] [32mIntermediate result: 0.6763751  (Index 0)[0m
Epoch: 1, Steps: 524 | Train Loss: 0.9003859 Vali Loss: 0.6593409 Test Loss: 0.6763751
Validation loss decreased (inf --> 0.659341).  Saving model ...
Updating learning rate to 4.029241543043703e-06
	iters: 100, epoch: 2 | loss: 0.8255179
	speed: 0.2944s/iter; left time: 46101.8947s
	iters: 200, epoch: 2 | loss: 0.5958897
	speed: 0.0835s/iter; left time: 13063.6025s
	iters: 300, epoch: 2 | loss: 0.6683849
	speed: 0.0835s/iter; left time: 13063.5021s
	iters: 400, epoch: 2 | loss: 0.5179110
	speed: 0.0837s/iter; left time: 13074.8424s
	iters: 500, epoch: 2 | loss: 0.5653888
	speed: 0.0836s/iter; left time: 13052.5595s
Epoch: 2 cost time: 44.59062695503235
[2025-05-29 16:31:30] [32mIntermediate result: 0.5103012  (Index 1)[0m
Epoch: 2, Steps: 524 | Train Loss: 0.6062522 Vali Loss: 0.5028175 Test Loss: 0.5103012
Validation loss decreased (0.659341 --> 0.502817).  Saving model ...
Updating learning rate to 4.1169305443481595e-06
	iters: 100, epoch: 3 | loss: 0.5527120
	speed: 0.3017s/iter; left time: 47077.5228s
	iters: 200, epoch: 3 | loss: 0.6468734
	speed: 0.0834s/iter; left time: 13004.1168s
	iters: 300, epoch: 3 | loss: 0.5390517
	speed: 0.0835s/iter; left time: 13015.1065s
	iters: 400, epoch: 3 | loss: 0.4670086
	speed: 0.0838s/iter; left time: 13058.2547s
	iters: 500, epoch: 3 | loss: 0.5484235
	speed: 0.0840s/iter; left time: 13074.7026s
Epoch: 3 cost time: 44.66727900505066
[2025-05-29 16:32:34] [32mIntermediate result: 0.45190555  (Index 2)[0m
Epoch: 3, Steps: 524 | Train Loss: 0.4967578 Vali Loss: 0.4481008 Test Loss: 0.4519055
Validation loss decreased (0.502817 --> 0.448101).  Saving model ...
Updating learning rate to 4.262960163842295e-06
	iters: 100, epoch: 4 | loss: 0.5356718
	speed: 0.3108s/iter; left time: 48335.1303s
	iters: 200, epoch: 4 | loss: 0.3928743
	speed: 0.0837s/iter; left time: 13007.9752s
	iters: 300, epoch: 4 | loss: 0.4145052
	speed: 0.0838s/iter; left time: 13008.8589s
	iters: 400, epoch: 4 | loss: 0.4625968
	speed: 0.0837s/iter; left time: 12996.7800s
	iters: 500, epoch: 4 | loss: 0.4901167
	speed: 0.0839s/iter; left time: 13018.8683s
Epoch: 4 cost time: 44.84905409812927
[2025-05-29 16:33:39] [32mIntermediate result: 0.4152428  (Index 3)[0m
Epoch: 4, Steps: 524 | Train Loss: 0.4501944 Vali Loss: 0.4135416 Test Loss: 0.4152428
Validation loss decreased (0.448101 --> 0.413542).  Saving model ...
Updating learning rate to 4.4671524793842585e-06
	iters: 100, epoch: 5 | loss: 0.4903595
	speed: 0.3084s/iter; left time: 47807.5778s
	iters: 200, epoch: 5 | loss: 0.3715449
	speed: 0.0834s/iter; left time: 12913.1160s
	iters: 300, epoch: 5 | loss: 0.4061532
	speed: 0.0835s/iter; left time: 12924.7000s
	iters: 400, epoch: 5 | loss: 0.4145211
	speed: 0.0836s/iter; left time: 12938.9933s
	iters: 500, epoch: 5 | loss: 0.2945719
	speed: 0.0837s/iter; left time: 12942.3120s
Epoch: 5 cost time: 44.60785675048828
[2025-05-29 16:34:42] [32mIntermediate result: 0.39487675  (Index 4)[0m
Epoch: 5, Steps: 524 | Train Loss: 0.4230004 Vali Loss: 0.3952059 Test Loss: 0.3948767
Validation loss decreased (0.413542 --> 0.395206).  Saving model ...
Updating learning rate to 4.7292587035413654e-06
	iters: 100, epoch: 6 | loss: 0.4203471
	speed: 0.3023s/iter; left time: 46693.6121s
	iters: 200, epoch: 6 | loss: 0.3419895
	speed: 0.0837s/iter; left time: 12922.3348s
	iters: 300, epoch: 6 | loss: 0.3725387
	speed: 0.0838s/iter; left time: 12932.4149s
	iters: 400, epoch: 6 | loss: 0.3651288
	speed: 0.0839s/iter; left time: 12940.4211s
	iters: 500, epoch: 6 | loss: 0.3862921
	speed: 0.0839s/iter; left time: 12928.3802s
Epoch: 6 cost time: 44.662980794906616
[2025-05-29 16:35:46] [32mIntermediate result: 0.3795987  (Index 5)[0m
Epoch: 6, Steps: 524 | Train Loss: 0.4040510 Vali Loss: 0.3798795 Test Loss: 0.3795987
Validation loss decreased (0.395206 --> 0.379879).  Saving model ...
Updating learning rate to 5.048959486712179e-06
	iters: 100, epoch: 7 | loss: 0.4826736
	speed: 0.3024s/iter; left time: 46552.5415s
	iters: 200, epoch: 7 | loss: 0.3472440
	speed: 0.0839s/iter; left time: 12909.4953s
	iters: 300, epoch: 7 | loss: 0.3814656
	speed: 0.0840s/iter; left time: 12911.4223s
	iters: 400, epoch: 7 | loss: 0.3920529
	speed: 0.0837s/iter; left time: 12867.4710s
	iters: 500, epoch: 7 | loss: 0.3732624
	speed: 0.0839s/iter; left time: 12877.1449s
Epoch: 7 cost time: 44.6615891456604
[2025-05-29 16:36:50] [32mIntermediate result: 0.36903584  (Index 6)[0m
Epoch: 7, Steps: 524 | Train Loss: 0.3900346 Vali Loss: 0.3706051 Test Loss: 0.3690358
Validation loss decreased (0.379879 --> 0.370605).  Saving model ...
Updating learning rate to 5.425865306221136e-06
	iters: 100, epoch: 8 | loss: 0.3653941
	speed: 0.3016s/iter; left time: 46279.9846s
	iters: 200, epoch: 8 | loss: 0.4686046
	speed: 0.0838s/iter; left time: 12847.2609s
	iters: 300, epoch: 8 | loss: 0.3209369
	speed: 0.0835s/iter; left time: 12791.9019s
	iters: 400, epoch: 8 | loss: 0.3837313
	speed: 0.0836s/iter; left time: 12794.6192s
	iters: 500, epoch: 8 | loss: 0.3907278
	speed: 0.0838s/iter; left time: 12826.4438s
Epoch: 8 cost time: 44.55630350112915
[2025-05-29 16:37:53] [32mIntermediate result: 0.35823312  (Index 7)[0m
Epoch: 8, Steps: 524 | Train Loss: 0.3788322 Vali Loss: 0.3593279 Test Loss: 0.3582331
Validation loss decreased (0.370605 --> 0.359328).  Saving model ...
Updating learning rate to 5.8595169409122354e-06
	iters: 100, epoch: 9 | loss: 0.3634920
	speed: 0.3000s/iter; left time: 45872.0270s
	iters: 200, epoch: 9 | loss: 0.3401259
	speed: 0.0836s/iter; left time: 12780.8593s
	iters: 300, epoch: 9 | loss: 0.3225474
	speed: 0.0838s/iter; left time: 12796.7369s
	iters: 400, epoch: 9 | loss: 0.3728833
	speed: 0.0838s/iter; left time: 12788.6955s
	iters: 500, epoch: 9 | loss: 0.3521774
	speed: 0.0836s/iter; left time: 12756.2630s
Epoch: 9 cost time: 44.65715265274048
[2025-05-29 16:38:57] [32mIntermediate result: 0.3498913  (Index 8)[0m
Epoch: 9, Steps: 524 | Train Loss: 0.3691426 Vali Loss: 0.3517308 Test Loss: 0.3498913
Validation loss decreased (0.359328 --> 0.351731).  Saving model ...
Updating learning rate to 6.3493860306628965e-06
	iters: 100, epoch: 10 | loss: 0.2511798
	speed: 0.3072s/iter; left time: 46806.8688s
	iters: 200, epoch: 10 | loss: 0.3734005
	speed: 0.0838s/iter; left time: 12759.9800s
	iters: 300, epoch: 10 | loss: 0.3616599
	speed: 0.0839s/iter; left time: 12764.7140s
	iters: 400, epoch: 10 | loss: 0.3359416
	speed: 0.0838s/iter; left time: 12750.5955s
	iters: 500, epoch: 10 | loss: 0.3950712
	speed: 0.0841s/iter; left time: 12775.1734s
Epoch: 10 cost time: 44.75095558166504
[2025-05-29 16:40:01] [32mIntermediate result: 0.34265903  (Index 9)[0m
Epoch: 10, Steps: 524 | Train Loss: 0.3603875 Vali Loss: 0.3447263 Test Loss: 0.3426590
Validation loss decreased (0.351731 --> 0.344726).  Saving model ...
Updating learning rate to 6.8948757201367245e-06
	iters: 100, epoch: 11 | loss: 0.3387080
	speed: 0.3009s/iter; left time: 45692.0956s
	iters: 200, epoch: 11 | loss: 0.3218147
	speed: 0.0837s/iter; left time: 12703.2715s
	iters: 300, epoch: 11 | loss: 0.4048912
	speed: 0.0836s/iter; left time: 12681.7992s
	iters: 400, epoch: 11 | loss: 0.3516506
	speed: 0.0837s/iter; left time: 12686.2373s
	iters: 500, epoch: 11 | loss: 0.3508359
	speed: 0.0838s/iter; left time: 12685.8449s
Epoch: 11 cost time: 44.56296682357788
[2025-05-29 16:41:05] [32mIntermediate result: 0.33624324  (Index 10)[0m
Epoch: 11, Steps: 524 | Train Loss: 0.3528869 Vali Loss: 0.3387826 Test Loss: 0.3362432
Validation loss decreased (0.344726 --> 0.338783).  Saving model ...
Updating learning rate to 7.4953213859905966e-06
	iters: 100, epoch: 12 | loss: 0.3264047
	speed: 0.3004s/iter; left time: 45467.3017s
	iters: 200, epoch: 12 | loss: 0.3563858
	speed: 0.0838s/iter; left time: 12668.2864s
	iters: 300, epoch: 12 | loss: 0.3662145
	speed: 0.0838s/iter; left time: 12668.1372s
	iters: 400, epoch: 12 | loss: 0.3328277
	speed: 0.0839s/iter; left time: 12667.3023s
	iters: 500, epoch: 12 | loss: 0.3536392
	speed: 0.0839s/iter; left time: 12659.0136s
Epoch: 12 cost time: 44.6438205242157
[2025-05-29 16:42:08] [32mIntermediate result: 0.32975462  (Index 11)[0m
Epoch: 12, Steps: 524 | Train Loss: 0.3459278 Vali Loss: 0.3325903 Test Loss: 0.3297546
Validation loss decreased (0.338783 --> 0.332590).  Saving model ...
Updating learning rate to 8.149991446650207e-06
	iters: 100, epoch: 13 | loss: 0.3275121
	speed: 0.2979s/iter; left time: 44930.5772s
	iters: 200, epoch: 13 | loss: 0.4412519
	speed: 0.0838s/iter; left time: 12636.2380s
	iters: 300, epoch: 13 | loss: 0.4122006
	speed: 0.0839s/iter; left time: 12634.8853s
	iters: 400, epoch: 13 | loss: 0.3107472
	speed: 0.0837s/iter; left time: 12591.6200s
	iters: 500, epoch: 13 | loss: 0.3607578
	speed: 0.0837s/iter; left time: 12593.0970s
Epoch: 13 cost time: 44.67009782791138
[2025-05-29 16:43:12] [32mIntermediate result: 0.32500106  (Index 12)[0m
Epoch: 13, Steps: 524 | Train Loss: 0.3395135 Vali Loss: 0.3268778 Test Loss: 0.3250011
Validation loss decreased (0.332590 --> 0.326878).  Saving model ...
Updating learning rate to 8.858088253667302e-06
	iters: 100, epoch: 14 | loss: 0.3474945
	speed: 0.3050s/iter; left time: 45842.1936s
	iters: 200, epoch: 14 | loss: 0.3406247
	speed: 0.0842s/iter; left time: 12640.6473s
	iters: 300, epoch: 14 | loss: 0.2730498
	speed: 0.0840s/iter; left time: 12604.8979s
	iters: 400, epoch: 14 | loss: 0.2962692
	speed: 0.0841s/iter; left time: 12610.6134s
	iters: 500, epoch: 14 | loss: 0.3400450
	speed: 0.0838s/iter; left time: 12553.8649s
Epoch: 14 cost time: 44.83040118217468
[2025-05-29 16:44:15] [32mIntermediate result: 0.32100138  (Index 13)[0m
Epoch: 14, Steps: 524 | Train Loss: 0.3329922 Vali Loss: 0.3231862 Test Loss: 0.3210014
Validation loss decreased (0.326878 --> 0.323186).  Saving model ...
Updating learning rate to 9.618749063572646e-06
	iters: 100, epoch: 15 | loss: 0.3070014
	speed: 0.2991s/iter; left time: 44792.3739s
	iters: 200, epoch: 15 | loss: 0.4035832
	speed: 0.0837s/iter; left time: 12528.8469s
	iters: 300, epoch: 15 | loss: 0.3237066
	speed: 0.0840s/iter; left time: 12561.1469s
	iters: 400, epoch: 15 | loss: 0.3638990
	speed: 0.0840s/iter; left time: 12547.8483s
	iters: 500, epoch: 15 | loss: 0.3344378
	speed: 0.0839s/iter; left time: 12528.7465s
Epoch: 15 cost time: 44.73211359977722
[2025-05-29 16:45:19] [32mIntermediate result: 0.31640917  (Index 14)[0m
Epoch: 15, Steps: 524 | Train Loss: 0.3271345 Vali Loss: 0.3183867 Test Loss: 0.3164092
Validation loss decreased (0.323186 --> 0.318387).  Saving model ...
Updating learning rate to 1.0431047089040643e-05
	iters: 100, epoch: 16 | loss: 0.3597948
	speed: 0.3007s/iter; left time: 44875.4610s
	iters: 200, epoch: 16 | loss: 0.3394112
	speed: 0.0840s/iter; left time: 12533.1935s
	iters: 300, epoch: 16 | loss: 0.3282555
	speed: 0.0836s/iter; left time: 12464.0361s
	iters: 400, epoch: 16 | loss: 0.3812611
	speed: 0.0837s/iter; left time: 12468.7141s
	iters: 500, epoch: 16 | loss: 0.3390805
	speed: 0.0837s/iter; left time: 12464.2198s
Epoch: 16 cost time: 44.67958354949951
[2025-05-29 16:46:23] [32mIntermediate result: 0.30838954  (Index 15)[0m
Epoch: 16, Steps: 524 | Train Loss: 0.3212140 Vali Loss: 0.3111746 Test Loss: 0.3083895
Validation loss decreased (0.318387 --> 0.311175).  Saving model ...
Updating learning rate to 1.1293992628084778e-05
	iters: 100, epoch: 17 | loss: 0.2734268
	speed: 0.3023s/iter; left time: 44961.3915s
	iters: 200, epoch: 17 | loss: 0.3396128
	speed: 0.0840s/iter; left time: 12476.8223s
	iters: 300, epoch: 17 | loss: 0.3061425
	speed: 0.0839s/iter; left time: 12459.9940s
	iters: 400, epoch: 17 | loss: 0.2822891
	speed: 0.0841s/iter; left time: 12487.4218s
	iters: 500, epoch: 17 | loss: 0.3635617
	speed: 0.0842s/iter; left time: 12488.8244s
Epoch: 17 cost time: 44.780603885650635
[2025-05-29 16:47:27] [32mIntermediate result: 0.30381554  (Index 16)[0m
Epoch: 17, Steps: 524 | Train Loss: 0.3160143 Vali Loss: 0.3068857 Test Loss: 0.3038155
Validation loss decreased (0.311175 --> 0.306886).  Saving model ...
Updating learning rate to 1.220653426990822e-05
	iters: 100, epoch: 18 | loss: 0.2757991
	speed: 0.3080s/iter; left time: 45637.9258s
	iters: 200, epoch: 18 | loss: 0.2865568
	speed: 0.0840s/iter; left time: 12446.1623s
	iters: 300, epoch: 18 | loss: 0.3214718
	speed: 0.0838s/iter; left time: 12398.7696s
	iters: 400, epoch: 18 | loss: 0.3306156
	speed: 0.0835s/iter; left time: 12343.0104s
	iters: 500, epoch: 18 | loss: 0.3082017
	speed: 0.0836s/iter; left time: 12352.5154s
Epoch: 18 cost time: 44.63125014305115
[2025-05-29 16:48:31] [32mIntermediate result: 0.29863307  (Index 17)[0m
Epoch: 18, Steps: 524 | Train Loss: 0.3111627 Vali Loss: 0.3020132 Test Loss: 0.2986331
Validation loss decreased (0.306886 --> 0.302013).  Saving model ...
Updating learning rate to 1.3167560175940171e-05
	iters: 100, epoch: 19 | loss: 0.3544177
	speed: 0.3000s/iter; left time: 44299.6970s
	iters: 200, epoch: 19 | loss: 0.2720405
	speed: 0.0843s/iter; left time: 12438.8139s
	iters: 300, epoch: 19 | loss: 0.3109551
	speed: 0.0839s/iter; left time: 12374.7244s
	iters: 400, epoch: 19 | loss: 0.2549055
	speed: 0.0840s/iter; left time: 12376.0029s
	iters: 500, epoch: 19 | loss: 0.2579809
	speed: 0.0844s/iter; left time: 12423.3030s
Epoch: 19 cost time: 44.852293252944946
[2025-05-29 16:49:35] [32mIntermediate result: 0.2954889  (Index 18)[0m
Epoch: 19, Steps: 524 | Train Loss: 0.3060097 Vali Loss: 0.2981174 Test Loss: 0.2954889
Validation loss decreased (0.302013 --> 0.298117).  Saving model ...
Updating learning rate to 1.417589943449744e-05
	iters: 100, epoch: 20 | loss: 0.2944716
	speed: 0.3021s/iter; left time: 44449.9997s
	iters: 200, epoch: 20 | loss: 0.2896088
	speed: 0.0836s/iter; left time: 12298.6413s
	iters: 300, epoch: 20 | loss: 0.3349291
	speed: 0.0836s/iter; left time: 12286.4951s
	iters: 400, epoch: 20 | loss: 0.2912143
	speed: 0.0837s/iter; left time: 12283.9239s
	iters: 500, epoch: 20 | loss: 0.2950030
	speed: 0.0839s/iter; left time: 12306.3463s
Epoch: 20 cost time: 44.704479694366455
[2025-05-29 16:50:39] [32mIntermediate result: 0.29331917  (Index 19)[0m
Epoch: 20, Steps: 524 | Train Loss: 0.3023717 Vali Loss: 0.2952422 Test Loss: 0.2933192
Validation loss decreased (0.298117 --> 0.295242).  Saving model ...
Updating learning rate to 1.5230323487420337e-05
	iters: 100, epoch: 21 | loss: 0.3160259
	speed: 0.3056s/iter; left time: 44812.1317s
	iters: 200, epoch: 21 | loss: 0.3153281
	speed: 0.0839s/iter; left time: 12295.5944s
	iters: 300, epoch: 21 | loss: 0.2737652
	speed: 0.0840s/iter; left time: 12305.6611s
	iters: 400, epoch: 21 | loss: 0.3372282
	speed: 0.0840s/iter; left time: 12284.7615s
	iters: 500, epoch: 21 | loss: 0.3313387
	speed: 0.0838s/iter; left time: 12256.5443s
Epoch: 21 cost time: 44.77826952934265
[2025-05-29 16:51:43] [32mIntermediate result: 0.28707716  (Index 20)[0m
Epoch: 21, Steps: 524 | Train Loss: 0.2969778 Vali Loss: 0.2897410 Test Loss: 0.2870772
Validation loss decreased (0.295242 --> 0.289741).  Saving model ...
Updating learning rate to 1.632954762694516e-05
	iters: 100, epoch: 22 | loss: 0.3221321
	speed: 0.3075s/iter; left time: 44920.6863s
	iters: 200, epoch: 22 | loss: 0.3000256
	speed: 0.0839s/iter; left time: 12243.7758s
	iters: 300, epoch: 22 | loss: 0.2897127
	speed: 0.0841s/iter; left time: 12265.3250s
	iters: 400, epoch: 22 | loss: 0.2947821
	speed: 0.0842s/iter; left time: 12281.2750s
	iters: 500, epoch: 22 | loss: 0.2763605
	speed: 0.0841s/iter; left time: 12253.5916s
Epoch: 22 cost time: 44.78764271736145
[2025-05-29 16:52:46] [32mIntermediate result: 0.28966588  (Index 21)[0m
Epoch: 22, Steps: 524 | Train Loss: 0.2931294 Vali Loss: 0.2917561 Test Loss: 0.2896659
EarlyStopping counter: 1 out of 20
Updating learning rate to 1.7472232560988924e-05
	iters: 100, epoch: 23 | loss: 0.3292319
	speed: 0.2986s/iter; left time: 43474.1267s
	iters: 200, epoch: 23 | loss: 0.3124507
	speed: 0.0840s/iter; left time: 12212.6827s
	iters: 300, epoch: 23 | loss: 0.2950157
	speed: 0.0837s/iter; left time: 12171.0587s
	iters: 400, epoch: 23 | loss: 0.2625813
	speed: 0.0840s/iter; left time: 12207.4064s
	iters: 500, epoch: 23 | loss: 0.2800142
	speed: 0.0845s/iter; left time: 12265.0346s
Epoch: 23 cost time: 44.728944540023804
[2025-05-29 16:53:50] [32mIntermediate result: 0.28124884  (Index 22)[0m
Epoch: 23, Steps: 524 | Train Loss: 0.2892608 Vali Loss: 0.2845954 Test Loss: 0.2812488
Validation loss decreased (0.289741 --> 0.284595).  Saving model ...
Updating learning rate to 1.865698604493981e-05
	iters: 100, epoch: 24 | loss: 0.2720560
	speed: 0.2981s/iter; left time: 43238.6410s
	iters: 200, epoch: 24 | loss: 0.2724474
	speed: 0.0838s/iter; left time: 12153.7421s
	iters: 300, epoch: 24 | loss: 0.2988045
	speed: 0.0840s/iter; left time: 12164.9177s
	iters: 400, epoch: 24 | loss: 0.3299167
	speed: 0.0841s/iter; left time: 12177.3898s
	iters: 500, epoch: 24 | loss: 0.2679583
	speed: 0.0844s/iter; left time: 12209.0751s
Epoch: 24 cost time: 44.800137996673584
[2025-05-29 16:54:54] [32mIntermediate result: 0.28112343  (Index 23)[0m
Epoch: 24, Steps: 524 | Train Loss: 0.2863157 Vali Loss: 0.2836449 Test Loss: 0.2811234
Validation loss decreased (0.284595 --> 0.283645).  Saving model ...
Updating learning rate to 1.9882364577964603e-05
	iters: 100, epoch: 25 | loss: 0.2887011
	speed: 0.3103s/iter; left time: 44842.9760s
	iters: 200, epoch: 25 | loss: 0.2976764
	speed: 0.0838s/iter; left time: 12099.7413s
	iters: 300, epoch: 25 | loss: 0.3150287
	speed: 0.0841s/iter; left time: 12137.2719s
	iters: 400, epoch: 25 | loss: 0.3048557
	speed: 0.0839s/iter; left time: 12093.7954s
	iters: 500, epoch: 25 | loss: 0.2914476
	speed: 0.0842s/iter; left time: 12133.5259s
Epoch: 25 cost time: 44.78465127944946
[2025-05-29 16:55:59] [32mIntermediate result: 0.27659637  (Index 24)[0m
Epoch: 25, Steps: 524 | Train Loss: 0.2825021 Vali Loss: 0.2782817 Test Loss: 0.2765964
Validation loss decreased (0.283645 --> 0.278282).  Saving model ...
Updating learning rate to 2.1146875161766695e-05
	iters: 100, epoch: 26 | loss: 0.3006098
	speed: 0.3105s/iter; left time: 44708.0484s
	iters: 200, epoch: 26 | loss: 0.2791019
	speed: 0.0842s/iter; left time: 12110.6857s
	iters: 300, epoch: 26 | loss: 0.2733816
	speed: 0.0837s/iter; left time: 12038.7344s
	iters: 400, epoch: 26 | loss: 0.2853605
	speed: 0.0838s/iter; left time: 12044.6868s
	iters: 500, epoch: 26 | loss: 0.2516162
	speed: 0.0840s/iter; left time: 12068.4876s
Epoch: 26 cost time: 44.8467013835907
[2025-05-29 16:57:03] [32mIntermediate result: 0.27039877  (Index 25)[0m
Epoch: 26, Steps: 524 | Train Loss: 0.2785196 Vali Loss: 0.2728964 Test Loss: 0.2703988
Validation loss decreased (0.278282 --> 0.272896).  Saving model ...
Updating learning rate to 2.244897711965171e-05
	iters: 100, epoch: 27 | loss: 0.3052938
	speed: 0.3014s/iter; left time: 43238.4865s
	iters: 200, epoch: 27 | loss: 0.2576414
	speed: 0.0840s/iter; left time: 12042.1928s
	iters: 300, epoch: 27 | loss: 0.2550386
	speed: 0.0840s/iter; left time: 12038.4078s
	iters: 400, epoch: 27 | loss: 0.2998827
	speed: 0.0841s/iter; left time: 12048.2926s
	iters: 500, epoch: 27 | loss: 0.2474727
	speed: 0.0841s/iter; left time: 12028.9631s
Epoch: 27 cost time: 44.69786977767944
[2025-05-29 16:58:07] [32mIntermediate result: 0.2688655  (Index 26)[0m
Epoch: 27, Steps: 524 | Train Loss: 0.2755396 Vali Loss: 0.2707429 Test Loss: 0.2688655
Validation loss decreased (0.272896 --> 0.270743).  Saving model ...
Updating learning rate to 2.378708397368427e-05
	iters: 100, epoch: 28 | loss: 0.2915355
	speed: 0.3041s/iter; left time: 43472.5422s
	iters: 200, epoch: 28 | loss: 0.3214802
	speed: 0.0844s/iter; left time: 12051.9242s
	iters: 300, epoch: 28 | loss: 0.2489942
	speed: 0.0842s/iter; left time: 12023.7467s
	iters: 400, epoch: 28 | loss: 0.2611110
	speed: 0.0845s/iter; left time: 12054.1327s
	iters: 500, epoch: 28 | loss: 0.2489338
	speed: 0.0846s/iter; left time: 12059.1845s
Epoch: 28 cost time: 44.990551710128784
[2025-05-29 16:59:11] [32mIntermediate result: 0.2667516  (Index 27)[0m
Epoch: 28, Steps: 524 | Train Loss: 0.2732760 Vali Loss: 0.2692834 Test Loss: 0.2667516
Validation loss decreased (0.270743 --> 0.269283).  Saving model ...
Updating learning rate to 2.515956537764899e-05
	iters: 100, epoch: 29 | loss: 0.3079180
	speed: 0.3045s/iter; left time: 43372.0973s
	iters: 200, epoch: 29 | loss: 0.2755414
	speed: 0.0844s/iter; left time: 12010.8058s
	iters: 300, epoch: 29 | loss: 0.2276967
	speed: 0.0841s/iter; left time: 11958.2216s
	iters: 400, epoch: 29 | loss: 0.2678975
	speed: 0.0844s/iter; left time: 11992.5285s
	iters: 500, epoch: 29 | loss: 0.2646413
	speed: 0.0842s/iter; left time: 11965.5900s
Epoch: 29 cost time: 44.94983148574829
[2025-05-29 17:00:15] [32mIntermediate result: 0.2646484  (Index 28)[0m
Epoch: 29, Steps: 524 | Train Loss: 0.2704795 Vali Loss: 0.2677004 Test Loss: 0.2646484
Validation loss decreased (0.269283 --> 0.267700).  Saving model ...
Updating learning rate to 2.6564749103460427e-05
	iters: 100, epoch: 30 | loss: 0.2739170
	speed: 0.2988s/iter; left time: 42404.6942s
	iters: 200, epoch: 30 | loss: 0.2364771
	speed: 0.0839s/iter; left time: 11890.6028s
	iters: 300, epoch: 30 | loss: 0.2633153
	speed: 0.0840s/iter; left time: 11902.6434s
	iters: 400, epoch: 30 | loss: 0.2441118
	speed: 0.0846s/iter; left time: 11983.2527s
	iters: 500, epoch: 30 | loss: 0.2554315
	speed: 0.0844s/iter; left time: 11937.6123s
Epoch: 30 cost time: 44.87985825538635
[2025-05-29 17:01:19] [32mIntermediate result: 0.2618269  (Index 29)[0m
Epoch: 30, Steps: 524 | Train Loss: 0.2678938 Vali Loss: 0.2654050 Test Loss: 0.2618269
Validation loss decreased (0.267700 --> 0.265405).  Saving model ...
Updating learning rate to 2.80009230786018e-05
	iters: 100, epoch: 31 | loss: 0.2226652
	speed: 0.3066s/iter; left time: 43344.4029s
	iters: 200, epoch: 31 | loss: 0.2447884
	speed: 0.0842s/iter; left time: 11893.1848s
	iters: 300, epoch: 31 | loss: 0.2323279
	speed: 0.0844s/iter; left time: 11909.3386s
	iters: 400, epoch: 31 | loss: 0.3186710
	speed: 0.0843s/iter; left time: 11898.5677s
	iters: 500, epoch: 31 | loss: 0.2013889
	speed: 0.0843s/iter; left time: 11889.6737s
Epoch: 31 cost time: 44.98249912261963
[2025-05-29 17:02:23] [32mIntermediate result: 0.26409093  (Index 30)[0m
Epoch: 31, Steps: 524 | Train Loss: 0.2651454 Vali Loss: 0.2683368 Test Loss: 0.2640909
EarlyStopping counter: 1 out of 20
Updating learning rate to 2.9466337472110117e-05
	iters: 100, epoch: 32 | loss: 0.2728951
	speed: 0.3058s/iter; left time: 43077.9685s
	iters: 200, epoch: 32 | loss: 0.2351033
	speed: 0.0841s/iter; left time: 11832.2548s
	iters: 300, epoch: 32 | loss: 0.3436548
	speed: 0.0839s/iter; left time: 11803.7338s
	iters: 400, epoch: 32 | loss: 0.2710058
	speed: 0.0839s/iter; left time: 11785.8264s
	iters: 500, epoch: 32 | loss: 0.2524729
	speed: 0.0839s/iter; left time: 11791.0513s
Epoch: 32 cost time: 44.72092413902283
[2025-05-29 17:03:27] [32mIntermediate result: 0.2584805  (Index 31)[0m
Epoch: 32, Steps: 524 | Train Loss: 0.2625489 Vali Loss: 0.2622760 Test Loss: 0.2584805
Validation loss decreased (0.265405 --> 0.262276).  Saving model ...
Updating learning rate to 3.095920682656599e-05
	iters: 100, epoch: 33 | loss: 0.2593948
	speed: 0.3048s/iter; left time: 42772.7122s
	iters: 200, epoch: 33 | loss: 0.3039798
	speed: 0.0842s/iter; left time: 11805.2158s
	iters: 300, epoch: 33 | loss: 0.2638192
	speed: 0.0840s/iter; left time: 11766.1689s
	iters: 400, epoch: 33 | loss: 0.2476885
	speed: 0.0841s/iter; left time: 11779.9615s
	iters: 500, epoch: 33 | loss: 0.2808464
	speed: 0.0842s/iter; left time: 11775.4106s
Epoch: 33 cost time: 44.912415981292725
[2025-05-29 17:04:31] [32mIntermediate result: 0.25901505  (Index 32)[0m
Epoch: 33, Steps: 524 | Train Loss: 0.2619285 Vali Loss: 0.2621282 Test Loss: 0.2590151
Validation loss decreased (0.262276 --> 0.262128).  Saving model ...
Updating learning rate to 3.2477712233490793e-05
	iters: 100, epoch: 34 | loss: 0.2924707
	speed: 0.3021s/iter; left time: 42233.8606s
	iters: 200, epoch: 34 | loss: 0.2446292
	speed: 0.0838s/iter; left time: 11700.7330s
	iters: 300, epoch: 34 | loss: 0.2422947
	speed: 0.0837s/iter; left time: 11687.0809s
	iters: 400, epoch: 34 | loss: 0.3044433
	speed: 0.0838s/iter; left time: 11689.3193s
	iters: 500, epoch: 34 | loss: 0.2439950
	speed: 0.0838s/iter; left time: 11681.4626s
Epoch: 34 cost time: 44.749125719070435
[2025-05-29 17:05:35] [32mIntermediate result: 0.2555367  (Index 33)[0m
Epoch: 34, Steps: 524 | Train Loss: 0.2588995 Vali Loss: 0.2595129 Test Loss: 0.2555367
Validation loss decreased (0.262128 --> 0.259513).  Saving model ...
Updating learning rate to 3.402000354950043e-05
	iters: 100, epoch: 35 | loss: 0.2282316
	speed: 0.2990s/iter; left time: 41651.3631s
	iters: 200, epoch: 35 | loss: 0.2590222
	speed: 0.0839s/iter; left time: 11680.1566s
	iters: 300, epoch: 35 | loss: 0.2362452
	speed: 0.0837s/iter; left time: 11646.5048s
	iters: 400, epoch: 35 | loss: 0.2407070
	speed: 0.0839s/iter; left time: 11662.2337s
	iters: 500, epoch: 35 | loss: 0.2657167
	speed: 0.0841s/iter; left time: 11678.2031s
Epoch: 35 cost time: 44.749361753463745
[2025-05-29 17:06:38] [32mIntermediate result: 0.25154608  (Index 34)[0m
Epoch: 35, Steps: 524 | Train Loss: 0.2569754 Vali Loss: 0.2543457 Test Loss: 0.2515461
Validation loss decreased (0.259513 --> 0.254346).  Saving model ...
Updating learning rate to 3.5584201650515625e-05
	iters: 100, epoch: 36 | loss: 0.2773284
	speed: 0.3004s/iter; left time: 41684.7704s
	iters: 200, epoch: 36 | loss: 0.2623921
	speed: 0.0838s/iter; left time: 11625.9460s
	iters: 300, epoch: 36 | loss: 0.2460147
	speed: 0.0840s/iter; left time: 11636.1083s
	iters: 400, epoch: 36 | loss: 0.2710705
	speed: 0.0837s/iter; left time: 11587.4422s
	iters: 500, epoch: 36 | loss: 0.2234082
	speed: 0.0839s/iter; left time: 11610.3218s
Epoch: 36 cost time: 44.68143391609192
[2025-05-29 17:07:42] [32mIntermediate result: 0.2611126  (Index 35)[0m
Epoch: 36, Steps: 524 | Train Loss: 0.2536688 Vali Loss: 0.2622719 Test Loss: 0.2611126
EarlyStopping counter: 1 out of 20
Updating learning rate to 3.716840072128217e-05
	iters: 100, epoch: 37 | loss: 0.2423040
	speed: 0.2972s/iter; left time: 41084.4181s
	iters: 200, epoch: 37 | loss: 0.2472007
	speed: 0.0841s/iter; left time: 11614.3959s
	iters: 300, epoch: 37 | loss: 0.2878607
	speed: 0.0841s/iter; left time: 11615.7819s
	iters: 400, epoch: 37 | loss: 0.2199912
	speed: 0.0843s/iter; left time: 11622.8385s
	iters: 500, epoch: 37 | loss: 0.2400141
	speed: 0.0843s/iter; left time: 11613.1993s
Epoch: 37 cost time: 44.81681251525879
[2025-05-29 17:08:45] [32mIntermediate result: 0.24805981  (Index 36)[0m
Epoch: 37, Steps: 524 | Train Loss: 0.2531735 Vali Loss: 0.2517895 Test Loss: 0.2480598
Validation loss decreased (0.254346 --> 0.251789).  Saving model ...
Updating learning rate to 3.87706705774119e-05
	iters: 100, epoch: 38 | loss: 0.2454585
	speed: 0.2995s/iter; left time: 41243.2026s
	iters: 200, epoch: 38 | loss: 0.2660723
	speed: 0.0837s/iter; left time: 11521.6559s
	iters: 300, epoch: 38 | loss: 0.2237828
	speed: 0.0838s/iter; left time: 11518.5737s
	iters: 400, epoch: 38 | loss: 0.2501464
	speed: 0.0839s/iter; left time: 11525.0371s
	iters: 500, epoch: 38 | loss: 0.2368846
	speed: 0.0838s/iter; left time: 11500.7131s
Epoch: 38 cost time: 44.686986684799194
[2025-05-29 17:09:49] [32mIntermediate result: 0.25272575  (Index 37)[0m
Epoch: 38, Steps: 524 | Train Loss: 0.2519743 Vali Loss: 0.2566211 Test Loss: 0.2527258
EarlyStopping counter: 1 out of 20
Updating learning rate to 4.038905901711452e-05
	iters: 100, epoch: 39 | loss: 0.2618592
	speed: 0.3066s/iter; left time: 42061.1725s
	iters: 200, epoch: 39 | loss: 0.2810830
	speed: 0.0838s/iter; left time: 11484.7350s
	iters: 300, epoch: 39 | loss: 0.3081776
	speed: 0.0839s/iter; left time: 11499.9897s
	iters: 400, epoch: 39 | loss: 0.2220747
	speed: 0.0843s/iter; left time: 11535.6400s
	iters: 500, epoch: 39 | loss: 0.2409256
	speed: 0.0838s/iter; left time: 11463.4800s
Epoch: 39 cost time: 44.68850016593933
[2025-05-29 17:10:53] [32mIntermediate result: 0.24625042  (Index 38)[0m
Epoch: 39, Steps: 524 | Train Loss: 0.2487741 Vali Loss: 0.2497654 Test Loss: 0.2462504
Validation loss decreased (0.251789 --> 0.249765).  Saving model ...
Updating learning rate to 4.2021594199755856e-05
	iters: 100, epoch: 40 | loss: 0.2489162
	speed: 0.3026s/iter; left time: 41354.6876s
	iters: 200, epoch: 40 | loss: 0.2411307
	speed: 0.0846s/iter; left time: 11557.1138s
	iters: 300, epoch: 40 | loss: 0.2295392
	speed: 0.0846s/iter; left time: 11538.8318s
	iters: 400, epoch: 40 | loss: 0.2928110
	speed: 0.0843s/iter; left time: 11495.2006s
	iters: 500, epoch: 40 | loss: 0.2329259
	speed: 0.0842s/iter; left time: 11471.3127s
Epoch: 40 cost time: 45.050698041915894
[2025-05-29 17:11:57] [32mIntermediate result: 0.24376738  (Index 39)[0m
Epoch: 40, Steps: 524 | Train Loss: 0.2483332 Vali Loss: 0.2483115 Test Loss: 0.2437674
Validation loss decreased (0.249765 --> 0.248312).  Saving model ...
Updating learning rate to 4.3666287048343664e-05
	iters: 100, epoch: 41 | loss: 0.2307584
	speed: 0.3008s/iter; left time: 40945.1037s
	iters: 200, epoch: 41 | loss: 0.2418125
	speed: 0.0840s/iter; left time: 11429.1975s
	iters: 300, epoch: 41 | loss: 0.2599262
	speed: 0.0841s/iter; left time: 11435.4644s
	iters: 400, epoch: 41 | loss: 0.2362216
	speed: 0.0841s/iter; left time: 11419.9926s
	iters: 500, epoch: 41 | loss: 0.2525609
	speed: 0.0840s/iter; left time: 11402.4577s
Epoch: 41 cost time: 44.789700508117676
[2025-05-29 17:13:01] [32mIntermediate result: 0.24308616  (Index 40)[0m
Epoch: 41, Steps: 524 | Train Loss: 0.2455190 Vali Loss: 0.2465848 Test Loss: 0.2430862
Validation loss decreased (0.248312 --> 0.246585).  Saving model ...
Updating learning rate to 4.532113367301438e-05
	iters: 100, epoch: 42 | loss: 0.2383827
	speed: 0.3005s/iter; left time: 40755.8986s
	iters: 200, epoch: 42 | loss: 0.2331114
	speed: 0.0838s/iter; left time: 11362.4468s
	iters: 300, epoch: 42 | loss: 0.2550705
	speed: 0.0839s/iter; left time: 11364.4180s
	iters: 400, epoch: 42 | loss: 0.2312392
	speed: 0.0838s/iter; left time: 11337.8055s
	iters: 500, epoch: 42 | loss: 0.2074956
	speed: 0.0841s/iter; left time: 11366.8812s
Epoch: 42 cost time: 44.74981665611267
[2025-05-29 17:14:05] [32mIntermediate result: 0.24366638  (Index 41)[0m
Epoch: 42, Steps: 524 | Train Loss: 0.2453289 Vali Loss: 0.2469027 Test Loss: 0.2436664
EarlyStopping counter: 1 out of 20
Updating learning rate to 4.698411781256775e-05
	iters: 100, epoch: 43 | loss: 0.2149515
	speed: 0.3036s/iter; left time: 41008.5237s
	iters: 200, epoch: 43 | loss: 0.2454791
	speed: 0.0838s/iter; left time: 11316.2043s
	iters: 300, epoch: 43 | loss: 0.2284745
	speed: 0.0840s/iter; left time: 11325.9905s
	iters: 400, epoch: 43 | loss: 0.3124911
	speed: 0.0839s/iter; left time: 11304.2772s
	iters: 500, epoch: 43 | loss: 0.2394456
	speed: 0.0839s/iter; left time: 11302.6764s
Epoch: 43 cost time: 44.703744411468506
[2025-05-29 17:15:09] [32mIntermediate result: 0.24032032  (Index 42)[0m
Epoch: 43, Steps: 524 | Train Loss: 0.2433441 Vali Loss: 0.2443212 Test Loss: 0.2403203
Validation loss decreased (0.246585 --> 0.244321).  Saving model ...
Updating learning rate to 4.8653213291074686e-05
	iters: 100, epoch: 44 | loss: 0.2239263
	speed: 0.3080s/iter; left time: 41453.6725s
	iters: 200, epoch: 44 | loss: 0.2840786
	speed: 0.0842s/iter; left time: 11320.5667s
	iters: 300, epoch: 44 | loss: 0.2613867
	speed: 0.0839s/iter; left time: 11280.2644s
	iters: 400, epoch: 44 | loss: 0.2053940
	speed: 0.0838s/iter; left time: 11254.0162s
	iters: 500, epoch: 44 | loss: 0.2725271
	speed: 0.0837s/iter; left time: 11232.2045s
Epoch: 44 cost time: 44.70740604400635
[2025-05-29 17:16:13] [32mIntermediate result: 0.24419227  (Index 43)[0m
Epoch: 44, Steps: 524 | Train Loss: 0.2411013 Vali Loss: 0.2490158 Test Loss: 0.2441923
EarlyStopping counter: 1 out of 20
Updating learning rate to 5.032638648656527e-05
	iters: 100, epoch: 45 | loss: 0.2175044
	speed: 0.3001s/iter; left time: 40233.2048s
	iters: 200, epoch: 45 | loss: 0.1895296
	speed: 0.0842s/iter; left time: 11280.9340s
	iters: 300, epoch: 45 | loss: 0.2201305
	speed: 0.0843s/iter; left time: 11286.5707s
	iters: 400, epoch: 45 | loss: 0.2091175
	speed: 0.0845s/iter; left time: 11302.0868s
	iters: 500, epoch: 45 | loss: 0.2552505
	speed: 0.0844s/iter; left time: 11282.7865s
Epoch: 45 cost time: 44.95399308204651
[2025-05-29 17:17:17] [32mIntermediate result: 0.23878548  (Index 44)[0m
Epoch: 45, Steps: 524 | Train Loss: 0.2409723 Vali Loss: 0.2424860 Test Loss: 0.2387855
Validation loss decreased (0.244321 --> 0.242486).  Saving model ...
Updating learning rate to 5.200159880878883e-05
	iters: 100, epoch: 46 | loss: 0.2220642
	speed: 0.3038s/iter; left time: 40561.5391s
	iters: 200, epoch: 46 | loss: 0.2316439
	speed: 0.0844s/iter; left time: 11254.1239s
	iters: 300, epoch: 46 | loss: 0.2311167
	speed: 0.0844s/iter; left time: 11248.3523s
	iters: 400, epoch: 46 | loss: 0.1926427
	speed: 0.0839s/iter; left time: 11172.0572s
	iters: 500, epoch: 46 | loss: 0.2681970
	speed: 0.0843s/iter; left time: 11228.6550s
Epoch: 46 cost time: 44.90592408180237
[2025-05-29 17:18:21] [32mIntermediate result: 0.2402623  (Index 45)[0m
Epoch: 46, Steps: 524 | Train Loss: 0.2382961 Vali Loss: 0.2442734 Test Loss: 0.2402623
EarlyStopping counter: 1 out of 20
Updating learning rate to 5.3676809183027556e-05
	iters: 100, epoch: 47 | loss: 0.2326857
	speed: 0.3026s/iter; left time: 40248.7334s
	iters: 200, epoch: 47 | loss: 0.2388926
	speed: 0.0845s/iter; left time: 11230.6378s
	iters: 300, epoch: 47 | loss: 0.2440410
	speed: 0.0840s/iter; left time: 11155.3265s
	iters: 400, epoch: 47 | loss: 0.2223652
	speed: 0.0841s/iter; left time: 11161.8217s
	iters: 500, epoch: 47 | loss: 0.2291854
	speed: 0.0841s/iter; left time: 11152.7877s
Epoch: 47 cost time: 44.821810245513916
[2025-05-29 17:19:24] [32mIntermediate result: 0.23249888  (Index 46)[0m
Epoch: 47, Steps: 524 | Train Loss: 0.2368066 Vali Loss: 0.2370824 Test Loss: 0.2324989
Validation loss decreased (0.242486 --> 0.237082).  Saving model ...
Updating learning rate to 5.5349976536937056e-05
	iters: 100, epoch: 48 | loss: 0.2296349
	speed: 0.2989s/iter; left time: 39591.9340s
	iters: 200, epoch: 48 | loss: 0.2566929
	speed: 0.0842s/iter; left time: 11145.2860s
	iters: 300, epoch: 48 | loss: 0.2397150
	speed: 0.0840s/iter; left time: 11105.6955s
	iters: 400, epoch: 48 | loss: 0.2138768
	speed: 0.0843s/iter; left time: 11135.7977s
	iters: 500, epoch: 48 | loss: 0.2353235
	speed: 0.0847s/iter; left time: 11183.0917s
Epoch: 48 cost time: 44.92430830001831
[2025-05-29 17:20:28] [32mIntermediate result: 0.24643043  (Index 47)[0m
Epoch: 48, Steps: 524 | Train Loss: 0.2350636 Vali Loss: 0.2476670 Test Loss: 0.2464304
EarlyStopping counter: 1 out of 20
Updating learning rate to 5.7019062287384036e-05
	iters: 100, epoch: 49 | loss: 0.1924561
	speed: 0.3053s/iter; left time: 40288.8023s
	iters: 200, epoch: 49 | loss: 0.2572843
	speed: 0.0838s/iter; left time: 11048.1073s
	iters: 300, epoch: 49 | loss: 0.2577857
	speed: 0.0839s/iter; left time: 11053.0599s
	iters: 400, epoch: 49 | loss: 0.2208988
	speed: 0.0837s/iter; left time: 11020.7613s
	iters: 500, epoch: 49 | loss: 0.2237872
	speed: 0.0840s/iter; left time: 11048.1728s
Epoch: 49 cost time: 44.63028001785278
[2025-05-29 17:21:32] [32mIntermediate result: 0.23638988  (Index 48)[0m
Epoch: 49, Steps: 524 | Train Loss: 0.2335734 Vali Loss: 0.2393201 Test Loss: 0.2363899
EarlyStopping counter: 2 out of 20
Updating learning rate to 5.86820328242512e-05
	iters: 100, epoch: 50 | loss: 0.2322787
	speed: 0.3010s/iter; left time: 39557.8921s
	iters: 200, epoch: 50 | loss: 0.2461015
	speed: 0.0839s/iter; left time: 11018.8897s
	iters: 300, epoch: 50 | loss: 0.2256953
	speed: 0.0838s/iter; left time: 10993.1310s
	iters: 400, epoch: 50 | loss: 0.2556888
	speed: 0.0838s/iter; left time: 10984.8138s
	iters: 500, epoch: 50 | loss: 0.2455367
	speed: 0.0843s/iter; left time: 11046.1286s
Epoch: 50 cost time: 44.75824546813965
[2025-05-29 17:22:36] [32mIntermediate result: 0.23180747  (Index 49)[0m
Epoch: 50, Steps: 524 | Train Loss: 0.2328163 Vali Loss: 0.2352697 Test Loss: 0.2318075
Validation loss decreased (0.237082 --> 0.235270).  Saving model ...
Updating learning rate to 6.033686198818298e-05
	iters: 100, epoch: 51 | loss: 0.2051390
	speed: 0.3036s/iter; left time: 39741.1156s
	iters: 200, epoch: 51 | loss: 0.2220547
	speed: 0.0841s/iter; left time: 11003.6044s
	iters: 300, epoch: 51 | loss: 0.2375322
	speed: 0.0842s/iter; left time: 11008.5680s
	iters: 400, epoch: 51 | loss: 0.2221378
	speed: 0.0840s/iter; left time: 10968.9998s
	iters: 500, epoch: 51 | loss: 0.2366089
	speed: 0.0841s/iter; left time: 10976.0178s
Epoch: 51 cost time: 44.78660297393799
[2025-05-29 17:23:40] [32mIntermediate result: 0.2414348  (Index 50)[0m
Epoch: 51, Steps: 524 | Train Loss: 0.2301181 Vali Loss: 0.2443126 Test Loss: 0.2414348
EarlyStopping counter: 1 out of 20
Updating learning rate to 6.198153353925321e-05
	iters: 100, epoch: 52 | loss: 0.1933281
	speed: 0.3058s/iter; left time: 39868.4354s
	iters: 200, epoch: 52 | loss: 0.2220428
	speed: 0.0842s/iter; left time: 10966.0755s
	iters: 300, epoch: 52 | loss: 0.2623208
	speed: 0.0839s/iter; left time: 10915.7052s
	iters: 400, epoch: 52 | loss: 0.2137679
	speed: 0.0841s/iter; left time: 10935.9580s
	iters: 500, epoch: 52 | loss: 0.2229785
	speed: 0.0841s/iter; left time: 10934.2772s
Epoch: 52 cost time: 44.837220907211304
[2025-05-29 17:24:44] [32mIntermediate result: 0.22568606  (Index 51)[0m
Epoch: 52, Steps: 524 | Train Loss: 0.2284682 Vali Loss: 0.2297816 Test Loss: 0.2256861
Validation loss decreased (0.235270 --> 0.229782).  Saving model ...
Updating learning rate to 6.361404361354716e-05
	iters: 100, epoch: 53 | loss: 0.2164066
	speed: 0.3047s/iter; left time: 39566.1686s
	iters: 200, epoch: 53 | loss: 0.2098530
	speed: 0.0842s/iter; left time: 10928.0983s
	iters: 300, epoch: 53 | loss: 0.2297323
	speed: 0.0839s/iter; left time: 10871.5357s
	iters: 400, epoch: 53 | loss: 0.2326121
	speed: 0.0835s/iter; left time: 10815.9917s
	iters: 500, epoch: 53 | loss: 0.2228520
	speed: 0.0836s/iter; left time: 10827.8450s
Epoch: 53 cost time: 44.653310775756836
[2025-05-29 17:25:48] [32mIntermediate result: 0.22785784  (Index 52)[0m
Epoch: 53, Steps: 524 | Train Loss: 0.2262064 Vali Loss: 0.2314751 Test Loss: 0.2278578
EarlyStopping counter: 1 out of 20
Updating learning rate to 6.523240316466458e-05
	iters: 100, epoch: 54 | loss: 0.2383052
	speed: 0.3056s/iter; left time: 39519.2820s
	iters: 200, epoch: 54 | loss: 0.2142049
	speed: 0.0839s/iter; left time: 10838.4708s
	iters: 300, epoch: 54 | loss: 0.2241446
	speed: 0.0839s/iter; left time: 10835.0516s
	iters: 400, epoch: 54 | loss: 0.2258941
	speed: 0.0838s/iter; left time: 10810.8341s
	iters: 500, epoch: 54 | loss: 0.2074109
	speed: 0.0837s/iter; left time: 10793.3773s
Epoch: 54 cost time: 44.723743200302124
[2025-05-29 17:26:52] [32mIntermediate result: 0.22630966  (Index 53)[0m
Epoch: 54, Steps: 524 | Train Loss: 0.2244845 Vali Loss: 0.2317953 Test Loss: 0.2263097
EarlyStopping counter: 2 out of 20
Updating learning rate to 6.683464038716906e-05
	iters: 100, epoch: 55 | loss: 0.2630287
	speed: 0.3044s/iter; left time: 39205.3815s
	iters: 200, epoch: 55 | loss: 0.1886591
	speed: 0.0837s/iter; left time: 10766.8741s
	iters: 300, epoch: 55 | loss: 0.2099545
	speed: 0.0836s/iter; left time: 10757.5565s
	iters: 400, epoch: 55 | loss: 0.2514323
	speed: 0.0836s/iter; left time: 10743.2375s
	iters: 500, epoch: 55 | loss: 0.2250478
	speed: 0.0834s/iter; left time: 10705.6179s
Epoch: 55 cost time: 44.4502055644989
[2025-05-29 17:27:56] [32mIntermediate result: 0.22532944  (Index 54)[0m
Epoch: 55, Steps: 524 | Train Loss: 0.2238208 Vali Loss: 0.2301014 Test Loss: 0.2253294
EarlyStopping counter: 3 out of 20
Updating learning rate to 6.841880311903103e-05
	iters: 100, epoch: 56 | loss: 0.2126855
	speed: 0.3055s/iter; left time: 39185.1021s
	iters: 200, epoch: 56 | loss: 0.2511224
	speed: 0.0837s/iter; left time: 10728.4589s
	iters: 300, epoch: 56 | loss: 0.2113477
	speed: 0.0836s/iter; left time: 10701.2604s
	iters: 400, epoch: 56 | loss: 0.2489072
	speed: 0.0841s/iter; left time: 10764.3266s
	iters: 500, epoch: 56 | loss: 0.1990656
	speed: 0.0844s/iter; left time: 10797.5088s
Epoch: 56 cost time: 44.635587215423584
[2025-05-29 17:29:00] [32mIntermediate result: 0.23586237  (Index 55)[0m
Epoch: 56, Steps: 524 | Train Loss: 0.2220341 Vali Loss: 0.2399748 Test Loss: 0.2358624
EarlyStopping counter: 4 out of 20
Updating learning rate to 6.998296122013755e-05
	iters: 100, epoch: 57 | loss: 0.2244017
	speed: 0.3007s/iter; left time: 38414.8436s
	iters: 200, epoch: 57 | loss: 0.2175288
	speed: 0.0842s/iter; left time: 10752.2227s
	iters: 300, epoch: 57 | loss: 0.2118337
	speed: 0.0842s/iter; left time: 10737.7677s
	iters: 400, epoch: 57 | loss: 0.2166343
	speed: 0.0841s/iter; left time: 10718.2322s
	iters: 500, epoch: 57 | loss: 0.1910013
	speed: 0.0838s/iter; left time: 10674.5159s
Epoch: 57 cost time: 44.77796268463135
[2025-05-29 17:30:04] [32mIntermediate result: 0.22213067  (Index 56)[0m
Epoch: 57, Steps: 524 | Train Loss: 0.2211125 Vali Loss: 0.2272431 Test Loss: 0.2221307
Validation loss decreased (0.229782 --> 0.227243).  Saving model ...
Updating learning rate to 7.152520892397024e-05
	iters: 100, epoch: 58 | loss: 0.2311680
	speed: 0.3029s/iter; left time: 38533.5498s
	iters: 200, epoch: 58 | loss: 0.2126428
	speed: 0.0845s/iter; left time: 10745.1998s
	iters: 300, epoch: 58 | loss: 0.2193094
	speed: 0.0845s/iter; left time: 10738.5203s
	iters: 400, epoch: 58 | loss: 0.2400033
	speed: 0.0843s/iter; left time: 10699.5277s
	iters: 500, epoch: 58 | loss: 0.2041442
	speed: 0.0843s/iter; left time: 10693.8926s
Epoch: 58 cost time: 45.083229780197144
[2025-05-29 17:31:08] [32mIntermediate result: 0.22249742  (Index 57)[0m
Epoch: 58, Steps: 524 | Train Loss: 0.2208735 Vali Loss: 0.2266095 Test Loss: 0.2224974
Validation loss decreased (0.227243 --> 0.226610).  Saving model ...
Updating learning rate to 7.30436671595868e-05
	iters: 100, epoch: 59 | loss: 0.2366841
	speed: 0.3033s/iter; left time: 38431.9900s
	iters: 200, epoch: 59 | loss: 0.1984126
	speed: 0.0842s/iter; left time: 10661.7424s
	iters: 300, epoch: 59 | loss: 0.2505786
	speed: 0.0840s/iter; left time: 10628.6518s
	iters: 400, epoch: 59 | loss: 0.2187470
	speed: 0.0838s/iter; left time: 10590.3908s
	iters: 500, epoch: 59 | loss: 0.2202246
	speed: 0.0840s/iter; left time: 10607.3187s
Epoch: 59 cost time: 44.792616844177246
[2025-05-29 17:32:12] [32mIntermediate result: 0.22052841  (Index 58)[0m
Epoch: 59, Steps: 524 | Train Loss: 0.2174142 Vali Loss: 0.2246970 Test Loss: 0.2205284
Validation loss decreased (0.226610 --> 0.224697).  Saving model ...
Updating learning rate to 7.453648584107648e-05
	iters: 100, epoch: 60 | loss: 0.2189338
	speed: 0.3043s/iter; left time: 38400.3790s
	iters: 200, epoch: 60 | loss: 0.2135482
	speed: 0.0839s/iter; left time: 10577.9996s
	iters: 300, epoch: 60 | loss: 0.2554425
	speed: 0.0838s/iter; left time: 10562.8892s
	iters: 400, epoch: 60 | loss: 0.2135726
	speed: 0.0843s/iter; left time: 10613.7737s
	iters: 500, epoch: 60 | loss: 0.2362989
	speed: 0.0845s/iter; left time: 10623.5391s
Epoch: 60 cost time: 44.83925127983093
[2025-05-29 17:33:16] [32mIntermediate result: 0.22296824  (Index 59)[0m
Epoch: 60, Steps: 524 | Train Loss: 0.2157203 Vali Loss: 0.2280869 Test Loss: 0.2229682
EarlyStopping counter: 1 out of 20
Updating learning rate to 7.600184612170053e-05
	iters: 100, epoch: 61 | loss: 0.2287330
	speed: 0.3010s/iter; left time: 37825.8082s
	iters: 200, epoch: 61 | loss: 0.2192096
	speed: 0.0838s/iter; left time: 10522.5930s
	iters: 300, epoch: 61 | loss: 0.2072313
	speed: 0.0838s/iter; left time: 10509.5373s
	iters: 400, epoch: 61 | loss: 0.1919096
	speed: 0.0837s/iter; left time: 10489.2171s
	iters: 500, epoch: 61 | loss: 0.1832613
	speed: 0.0843s/iter; left time: 10554.2489s
Epoch: 61 cost time: 44.72815418243408
[2025-05-29 17:34:19] [32mIntermediate result: 0.21727063  (Index 60)[0m
Epoch: 61, Steps: 524 | Train Loss: 0.2150380 Vali Loss: 0.2215738 Test Loss: 0.2172706
Validation loss decreased (0.224697 --> 0.221574).  Saving model ...
Updating learning rate to 7.743796260997057e-05
	iters: 100, epoch: 62 | loss: 0.2062256
	speed: 0.2994s/iter; left time: 37471.3437s
	iters: 200, epoch: 62 | loss: 0.2126407
	speed: 0.0842s/iter; left time: 10531.9498s
	iters: 300, epoch: 62 | loss: 0.2162553
	speed: 0.0839s/iter; left time: 10478.7397s
	iters: 400, epoch: 62 | loss: 0.2253007
	speed: 0.0841s/iter; left time: 10494.6952s
	iters: 500, epoch: 62 | loss: 0.2280751
	speed: 0.0845s/iter; left time: 10544.2177s
Epoch: 62 cost time: 44.816051721572876
[2025-05-29 17:35:23] [32mIntermediate result: 0.21601415  (Index 61)[0m
Epoch: 62, Steps: 524 | Train Loss: 0.2154973 Vali Loss: 0.2210838 Test Loss: 0.2160141
Validation loss decreased (0.221574 --> 0.221084).  Saving model ...
Updating learning rate to 7.884308554496546e-05
	iters: 100, epoch: 63 | loss: 0.2438523
	speed: 0.2999s/iter; left time: 37367.9772s
	iters: 200, epoch: 63 | loss: 0.1840542
	speed: 0.0842s/iter; left time: 10488.6670s
	iters: 300, epoch: 63 | loss: 0.2231756
	speed: 0.0842s/iter; left time: 10478.7687s
	iters: 400, epoch: 63 | loss: 0.2001517
	speed: 0.0839s/iter; left time: 10425.6714s
	iters: 500, epoch: 63 | loss: 0.1907350
	speed: 0.0843s/iter; left time: 10470.1414s
Epoch: 63 cost time: 44.85537385940552
[2025-05-29 17:36:27] [32mIntermediate result: 0.21865496  (Index 62)[0m
Epoch: 63, Steps: 524 | Train Loss: 0.2129708 Vali Loss: 0.2236589 Test Loss: 0.2186550
EarlyStopping counter: 1 out of 20
Updating learning rate to 8.021550292823582e-05
	iters: 100, epoch: 64 | loss: 0.2387132
	speed: 0.3027s/iter; left time: 37560.2492s
	iters: 200, epoch: 64 | loss: 0.2255656
	speed: 0.0836s/iter; left time: 10371.6420s
	iters: 300, epoch: 64 | loss: 0.1991300
	speed: 0.0838s/iter; left time: 10383.4570s
	iters: 400, epoch: 64 | loss: 0.1867921
	speed: 0.0835s/iter; left time: 10338.4367s
	iters: 500, epoch: 64 | loss: 0.2011679
	speed: 0.0835s/iter; left time: 10326.7002s
Epoch: 64 cost time: 44.585620164871216
[2025-05-29 17:37:31] [32mIntermediate result: 0.21411972  (Index 63)[0m
Epoch: 64, Steps: 524 | Train Loss: 0.2132832 Vali Loss: 0.2191020 Test Loss: 0.2141197
Validation loss decreased (0.221084 --> 0.219102).  Saving model ...
Updating learning rate to 8.155354260969885e-05
	iters: 100, epoch: 65 | loss: 0.2289624
	speed: 0.3052s/iter; left time: 37706.8866s
	iters: 200, epoch: 65 | loss: 0.2113475
	speed: 0.0838s/iter; left time: 10349.6352s
	iters: 300, epoch: 65 | loss: 0.2216657
	speed: 0.0839s/iter; left time: 10350.4575s
	iters: 400, epoch: 65 | loss: 0.1908331
	speed: 0.0837s/iter; left time: 10321.5114s
	iters: 500, epoch: 65 | loss: 0.2111714
	speed: 0.0839s/iter; left time: 10335.4664s
Epoch: 65 cost time: 44.69720220565796
[2025-05-29 17:38:35] [32mIntermediate result: 0.21617113  (Index 64)[0m
Epoch: 65, Steps: 524 | Train Loss: 0.2108232 Vali Loss: 0.2211421 Test Loss: 0.2161711
EarlyStopping counter: 1 out of 20
Updating learning rate to 8.285557432498207e-05
	iters: 100, epoch: 66 | loss: 0.1924351
	speed: 0.3035s/iter; left time: 37343.8686s
	iters: 200, epoch: 66 | loss: 0.1997561
	speed: 0.0839s/iter; left time: 10317.8301s
	iters: 300, epoch: 66 | loss: 0.1909903
	speed: 0.0841s/iter; left time: 10325.1345s
	iters: 400, epoch: 66 | loss: 0.2012996
	speed: 0.0837s/iter; left time: 10269.3978s
	iters: 500, epoch: 66 | loss: 0.1942874
	speed: 0.0841s/iter; left time: 10320.1261s
Epoch: 66 cost time: 44.79035305976868
[2025-05-29 17:39:39] [32mIntermediate result: 0.21599264  (Index 65)[0m
Epoch: 66, Steps: 524 | Train Loss: 0.2092459 Vali Loss: 0.2208519 Test Loss: 0.2159926
EarlyStopping counter: 2 out of 20
Updating learning rate to 8.412001168173354e-05
	iters: 100, epoch: 67 | loss: 0.2105238
	speed: 0.3053s/iter; left time: 37405.0214s
	iters: 200, epoch: 67 | loss: 0.2185283
	speed: 0.0834s/iter; left time: 10211.5609s
	iters: 300, epoch: 67 | loss: 0.2278283
	speed: 0.0837s/iter; left time: 10240.3842s
	iters: 400, epoch: 67 | loss: 0.2132225
	speed: 0.0837s/iter; left time: 10224.2679s
	iters: 500, epoch: 67 | loss: 0.2021136
	speed: 0.0836s/iter; left time: 10206.0361s
Epoch: 67 cost time: 44.57995080947876
[2025-05-29 17:40:43] [32mIntermediate result: 0.2141961  (Index 66)[0m
Epoch: 67, Steps: 524 | Train Loss: 0.2075227 Vali Loss: 0.2194429 Test Loss: 0.2141961
EarlyStopping counter: 3 out of 20
Updating learning rate to 8.534531409247852e-05
	iters: 100, epoch: 68 | loss: 0.1820705
	speed: 0.3056s/iter; left time: 37277.6618s
	iters: 200, epoch: 68 | loss: 0.1974813
	speed: 0.0841s/iter; left time: 10254.4734s
	iters: 300, epoch: 68 | loss: 0.1962880
	speed: 0.0839s/iter; left time: 10212.8254s
	iters: 400, epoch: 68 | loss: 0.2143396
	speed: 0.0841s/iter; left time: 10230.1138s
	iters: 500, epoch: 68 | loss: 0.2228634
	speed: 0.0840s/iter; left time: 10211.2662s
Epoch: 68 cost time: 44.772191762924194
[2025-05-29 17:41:47] [32mIntermediate result: 0.20951292  (Index 67)[0m
Epoch: 68, Steps: 524 | Train Loss: 0.2078942 Vali Loss: 0.2146091 Test Loss: 0.2095129
Validation loss decreased (0.219102 --> 0.214609).  Saving model ...
Updating learning rate to 8.652998865166762e-05
	iters: 100, epoch: 69 | loss: 0.2254980
	speed: 0.3083s/iter; left time: 37450.5051s
	iters: 200, epoch: 69 | loss: 0.1998956
	speed: 0.0834s/iter; left time: 10125.7363s
	iters: 300, epoch: 69 | loss: 0.1928147
	speed: 0.0831s/iter; left time: 10076.5269s
	iters: 400, epoch: 69 | loss: 0.2062052
	speed: 0.0833s/iter; left time: 10096.1524s
	iters: 500, epoch: 69 | loss: 0.1897614
	speed: 0.0836s/iter; left time: 10121.6286s
Epoch: 69 cost time: 44.459800481796265
[2025-05-29 17:42:51] [32mIntermediate result: 0.2134664  (Index 68)[0m
Epoch: 69, Steps: 524 | Train Loss: 0.2058392 Vali Loss: 0.2193269 Test Loss: 0.2134664
EarlyStopping counter: 1 out of 20
Updating learning rate to 8.76725919546294e-05
	iters: 100, epoch: 70 | loss: 0.2038961
	speed: 0.2996s/iter; left time: 36241.0573s
	iters: 200, epoch: 70 | loss: 0.2207632
	speed: 0.0843s/iter; left time: 10182.5292s
	iters: 300, epoch: 70 | loss: 0.1880497
	speed: 0.0842s/iter; left time: 10167.7868s
	iters: 400, epoch: 70 | loss: 0.2004439
	speed: 0.0841s/iter; left time: 10141.4994s
	iters: 500, epoch: 70 | loss: 0.2010105
	speed: 0.0841s/iter; left time: 10134.5418s
Epoch: 70 cost time: 44.75878405570984
[2025-05-29 17:43:54] [32mIntermediate result: 0.21147704  (Index 69)[0m
Epoch: 70, Steps: 524 | Train Loss: 0.2049056 Vali Loss: 0.2155505 Test Loss: 0.2114770
EarlyStopping counter: 2 out of 20
Updating learning rate to 8.877173185621109e-05
	iters: 100, epoch: 71 | loss: 0.2122876
	speed: 0.3022s/iter; left time: 36396.5185s
	iters: 200, epoch: 71 | loss: 0.1892722
	speed: 0.0842s/iter; left time: 10134.9199s
	iters: 300, epoch: 71 | loss: 0.1871271
	speed: 0.0842s/iter; left time: 10122.1147s
	iters: 400, epoch: 71 | loss: 0.1862829
	speed: 0.0849s/iter; left time: 10200.2381s
	iters: 500, epoch: 71 | loss: 0.2053901
	speed: 0.0852s/iter; left time: 10221.9559s
Epoch: 71 cost time: 45.06232142448425
[2025-05-29 17:44:59] [32mIntermediate result: 0.21296991  (Index 70)[0m
Epoch: 71, Steps: 524 | Train Loss: 0.2037000 Vali Loss: 0.2180753 Test Loss: 0.2129699
EarlyStopping counter: 3 out of 20
Updating learning rate to 8.982606916696506e-05
	iters: 100, epoch: 72 | loss: 0.2098654
	speed: 0.3056s/iter; left time: 36635.1410s
	iters: 200, epoch: 72 | loss: 0.2242893
	speed: 0.0840s/iter; left time: 10064.7404s
	iters: 300, epoch: 72 | loss: 0.1894867
	speed: 0.0836s/iter; left time: 10008.3043s
	iters: 400, epoch: 72 | loss: 0.1882948
	speed: 0.0841s/iter; left time: 10055.9670s
	iters: 500, epoch: 72 | loss: 0.2070504
	speed: 0.0841s/iter; left time: 10049.1391s
Epoch: 72 cost time: 44.706605672836304
[2025-05-29 17:46:04] [32mIntermediate result: 0.21561155  (Index 71)[0m
Epoch: 72, Steps: 524 | Train Loss: 0.2024909 Vali Loss: 0.2210646 Test Loss: 0.2156115
EarlyStopping counter: 4 out of 20
Updating learning rate to 9.083431928481405e-05
	iters: 100, epoch: 73 | loss: 0.1981840
	speed: 0.3109s/iter; left time: 37116.3559s
	iters: 200, epoch: 73 | loss: 0.2007273
	speed: 0.0840s/iter; left time: 10024.5785s
	iters: 300, epoch: 73 | loss: 0.1816100
	speed: 0.0838s/iter; left time: 9982.5430s
	iters: 400, epoch: 73 | loss: 0.2209479
	speed: 0.0839s/iter; left time: 9987.8597s
	iters: 500, epoch: 73 | loss: 0.2018953
	speed: 0.0841s/iter; left time: 10005.2445s
Epoch: 73 cost time: 44.76329946517944
[2025-05-29 17:47:08] [32mIntermediate result: 0.20913315  (Index 72)[0m
Epoch: 73, Steps: 524 | Train Loss: 0.2010665 Vali Loss: 0.2141434 Test Loss: 0.2091331
Validation loss decreased (0.214609 --> 0.214143).  Saving model ...
Updating learning rate to 9.179525376020722e-05
	iters: 100, epoch: 74 | loss: 0.1919106
	speed: 0.3073s/iter; left time: 36526.0485s
	iters: 200, epoch: 74 | loss: 0.1874354
	speed: 0.0839s/iter; left time: 9960.0220s
	iters: 300, epoch: 74 | loss: 0.1954729
	speed: 0.0839s/iter; left time: 9957.9250s
	iters: 400, epoch: 74 | loss: 0.2147679
	speed: 0.0840s/iter; left time: 9963.3877s
	iters: 500, epoch: 74 | loss: 0.2127321
	speed: 0.0838s/iter; left time: 9927.7109s
Epoch: 74 cost time: 44.723740100860596
[2025-05-29 17:48:12] [32mIntermediate result: 0.21004124  (Index 73)[0m
Epoch: 74, Steps: 524 | Train Loss: 0.2016078 Vali Loss: 0.2152528 Test Loss: 0.2100412
EarlyStopping counter: 1 out of 20
Updating learning rate to 9.27077017928602e-05
	iters: 100, epoch: 75 | loss: 0.2047906
	speed: 0.3052s/iter; left time: 36116.4983s
	iters: 200, epoch: 75 | loss: 0.1952662
	speed: 0.0841s/iter; left time: 9940.8693s
	iters: 300, epoch: 75 | loss: 0.1940424
	speed: 0.0838s/iter; left time: 9903.2951s
	iters: 400, epoch: 75 | loss: 0.1854434
	speed: 0.0841s/iter; left time: 9923.0819s
	iters: 500, epoch: 75 | loss: 0.1702991
	speed: 0.0838s/iter; left time: 9886.0049s
Epoch: 75 cost time: 44.78054118156433
[2025-05-29 17:49:16] [32mIntermediate result: 0.21008573  (Index 74)[0m
Epoch: 75, Steps: 524 | Train Loss: 0.1980581 Vali Loss: 0.2157781 Test Loss: 0.2100857
EarlyStopping counter: 2 out of 20
Updating learning rate to 9.357055165825543e-05
	iters: 100, epoch: 76 | loss: 0.2005842
	speed: 0.3090s/iter; left time: 36399.8539s
	iters: 200, epoch: 76 | loss: 0.1830963
	speed: 0.0839s/iter; left time: 9876.8151s
	iters: 300, epoch: 76 | loss: 0.1830889
	speed: 0.0837s/iter; left time: 9843.3258s
	iters: 400, epoch: 76 | loss: 0.2026524
	speed: 0.0837s/iter; left time: 9835.0232s
	iters: 500, epoch: 76 | loss: 0.2095936
	speed: 0.0838s/iter; left time: 9835.2702s
Epoch: 76 cost time: 44.69643044471741
[2025-05-29 17:50:20] [32mIntermediate result: 0.20458202  (Index 75)[0m
Epoch: 76, Steps: 524 | Train Loss: 0.1989203 Vali Loss: 0.2094123 Test Loss: 0.2045820
Validation loss decreased (0.214143 --> 0.209412).  Saving model ...
Updating learning rate to 9.438275206216461e-05
	iters: 100, epoch: 77 | loss: 0.1997778
	speed: 0.3019s/iter; left time: 35403.6640s
	iters: 200, epoch: 77 | loss: 0.2058949
	speed: 0.0840s/iter; left time: 9846.1342s
	iters: 300, epoch: 77 | loss: 0.1885035
	speed: 0.0840s/iter; left time: 9836.0854s
	iters: 400, epoch: 77 | loss: 0.2202035
	speed: 0.0841s/iter; left time: 9838.5528s
	iters: 500, epoch: 77 | loss: 0.1855882
	speed: 0.0843s/iter; left time: 9850.4395s
Epoch: 77 cost time: 44.83992123603821
[2025-05-29 17:51:24] [32mIntermediate result: 0.20393933  (Index 76)[0m
Epoch: 77, Steps: 524 | Train Loss: 0.1964677 Vali Loss: 0.2095471 Test Loss: 0.2039393
EarlyStopping counter: 1 out of 20
Updating learning rate to 9.51433134215431e-05
	iters: 100, epoch: 78 | loss: 0.1999422
	speed: 0.3019s/iter; left time: 35245.3906s
	iters: 200, epoch: 78 | loss: 0.1916467
	speed: 0.0840s/iter; left time: 9801.9051s
	iters: 300, epoch: 78 | loss: 0.2098358
	speed: 0.0838s/iter; left time: 9766.8225s
	iters: 400, epoch: 78 | loss: 0.1729214
	speed: 0.0841s/iter; left time: 9797.1391s
	iters: 500, epoch: 78 | loss: 0.1863241
	speed: 0.0843s/iter; left time: 9808.0409s
Epoch: 78 cost time: 44.7446174621582
[2025-05-29 17:52:28] [32mIntermediate result: 0.2073328  (Index 77)[0m
Epoch: 78, Steps: 524 | Train Loss: 0.1965167 Vali Loss: 0.2138982 Test Loss: 0.2073328
EarlyStopping counter: 2 out of 20
Updating learning rate to 9.585130907023559e-05
	iters: 100, epoch: 79 | loss: 0.1899910
	speed: 0.3048s/iter; left time: 35426.7713s
	iters: 200, epoch: 79 | loss: 0.2133379
	speed: 0.0840s/iter; left time: 9754.0725s
	iters: 300, epoch: 79 | loss: 0.2184089
	speed: 0.0837s/iter; left time: 9707.6489s
	iters: 400, epoch: 79 | loss: 0.2216054
	speed: 0.0839s/iter; left time: 9726.1533s
	iters: 500, epoch: 79 | loss: 0.1932406
	speed: 0.0840s/iter; left time: 9730.0915s
Epoch: 79 cost time: 44.70910978317261
[2025-05-29 17:53:32] [32mIntermediate result: 0.2070441  (Index 78)[0m
Epoch: 79, Steps: 524 | Train Loss: 0.1947083 Vali Loss: 0.2127451 Test Loss: 0.2070441
EarlyStopping counter: 3 out of 20
Updating learning rate to 9.650587638802392e-05
	iters: 100, epoch: 80 | loss: 0.1787602
	speed: 0.3000s/iter; left time: 34712.2225s
	iters: 200, epoch: 80 | loss: 0.1657755
	speed: 0.0842s/iter; left time: 9739.0415s
	iters: 300, epoch: 80 | loss: 0.1807446
	speed: 0.0843s/iter; left time: 9739.4148s
	iters: 400, epoch: 80 | loss: 0.2143943
	speed: 0.0841s/iter; left time: 9709.2792s
	iters: 500, epoch: 80 | loss: 0.1751602
	speed: 0.0844s/iter; left time: 9730.2284s
Epoch: 80 cost time: 44.84901022911072
[2025-05-29 17:54:35] [32mIntermediate result: 0.20314999  (Index 79)[0m
Epoch: 80, Steps: 524 | Train Loss: 0.1954237 Vali Loss: 0.2077379 Test Loss: 0.2031500
Validation loss decreased (0.209412 --> 0.207738).  Saving model ...
Updating learning rate to 9.710621785164147e-05
	iters: 100, epoch: 81 | loss: 0.2042788
	speed: 0.3006s/iter; left time: 34624.3238s
	iters: 200, epoch: 81 | loss: 0.1983789
	speed: 0.0836s/iter; left time: 9618.8605s
	iters: 300, epoch: 81 | loss: 0.1809004
	speed: 0.0838s/iter; left time: 9630.7901s
	iters: 400, epoch: 81 | loss: 0.1753881
	speed: 0.0840s/iter; left time: 9647.7683s
	iters: 500, epoch: 81 | loss: 0.1644988
	speed: 0.0839s/iter; left time: 9632.1713s
Epoch: 81 cost time: 44.68248724937439
[2025-05-29 17:55:39] [32mIntermediate result: 0.20362782  (Index 80)[0m
Epoch: 81, Steps: 524 | Train Loss: 0.1933883 Vali Loss: 0.2090872 Test Loss: 0.2036278
EarlyStopping counter: 1 out of 20
Updating learning rate to 9.765160200647374e-05
	iters: 100, epoch: 82 | loss: 0.2082874
	speed: 0.2994s/iter; left time: 34324.8221s
	iters: 200, epoch: 82 | loss: 0.1837942
	speed: 0.0838s/iter; left time: 9604.9793s
	iters: 300, epoch: 82 | loss: 0.1750765
	speed: 0.0839s/iter; left time: 9605.5084s
	iters: 400, epoch: 82 | loss: 0.1906885
	speed: 0.0841s/iter; left time: 9614.0849s
	iters: 500, epoch: 82 | loss: 0.1895682
	speed: 0.0841s/iter; left time: 9607.7781s
Epoch: 82 cost time: 44.72229838371277
[2025-05-29 17:56:43] [32mIntermediate result: 0.20557892  (Index 81)[0m
Epoch: 82, Steps: 524 | Train Loss: 0.1927317 Vali Loss: 0.2117406 Test Loss: 0.2055789
EarlyStopping counter: 2 out of 20
Updating learning rate to 9.814136435776074e-05
	iters: 100, epoch: 83 | loss: 0.1887489
	speed: 0.3006s/iter; left time: 34305.2104s
	iters: 200, epoch: 83 | loss: 0.1974679
	speed: 0.0846s/iter; left time: 9652.7150s
	iters: 300, epoch: 83 | loss: 0.1863731
	speed: 0.0839s/iter; left time: 9560.8384s
	iters: 400, epoch: 83 | loss: 0.1956250
	speed: 0.0845s/iter; left time: 9616.7852s
	iters: 500, epoch: 83 | loss: 0.1965008
	speed: 0.0845s/iter; left time: 9609.5925s
Epoch: 83 cost time: 44.76579475402832
[2025-05-29 17:57:46] [32mIntermediate result: 0.20180492  (Index 82)[0m
Epoch: 83, Steps: 524 | Train Loss: 0.1913348 Vali Loss: 0.2063964 Test Loss: 0.2018049
Validation loss decreased (0.207738 --> 0.206396).  Saving model ...
Updating learning rate to 9.857490818021595e-05
	iters: 100, epoch: 84 | loss: 0.2034939
	speed: 0.3000s/iter; left time: 34078.9591s
	iters: 200, epoch: 84 | loss: 0.2034089
	speed: 0.0839s/iter; left time: 9517.9277s
	iters: 300, epoch: 84 | loss: 0.2360398
	speed: 0.0836s/iter; left time: 9482.3550s
	iters: 400, epoch: 84 | loss: 0.2338574
	speed: 0.0837s/iter; left time: 9482.7418s
	iters: 500, epoch: 84 | loss: 0.2187881
	speed: 0.0840s/iter; left time: 9509.9575s
Epoch: 84 cost time: 44.61860418319702
[2025-05-29 17:58:51] [32mIntermediate result: 0.20398676  (Index 83)[0m
Epoch: 84, Steps: 524 | Train Loss: 0.1909620 Vali Loss: 0.2075646 Test Loss: 0.2039868
EarlyStopping counter: 1 out of 20
Updating learning rate to 9.8951705245075e-05
	iters: 100, epoch: 85 | loss: 0.2008883
	speed: 0.3086s/iter; left time: 34896.0104s
	iters: 200, epoch: 85 | loss: 0.2061175
	speed: 0.0840s/iter; left time: 9494.2355s
	iters: 300, epoch: 85 | loss: 0.1724681
	speed: 0.0839s/iter; left time: 9475.3309s
	iters: 400, epoch: 85 | loss: 0.1783697
	speed: 0.0839s/iter; left time: 9457.8166s
	iters: 500, epoch: 85 | loss: 0.1964732
	speed: 0.0840s/iter; left time: 9468.2506s
Epoch: 85 cost time: 44.80724859237671
[2025-05-29 17:59:54] [32mIntermediate result: 0.20031397  (Index 84)[0m
Epoch: 85, Steps: 524 | Train Loss: 0.1899484 Vali Loss: 0.2058003 Test Loss: 0.2003140
Validation loss decreased (0.206396 --> 0.205800).  Saving model ...
Updating learning rate to 9.927129646368824e-05
	iters: 100, epoch: 86 | loss: 0.1712466
	speed: 0.3006s/iter; left time: 33839.3036s
	iters: 200, epoch: 86 | loss: 0.1798038
	speed: 0.0840s/iter; left time: 9444.7416s
	iters: 300, epoch: 86 | loss: 0.1876942
	speed: 0.0840s/iter; left time: 9442.3821s
	iters: 400, epoch: 86 | loss: 0.1808550
	speed: 0.0838s/iter; left time: 9409.7866s
	iters: 500, epoch: 86 | loss: 0.1798334
	speed: 0.0838s/iter; left time: 9398.7167s
Epoch: 86 cost time: 44.745593786239624
[2025-05-29 18:00:59] [32mIntermediate result: 0.2025607  (Index 85)[0m
Epoch: 86, Steps: 524 | Train Loss: 0.1894168 Vali Loss: 0.2067499 Test Loss: 0.2025607
EarlyStopping counter: 1 out of 20
Updating learning rate to 9.953329244687337e-05
	iters: 100, epoch: 87 | loss: 0.2064808
	speed: 0.3085s/iter; left time: 34561.8496s
	iters: 200, epoch: 87 | loss: 0.1697242
	speed: 0.0839s/iter; left time: 9391.2027s
	iters: 300, epoch: 87 | loss: 0.1997506
	speed: 0.0840s/iter; left time: 9389.3278s
	iters: 400, epoch: 87 | loss: 0.1391773
	speed: 0.0840s/iter; left time: 9385.2211s
	iters: 500, epoch: 87 | loss: 0.2027024
	speed: 0.0840s/iter; left time: 9378.6468s
Epoch: 87 cost time: 44.852903842926025
[2025-05-29 18:02:03] [32mIntermediate result: 0.2014683  (Index 86)[0m
Epoch: 87, Steps: 524 | Train Loss: 0.1875904 Vali Loss: 0.2064535 Test Loss: 0.2014683
EarlyStopping counter: 2 out of 20
Updating learning rate to 9.973737397934625e-05
	iters: 100, epoch: 88 | loss: 0.1960102
	speed: 0.3102s/iter; left time: 34588.4527s
	iters: 200, epoch: 88 | loss: 0.1754352
	speed: 0.0842s/iter; left time: 9376.7174s
	iters: 300, epoch: 88 | loss: 0.1654861
	speed: 0.0841s/iter; left time: 9357.3173s
	iters: 400, epoch: 88 | loss: 0.1503606
	speed: 0.0842s/iter; left time: 9368.3973s
	iters: 500, epoch: 88 | loss: 0.2167102
	speed: 0.0840s/iter; left time: 9338.7279s
Epoch: 88 cost time: 44.811136960983276
[2025-05-29 18:03:08] [32mIntermediate result: 0.21397275  (Index 87)[0m
Epoch: 88, Steps: 524 | Train Loss: 0.1873546 Vali Loss: 0.2158099 Test Loss: 0.2139727
EarlyStopping counter: 3 out of 20
Updating learning rate to 9.988329240865204e-05
	iters: 100, epoch: 89 | loss: 0.2092325
	speed: 0.3097s/iter; left time: 34375.7680s
	iters: 200, epoch: 89 | loss: 0.1913148
	speed: 0.0842s/iter; left time: 9331.3672s
	iters: 300, epoch: 89 | loss: 0.1790730
	speed: 0.0843s/iter; left time: 9339.2835s
	iters: 400, epoch: 89 | loss: 0.2025812
	speed: 0.0844s/iter; left time: 9337.4191s
	iters: 500, epoch: 89 | loss: 0.1573240
	speed: 0.0844s/iter; left time: 9336.1790s
Epoch: 89 cost time: 44.878430128097534
[2025-05-29 18:04:13] [32mIntermediate result: 0.19989951  (Index 88)[0m
Epoch: 89, Steps: 524 | Train Loss: 0.1868164 Vali Loss: 0.2047954 Test Loss: 0.1998995
Validation loss decreased (0.205800 --> 0.204795).  Saving model ...
Updating learning rate to 9.997086994812273e-05
	iters: 100, epoch: 90 | loss: 0.1772227
	speed: 0.3114s/iter; left time: 34398.7753s
	iters: 200, epoch: 90 | loss: 0.2007668
	speed: 0.0842s/iter; left time: 9295.0892s
	iters: 300, epoch: 90 | loss: 0.1836690
	speed: 0.0840s/iter; left time: 9266.8581s
	iters: 400, epoch: 90 | loss: 0.1893183
	speed: 0.0846s/iter; left time: 9318.7083s
	iters: 500, epoch: 90 | loss: 0.1971947
	speed: 0.0846s/iter; left time: 9306.8283s
Epoch: 90 cost time: 44.999608755111694
[2025-05-29 18:05:17] [32mIntermediate result: 0.20150946  (Index 89)[0m
Epoch: 90, Steps: 524 | Train Loss: 0.1852741 Vali Loss: 0.2048424 Test Loss: 0.2015095
EarlyStopping counter: 1 out of 20
Updating learning rate to 9.999999997962317e-05
	iters: 100, epoch: 91 | loss: 0.1561985
	speed: 0.3029s/iter; left time: 33296.0956s
	iters: 200, epoch: 91 | loss: 0.1811328
	speed: 0.0846s/iter; left time: 9294.3648s
	iters: 300, epoch: 91 | loss: 0.1810965
	speed: 0.0842s/iter; left time: 9239.6698s
	iters: 400, epoch: 91 | loss: 0.2034738
	speed: 0.0844s/iter; left time: 9252.8854s
	iters: 500, epoch: 91 | loss: 0.1959293
	speed: 0.0844s/iter; left time: 9246.6248s
Epoch: 91 cost time: 44.96813106536865
[2025-05-29 18:06:22] [32mIntermediate result: 0.19605595  (Index 90)[0m
Epoch: 91, Steps: 524 | Train Loss: 0.1852455 Vali Loss: 0.1996803 Test Loss: 0.1960559
Validation loss decreased (0.204795 --> 0.199680).  Saving model ...
Updating learning rate to 9.999438373838607e-05
	iters: 100, epoch: 92 | loss: 0.1702920
	speed: 0.3091s/iter; left time: 33815.4699s
	iters: 200, epoch: 92 | loss: 0.1938179
	speed: 0.0834s/iter; left time: 9117.7956s
	iters: 300, epoch: 92 | loss: 0.1852115
	speed: 0.0836s/iter; left time: 9129.3313s
	iters: 400, epoch: 92 | loss: 0.1865894
	speed: 0.0835s/iter; left time: 9114.0008s
	iters: 500, epoch: 92 | loss: 0.1798710
	speed: 0.0832s/iter; left time: 9074.4395s
Epoch: 92 cost time: 44.42832279205322
[2025-05-29 18:07:25] [32mIntermediate result: 0.19601414  (Index 91)[0m
Epoch: 92, Steps: 524 | Train Loss: 0.1841943 Vali Loss: 0.2006883 Test Loss: 0.1960141
EarlyStopping counter: 1 out of 20
Updating learning rate to 9.997757897983462e-05
	iters: 100, epoch: 93 | loss: 0.1887663
	speed: 0.3016s/iter; left time: 32840.0714s
	iters: 200, epoch: 93 | loss: 0.1746505
	speed: 0.0841s/iter; left time: 9152.9640s
	iters: 300, epoch: 93 | loss: 0.1783707
	speed: 0.0842s/iter; left time: 9149.1429s
	iters: 400, epoch: 93 | loss: 0.1712446
	speed: 0.0840s/iter; left time: 9126.9115s
	iters: 500, epoch: 93 | loss: 0.1852006
	speed: 0.0837s/iter; left time: 9084.6087s
Epoch: 93 cost time: 44.772146224975586
[2025-05-29 18:08:29] [32mIntermediate result: 0.20179945  (Index 92)[0m
Epoch: 93, Steps: 524 | Train Loss: 0.1832054 Vali Loss: 0.2064282 Test Loss: 0.2017995
EarlyStopping counter: 2 out of 20
Updating learning rate to 9.994958946481293e-05
	iters: 100, epoch: 94 | loss: 0.1809514
	speed: 0.3011s/iter; left time: 32631.6935s
	iters: 200, epoch: 94 | loss: 0.1570708
	speed: 0.0840s/iter; left time: 9096.6759s
	iters: 300, epoch: 94 | loss: 0.1825191
	speed: 0.0844s/iter; left time: 9131.9124s
	iters: 400, epoch: 94 | loss: 0.1731474
	speed: 0.0840s/iter; left time: 9081.3842s
	iters: 500, epoch: 94 | loss: 0.2154066
	speed: 0.0844s/iter; left time: 9109.7624s
Epoch: 94 cost time: 44.81360363960266
[2025-05-29 18:09:33] [32mIntermediate result: 0.2024044  (Index 93)[0m
Epoch: 94, Steps: 524 | Train Loss: 0.1828226 Vali Loss: 0.2058914 Test Loss: 0.2024044
EarlyStopping counter: 3 out of 20
Updating learning rate to 9.99104214572731e-05
	iters: 100, epoch: 95 | loss: 0.1913753
	speed: 0.3093s/iter; left time: 33359.6220s
	iters: 200, epoch: 95 | loss: 0.2133885
	speed: 0.0833s/iter; left time: 8979.2403s
	iters: 300, epoch: 95 | loss: 0.1803164
	speed: 0.0838s/iter; left time: 9023.2417s
	iters: 400, epoch: 95 | loss: 0.1764572
	speed: 0.0838s/iter; left time: 9009.5406s
	iters: 500, epoch: 95 | loss: 0.2077235
	speed: 0.0838s/iter; left time: 9006.7625s
Epoch: 95 cost time: 44.636900186538696
[2025-05-29 18:10:37] [32mIntermediate result: 0.19775796  (Index 94)[0m
Epoch: 95, Steps: 524 | Train Loss: 0.1834503 Vali Loss: 0.2011054 Test Loss: 0.1977580
EarlyStopping counter: 4 out of 20
Updating learning rate to 9.986008372287344e-05
	iters: 100, epoch: 96 | loss: 0.1756230
	speed: 0.3057s/iter; left time: 32803.4556s
	iters: 200, epoch: 96 | loss: 0.1937427
	speed: 0.0840s/iter; left time: 9007.6544s
	iters: 300, epoch: 96 | loss: 0.1935861
	speed: 0.0838s/iter; left time: 8975.2844s
	iters: 400, epoch: 96 | loss: 0.1704360
	speed: 0.0840s/iter; left time: 8988.4217s
	iters: 500, epoch: 96 | loss: 0.1870584
	speed: 0.0837s/iter; left time: 8953.7196s
Epoch: 96 cost time: 44.699188470840454
[2025-05-29 18:11:41] [32mIntermediate result: 0.19811253  (Index 95)[0m
Epoch: 96, Steps: 524 | Train Loss: 0.1809899 Vali Loss: 0.2014548 Test Loss: 0.1981125
EarlyStopping counter: 5 out of 20
Updating learning rate to 9.979858752701663e-05
	iters: 100, epoch: 97 | loss: 0.1619530
	speed: 0.3006s/iter; left time: 32099.9594s
	iters: 200, epoch: 97 | loss: 0.1971761
	speed: 0.0842s/iter; left time: 8986.4446s
	iters: 300, epoch: 97 | loss: 0.1849298
	speed: 0.0847s/iter; left time: 9023.9346s
	iters: 400, epoch: 97 | loss: 0.1831100
	speed: 0.0846s/iter; left time: 9014.4482s
	iters: 500, epoch: 97 | loss: 0.2007752
	speed: 0.0845s/iter; left time: 8989.3091s
Epoch: 97 cost time: 44.989113092422485
[2025-05-29 18:12:46] [32mIntermediate result: 0.19547704  (Index 96)[0m
Epoch: 97, Steps: 524 | Train Loss: 0.1798833 Vali Loss: 0.1995115 Test Loss: 0.1954770
Validation loss decreased (0.199680 --> 0.199511).  Saving model ...
Updating learning rate to 9.972594663232867e-05
	iters: 100, epoch: 98 | loss: 0.1878666
	speed: 0.3097s/iter; left time: 32907.8043s
	iters: 200, epoch: 98 | loss: 0.1681217
	speed: 0.0843s/iter; left time: 8949.8210s
	iters: 300, epoch: 98 | loss: 0.1799796
	speed: 0.0837s/iter; left time: 8875.6250s
	iters: 400, epoch: 98 | loss: 0.1687934
	speed: 0.0836s/iter; left time: 8857.6334s
	iters: 500, epoch: 98 | loss: 0.1824684
	speed: 0.0835s/iter; left time: 8843.1473s
Epoch: 98 cost time: 44.67842888832092
[2025-05-29 18:13:50] [32mIntermediate result: 0.19352126  (Index 97)[0m
Epoch: 98, Steps: 524 | Train Loss: 0.1791339 Vali Loss: 0.1966665 Test Loss: 0.1935213
Validation loss decreased (0.199511 --> 0.196667).  Saving model ...
Updating learning rate to 9.96421772955788e-05
	iters: 100, epoch: 99 | loss: 0.1662284
	speed: 0.3073s/iter; left time: 32499.4000s
	iters: 200, epoch: 99 | loss: 0.1770661
	speed: 0.0832s/iter; left time: 8793.8302s
	iters: 300, epoch: 99 | loss: 0.1758419
	speed: 0.0832s/iter; left time: 8777.1966s
	iters: 400, epoch: 99 | loss: 0.1664014
	speed: 0.0832s/iter; left time: 8768.1211s
	iters: 500, epoch: 99 | loss: 0.1936572
	speed: 0.0833s/iter; left time: 8776.9852s
Epoch: 99 cost time: 44.398860692977905
[2025-05-29 18:14:54] [32mIntermediate result: 0.19938762  (Index 98)[0m
Epoch: 99, Steps: 524 | Train Loss: 0.1784826 Vali Loss: 0.2026826 Test Loss: 0.1993876
EarlyStopping counter: 1 out of 20
Updating learning rate to 9.954729826404127e-05
	iters: 100, epoch: 100 | loss: 0.1777844
	speed: 0.3097s/iter; left time: 32590.1253s
	iters: 200, epoch: 100 | loss: 0.1905649
	speed: 0.0838s/iter; left time: 8813.5801s
	iters: 300, epoch: 100 | loss: 0.1654735
	speed: 0.0839s/iter; left time: 8810.5064s
	iters: 400, epoch: 100 | loss: 0.1794556
	speed: 0.0841s/iter; left time: 8823.3403s
	iters: 500, epoch: 100 | loss: 0.1585291
	speed: 0.0846s/iter; left time: 8863.3298s
Epoch: 100 cost time: 44.763978481292725
[2025-05-29 18:15:59] [32mIntermediate result: 0.19483975  (Index 99)[0m
Epoch: 100, Steps: 524 | Train Loss: 0.1787612 Vali Loss: 0.1978491 Test Loss: 0.1948397
EarlyStopping counter: 2 out of 20
Updating learning rate to 9.944133077129985e-05
	iters: 100, epoch: 101 | loss: 0.1774942
	speed: 0.3066s/iter; left time: 32104.4268s
	iters: 200, epoch: 101 | loss: 0.1699571
	speed: 0.0838s/iter; left time: 8765.1933s
	iters: 300, epoch: 101 | loss: 0.1878468
	speed: 0.0839s/iter; left time: 8766.0771s
	iters: 400, epoch: 101 | loss: 0.1694034
	speed: 0.0846s/iter; left time: 8835.8756s
	iters: 500, epoch: 101 | loss: 0.1902787
	speed: 0.0845s/iter; left time: 8810.9709s
Epoch: 101 cost time: 44.78916120529175
[2025-05-29 18:17:03] [32mIntermediate result: 0.19241908  (Index 100)[0m
Epoch: 101, Steps: 524 | Train Loss: 0.1771809 Vali Loss: 0.1946832 Test Loss: 0.1924191
Validation loss decreased (0.196667 --> 0.194683).  Saving model ...
Updating learning rate to 9.932429853249573e-05
	iters: 100, epoch: 102 | loss: 0.1762783
	speed: 0.3114s/iter; left time: 32439.9291s
	iters: 200, epoch: 102 | loss: 0.1875633
	speed: 0.0847s/iter; left time: 8810.1391s
	iters: 300, epoch: 102 | loss: 0.1998369
	speed: 0.0849s/iter; left time: 8824.4283s
	iters: 400, epoch: 102 | loss: 0.1729036
	speed: 0.0849s/iter; left time: 8813.9713s
	iters: 500, epoch: 102 | loss: 0.1772940
	speed: 0.0847s/iter; left time: 8788.8181s
Epoch: 102 cost time: 45.059226989746094
[2025-05-29 18:18:08] [32mIntermediate result: 0.19617811  (Index 101)[0m
Epoch: 102, Steps: 524 | Train Loss: 0.1782187 Vali Loss: 0.1995881 Test Loss: 0.1961781
EarlyStopping counter: 1 out of 20
Updating learning rate to 9.919622773902025e-05
	iters: 100, epoch: 103 | loss: 0.1934040
	speed: 0.3052s/iter; left time: 31636.3225s
	iters: 200, epoch: 103 | loss: 0.1677814
	speed: 0.0846s/iter; left time: 8761.2549s
	iters: 300, epoch: 103 | loss: 0.1654089
	speed: 0.0845s/iter; left time: 8744.6436s
	iters: 400, epoch: 103 | loss: 0.2029268
	speed: 0.0849s/iter; left time: 8769.9302s
	iters: 500, epoch: 103 | loss: 0.1828467
	speed: 0.0850s/iter; left time: 8777.6448s
Epoch: 103 cost time: 44.99670147895813
[2025-05-29 18:19:13] [32mIntermediate result: 0.20268361  (Index 102)[0m
Epoch: 103, Steps: 524 | Train Loss: 0.1766972 Vali Loss: 0.2043789 Test Loss: 0.2026836
EarlyStopping counter: 2 out of 20
Updating learning rate to 9.905714705265331e-05
	iters: 100, epoch: 104 | loss: 0.1809440
	speed: 0.3096s/iter; left time: 31926.4596s
	iters: 200, epoch: 104 | loss: 0.1499249
	speed: 0.0841s/iter; left time: 8666.5327s
	iters: 300, epoch: 104 | loss: 0.1739428
	speed: 0.0847s/iter; left time: 8714.4590s
	iters: 400, epoch: 104 | loss: 0.1397726
	speed: 0.0846s/iter; left time: 8701.1842s
	iters: 500, epoch: 104 | loss: 0.1830357
	speed: 0.0845s/iter; left time: 8682.7231s
Epoch: 104 cost time: 44.96493697166443
[2025-05-29 18:20:17] [32mIntermediate result: 0.20183492  (Index 103)[0m
Epoch: 104, Steps: 524 | Train Loss: 0.1753679 Vali Loss: 0.2049954 Test Loss: 0.2018349
EarlyStopping counter: 3 out of 20
Updating learning rate to 9.890708759914894e-05
	iters: 100, epoch: 105 | loss: 0.1584429
	speed: 0.3080s/iter; left time: 31601.1503s
	iters: 200, epoch: 105 | loss: 0.1828247
	speed: 0.0833s/iter; left time: 8535.3122s
	iters: 300, epoch: 105 | loss: 0.1894286
	speed: 0.0834s/iter; left time: 8544.2011s
	iters: 400, epoch: 105 | loss: 0.2172882
	speed: 0.0834s/iter; left time: 8531.5100s
	iters: 500, epoch: 105 | loss: 0.1599506
	speed: 0.0834s/iter; left time: 8526.3797s
Epoch: 105 cost time: 44.47637486457825
[2025-05-29 18:21:21] [32mIntermediate result: 0.19682626  (Index 104)[0m
Epoch: 105, Steps: 524 | Train Loss: 0.1750948 Vali Loss: 0.1998931 Test Loss: 0.1968263
EarlyStopping counter: 4 out of 20
Updating learning rate to 9.874608296126957e-05
	iters: 100, epoch: 106 | loss: 0.1622046
	speed: 0.3010s/iter; left time: 30723.7575s
	iters: 200, epoch: 106 | loss: 0.1611048
	speed: 0.0840s/iter; left time: 8561.6993s
	iters: 300, epoch: 106 | loss: 0.1684837
	speed: 0.0841s/iter; left time: 8567.8529s
	iters: 400, epoch: 106 | loss: 0.1737912
	speed: 0.0840s/iter; left time: 8547.1534s
	iters: 500, epoch: 106 | loss: 0.1564433
	speed: 0.0839s/iter; left time: 8526.5640s
Epoch: 106 cost time: 44.603188276290894
[2025-05-29 18:22:24] [32mIntermediate result: 0.19519483  (Index 105)[0m
Epoch: 106, Steps: 524 | Train Loss: 0.1744926 Vali Loss: 0.1979556 Test Loss: 0.1951948
EarlyStopping counter: 5 out of 20
Updating learning rate to 9.857416917127021e-05
	iters: 100, epoch: 107 | loss: 0.1617451
	speed: 0.3001s/iter; left time: 30474.1104s
	iters: 200, epoch: 107 | loss: 0.1542788
	speed: 0.0839s/iter; left time: 8509.8535s
	iters: 300, epoch: 107 | loss: 0.1824419
	speed: 0.0843s/iter; left time: 8539.8487s
	iters: 400, epoch: 107 | loss: 0.1676908
	speed: 0.0843s/iter; left time: 8533.2669s
	iters: 500, epoch: 107 | loss: 0.1893089
	speed: 0.0840s/iter; left time: 8495.8001s
Epoch: 107 cost time: 44.75629997253418
[2025-05-29 18:23:28] [32mIntermediate result: 0.20168315  (Index 106)[0m
Epoch: 107, Steps: 524 | Train Loss: 0.1735836 Vali Loss: 0.2030860 Test Loss: 0.2016831
EarlyStopping counter: 6 out of 20
Updating learning rate to 9.839138470283465e-05
	iters: 100, epoch: 108 | loss: 0.1814441
	speed: 0.3045s/iter; left time: 30764.1456s
	iters: 200, epoch: 108 | loss: 0.1692212
	speed: 0.0849s/iter; left time: 8574.1872s
	iters: 300, epoch: 108 | loss: 0.1730146
	speed: 0.0847s/iter; left time: 8543.5578s
	iters: 400, epoch: 108 | loss: 0.1721331
	speed: 0.0848s/iter; left time: 8545.7619s
	iters: 500, epoch: 108 | loss: 0.1762971
	speed: 0.0850s/iter; left time: 8549.9688s
Epoch: 108 cost time: 45.1881959438324
[2025-05-29 18:24:34] [32mIntermediate result: 0.1910437  (Index 107)[0m
Epoch: 108, Steps: 524 | Train Loss: 0.1731005 Vali Loss: 0.1945133 Test Loss: 0.1910437
Validation loss decreased (0.194683 --> 0.194513).  Saving model ...
Updating learning rate to 9.819777046246516e-05
	iters: 100, epoch: 109 | loss: 0.1660597
	speed: 0.3145s/iter; left time: 31612.7723s
	iters: 200, epoch: 109 | loss: 0.1975006
	speed: 0.0848s/iter; left time: 8516.4358s
	iters: 300, epoch: 109 | loss: 0.1644967
	speed: 0.0846s/iter; left time: 8488.4866s
	iters: 400, epoch: 109 | loss: 0.1949868
	speed: 0.0847s/iter; left time: 8492.1901s
	iters: 500, epoch: 109 | loss: 0.1769157
	speed: 0.0845s/iter; left time: 8456.6691s
Epoch: 109 cost time: 45.10567879676819
[2025-05-29 18:25:38] [32mIntermediate result: 0.19865087  (Index 108)[0m
Epoch: 109, Steps: 524 | Train Loss: 0.1726644 Vali Loss: 0.2018968 Test Loss: 0.1986509
EarlyStopping counter: 1 out of 20
Updating learning rate to 9.79933697803277e-05
	iters: 100, epoch: 110 | loss: 0.1666366
	speed: 0.3075s/iter; left time: 30742.6892s
	iters: 200, epoch: 110 | loss: 0.1827584
	speed: 0.0843s/iter; left time: 8425.2513s
	iters: 300, epoch: 110 | loss: 0.1927208
	speed: 0.0843s/iter; left time: 8411.7423s
	iters: 400, epoch: 110 | loss: 0.1752043
	speed: 0.0848s/iter; left time: 8452.1627s
	iters: 500, epoch: 110 | loss: 0.1708063
	speed: 0.0846s/iter; left time: 8420.7030s
Epoch: 110 cost time: 44.90942573547363
[2025-05-29 18:26:43] [32mIntermediate result: 0.19766311  (Index 109)[0m
Epoch: 110, Steps: 524 | Train Loss: 0.1726970 Vali Loss: 0.2009244 Test Loss: 0.1976631
EarlyStopping counter: 2 out of 20
Updating learning rate to 9.777822840055495e-05
	iters: 100, epoch: 111 | loss: 0.1834064
	speed: 0.3076s/iter; left time: 30592.0739s
	iters: 200, epoch: 111 | loss: 0.1545031
	speed: 0.0844s/iter; left time: 8383.3307s
	iters: 300, epoch: 111 | loss: 0.1606299
	speed: 0.0844s/iter; left time: 8377.5544s
	iters: 400, epoch: 111 | loss: 0.1809027
	speed: 0.0841s/iter; left time: 8336.2091s
	iters: 500, epoch: 111 | loss: 0.1717196
	speed: 0.0842s/iter; left time: 8341.6597s
Epoch: 111 cost time: 44.85959196090698
[2025-05-29 18:27:47] [32mIntermediate result: 0.18903105  (Index 110)[0m
Epoch: 111, Steps: 524 | Train Loss: 0.1721152 Vali Loss: 0.1916138 Test Loss: 0.1890310
Validation loss decreased (0.194513 --> 0.191614).  Saving model ...
Updating learning rate to 9.755239447100873e-05
	iters: 100, epoch: 112 | loss: 0.1997069
	speed: 0.3051s/iter; left time: 30185.6933s
	iters: 200, epoch: 112 | loss: 0.1778952
	speed: 0.0842s/iter; left time: 8324.1072s
	iters: 300, epoch: 112 | loss: 0.1509833
	speed: 0.0842s/iter; left time: 8317.2775s
	iters: 400, epoch: 112 | loss: 0.1813179
	speed: 0.0844s/iter; left time: 8327.4745s
	iters: 500, epoch: 112 | loss: 0.1570115
	speed: 0.0842s/iter; left time: 8293.8680s
Epoch: 112 cost time: 44.900248289108276
[2025-05-29 18:28:52] [32mIntermediate result: 0.1990802  (Index 111)[0m
Epoch: 112, Steps: 524 | Train Loss: 0.1709380 Vali Loss: 0.2027061 Test Loss: 0.1990802
EarlyStopping counter: 1 out of 20
Updating learning rate to 9.731591853250486e-05
	iters: 100, epoch: 113 | loss: 0.1949700
	speed: 0.3106s/iter; left time: 30562.9407s
	iters: 200, epoch: 113 | loss: 0.1550111
	speed: 0.0843s/iter; left time: 8284.7180s
	iters: 300, epoch: 113 | loss: 0.1776325
	speed: 0.0844s/iter; left time: 8287.5161s
	iters: 400, epoch: 113 | loss: 0.1673699
	speed: 0.0845s/iter; left time: 8286.5946s
	iters: 500, epoch: 113 | loss: 0.1920105
	speed: 0.0847s/iter; left time: 8303.6524s
Epoch: 113 cost time: 44.942497968673706
[2025-05-29 18:29:56] [32mIntermediate result: 0.19180387  (Index 112)[0m
Epoch: 113, Steps: 524 | Train Loss: 0.1706426 Vali Loss: 0.1945789 Test Loss: 0.1918039
EarlyStopping counter: 2 out of 20
Updating learning rate to 9.706885350750217e-05
	iters: 100, epoch: 114 | loss: 0.1643742
	speed: 0.3062s/iter; left time: 29975.8043s
	iters: 200, epoch: 114 | loss: 0.1744768
	speed: 0.0847s/iter; left time: 8280.2360s
	iters: 300, epoch: 114 | loss: 0.1969332
	speed: 0.0842s/iter; left time: 8225.1025s
	iters: 400, epoch: 114 | loss: 0.1553360
	speed: 0.0837s/iter; left time: 8173.0720s
	iters: 500, epoch: 114 | loss: 0.1744302
	speed: 0.0843s/iter; left time: 8221.5922s
Epoch: 114 cost time: 44.81442618370056
[2025-05-29 18:31:01] [32mIntermediate result: 0.19991674  (Index 113)[0m
Epoch: 114, Steps: 524 | Train Loss: 0.1694036 Vali Loss: 0.2001569 Test Loss: 0.1999167
EarlyStopping counter: 3 out of 20
Updating learning rate to 9.681125468825877e-05
	iters: 100, epoch: 115 | loss: 0.1798493
	speed: 0.3074s/iter; left time: 29926.4254s
	iters: 200, epoch: 115 | loss: 0.1803311
	speed: 0.0842s/iter; left time: 8192.1299s
	iters: 300, epoch: 115 | loss: 0.1463497
	speed: 0.0843s/iter; left time: 8192.2304s
	iters: 400, epoch: 115 | loss: 0.1655103
	speed: 0.0844s/iter; left time: 8187.6967s
	iters: 500, epoch: 115 | loss: 0.1951961
	speed: 0.0843s/iter; left time: 8171.0429s
Epoch: 115 cost time: 44.82918190956116
[2025-05-29 18:32:05] [32mIntermediate result: 0.18900892  (Index 114)[0m
Epoch: 115, Steps: 524 | Train Loss: 0.1693443 Vali Loss: 0.1907665 Test Loss: 0.1890089
Validation loss decreased (0.191614 --> 0.190766).  Saving model ...
Updating learning rate to 9.654317972445777e-05
	iters: 100, epoch: 116 | loss: 0.1765788
	speed: 0.3095s/iter; left time: 29972.5038s
	iters: 200, epoch: 116 | loss: 0.1618744
	speed: 0.0843s/iter; left time: 8151.9543s
	iters: 300, epoch: 116 | loss: 0.1500712
	speed: 0.0848s/iter; left time: 8196.0891s
	iters: 400, epoch: 116 | loss: 0.1735510
	speed: 0.0844s/iter; left time: 8145.2144s
	iters: 500, epoch: 116 | loss: 0.1680918
	speed: 0.0846s/iter; left time: 8159.2696s
Epoch: 116 cost time: 44.94228553771973
[2025-05-29 18:33:11] [32mIntermediate result: 0.18683054  (Index 115)[0m
Epoch: 116, Steps: 524 | Train Loss: 0.1691730 Vali Loss: 0.1892887 Test Loss: 0.1868305
Validation loss decreased (0.190766 --> 0.189289).  Saving model ...
Updating learning rate to 9.626468861030545e-05
	iters: 100, epoch: 117 | loss: 0.1744823
	speed: 0.3128s/iter; left time: 30125.9081s
	iters: 200, epoch: 117 | loss: 0.1640464
	speed: 0.0842s/iter; left time: 8099.9088s
	iters: 300, epoch: 117 | loss: 0.1773247
	speed: 0.0842s/iter; left time: 8089.6180s
	iters: 400, epoch: 117 | loss: 0.1717710
	speed: 0.0841s/iter; left time: 8073.5116s
	iters: 500, epoch: 117 | loss: 0.1675982
	speed: 0.0843s/iter; left time: 8083.3398s
Epoch: 117 cost time: 44.793522357940674
[2025-05-29 18:34:14] [32mIntermediate result: 0.18811716  (Index 116)[0m
Epoch: 117, Steps: 524 | Train Loss: 0.1675495 Vali Loss: 0.1895669 Test Loss: 0.1881172
EarlyStopping counter: 1 out of 20
Updating learning rate to 9.59758436711049e-05
	iters: 100, epoch: 118 | loss: 0.1558484
	speed: 0.2981s/iter; left time: 28555.5349s
	iters: 200, epoch: 118 | loss: 0.1545560
	speed: 0.0838s/iter; left time: 8018.5629s
	iters: 300, epoch: 118 | loss: 0.1524515
	speed: 0.0841s/iter; left time: 8038.6238s
	iters: 400, epoch: 118 | loss: 0.1786599
	speed: 0.0838s/iter; left time: 8006.6771s
	iters: 500, epoch: 118 | loss: 0.2093820
	speed: 0.0838s/iter; left time: 7991.2543s
Epoch: 118 cost time: 44.7218382358551
[2025-05-29 18:35:18] [32mIntermediate result: 0.1887427  (Index 117)[0m
Epoch: 118, Steps: 524 | Train Loss: 0.1678033 Vali Loss: 0.1889153 Test Loss: 0.1887427
Validation loss decreased (0.189289 --> 0.188915).  Saving model ...
Updating learning rate to 9.567670954930773e-05
	iters: 100, epoch: 119 | loss: 0.1855496
	speed: 0.3031s/iter; left time: 28878.2273s
	iters: 200, epoch: 119 | loss: 0.1836743
	speed: 0.0845s/iter; left time: 8040.4432s
	iters: 300, epoch: 119 | loss: 0.1661480
	speed: 0.0840s/iter; left time: 7989.8576s
	iters: 400, epoch: 119 | loss: 0.1751101
	speed: 0.0840s/iter; left time: 7977.1522s
	iters: 500, epoch: 119 | loss: 0.1655422
	speed: 0.0838s/iter; left time: 7953.9882s
Epoch: 119 cost time: 44.804282665252686
[2025-05-29 18:36:22] [32mIntermediate result: 0.1878763  (Index 118)[0m
Epoch: 119, Steps: 524 | Train Loss: 0.1674542 Vali Loss: 0.1891940 Test Loss: 0.1878763
EarlyStopping counter: 1 out of 20
Updating learning rate to 9.536735319004737e-05
	iters: 100, epoch: 120 | loss: 0.1942261
	speed: 0.3022s/iter; left time: 28631.9984s
	iters: 200, epoch: 120 | loss: 0.1798332
	speed: 0.0837s/iter; left time: 7925.0299s
	iters: 300, epoch: 120 | loss: 0.1855261
	speed: 0.0842s/iter; left time: 7963.1141s
	iters: 400, epoch: 120 | loss: 0.1941178
	speed: 0.0847s/iter; left time: 8003.4253s
	iters: 500, epoch: 120 | loss: 0.1529360
	speed: 0.0842s/iter; left time: 7942.5145s
Epoch: 120 cost time: 44.73596930503845
[2025-05-29 18:37:26] [32mIntermediate result: 0.19146328  (Index 119)[0m
Epoch: 120, Steps: 524 | Train Loss: 0.1669256 Vali Loss: 0.1931435 Test Loss: 0.1914633
EarlyStopping counter: 2 out of 20
Updating learning rate to 9.504784382615697e-05
	iters: 100, epoch: 121 | loss: 0.1635562
	speed: 0.3021s/iter; left time: 28461.7227s
	iters: 200, epoch: 121 | loss: 0.1470829
	speed: 0.0834s/iter; left time: 7854.1145s
	iters: 300, epoch: 121 | loss: 0.1653703
	speed: 0.0837s/iter; left time: 7866.1691s
	iters: 400, epoch: 121 | loss: 0.1774606
	speed: 0.0844s/iter; left time: 7929.1063s
	iters: 500, epoch: 121 | loss: 0.1698554
	speed: 0.0844s/iter; left time: 7914.6712s
Epoch: 121 cost time: 44.79721927642822
[2025-05-29 18:38:30] [32mIntermediate result: 0.18837802  (Index 120)[0m
Epoch: 121, Steps: 524 | Train Loss: 0.1661371 Vali Loss: 0.1899625 Test Loss: 0.1883780
EarlyStopping counter: 3 out of 20
Updating learning rate to 9.471825296267538e-05
	iters: 100, epoch: 122 | loss: 0.1683504
	speed: 0.3045s/iter; left time: 28528.5681s
	iters: 200, epoch: 122 | loss: 0.1612054
	speed: 0.0846s/iter; left time: 7921.1874s
	iters: 300, epoch: 122 | loss: 0.1395582
	speed: 0.0844s/iter; left time: 7893.8352s
	iters: 400, epoch: 122 | loss: 0.1524935
	speed: 0.0843s/iter; left time: 7870.7966s
	iters: 500, epoch: 122 | loss: 0.1601226
	speed: 0.0844s/iter; left time: 7878.2972s
Epoch: 122 cost time: 44.99144172668457
[2025-05-29 18:39:34] [32mIntermediate result: 0.19355306  (Index 121)[0m
Epoch: 122, Steps: 524 | Train Loss: 0.1660631 Vali Loss: 0.1947946 Test Loss: 0.1935531
EarlyStopping counter: 4 out of 20
Updating learning rate to 9.437865436084456e-05
	iters: 100, epoch: 123 | loss: 0.1613296
	speed: 0.3043s/iter; left time: 28350.8623s
	iters: 200, epoch: 123 | loss: 0.1527685
	speed: 0.0844s/iter; left time: 7851.7320s
	iters: 300, epoch: 123 | loss: 0.1657539
	speed: 0.0842s/iter; left time: 7832.5068s
	iters: 400, epoch: 123 | loss: 0.1702268
	speed: 0.0847s/iter; left time: 7869.1867s
	iters: 500, epoch: 123 | loss: 0.1647821
	speed: 0.0847s/iter; left time: 7855.2359s
Epoch: 123 cost time: 44.96455407142639
[2025-05-29 18:40:39] [32mIntermediate result: 0.1856133  (Index 122)[0m
Epoch: 123, Steps: 524 | Train Loss: 0.1655196 Vali Loss: 0.1862066 Test Loss: 0.1856133
Validation loss decreased (0.188915 --> 0.186207).  Saving model ...
Updating learning rate to 9.402912402160203e-05
	iters: 100, epoch: 124 | loss: 0.1742502
	speed: 0.3127s/iter; left time: 28969.5314s
	iters: 200, epoch: 124 | loss: 0.1489171
	speed: 0.0843s/iter; left time: 7805.4198s
	iters: 300, epoch: 124 | loss: 0.1494776
	speed: 0.0846s/iter; left time: 7817.1141s
	iters: 400, epoch: 124 | loss: 0.1646314
	speed: 0.0845s/iter; left time: 7798.9703s
	iters: 500, epoch: 124 | loss: 0.1811043
	speed: 0.0844s/iter; left time: 7783.2646s
Epoch: 124 cost time: 44.881492376327515
[2025-05-29 18:41:43] [32mIntermediate result: 0.18557905  (Index 123)[0m
Epoch: 124, Steps: 524 | Train Loss: 0.1651003 Vali Loss: 0.1883637 Test Loss: 0.1855790
EarlyStopping counter: 1 out of 20
Updating learning rate to 9.366974016857227e-05
	iters: 100, epoch: 125 | loss: 0.1790181
	speed: 0.3053s/iter; left time: 28128.8625s
	iters: 200, epoch: 125 | loss: 0.1740300
	speed: 0.0846s/iter; left time: 7783.9523s
	iters: 300, epoch: 125 | loss: 0.1627582
	speed: 0.0846s/iter; left time: 7777.9706s
	iters: 400, epoch: 125 | loss: 0.1587708
	speed: 0.0845s/iter; left time: 7761.3948s
	iters: 500, epoch: 125 | loss: 0.1567296
	speed: 0.0848s/iter; left time: 7775.0533s
Epoch: 125 cost time: 45.05627775192261
[2025-05-29 18:42:47] [32mIntermediate result: 0.18858561  (Index 124)[0m
Epoch: 125, Steps: 524 | Train Loss: 0.1640712 Vali Loss: 0.1899198 Test Loss: 0.1885856
EarlyStopping counter: 2 out of 20
Updating learning rate to 9.33005832305604e-05
	iters: 100, epoch: 126 | loss: 0.1557674
	speed: 0.3039s/iter; left time: 27834.0121s
	iters: 200, epoch: 126 | loss: 0.1723720
	speed: 0.0843s/iter; left time: 7711.0005s
	iters: 300, epoch: 126 | loss: 0.1465954
	speed: 0.0844s/iter; left time: 7718.2846s
	iters: 400, epoch: 126 | loss: 0.1599517
	speed: 0.0843s/iter; left time: 7700.0503s
	iters: 500, epoch: 126 | loss: 0.1656909
	speed: 0.0845s/iter; left time: 7709.5176s
Epoch: 126 cost time: 44.93208718299866
[2025-05-29 18:43:52] [32mIntermediate result: 0.18552697  (Index 125)[0m
Epoch: 126, Steps: 524 | Train Loss: 0.1641519 Vali Loss: 0.1865232 Test Loss: 0.1855270
EarlyStopping counter: 3 out of 20
Updating learning rate to 9.292173582355256e-05
	iters: 100, epoch: 127 | loss: 0.1562328
	speed: 0.3067s/iter; left time: 27929.4903s
	iters: 200, epoch: 127 | loss: 0.1545504
	speed: 0.0830s/iter; left time: 7550.7944s
	iters: 300, epoch: 127 | loss: 0.1606166
	speed: 0.0834s/iter; left time: 7575.0816s
	iters: 400, epoch: 127 | loss: 0.1697709
	speed: 0.0833s/iter; left time: 7559.3243s
	iters: 500, epoch: 127 | loss: 0.1567652
	speed: 0.0835s/iter; left time: 7568.2427s
Epoch: 127 cost time: 44.3805046081543
[2025-05-29 18:44:56] [32mIntermediate result: 0.19110696  (Index 126)[0m
Epoch: 127, Steps: 524 | Train Loss: 0.1632533 Vali Loss: 0.1938280 Test Loss: 0.1911070
EarlyStopping counter: 4 out of 20
Updating learning rate to 9.253328273222686e-05
	iters: 100, epoch: 128 | loss: 0.1536868
	speed: 0.3050s/iter; left time: 27617.8377s
	iters: 200, epoch: 128 | loss: 0.1626898
	speed: 0.0839s/iter; left time: 7587.4295s
	iters: 300, epoch: 128 | loss: 0.1672982
	speed: 0.0839s/iter; left time: 7581.4968s
	iters: 400, epoch: 128 | loss: 0.1621904
	speed: 0.0838s/iter; left time: 7564.6447s
	iters: 500, epoch: 128 | loss: 0.1798257
	speed: 0.0840s/iter; left time: 7571.9581s
Epoch: 128 cost time: 44.69411301612854
[2025-05-29 18:46:00] [32mIntermediate result: 0.18845265  (Index 127)[0m
Epoch: 128, Steps: 524 | Train Loss: 0.1632465 Vali Loss: 0.1895358 Test Loss: 0.1884526
EarlyStopping counter: 5 out of 20
Updating learning rate to 9.213531089097873e-05
	iters: 100, epoch: 129 | loss: 0.1544721
	speed: 0.3064s/iter; left time: 27581.4168s
	iters: 200, epoch: 129 | loss: 0.1597053
	speed: 0.0838s/iter; left time: 7536.1086s
	iters: 300, epoch: 129 | loss: 0.1592708
	speed: 0.0841s/iter; left time: 7550.6324s
	iters: 400, epoch: 129 | loss: 0.1636395
	speed: 0.0841s/iter; left time: 7543.1831s
	iters: 500, epoch: 129 | loss: 0.1616087
	speed: 0.0840s/iter; left time: 7528.4929s
Epoch: 129 cost time: 44.69828248023987
[2025-05-29 18:47:04] [32mIntermediate result: 0.18924479  (Index 128)[0m
Epoch: 129, Steps: 524 | Train Loss: 0.1623539 Vali Loss: 0.1916270 Test Loss: 0.1892448
EarlyStopping counter: 6 out of 20
Updating learning rate to 9.17279093644653e-05
	iters: 100, epoch: 130 | loss: 0.1668495
	speed: 0.3054s/iter; left time: 27330.6243s
	iters: 200, epoch: 130 | loss: 0.1653327
	speed: 0.0837s/iter; left time: 7482.6868s
	iters: 300, epoch: 130 | loss: 0.1654361
	speed: 0.0838s/iter; left time: 7482.8295s
	iters: 400, epoch: 130 | loss: 0.1578643
	speed: 0.0840s/iter; left time: 7490.3253s
	iters: 500, epoch: 130 | loss: 0.1728557
	speed: 0.0844s/iter; left time: 7518.9070s
Epoch: 130 cost time: 44.71967101097107
[2025-05-29 18:48:08] [32mIntermediate result: 0.1896535  (Index 129)[0m
Epoch: 130, Steps: 524 | Train Loss: 0.1619372 Vali Loss: 0.1912556 Test Loss: 0.1896535
EarlyStopping counter: 7 out of 20
Updating learning rate to 9.131116932767326e-05
	iters: 100, epoch: 131 | loss: 0.1760909
	speed: 0.3025s/iter; left time: 26919.2961s
	iters: 200, epoch: 131 | loss: 0.1683750
	speed: 0.0839s/iter; left time: 7453.1270s
	iters: 300, epoch: 131 | loss: 0.1550796
	speed: 0.0838s/iter; left time: 7443.6821s
	iters: 400, epoch: 131 | loss: 0.1649396
	speed: 0.0839s/iter; left time: 7438.0749s
	iters: 500, epoch: 131 | loss: 0.1575664
	speed: 0.0838s/iter; left time: 7425.1464s
Epoch: 131 cost time: 44.70413517951965
[2025-05-29 18:49:11] [32mIntermediate result: 0.18412828  (Index 130)[0m
Epoch: 131, Steps: 524 | Train Loss: 0.1619274 Vali Loss: 0.1849797 Test Loss: 0.1841283
Validation loss decreased (0.186207 --> 0.184980).  Saving model ...
Updating learning rate to 9.088518404551397e-05
	iters: 100, epoch: 132 | loss: 0.1606206
	speed: 0.3003s/iter; left time: 26560.6082s
	iters: 200, epoch: 132 | loss: 0.1648209
	speed: 0.0842s/iter; left time: 7439.9822s
	iters: 300, epoch: 132 | loss: 0.1644466
	speed: 0.0838s/iter; left time: 7396.9838s
	iters: 400, epoch: 132 | loss: 0.1709953
	speed: 0.0839s/iter; left time: 7397.3827s
	iters: 500, epoch: 132 | loss: 0.1655927
	speed: 0.0832s/iter; left time: 7324.7520s
Epoch: 132 cost time: 44.63458037376404
[2025-05-29 18:50:15] [32mIntermediate result: 0.182436  (Index 131)[0m
Epoch: 132, Steps: 524 | Train Loss: 0.1611716 Vali Loss: 0.1834077 Test Loss: 0.1824360
Validation loss decreased (0.184980 --> 0.183408).  Saving model ...
Updating learning rate to 9.045004885195131e-05
	iters: 100, epoch: 133 | loss: 0.1649272
	speed: 0.3034s/iter; left time: 26678.5321s
	iters: 200, epoch: 133 | loss: 0.1712226
	speed: 0.0838s/iter; left time: 7363.6480s
	iters: 300, epoch: 133 | loss: 0.1660430
	speed: 0.0838s/iter; left time: 7351.8046s
	iters: 400, epoch: 133 | loss: 0.1428305
	speed: 0.0841s/iter; left time: 7365.6949s
	iters: 500, epoch: 133 | loss: 0.1761955
	speed: 0.0840s/iter; left time: 7350.7112s
Epoch: 133 cost time: 44.741549491882324
[2025-05-29 18:51:19] [32mIntermediate result: 0.18392712  (Index 132)[0m
Epoch: 133, Steps: 524 | Train Loss: 0.1614092 Vali Loss: 0.1852597 Test Loss: 0.1839271
EarlyStopping counter: 1 out of 20
Updating learning rate to 9.000586112866613e-05
	iters: 100, epoch: 134 | loss: 0.1570573
	speed: 0.2964s/iter; left time: 25909.3341s
	iters: 200, epoch: 134 | loss: 0.1647110
	speed: 0.0839s/iter; left time: 7328.4013s
	iters: 300, epoch: 134 | loss: 0.1719746
	speed: 0.0838s/iter; left time: 7305.4254s
	iters: 400, epoch: 134 | loss: 0.1491485
	speed: 0.0836s/iter; left time: 7281.5840s
	iters: 500, epoch: 134 | loss: 0.1701635
	speed: 0.0841s/iter; left time: 7313.4612s
Epoch: 134 cost time: 44.59119153022766
[2025-05-29 18:52:22] [32mIntermediate result: 0.1840352  (Index 133)[0m
Epoch: 134, Steps: 524 | Train Loss: 0.1601401 Vali Loss: 0.1856109 Test Loss: 0.1840352
EarlyStopping counter: 2 out of 20
Updating learning rate to 8.955272028326273e-05
	iters: 100, epoch: 135 | loss: 0.1646451
	speed: 0.3023s/iter; left time: 26261.7672s
	iters: 200, epoch: 135 | loss: 0.1581227
	speed: 0.0840s/iter; left time: 7287.1851s
	iters: 300, epoch: 135 | loss: 0.1612637
	speed: 0.0840s/iter; left time: 7282.4339s
	iters: 400, epoch: 135 | loss: 0.1714166
	speed: 0.0842s/iter; left time: 7288.6031s
	iters: 500, epoch: 135 | loss: 0.1594157
	speed: 0.0843s/iter; left time: 7290.0602s
Epoch: 135 cost time: 44.906129360198975
[2025-05-29 18:53:26] [32mIntermediate result: 0.1854443  (Index 134)[0m
Epoch: 135, Steps: 524 | Train Loss: 0.1601486 Vali Loss: 0.1868897 Test Loss: 0.1854443
EarlyStopping counter: 3 out of 20
Updating learning rate to 8.909072772702169e-05
	iters: 100, epoch: 136 | loss: 0.1536124
	speed: 0.3015s/iter; left time: 26039.4254s
	iters: 200, epoch: 136 | loss: 0.1505764
	speed: 0.0841s/iter; left time: 7252.0855s
	iters: 300, epoch: 136 | loss: 0.1815615
	speed: 0.0838s/iter; left time: 7224.5339s
	iters: 400, epoch: 136 | loss: 0.1680355
	speed: 0.0837s/iter; left time: 7200.6495s
	iters: 500, epoch: 136 | loss: 0.1534328
	speed: 0.0835s/iter; left time: 7181.0752s
Epoch: 136 cost time: 44.756391286849976
[2025-05-29 18:54:30] [32mIntermediate result: 0.19075856  (Index 135)[0m
Epoch: 136, Steps: 524 | Train Loss: 0.1597105 Vali Loss: 0.1931246 Test Loss: 0.1907586
EarlyStopping counter: 4 out of 20
Updating learning rate to 8.861998685220443e-05
	iters: 100, epoch: 137 | loss: 0.1583139
	speed: 0.3014s/iter; left time: 25868.4432s
	iters: 200, epoch: 137 | loss: 0.1663578
	speed: 0.0844s/iter; left time: 7232.5657s
	iters: 300, epoch: 137 | loss: 0.1606601
	speed: 0.0846s/iter; left time: 7242.0461s
	iters: 400, epoch: 137 | loss: 0.1566727
	speed: 0.0842s/iter; left time: 7204.1830s
	iters: 500, epoch: 137 | loss: 0.1666337
	speed: 0.0840s/iter; left time: 7175.0060s
Epoch: 137 cost time: 44.89794635772705
[2025-05-29 18:55:35] [32mIntermediate result: 0.1840235  (Index 136)[0m
Epoch: 137, Steps: 524 | Train Loss: 0.1591590 Vali Loss: 0.1853520 Test Loss: 0.1840235
EarlyStopping counter: 5 out of 20
Updating learning rate to 8.814060300891439e-05
	iters: 100, epoch: 138 | loss: 0.1671555
	speed: 0.3109s/iter; left time: 26527.3374s
	iters: 200, epoch: 138 | loss: 0.1538368
	speed: 0.0830s/iter; left time: 7076.0117s
	iters: 300, epoch: 138 | loss: 0.1735597
	speed: 0.0832s/iter; left time: 7083.2839s
	iters: 400, epoch: 138 | loss: 0.1916217
	speed: 0.0831s/iter; left time: 7067.7760s
	iters: 500, epoch: 138 | loss: 0.1761357
	speed: 0.0832s/iter; left time: 7062.1111s
Epoch: 138 cost time: 44.36396098136902
[2025-05-29 18:56:38] [32mIntermediate result: 0.18179846  (Index 137)[0m
Epoch: 138, Steps: 524 | Train Loss: 0.1586997 Vali Loss: 0.1828200 Test Loss: 0.1817985
Validation loss decreased (0.183408 --> 0.182820).  Saving model ...
Updating learning rate to 8.765268348152007e-05
	iters: 100, epoch: 139 | loss: 0.1378734
	speed: 0.2993s/iter; left time: 25375.1956s
	iters: 200, epoch: 139 | loss: 0.1613491
	speed: 0.0839s/iter; left time: 7107.9816s
	iters: 300, epoch: 139 | loss: 0.1410778
	speed: 0.0836s/iter; left time: 7075.1711s
	iters: 400, epoch: 139 | loss: 0.1420733
	speed: 0.0838s/iter; left time: 7081.9985s
	iters: 500, epoch: 139 | loss: 0.1457272
	speed: 0.0837s/iter; left time: 7062.5882s
Epoch: 139 cost time: 44.65443229675293
[2025-05-29 18:57:42] [32mIntermediate result: 0.18316227  (Index 138)[0m
Epoch: 139, Steps: 524 | Train Loss: 0.1585903 Vali Loss: 0.1852197 Test Loss: 0.1831623
EarlyStopping counter: 1 out of 20
Updating learning rate to 8.715633746464518e-05
	iters: 100, epoch: 140 | loss: 0.1514760
	speed: 0.3082s/iter; left time: 25966.7223s
	iters: 200, epoch: 140 | loss: 0.1725477
	speed: 0.0839s/iter; left time: 7058.6066s
	iters: 300, epoch: 140 | loss: 0.1534676
	speed: 0.0840s/iter; left time: 7058.7092s
	iters: 400, epoch: 140 | loss: 0.1555396
	speed: 0.0839s/iter; left time: 7048.2886s
	iters: 500, epoch: 140 | loss: 0.1753385
	speed: 0.0841s/iter; left time: 7050.1303s
Epoch: 140 cost time: 44.72551369667053
[2025-05-29 18:58:46] [32mIntermediate result: 0.1835121  (Index 139)[0m
Epoch: 140, Steps: 524 | Train Loss: 0.1581657 Vali Loss: 0.1855202 Test Loss: 0.1835121
EarlyStopping counter: 2 out of 20
Updating learning rate to 8.665167603873122e-05
	iters: 100, epoch: 141 | loss: 0.1638136
	speed: 0.3053s/iter; left time: 25569.6895s
	iters: 200, epoch: 141 | loss: 0.1590926
	speed: 0.0839s/iter; left time: 7013.9439s
	iters: 300, epoch: 141 | loss: 0.1579075
	speed: 0.0836s/iter; left time: 6982.2933s
	iters: 400, epoch: 141 | loss: 0.1641407
	speed: 0.0836s/iter; left time: 6977.0340s
	iters: 500, epoch: 141 | loss: 0.1558439
	speed: 0.0840s/iter; left time: 6997.3218s
Epoch: 141 cost time: 44.688891887664795
[2025-05-29 18:59:50] [32mIntermediate result: 0.18074387  (Index 140)[0m
Epoch: 141, Steps: 524 | Train Loss: 0.1571760 Vali Loss: 0.1827194 Test Loss: 0.1807439
Validation loss decreased (0.182820 --> 0.182719).  Saving model ...
Updating learning rate to 8.613881214517818e-05
	iters: 100, epoch: 142 | loss: 0.1642996
	speed: 0.2990s/iter; left time: 24882.9612s
	iters: 200, epoch: 142 | loss: 0.1670516
	speed: 0.0837s/iter; left time: 6958.3370s
	iters: 300, epoch: 142 | loss: 0.1540530
	speed: 0.0840s/iter; left time: 6972.7458s
	iters: 400, epoch: 142 | loss: 0.1424281
	speed: 0.0839s/iter; left time: 6953.0271s
	iters: 500, epoch: 142 | loss: 0.1619114
	speed: 0.0836s/iter; left time: 6926.3825s
Epoch: 142 cost time: 44.640709400177
[2025-05-29 19:00:53] [32mIntermediate result: 0.1830925  (Index 141)[0m
Epoch: 142, Steps: 524 | Train Loss: 0.1578217 Vali Loss: 0.1842516 Test Loss: 0.1830925
EarlyStopping counter: 1 out of 20
Updating learning rate to 8.561786056106859e-05
	iters: 100, epoch: 143 | loss: 0.1555193
	speed: 0.2990s/iter; left time: 24727.2232s
	iters: 200, epoch: 143 | loss: 0.1585810
	speed: 0.0838s/iter; left time: 6918.9017s
	iters: 300, epoch: 143 | loss: 0.1530203
	speed: 0.0837s/iter; left time: 6904.8465s
	iters: 400, epoch: 143 | loss: 0.1581338
	speed: 0.0837s/iter; left time: 6895.3715s
	iters: 500, epoch: 143 | loss: 0.1573231
	speed: 0.0837s/iter; left time: 6888.1002s
Epoch: 143 cost time: 44.62856388092041
[2025-05-29 19:01:57] [32mIntermediate result: 0.18209977  (Index 142)[0m
Epoch: 143, Steps: 524 | Train Loss: 0.1571171 Vali Loss: 0.1839532 Test Loss: 0.1820998
EarlyStopping counter: 2 out of 20
Updating learning rate to 8.508893787348083e-05
	iters: 100, epoch: 144 | loss: 0.1522636
	speed: 0.3097s/iter; left time: 25448.8662s
	iters: 200, epoch: 144 | loss: 0.1583159
	speed: 0.0842s/iter; left time: 6907.3157s
	iters: 300, epoch: 144 | loss: 0.1571771
	speed: 0.0842s/iter; left time: 6900.9663s
	iters: 400, epoch: 144 | loss: 0.1621944
	speed: 0.0842s/iter; left time: 6892.3248s
	iters: 500, epoch: 144 | loss: 0.1608735
	speed: 0.0842s/iter; left time: 6886.2356s
Epoch: 144 cost time: 44.84519934654236
[2025-05-29 19:03:01] [32mIntermediate result: 0.18065767  (Index 143)[0m
Epoch: 144, Steps: 524 | Train Loss: 0.1566018 Vali Loss: 0.1814035 Test Loss: 0.1806577
Validation loss decreased (0.182719 --> 0.181403).  Saving model ...
Updating learning rate to 8.455216245339741e-05
	iters: 100, epoch: 145 | loss: 0.1725542
	speed: 0.2994s/iter; left time: 24442.9523s
	iters: 200, epoch: 145 | loss: 0.1628841
	speed: 0.0837s/iter; left time: 6826.8830s
	iters: 300, epoch: 145 | loss: 0.1466825
	speed: 0.0840s/iter; left time: 6843.4250s
	iters: 400, epoch: 145 | loss: 0.1613502
	speed: 0.0840s/iter; left time: 6828.9366s
	iters: 500, epoch: 145 | loss: 0.1534939
	speed: 0.0838s/iter; left time: 6809.2012s
Epoch: 145 cost time: 44.75398850440979
[2025-05-29 19:04:05] [32mIntermediate result: 0.1814773  (Index 144)[0m
Epoch: 145, Steps: 524 | Train Loss: 0.1563862 Vali Loss: 0.1822114 Test Loss: 0.1814773
EarlyStopping counter: 1 out of 20
Updating learning rate to 8.400765442921391e-05
	iters: 100, epoch: 146 | loss: 0.1482453
	speed: 0.3084s/iter; left time: 25018.1650s
	iters: 200, epoch: 146 | loss: 0.1470150
	speed: 0.0844s/iter; left time: 6837.8122s
	iters: 300, epoch: 146 | loss: 0.1597406
	speed: 0.0840s/iter; left time: 6793.3874s
	iters: 400, epoch: 146 | loss: 0.1760048
	speed: 0.0842s/iter; left time: 6806.7636s
	iters: 500, epoch: 146 | loss: 0.1556615
	speed: 0.0843s/iter; left time: 6802.5600s
Epoch: 146 cost time: 44.930700063705444
[2025-05-29 19:05:09] [32mIntermediate result: 0.18303108  (Index 145)[0m
Epoch: 146, Steps: 524 | Train Loss: 0.1555327 Vali Loss: 0.1851650 Test Loss: 0.1830311
EarlyStopping counter: 2 out of 20
Updating learning rate to 8.345553565985476e-05
	iters: 100, epoch: 147 | loss: 0.1621977
	speed: 0.3018s/iter; left time: 24322.6416s
	iters: 200, epoch: 147 | loss: 0.1513593
	speed: 0.0835s/iter; left time: 6722.7726s
	iters: 300, epoch: 147 | loss: 0.1671777
	speed: 0.0835s/iter; left time: 6709.1341s
	iters: 400, epoch: 147 | loss: 0.1772922
	speed: 0.0835s/iter; left time: 6708.7567s
	iters: 500, epoch: 147 | loss: 0.1459781
	speed: 0.0834s/iter; left time: 6688.7062s
Epoch: 147 cost time: 44.55002570152283
[2025-05-29 19:06:13] [32mIntermediate result: 0.18428388  (Index 146)[0m
Epoch: 147, Steps: 524 | Train Loss: 0.1557588 Vali Loss: 0.1859290 Test Loss: 0.1842839
EarlyStopping counter: 3 out of 20
Updating learning rate to 8.289592970750152e-05
	iters: 100, epoch: 148 | loss: 0.1503089
	speed: 0.3058s/iter; left time: 24482.9221s
	iters: 200, epoch: 148 | loss: 0.1555504
	speed: 0.0835s/iter; left time: 6681.6595s
	iters: 300, epoch: 148 | loss: 0.1543709
	speed: 0.0835s/iter; left time: 6673.3659s
	iters: 400, epoch: 148 | loss: 0.1729461
	speed: 0.0837s/iter; left time: 6675.9408s
	iters: 500, epoch: 148 | loss: 0.1583703
	speed: 0.0839s/iter; left time: 6686.3090s
Epoch: 148 cost time: 44.55266737937927
[2025-05-29 19:07:17] [32mIntermediate result: 0.1823819  (Index 147)[0m
Epoch: 148, Steps: 524 | Train Loss: 0.1554323 Vali Loss: 0.1834994 Test Loss: 0.1823819
EarlyStopping counter: 4 out of 20
Updating learning rate to 8.232896180994029e-05
	iters: 100, epoch: 149 | loss: 0.1501595
	speed: 0.3056s/iter; left time: 24311.5581s
	iters: 200, epoch: 149 | loss: 0.1779372
	speed: 0.0839s/iter; left time: 6662.7605s
	iters: 300, epoch: 149 | loss: 0.1716845
	speed: 0.0840s/iter; left time: 6665.9099s
	iters: 400, epoch: 149 | loss: 0.1600394
	speed: 0.0840s/iter; left time: 6656.9830s
	iters: 500, epoch: 149 | loss: 0.1638453
	speed: 0.0839s/iter; left time: 6640.3628s
Epoch: 149 cost time: 44.67148566246033
[2025-05-29 19:08:21] [32mIntermediate result: 0.18296301  (Index 148)[0m
Epoch: 149, Steps: 524 | Train Loss: 0.1551012 Vali Loss: 0.1840418 Test Loss: 0.1829630
EarlyStopping counter: 5 out of 20
Updating learning rate to 8.175475885253378e-05
	iters: 100, epoch: 150 | loss: 0.1657705
	speed: 0.3011s/iter; left time: 23796.6900s
	iters: 200, epoch: 150 | loss: 0.1596581
	speed: 0.0844s/iter; left time: 6663.7569s
	iters: 300, epoch: 150 | loss: 0.1630401
	speed: 0.0843s/iter; left time: 6642.5734s
	iters: 400, epoch: 150 | loss: 0.1512300
	speed: 0.0840s/iter; left time: 6613.0945s
	iters: 500, epoch: 150 | loss: 0.1492150
	speed: 0.0842s/iter; left time: 6622.0948s
Epoch: 150 cost time: 44.88106155395508
[2025-05-29 19:09:24] [32mIntermediate result: 0.18332674  (Index 149)[0m
Epoch: 150, Steps: 524 | Train Loss: 0.1541338 Vali Loss: 0.1851787 Test Loss: 0.1833267
EarlyStopping counter: 6 out of 20
Updating learning rate to 8.117344933982493e-05
	iters: 100, epoch: 151 | loss: 0.1445421
	speed: 0.2970s/iter; left time: 23313.4051s
	iters: 200, epoch: 151 | loss: 0.1540830
	speed: 0.0837s/iter; left time: 6559.4891s
	iters: 300, epoch: 151 | loss: 0.1731977
	speed: 0.0839s/iter; left time: 6570.8379s
	iters: 400, epoch: 151 | loss: 0.1664958
	speed: 0.0842s/iter; left time: 6581.7320s
	iters: 500, epoch: 151 | loss: 0.1697879
	speed: 0.0841s/iter; left time: 6565.6024s
Epoch: 151 cost time: 44.78526759147644
[2025-05-29 19:10:28] [32mIntermediate result: 0.18137565  (Index 150)[0m
Epoch: 151, Steps: 524 | Train Loss: 0.1536118 Vali Loss: 0.1833081 Test Loss: 0.1813757
EarlyStopping counter: 7 out of 20
Updating learning rate to 8.058516336677803e-05
	iters: 100, epoch: 152 | loss: 0.1559263
	speed: 0.3010s/iter; left time: 23472.7241s
	iters: 200, epoch: 152 | loss: 0.1426056
	speed: 0.0839s/iter; left time: 6534.3758s
	iters: 300, epoch: 152 | loss: 0.1452821
	speed: 0.0840s/iter; left time: 6533.0274s
	iters: 400, epoch: 152 | loss: 0.1522906
	speed: 0.0840s/iter; left time: 6525.3448s
	iters: 500, epoch: 152 | loss: 0.1599958
	speed: 0.0837s/iter; left time: 6492.1396s
Epoch: 152 cost time: 44.65237259864807
[2025-05-29 19:11:31] [32mIntermediate result: 0.18165947  (Index 151)[0m
Epoch: 152, Steps: 524 | Train Loss: 0.1536700 Vali Loss: 0.1840214 Test Loss: 0.1816595
EarlyStopping counter: 8 out of 20
Updating learning rate to 7.999003258966396e-05
	iters: 100, epoch: 153 | loss: 0.1486708
	speed: 0.2971s/iter; left time: 23009.2887s
	iters: 200, epoch: 153 | loss: 0.1474125
	speed: 0.0839s/iter; left time: 6487.0907s
	iters: 300, epoch: 153 | loss: 0.1491889
	speed: 0.0838s/iter; left time: 6473.4519s
	iters: 400, epoch: 153 | loss: 0.1462342
	speed: 0.0839s/iter; left time: 6474.5243s
	iters: 500, epoch: 153 | loss: 0.1536004
	speed: 0.0842s/iter; left time: 6488.2295s
Epoch: 153 cost time: 44.73094201087952
[2025-05-29 19:12:36] [32mIntermediate result: 0.18116727  (Index 152)[0m
Epoch: 153, Steps: 524 | Train Loss: 0.1538664 Vali Loss: 0.1827369 Test Loss: 0.1811673
EarlyStopping counter: 9 out of 20
Updating learning rate to 7.93881901965959e-05
	iters: 100, epoch: 154 | loss: 0.1680548
	speed: 0.3088s/iter; left time: 23758.8483s
	iters: 200, epoch: 154 | loss: 0.1598623
	speed: 0.0840s/iter; left time: 6451.5810s
	iters: 300, epoch: 154 | loss: 0.1697532
	speed: 0.0841s/iter; left time: 6450.0835s
	iters: 400, epoch: 154 | loss: 0.1571687
	speed: 0.0840s/iter; left time: 6438.9698s
	iters: 500, epoch: 154 | loss: 0.1457297
	speed: 0.0839s/iter; left time: 6421.4461s
Epoch: 154 cost time: 44.873764514923096
[2025-05-29 19:13:40] [32mIntermediate result: 0.18143687  (Index 153)[0m
Epoch: 154, Steps: 524 | Train Loss: 0.1533194 Vali Loss: 0.1822104 Test Loss: 0.1814369
EarlyStopping counter: 10 out of 20
Updating learning rate to 7.877977087772245e-05
	iters: 100, epoch: 155 | loss: 0.1580544
	speed: 0.3027s/iter; left time: 23127.8529s
	iters: 200, epoch: 155 | loss: 0.1513743
	speed: 0.0836s/iter; left time: 6377.4497s
	iters: 300, epoch: 155 | loss: 0.1421142
	speed: 0.0837s/iter; left time: 6381.3215s
	iters: 400, epoch: 155 | loss: 0.1772427
	speed: 0.0837s/iter; left time: 6367.6704s
	iters: 500, epoch: 155 | loss: 0.1668392
	speed: 0.0839s/iter; left time: 6375.4123s
Epoch: 155 cost time: 44.68303036689758
[2025-05-29 19:14:44] [32mIntermediate result: 0.18094794  (Index 154)[0m
Epoch: 155, Steps: 524 | Train Loss: 0.1526387 Vali Loss: 0.1817226 Test Loss: 0.1809479
EarlyStopping counter: 11 out of 20
Updating learning rate to 7.816491079508434e-05
	iters: 100, epoch: 156 | loss: 0.1444135
	speed: 0.3047s/iter; left time: 23117.9755s
	iters: 200, epoch: 156 | loss: 0.1485488
	speed: 0.0838s/iter; left time: 6353.0117s
	iters: 300, epoch: 156 | loss: 0.1275911
	speed: 0.0836s/iter; left time: 6329.0304s
	iters: 400, epoch: 156 | loss: 0.1619030
	speed: 0.0839s/iter; left time: 6340.4524s
	iters: 500, epoch: 156 | loss: 0.1675011
	speed: 0.0838s/iter; left time: 6324.0016s
Epoch: 156 cost time: 44.67419171333313
[2025-05-29 19:15:48] [32mIntermediate result: 0.18418244  (Index 155)[0m
Epoch: 156, Steps: 524 | Train Loss: 0.1528448 Vali Loss: 0.1856060 Test Loss: 0.1841824
EarlyStopping counter: 12 out of 20
Updating learning rate to 7.754374755214195e-05
	iters: 100, epoch: 157 | loss: 0.1482452
	speed: 0.3082s/iter; left time: 23227.4970s
	iters: 200, epoch: 157 | loss: 0.1532938
	speed: 0.0840s/iter; left time: 6317.8560s
	iters: 300, epoch: 157 | loss: 0.1515722
	speed: 0.0837s/iter; left time: 6287.3423s
	iters: 400, epoch: 157 | loss: 0.1687974
	speed: 0.0837s/iter; left time: 6283.5412s
	iters: 500, epoch: 157 | loss: 0.1506045
	speed: 0.0835s/iter; left time: 6262.5083s
Epoch: 157 cost time: 44.726296186447144
[2025-05-29 19:16:52] [32mIntermediate result: 0.1902986  (Index 156)[0m
Epoch: 157, Steps: 524 | Train Loss: 0.1522766 Vali Loss: 0.1905009 Test Loss: 0.1902986
EarlyStopping counter: 13 out of 20
Updating learning rate to 7.691642016298009e-05
	iters: 100, epoch: 158 | loss: 0.1339118
	speed: 0.3006s/iter; left time: 22495.5946s
	iters: 200, epoch: 158 | loss: 0.1608306
	speed: 0.0838s/iter; left time: 6264.7449s
	iters: 300, epoch: 158 | loss: 0.1473115
	speed: 0.0837s/iter; left time: 6246.4596s
	iters: 400, epoch: 158 | loss: 0.1599535
	speed: 0.0842s/iter; left time: 6272.2618s
	iters: 500, epoch: 158 | loss: 0.1452293
	speed: 0.0840s/iter; left time: 6249.3825s
Epoch: 158 cost time: 44.68176460266113
[2025-05-29 19:17:55] [32mIntermediate result: 0.179181  (Index 157)[0m
Epoch: 158, Steps: 524 | Train Loss: 0.1514468 Vali Loss: 0.1798541 Test Loss: 0.1791810
Validation loss decreased (0.181403 --> 0.179854).  Saving model ...
Updating learning rate to 7.628306902119719e-05
	iters: 100, epoch: 159 | loss: 0.1655521
	speed: 0.3027s/iter; left time: 22490.3559s
	iters: 200, epoch: 159 | loss: 0.1678997
	speed: 0.0839s/iter; left time: 6225.8199s
	iters: 300, epoch: 159 | loss: 0.1398896
	speed: 0.0839s/iter; left time: 6214.5761s
	iters: 400, epoch: 159 | loss: 0.1471821
	speed: 0.0838s/iter; left time: 6201.0251s
	iters: 500, epoch: 159 | loss: 0.1529757
	speed: 0.0840s/iter; left time: 6211.5512s
Epoch: 159 cost time: 44.782108306884766
[2025-05-29 19:19:00] [32mIntermediate result: 0.17943111  (Index 158)[0m
Epoch: 159, Steps: 524 | Train Loss: 0.1517660 Vali Loss: 0.1802581 Test Loss: 0.1794311
EarlyStopping counter: 1 out of 20
Updating learning rate to 7.56438358684857e-05
	iters: 100, epoch: 160 | loss: 0.1530618
	speed: 0.3102s/iter; left time: 22888.9595s
	iters: 200, epoch: 160 | loss: 0.1416221
	speed: 0.0838s/iter; left time: 6174.3509s
	iters: 300, epoch: 160 | loss: 0.1494020
	speed: 0.0839s/iter; left time: 6171.6419s
	iters: 400, epoch: 160 | loss: 0.1545172
	speed: 0.0838s/iter; left time: 6156.1148s
	iters: 500, epoch: 160 | loss: 0.1711116
	speed: 0.0837s/iter; left time: 6145.9910s
Epoch: 160 cost time: 44.638954877853394
[2025-05-29 19:20:03] [32mIntermediate result: 0.18091524  (Index 159)[0m
Epoch: 160, Steps: 524 | Train Loss: 0.1517106 Vali Loss: 0.1815274 Test Loss: 0.1809152
EarlyStopping counter: 2 out of 20
Updating learning rate to 7.499886376291084e-05
	iters: 100, epoch: 161 | loss: 0.1310576
	speed: 0.3002s/iter; left time: 21990.8969s
	iters: 200, epoch: 161 | loss: 0.1461195
	speed: 0.0839s/iter; left time: 6139.2666s
	iters: 300, epoch: 161 | loss: 0.1548726
	speed: 0.0839s/iter; left time: 6132.3192s
	iters: 400, epoch: 161 | loss: 0.1515857
	speed: 0.0841s/iter; left time: 6133.5125s
	iters: 500, epoch: 161 | loss: 0.1538048
	speed: 0.0839s/iter; left time: 6112.7753s
Epoch: 161 cost time: 44.714433670043945
[2025-05-29 19:21:07] [32mIntermediate result: 0.17837188  (Index 160)[0m
Epoch: 161, Steps: 524 | Train Loss: 0.1508623 Vali Loss: 0.1795618 Test Loss: 0.1783719
Validation loss decreased (0.179854 --> 0.179562).  Saving model ...
Updating learning rate to 7.434829704689465e-05
	iters: 100, epoch: 162 | loss: 0.1522075
	speed: 0.3061s/iter; left time: 22262.9315s
	iters: 200, epoch: 162 | loss: 0.1398907
	speed: 0.0844s/iter; left time: 6133.3524s
	iters: 300, epoch: 162 | loss: 0.1483878
	speed: 0.0844s/iter; left time: 6122.8001s
	iters: 400, epoch: 162 | loss: 0.1350279
	speed: 0.0842s/iter; left time: 6098.6742s
	iters: 500, epoch: 162 | loss: 0.1468815
	speed: 0.0846s/iter; left time: 6119.9339s
Epoch: 162 cost time: 45.08212375640869
[2025-05-29 19:22:12] [32mIntermediate result: 0.18093516  (Index 161)[0m
Epoch: 162, Steps: 524 | Train Loss: 0.1508097 Vali Loss: 0.1816123 Test Loss: 0.1809352
EarlyStopping counter: 1 out of 20
Updating learning rate to 7.36922813149128e-05
	iters: 100, epoch: 163 | loss: 0.1364035
	speed: 0.3056s/iter; left time: 22068.7671s
	iters: 200, epoch: 163 | loss: 0.1492913
	speed: 0.0845s/iter; left time: 6093.0331s
	iters: 300, epoch: 163 | loss: 0.1591095
	speed: 0.0845s/iter; left time: 6085.7101s
	iters: 400, epoch: 163 | loss: 0.1624390
	speed: 0.0843s/iter; left time: 6063.6984s
	iters: 500, epoch: 163 | loss: 0.1536230
	speed: 0.0847s/iter; left time: 6085.9419s
Epoch: 163 cost time: 44.93397307395935
[2025-05-29 19:23:16] [32mIntermediate result: 0.18911895  (Index 162)[0m
Epoch: 163, Steps: 524 | Train Loss: 0.1503862 Vali Loss: 0.1888301 Test Loss: 0.1891190
EarlyStopping counter: 2 out of 20
Updating learning rate to 7.303096338091097e-05
	iters: 100, epoch: 164 | loss: 0.1439008
	speed: 0.3052s/iter; left time: 21881.0325s
	iters: 200, epoch: 164 | loss: 0.1489636
	speed: 0.0844s/iter; left time: 6045.3795s
	iters: 300, epoch: 164 | loss: 0.1444809
	speed: 0.0846s/iter; left time: 6046.6258s
	iters: 400, epoch: 164 | loss: 0.1407725
	speed: 0.0851s/iter; left time: 6073.8006s
	iters: 500, epoch: 164 | loss: 0.1365321
	speed: 0.0848s/iter; left time: 6046.6001s
Epoch: 164 cost time: 44.99333930015564
[2025-05-29 19:24:20] [32mIntermediate result: 0.18022361  (Index 163)[0m
Epoch: 164, Steps: 524 | Train Loss: 0.1503303 Vali Loss: 0.1819348 Test Loss: 0.1802236
EarlyStopping counter: 3 out of 20
Updating learning rate to 7.236449124544844e-05
	iters: 100, epoch: 165 | loss: 0.1389799
	speed: 0.2986s/iter; left time: 21251.8848s
	iters: 200, epoch: 165 | loss: 0.1441022
	speed: 0.0840s/iter; left time: 5969.7893s
	iters: 300, epoch: 165 | loss: 0.1452293
	speed: 0.0839s/iter; left time: 5956.5670s
	iters: 400, epoch: 165 | loss: 0.1522833
	speed: 0.0842s/iter; left time: 5964.4932s
	iters: 500, epoch: 165 | loss: 0.1425148
	speed: 0.0842s/iter; left time: 5956.5739s
Epoch: 165 cost time: 44.72192406654358
[2025-05-29 19:25:24] [32mIntermediate result: 0.18203697  (Index 164)[0m
Epoch: 165, Steps: 524 | Train Loss: 0.1498758 Vali Loss: 0.1838284 Test Loss: 0.1820370
EarlyStopping counter: 4 out of 20
Updating learning rate to 7.169301406257616e-05
	iters: 100, epoch: 166 | loss: 0.1396878
	speed: 0.3029s/iter; left time: 21396.9542s
	iters: 200, epoch: 166 | loss: 0.1483486
	speed: 0.0838s/iter; left time: 5913.0268s
	iters: 300, epoch: 166 | loss: 0.1430023
	speed: 0.0838s/iter; left time: 5903.0214s
	iters: 400, epoch: 166 | loss: 0.1436888
	speed: 0.0841s/iter; left time: 5913.3008s
	iters: 500, epoch: 166 | loss: 0.1594239
	speed: 0.0839s/iter; left time: 5892.9272s
Epoch: 166 cost time: 44.756577014923096
[2025-05-29 19:26:28] [32mIntermediate result: 0.18032886  (Index 165)[0m
Epoch: 166, Steps: 524 | Train Loss: 0.1495712 Vali Loss: 0.1824443 Test Loss: 0.1803289
EarlyStopping counter: 5 out of 20
Updating learning rate to 7.101668210645651e-05
	iters: 100, epoch: 167 | loss: 0.1464166
	speed: 0.3009s/iter; left time: 21101.2663s
	iters: 200, epoch: 167 | loss: 0.1438594
	speed: 0.0839s/iter; left time: 5872.7270s
	iters: 300, epoch: 167 | loss: 0.1574977
	speed: 0.0839s/iter; left time: 5867.1932s
	iters: 400, epoch: 167 | loss: 0.1454133
	speed: 0.0837s/iter; left time: 5842.4539s
	iters: 500, epoch: 167 | loss: 0.1369899
	speed: 0.0840s/iter; left time: 5854.9517s
Epoch: 167 cost time: 44.750516414642334
[2025-05-29 19:27:31] [32mIntermediate result: 0.17922781  (Index 166)[0m
Epoch: 167, Steps: 524 | Train Loss: 0.1489390 Vali Loss: 0.1798178 Test Loss: 0.1792278
EarlyStopping counter: 6 out of 20
Updating learning rate to 7.033564673773259e-05
	iters: 100, epoch: 168 | loss: 0.1407130
	speed: 0.3035s/iter; left time: 21118.3810s
	iters: 200, epoch: 168 | loss: 0.1855681
	speed: 0.0835s/iter; left time: 5799.3241s
	iters: 300, epoch: 168 | loss: 0.1417400
	speed: 0.0840s/iter; left time: 5832.0908s
	iters: 400, epoch: 168 | loss: 0.1369252
	speed: 0.0838s/iter; left time: 5807.8040s
	iters: 500, epoch: 168 | loss: 0.1669088
	speed: 0.0838s/iter; left time: 5795.2811s
Epoch: 168 cost time: 44.7075252532959
[2025-05-29 19:28:35] [32mIntermediate result: 0.18735787  (Index 167)[0m
Epoch: 168, Steps: 524 | Train Loss: 0.1487837 Vali Loss: 0.1882286 Test Loss: 0.1873579
EarlyStopping counter: 7 out of 20
Updating learning rate to 6.965006036965421e-05
	iters: 100, epoch: 169 | loss: 0.1370251
	speed: 0.2996s/iter; left time: 20692.3828s
	iters: 200, epoch: 169 | loss: 0.1394850
	speed: 0.0842s/iter; left time: 5804.8226s
	iters: 300, epoch: 169 | loss: 0.1692210
	speed: 0.0840s/iter; left time: 5787.0349s
	iters: 400, epoch: 169 | loss: 0.1391238
	speed: 0.0839s/iter; left time: 5767.5212s
	iters: 500, epoch: 169 | loss: 0.1374738
	speed: 0.0837s/iter; left time: 5745.6602s
Epoch: 169 cost time: 44.72701621055603
[2025-05-29 19:29:39] [32mIntermediate result: 0.17756195  (Index 168)[0m
Epoch: 169, Steps: 524 | Train Loss: 0.1492421 Vali Loss: 0.1786722 Test Loss: 0.1775620
Validation loss decreased (0.179562 --> 0.178672).  Saving model ...
Updating learning rate to 6.896007643396833e-05
	iters: 100, epoch: 170 | loss: 0.1572627
	speed: 0.3003s/iter; left time: 20583.2104s
	iters: 200, epoch: 170 | loss: 0.1428710
	speed: 0.0836s/iter; left time: 5719.5964s
	iters: 300, epoch: 170 | loss: 0.1456675
	speed: 0.0835s/iter; left time: 5704.9352s
	iters: 400, epoch: 170 | loss: 0.1388853
	speed: 0.0838s/iter; left time: 5715.6928s
	iters: 500, epoch: 170 | loss: 0.1657765
	speed: 0.0835s/iter; left time: 5690.7913s
Epoch: 170 cost time: 44.5877788066864
[2025-05-29 19:30:42] [32mIntermediate result: 0.17802444  (Index 169)[0m
Epoch: 170, Steps: 524 | Train Loss: 0.1487279 Vali Loss: 0.1786741 Test Loss: 0.1780244
EarlyStopping counter: 1 out of 20
Updating learning rate to 6.826584934658166e-05
	iters: 100, epoch: 171 | loss: 0.1397239
	speed: 0.3026s/iter; left time: 20586.1756s
	iters: 200, epoch: 171 | loss: 0.1559532
	speed: 0.0841s/iter; left time: 5714.9476s
	iters: 300, epoch: 171 | loss: 0.1551777
	speed: 0.0840s/iter; left time: 5696.7446s
	iters: 400, epoch: 171 | loss: 0.1537448
	speed: 0.0842s/iter; left time: 5701.5601s
	iters: 500, epoch: 171 | loss: 0.1510860
	speed: 0.0840s/iter; left time: 5678.3281s
Epoch: 171 cost time: 44.789750814437866
[2025-05-29 19:31:46] [32mIntermediate result: 0.17739896  (Index 170)[0m
Epoch: 171, Steps: 524 | Train Loss: 0.1482138 Vali Loss: 0.1788429 Test Loss: 0.1773990
EarlyStopping counter: 2 out of 20
Updating learning rate to 6.756753447300287e-05
	iters: 100, epoch: 172 | loss: 0.1490615
	speed: 0.2995s/iter; left time: 20218.7137s
	iters: 200, epoch: 172 | loss: 0.1379120
	speed: 0.0843s/iter; left time: 5682.2147s
	iters: 300, epoch: 172 | loss: 0.1520380
	speed: 0.0837s/iter; left time: 5634.0817s
	iters: 400, epoch: 172 | loss: 0.1439794
	speed: 0.0842s/iter; left time: 5657.5208s
	iters: 500, epoch: 172 | loss: 0.1668585
	speed: 0.0840s/iter; left time: 5635.1671s
Epoch: 172 cost time: 44.80729866027832
[2025-05-29 19:32:50] [32mIntermediate result: 0.17779537  (Index 171)[0m
Epoch: 172, Steps: 524 | Train Loss: 0.1479934 Vali Loss: 0.1780001 Test Loss: 0.1777954
Validation loss decreased (0.178672 --> 0.178000).  Saving model ...
Updating learning rate to 6.686528809357236e-05
	iters: 100, epoch: 173 | loss: 0.1402666
	speed: 0.3070s/iter; left time: 20560.8322s
	iters: 200, epoch: 173 | loss: 0.1388274
	speed: 0.0838s/iter; left time: 5604.1392s
	iters: 300, epoch: 173 | loss: 0.1566568
	speed: 0.0840s/iter; left time: 5610.5352s
	iters: 400, epoch: 173 | loss: 0.1535502
	speed: 0.0840s/iter; left time: 5603.4994s
	iters: 500, epoch: 173 | loss: 0.1581525
	speed: 0.0835s/iter; left time: 5556.8908s
Epoch: 173 cost time: 44.63838768005371
[2025-05-29 19:33:55] [32mIntermediate result: 0.17863569  (Index 172)[0m
Epoch: 173, Steps: 524 | Train Loss: 0.1473429 Vali Loss: 0.1790452 Test Loss: 0.1786357
EarlyStopping counter: 1 out of 20
Updating learning rate to 6.615926736848736e-05
	iters: 100, epoch: 174 | loss: 0.1571368
	speed: 0.3093s/iter; left time: 20550.8253s
	iters: 200, epoch: 174 | loss: 0.1550996
	speed: 0.0842s/iter; left time: 5583.5244s
	iters: 300, epoch: 174 | loss: 0.1536763
	speed: 0.0841s/iter; left time: 5574.5520s
	iters: 400, epoch: 174 | loss: 0.1281059
	speed: 0.0842s/iter; left time: 5566.7008s
	iters: 500, epoch: 174 | loss: 0.1429690
	speed: 0.0837s/iter; left time: 5530.7110s
Epoch: 174 cost time: 44.81314396858215
[2025-05-29 19:34:59] [32mIntermediate result: 0.1782108  (Index 173)[0m
Epoch: 174, Steps: 524 | Train Loss: 0.1475639 Vali Loss: 0.1801204 Test Loss: 0.1782108
EarlyStopping counter: 2 out of 20
Updating learning rate to 6.544963030262996e-05
	iters: 100, epoch: 175 | loss: 0.1346020
	speed: 0.3069s/iter; left time: 20232.7456s
	iters: 200, epoch: 175 | loss: 0.1550140
	speed: 0.0838s/iter; left time: 5518.1853s
	iters: 300, epoch: 175 | loss: 0.1251949
	speed: 0.0840s/iter; left time: 5524.0148s
	iters: 400, epoch: 175 | loss: 0.1467531
	speed: 0.0839s/iter; left time: 5503.2616s
	iters: 500, epoch: 175 | loss: 0.1379123
	speed: 0.0841s/iter; left time: 5511.7064s
Epoch: 175 cost time: 44.78795886039734
[2025-05-29 19:36:03] [32mIntermediate result: 0.17689605  (Index 174)[0m
Epoch: 175, Steps: 524 | Train Loss: 0.1472829 Vali Loss: 0.1778558 Test Loss: 0.1768961
Validation loss decreased (0.178000 --> 0.177856).  Saving model ...
Updating learning rate to 6.473653571020619e-05
	iters: 100, epoch: 176 | loss: 0.1452022
	speed: 0.3070s/iter; left time: 20078.7373s
	iters: 200, epoch: 176 | loss: 0.1578476
	speed: 0.0837s/iter; left time: 5468.1300s
	iters: 300, epoch: 176 | loss: 0.1392336
	speed: 0.0840s/iter; left time: 5475.3182s
	iters: 400, epoch: 176 | loss: 0.1411331
	speed: 0.0840s/iter; left time: 5467.6310s
	iters: 500, epoch: 176 | loss: 0.1730464
	speed: 0.0837s/iter; left time: 5441.1592s
Epoch: 176 cost time: 44.71482467651367
[2025-05-29 19:37:06] [32mIntermediate result: 0.17900442  (Index 175)[0m
Epoch: 176, Steps: 524 | Train Loss: 0.1470983 Vali Loss: 0.1795460 Test Loss: 0.1790044
EarlyStopping counter: 1 out of 20
Updating learning rate to 6.40201431792041e-05
	iters: 100, epoch: 177 | loss: 0.1415755
	speed: 0.2974s/iter; left time: 19292.5320s
	iters: 200, epoch: 177 | loss: 0.1557669
	speed: 0.0839s/iter; left time: 5435.0962s
	iters: 300, epoch: 177 | loss: 0.1389324
	speed: 0.0841s/iter; left time: 5437.1692s
	iters: 400, epoch: 177 | loss: 0.1376317
	speed: 0.0840s/iter; left time: 5422.1989s
	iters: 500, epoch: 177 | loss: 0.1513592
	speed: 0.0840s/iter; left time: 5417.7383s
Epoch: 177 cost time: 44.799238204956055
[2025-05-29 19:38:10] [32mIntermediate result: 0.17893139  (Index 176)[0m
Epoch: 177, Steps: 524 | Train Loss: 0.1467874 Vali Loss: 0.1795161 Test Loss: 0.1789314
EarlyStopping counter: 2 out of 20
Updating learning rate to 6.330061303567835e-05
	iters: 100, epoch: 178 | loss: 0.1468528
	speed: 0.3000s/iter; left time: 19306.8988s
	iters: 200, epoch: 178 | loss: 0.1337557
	speed: 0.0837s/iter; left time: 5376.7637s
	iters: 300, epoch: 178 | loss: 0.1558603
	speed: 0.0835s/iter; left time: 5356.9393s
	iters: 400, epoch: 178 | loss: 0.1447790
	speed: 0.0839s/iter; left time: 5371.8872s
	iters: 500, epoch: 178 | loss: 0.1424980
	speed: 0.0836s/iter; left time: 5349.5495s
Epoch: 178 cost time: 44.61919116973877
[2025-05-29 19:39:14] [32mIntermediate result: 0.17834981  (Index 177)[0m
Epoch: 178, Steps: 524 | Train Loss: 0.1464295 Vali Loss: 0.1783784 Test Loss: 0.1783498
EarlyStopping counter: 3 out of 20
Updating learning rate to 6.257810630786997e-05
	iters: 100, epoch: 179 | loss: 0.1298925
	speed: 0.3048s/iter; left time: 19453.1310s
	iters: 200, epoch: 179 | loss: 0.1446323
	speed: 0.0839s/iter; left time: 5346.6321s
	iters: 300, epoch: 179 | loss: 0.1327284
	speed: 0.0838s/iter; left time: 5332.1584s
	iters: 400, epoch: 179 | loss: 0.1441544
	speed: 0.0839s/iter; left time: 5330.8299s
	iters: 500, epoch: 179 | loss: 0.1642413
	speed: 0.0839s/iter; left time: 5318.8769s
Epoch: 179 cost time: 44.76017165184021
[2025-05-29 19:40:18] [32mIntermediate result: 0.17655033  (Index 178)[0m
Epoch: 179, Steps: 524 | Train Loss: 0.1467789 Vali Loss: 0.1779783 Test Loss: 0.1765503
EarlyStopping counter: 4 out of 20
Updating learning rate to 6.185278469016882e-05
	iters: 100, epoch: 180 | loss: 0.1386733
	speed: 0.3052s/iter; left time: 19319.1539s
	iters: 200, epoch: 180 | loss: 0.1389740
	speed: 0.0838s/iter; left time: 5296.2176s
	iters: 300, epoch: 180 | loss: 0.1368610
	speed: 0.0834s/iter; left time: 5263.6514s
	iters: 400, epoch: 180 | loss: 0.1482675
	speed: 0.0837s/iter; left time: 5275.2543s
	iters: 500, epoch: 180 | loss: 0.1565925
	speed: 0.0840s/iter; left time: 5281.3845s
Epoch: 180 cost time: 44.685930490493774
[2025-05-29 19:41:22] [32mIntermediate result: 0.17698944  (Index 179)[0m
Epoch: 180, Steps: 524 | Train Loss: 0.1454167 Vali Loss: 0.1787696 Test Loss: 0.1769894
EarlyStopping counter: 5 out of 20
Updating learning rate to 6.112481050692683e-05
	iters: 100, epoch: 181 | loss: 0.1693525
	speed: 0.3079s/iter; left time: 19332.9918s
	iters: 200, epoch: 181 | loss: 0.1400279
	speed: 0.0839s/iter; left time: 5260.8064s
	iters: 300, epoch: 181 | loss: 0.1424741
	speed: 0.0838s/iter; left time: 5243.5808s
	iters: 400, epoch: 181 | loss: 0.1293054
	speed: 0.0837s/iter; left time: 5231.5987s
	iters: 500, epoch: 181 | loss: 0.1507961
	speed: 0.0837s/iter; left time: 5218.3350s
Epoch: 181 cost time: 44.60368299484253
[2025-05-29 19:42:26] [32mIntermediate result: 0.179183  (Index 180)[0m
Epoch: 181, Steps: 524 | Train Loss: 0.1459023 Vali Loss: 0.1808728 Test Loss: 0.1791830
EarlyStopping counter: 6 out of 20
Updating learning rate to 6.0394346676130557e-05
	iters: 100, epoch: 182 | loss: 0.1458090
	speed: 0.3032s/iter; left time: 18873.9906s
	iters: 200, epoch: 182 | loss: 0.1686448
	speed: 0.0838s/iter; left time: 5211.2164s
	iters: 300, epoch: 182 | loss: 0.1399606
	speed: 0.0840s/iter; left time: 5215.6312s
	iters: 400, epoch: 182 | loss: 0.1443011
	speed: 0.0843s/iter; left time: 5220.5083s
	iters: 500, epoch: 182 | loss: 0.1393837
	speed: 0.0842s/iter; left time: 5208.4235s
Epoch: 182 cost time: 44.841800928115845
[2025-05-29 19:43:30] [32mIntermediate result: 0.17753378  (Index 181)[0m
Epoch: 182, Steps: 524 | Train Loss: 0.1456533 Vali Loss: 0.1785070 Test Loss: 0.1775338
EarlyStopping counter: 7 out of 20
Updating learning rate to 5.9661556672940664e-05
	iters: 100, epoch: 183 | loss: 0.1658025
	speed: 0.3047s/iter; left time: 18809.1494s
	iters: 200, epoch: 183 | loss: 0.1399509
	speed: 0.0839s/iter; left time: 5173.9318s
	iters: 300, epoch: 183 | loss: 0.1585887
	speed: 0.0835s/iter; left time: 5140.7138s
	iters: 400, epoch: 183 | loss: 0.1497062
	speed: 0.0839s/iter; left time: 5151.7410s
	iters: 500, epoch: 183 | loss: 0.1289850
	speed: 0.0840s/iter; left time: 5150.4558s
Epoch: 183 cost time: 44.765825271606445
[2025-05-29 19:44:34] [32mIntermediate result: 0.17669511  (Index 182)[0m
Epoch: 183, Steps: 524 | Train Loss: 0.1456659 Vali Loss: 0.1789680 Test Loss: 0.1766951
EarlyStopping counter: 8 out of 20
Updating learning rate to 5.892660449310678e-05
	iters: 100, epoch: 184 | loss: 0.1249938
	speed: 0.3048s/iter; left time: 18656.9649s
	iters: 200, epoch: 184 | loss: 0.1594645
	speed: 0.0842s/iter; left time: 5147.2225s
	iters: 300, epoch: 184 | loss: 0.1319152
	speed: 0.0835s/iter; left time: 5093.7134s
	iters: 400, epoch: 184 | loss: 0.1378275
	speed: 0.0838s/iter; left time: 5102.1447s
	iters: 500, epoch: 184 | loss: 0.1469146
	speed: 0.0838s/iter; left time: 5096.0236s
Epoch: 184 cost time: 44.65044021606445
[2025-05-29 19:45:38] [32mIntermediate result: 0.17598683  (Index 183)[0m
Epoch: 184, Steps: 524 | Train Loss: 0.1452298 Vali Loss: 0.1760331 Test Loss: 0.1759868
Validation loss decreased (0.177856 --> 0.176033).  Saving model ...
Updating learning rate to 5.8189654616265784e-05
	iters: 100, epoch: 185 | loss: 0.1427813
	speed: 0.3015s/iter; left time: 18298.9163s
	iters: 200, epoch: 185 | loss: 0.1563350
	speed: 0.0840s/iter; left time: 5086.7935s
	iters: 300, epoch: 185 | loss: 0.1440242
	speed: 0.0840s/iter; left time: 5083.2128s
	iters: 400, epoch: 185 | loss: 0.1508140
	speed: 0.0839s/iter; left time: 5064.4141s
	iters: 500, epoch: 185 | loss: 0.1454024
	speed: 0.0836s/iter; left time: 5039.0116s
Epoch: 185 cost time: 44.707117557525635
[2025-05-29 19:46:42] [32mIntermediate result: 0.17812979  (Index 184)[0m
Epoch: 185, Steps: 524 | Train Loss: 0.1451515 Vali Loss: 0.1788303 Test Loss: 0.1781298
EarlyStopping counter: 1 out of 20
Updating learning rate to 5.7450871969131964e-05
	iters: 100, epoch: 186 | loss: 0.1296213
	speed: 0.2998s/iter; left time: 18036.7586s
	iters: 200, epoch: 186 | loss: 0.1352941
	speed: 0.0838s/iter; left time: 5030.6664s
	iters: 300, epoch: 186 | loss: 0.1360238
	speed: 0.0837s/iter; left time: 5020.9485s
	iters: 400, epoch: 186 | loss: 0.1408467
	speed: 0.0838s/iter; left time: 5018.4717s
	iters: 500, epoch: 186 | loss: 0.1689626
	speed: 0.0838s/iter; left time: 5005.3525s
Epoch: 186 cost time: 44.63584923744202
[2025-05-29 19:47:45] [32mIntermediate result: 0.17548048  (Index 185)[0m
Epoch: 186, Steps: 524 | Train Loss: 0.1450520 Vali Loss: 0.1759483 Test Loss: 0.1754805
Validation loss decreased (0.176033 --> 0.175948).  Saving model ...
Updating learning rate to 5.671042188858698e-05
	iters: 100, epoch: 187 | loss: 0.1412871
	speed: 0.3005s/iter; left time: 17918.6246s
	iters: 200, epoch: 187 | loss: 0.1265077
	speed: 0.0838s/iter; left time: 4986.9196s
	iters: 300, epoch: 187 | loss: 0.1396719
	speed: 0.0838s/iter; left time: 4983.3612s
	iters: 400, epoch: 187 | loss: 0.1508549
	speed: 0.0839s/iter; left time: 4979.0181s
	iters: 500, epoch: 187 | loss: 0.1529965
	speed: 0.0838s/iter; left time: 4965.7110s
Epoch: 187 cost time: 44.712764739990234
[2025-05-29 19:48:48] [32mIntermediate result: 0.17661914  (Index 186)[0m
Epoch: 187, Steps: 524 | Train Loss: 0.1438761 Vali Loss: 0.1765639 Test Loss: 0.1766191
EarlyStopping counter: 1 out of 20
Updating learning rate to 5.5968470084677995e-05
	iters: 100, epoch: 188 | loss: 0.1508280
	speed: 0.2988s/iter; left time: 17664.5142s
	iters: 200, epoch: 188 | loss: 0.1400979
	speed: 0.0845s/iter; left time: 4984.6348s
	iters: 300, epoch: 188 | loss: 0.1423152
	speed: 0.0839s/iter; left time: 4942.1605s
	iters: 400, epoch: 188 | loss: 0.1501910
	speed: 0.0842s/iter; left time: 4951.8550s
	iters: 500, epoch: 188 | loss: 0.1497627
	speed: 0.0843s/iter; left time: 4946.5888s
Epoch: 188 cost time: 44.9559862613678
[2025-05-29 19:49:53] [32mIntermediate result: 0.1763693  (Index 187)[0m
Epoch: 188, Steps: 524 | Train Loss: 0.1442696 Vali Loss: 0.1764588 Test Loss: 0.1763693
EarlyStopping counter: 2 out of 20
Updating learning rate to 5.5225182603532454e-05
	iters: 100, epoch: 189 | loss: 0.1447835
	speed: 0.3058s/iter; left time: 17916.4117s
	iters: 200, epoch: 189 | loss: 0.1430524
	speed: 0.0849s/iter; left time: 4966.0056s
	iters: 300, epoch: 189 | loss: 0.1412625
	speed: 0.0849s/iter; left time: 4955.5568s
	iters: 400, epoch: 189 | loss: 0.1447540
	speed: 0.0847s/iter; left time: 4936.9676s
	iters: 500, epoch: 189 | loss: 0.1509038
	speed: 0.0847s/iter; left time: 4929.8185s
Epoch: 189 cost time: 45.10478448867798
[2025-05-29 19:50:58] [32mIntermediate result: 0.17916402  (Index 188)[0m
Epoch: 189, Steps: 524 | Train Loss: 0.1441285 Vali Loss: 0.1800126 Test Loss: 0.1791640
EarlyStopping counter: 3 out of 20
Updating learning rate to 5.448072579019754e-05
	iters: 100, epoch: 190 | loss: 0.1379990
	speed: 0.3082s/iter; left time: 17898.3321s
	iters: 200, epoch: 190 | loss: 0.1492058
	speed: 0.0843s/iter; left time: 4886.3093s
	iters: 300, epoch: 190 | loss: 0.1366177
	speed: 0.0833s/iter; left time: 4822.5884s
	iters: 400, epoch: 190 | loss: 0.1353075
	speed: 0.0835s/iter; left time: 4826.1851s
	iters: 500, epoch: 190 | loss: 0.1516076
	speed: 0.0836s/iter; left time: 4819.0579s
Epoch: 190 cost time: 44.611148834228516
[2025-05-29 19:52:01] [32mIntermediate result: 0.17553496  (Index 189)[0m
Epoch: 190, Steps: 524 | Train Loss: 0.1435871 Vali Loss: 0.1765434 Test Loss: 0.1755350
EarlyStopping counter: 4 out of 20
Updating learning rate to 5.373526625141275e-05
	iters: 100, epoch: 191 | loss: 0.1477764
	speed: 0.3015s/iter; left time: 17345.9195s
	iters: 200, epoch: 191 | loss: 0.1421380
	speed: 0.0838s/iter; left time: 4812.7129s
	iters: 300, epoch: 191 | loss: 0.1463987
	speed: 0.0841s/iter; left time: 4823.1146s
	iters: 400, epoch: 191 | loss: 0.1273143
	speed: 0.0842s/iter; left time: 4817.0144s
	iters: 500, epoch: 191 | loss: 0.1352370
	speed: 0.0841s/iter; left time: 4802.7696s
Epoch: 191 cost time: 44.807353019714355
[2025-05-29 19:53:05] [32mIntermediate result: 0.17681588  (Index 190)[0m
Epoch: 191, Steps: 524 | Train Loss: 0.1434437 Vali Loss: 0.1776278 Test Loss: 0.1768159
EarlyStopping counter: 5 out of 20
Updating learning rate to 5.2988970818323845e-05
	iters: 100, epoch: 192 | loss: 0.1402496
	speed: 0.3078s/iter; left time: 17549.2441s
	iters: 200, epoch: 192 | loss: 0.1433399
	speed: 0.0843s/iter; left time: 4796.2419s
	iters: 300, epoch: 192 | loss: 0.1458511
	speed: 0.0842s/iter; left time: 4784.7151s
	iters: 400, epoch: 192 | loss: 0.1297335
	speed: 0.0841s/iter; left time: 4770.7058s
	iters: 500, epoch: 192 | loss: 0.1511582
	speed: 0.0843s/iter; left time: 4770.0625s
Epoch: 192 cost time: 44.869831800460815
[2025-05-29 19:54:10] [32mIntermediate result: 0.17451482  (Index 191)[0m
Epoch: 192, Steps: 524 | Train Loss: 0.1434193 Vali Loss: 0.1747838 Test Loss: 0.1745148
Validation loss decreased (0.175948 --> 0.174784).  Saving model ...
Updating learning rate to 5.2242006509146804e-05
	iters: 100, epoch: 193 | loss: 0.1512588
	speed: 0.3033s/iter; left time: 17133.5614s
	iters: 200, epoch: 193 | loss: 0.1413691
	speed: 0.0835s/iter; left time: 4710.2611s
	iters: 300, epoch: 193 | loss: 0.1526495
	speed: 0.0837s/iter; left time: 4708.9801s
	iters: 400, epoch: 193 | loss: 0.1524391
	speed: 0.0837s/iter; left time: 4702.3309s
	iters: 500, epoch: 193 | loss: 0.1498923
	speed: 0.0837s/iter; left time: 4697.3878s
Epoch: 193 cost time: 44.580013275146484
[2025-05-29 19:55:14] [32mIntermediate result: 0.17725241  (Index 192)[0m
Epoch: 193, Steps: 524 | Train Loss: 0.1431038 Vali Loss: 0.1780083 Test Loss: 0.1772524
EarlyStopping counter: 1 out of 20
Updating learning rate to 5.149454049178958e-05
	iters: 100, epoch: 194 | loss: 0.1237450
	speed: 0.3091s/iter; left time: 17301.6054s
	iters: 200, epoch: 194 | loss: 0.1326835
	speed: 0.0840s/iter; left time: 4691.1210s
	iters: 300, epoch: 194 | loss: 0.1418455
	speed: 0.0839s/iter; left time: 4681.3871s
	iters: 400, epoch: 194 | loss: 0.1422651
	speed: 0.0841s/iter; left time: 4679.2790s
	iters: 500, epoch: 194 | loss: 0.1247775
	speed: 0.0840s/iter; left time: 4666.6704s
Epoch: 194 cost time: 44.75990915298462
[2025-05-29 19:56:18] [32mIntermediate result: 0.1761208  (Index 193)[0m
Epoch: 194, Steps: 524 | Train Loss: 0.1430410 Vali Loss: 0.1772872 Test Loss: 0.1761208
EarlyStopping counter: 2 out of 20
Updating learning rate to 5.074674004644062e-05
	iters: 100, epoch: 195 | loss: 0.1386189
	speed: 0.3011s/iter; left time: 16697.2243s
	iters: 200, epoch: 195 | loss: 0.1355383
	speed: 0.0843s/iter; left time: 4666.5752s
	iters: 300, epoch: 195 | loss: 0.1440514
	speed: 0.0841s/iter; left time: 4646.4536s
	iters: 400, epoch: 195 | loss: 0.1463525
	speed: 0.0840s/iter; left time: 4629.5090s
	iters: 500, epoch: 195 | loss: 0.1330781
	speed: 0.0841s/iter; left time: 4631.4809s
Epoch: 195 cost time: 44.814167499542236
[2025-05-29 19:57:22] [32mIntermediate result: 0.17706567  (Index 194)[0m
Epoch: 195, Steps: 524 | Train Loss: 0.1428076 Vali Loss: 0.1775372 Test Loss: 0.1770657
EarlyStopping counter: 3 out of 20
Updating learning rate to 4.999877252813214e-05
	iters: 100, epoch: 196 | loss: 0.1319946
	speed: 0.3025s/iter; left time: 16612.1397s
	iters: 200, epoch: 196 | loss: 0.1333874
	speed: 0.0837s/iter; left time: 4589.8410s
	iters: 300, epoch: 196 | loss: 0.1334714
	speed: 0.0839s/iter; left time: 4590.0154s
	iters: 400, epoch: 196 | loss: 0.1537803
	speed: 0.0835s/iter; left time: 4562.6248s
	iters: 500, epoch: 196 | loss: 0.1368773
	speed: 0.0837s/iter; left time: 4564.2773s
Epoch: 196 cost time: 44.589390993118286
[2025-05-29 19:58:25] [32mIntermediate result: 0.17651233  (Index 195)[0m
Epoch: 196, Steps: 524 | Train Loss: 0.1423737 Vali Loss: 0.1767006 Test Loss: 0.1765123
EarlyStopping counter: 4 out of 20
Updating learning rate to 4.9250805329286714e-05
	iters: 100, epoch: 197 | loss: 0.1362469
	speed: 0.3006s/iter; left time: 16353.7724s
	iters: 200, epoch: 197 | loss: 0.1421567
	speed: 0.0846s/iter; left time: 4594.8148s
	iters: 300, epoch: 197 | loss: 0.1476298
	speed: 0.0844s/iter; left time: 4571.6411s
	iters: 400, epoch: 197 | loss: 0.1364570
	speed: 0.0845s/iter; left time: 4570.3164s
	iters: 500, epoch: 197 | loss: 0.1411856
	speed: 0.0845s/iter; left time: 4565.2681s
Epoch: 197 cost time: 45.003456354141235
[2025-05-29 19:59:30] [32mIntermediate result: 0.17773698  (Index 196)[0m
Epoch: 197, Steps: 524 | Train Loss: 0.1425209 Vali Loss: 0.1777195 Test Loss: 0.1777370
EarlyStopping counter: 5 out of 20
Updating learning rate to 4.8503005842255356e-05
	iters: 100, epoch: 198 | loss: 0.1393031
	speed: 0.3095s/iter; left time: 16674.9263s
	iters: 200, epoch: 198 | loss: 0.1400076
	speed: 0.0847s/iter; left time: 4553.3313s
	iters: 300, epoch: 198 | loss: 0.1494591
	speed: 0.0847s/iter; left time: 4543.7566s
	iters: 400, epoch: 198 | loss: 0.1375620
	speed: 0.0846s/iter; left time: 4533.3651s
	iters: 500, epoch: 198 | loss: 0.1461818
	speed: 0.0849s/iter; left time: 4541.8575s
Epoch: 198 cost time: 45.13516163825989
[2025-05-29 20:00:34] [32mIntermediate result: 0.17732774  (Index 197)[0m
Epoch: 198, Steps: 524 | Train Loss: 0.1418716 Vali Loss: 0.1774485 Test Loss: 0.1773277
EarlyStopping counter: 6 out of 20
Updating learning rate to 4.7755541421855855e-05
	iters: 100, epoch: 199 | loss: 0.1430240
	speed: 0.3003s/iter; left time: 16018.2986s
	iters: 200, epoch: 199 | loss: 0.1243137
	speed: 0.0840s/iter; left time: 4472.6967s
	iters: 300, epoch: 199 | loss: 0.1360733
	speed: 0.0838s/iter; left time: 4455.4972s
	iters: 400, epoch: 199 | loss: 0.1378545
	speed: 0.0840s/iter; left time: 4457.0242s
	iters: 500, epoch: 199 | loss: 0.1264770
	speed: 0.0838s/iter; left time: 4438.5895s
Epoch: 199 cost time: 44.629807472229004
[2025-05-29 20:01:37] [32mIntermediate result: 0.17655632  (Index 198)[0m
Epoch: 199, Steps: 524 | Train Loss: 0.1420886 Vali Loss: 0.1779471 Test Loss: 0.1765563
EarlyStopping counter: 7 out of 20
Updating learning rate to 4.700857934791924e-05
	iters: 100, epoch: 200 | loss: 0.1464238
	speed: 0.2988s/iter; left time: 15783.4981s
	iters: 200, epoch: 200 | loss: 0.1498617
	speed: 0.0837s/iter; left time: 4412.4164s
	iters: 300, epoch: 200 | loss: 0.1610071
	speed: 0.0838s/iter; left time: 4412.0130s
	iters: 400, epoch: 200 | loss: 0.1418584
	speed: 0.0839s/iter; left time: 4406.4471s
	iters: 500, epoch: 200 | loss: 0.1466724
	speed: 0.0838s/iter; left time: 4393.7704s
Epoch: 200 cost time: 44.64563870429993
[2025-05-29 20:02:42] [32mIntermediate result: 0.1760848  (Index 199)[0m
Epoch: 200, Steps: 524 | Train Loss: 0.1416614 Vali Loss: 0.1766758 Test Loss: 0.1760848
EarlyStopping counter: 8 out of 20
Updating learning rate to 4.626228678785327e-05
	iters: 100, epoch: 201 | loss: 0.1432956
	speed: 0.3098s/iter; left time: 16200.4452s
	iters: 200, epoch: 201 | loss: 0.1570231
	speed: 0.0837s/iter; left time: 4368.1845s
	iters: 300, epoch: 201 | loss: 0.1399638
	speed: 0.0839s/iter; left time: 4369.4293s
	iters: 400, epoch: 201 | loss: 0.1348439
	speed: 0.0840s/iter; left time: 4366.7934s
	iters: 500, epoch: 201 | loss: 0.1483096
	speed: 0.0840s/iter; left time: 4358.4178s
Epoch: 201 cost time: 44.689701557159424
[2025-05-29 20:03:46] [32mIntermediate result: 0.17483687  (Index 200)[0m
Epoch: 201, Steps: 524 | Train Loss: 0.1418524 Vali Loss: 0.1750277 Test Loss: 0.1748369
EarlyStopping counter: 9 out of 20
Updating learning rate to 4.551683075923088e-05
	iters: 100, epoch: 202 | loss: 0.1502506
	speed: 0.3072s/iter; left time: 15905.4082s
	iters: 200, epoch: 202 | loss: 0.1501820
	speed: 0.0838s/iter; left time: 4331.4210s
	iters: 300, epoch: 202 | loss: 0.1540729
	speed: 0.0839s/iter; left time: 4326.6851s
	iters: 400, epoch: 202 | loss: 0.1384852
	speed: 0.0836s/iter; left time: 4305.6760s
	iters: 500, epoch: 202 | loss: 0.1398249
	speed: 0.0838s/iter; left time: 4304.9043s
Epoch: 202 cost time: 44.6710741519928
[2025-05-29 20:04:50] [32mIntermediate result: 0.17506275  (Index 201)[0m
Epoch: 202, Steps: 524 | Train Loss: 0.1413226 Vali Loss: 0.1751895 Test Loss: 0.1750627
EarlyStopping counter: 10 out of 20
Updating learning rate to 4.477237809241233e-05
	iters: 100, epoch: 203 | loss: 0.1550506
	speed: 0.3072s/iter; left time: 15744.8231s
	iters: 200, epoch: 203 | loss: 0.1287492
	speed: 0.0837s/iter; left time: 4280.0661s
	iters: 300, epoch: 203 | loss: 0.1442919
	speed: 0.0839s/iter; left time: 4285.2826s
	iters: 400, epoch: 203 | loss: 0.1415478
	speed: 0.0838s/iter; left time: 4271.1001s
	iters: 500, epoch: 203 | loss: 0.1411911
	speed: 0.0838s/iter; left time: 4262.9478s
Epoch: 203 cost time: 44.64189577102661
[2025-05-29 20:05:54] [32mIntermediate result: 0.17744097  (Index 202)[0m
Epoch: 203, Steps: 524 | Train Loss: 0.1413638 Vali Loss: 0.1778126 Test Loss: 0.1774410
EarlyStopping counter: 11 out of 20
Updating learning rate to 4.402909539320912e-05
	iters: 100, epoch: 204 | loss: 0.1240107
	speed: 0.2999s/iter; left time: 15212.8251s
	iters: 200, epoch: 204 | loss: 0.1359589
	speed: 0.0841s/iter; left time: 4259.7538s
	iters: 300, epoch: 204 | loss: 0.1466478
	speed: 0.0842s/iter; left time: 4254.7000s
	iters: 400, epoch: 204 | loss: 0.1366993
	speed: 0.0843s/iter; left time: 4249.8862s
	iters: 500, epoch: 204 | loss: 0.1515890
	speed: 0.0844s/iter; left time: 4248.2708s
Epoch: 204 cost time: 44.9873309135437
[2025-05-29 20:06:58] [32mIntermediate result: 0.17560221  (Index 203)[0m
Epoch: 204, Steps: 524 | Train Loss: 0.1409076 Vali Loss: 0.1766556 Test Loss: 0.1756022
EarlyStopping counter: 12 out of 20
Updating learning rate to 4.328714900559825e-05
	iters: 100, epoch: 205 | loss: 0.1384278
	speed: 0.3027s/iter; left time: 15197.2590s
	iters: 200, epoch: 205 | loss: 0.1351724
	speed: 0.0843s/iter; left time: 4226.0363s
	iters: 300, epoch: 205 | loss: 0.1490071
	speed: 0.0843s/iter; left time: 4215.7017s
	iters: 400, epoch: 205 | loss: 0.1430604
	speed: 0.0841s/iter; left time: 4196.5040s
	iters: 500, epoch: 205 | loss: 0.1367607
	speed: 0.0842s/iter; left time: 4193.1403s
Epoch: 205 cost time: 44.92628192901611
[2025-05-29 20:08:03] [32mIntermediate result: 0.17804578  (Index 204)[0m
Epoch: 205, Steps: 524 | Train Loss: 0.1410570 Vali Loss: 0.1778971 Test Loss: 0.1780458
EarlyStopping counter: 13 out of 20
Updating learning rate to 4.254670497449502e-05
	iters: 100, epoch: 206 | loss: 0.1243572
	speed: 0.3111s/iter; left time: 15457.5273s
	iters: 200, epoch: 206 | loss: 0.1405707
	speed: 0.0839s/iter; left time: 4159.8638s
	iters: 300, epoch: 206 | loss: 0.1637487
	speed: 0.0837s/iter; left time: 4143.9641s
	iters: 400, epoch: 206 | loss: 0.1205975
	speed: 0.0840s/iter; left time: 4148.1392s
	iters: 500, epoch: 206 | loss: 0.1323257
	speed: 0.0841s/iter; left time: 4144.4293s
Epoch: 206 cost time: 44.72903633117676
[2025-05-29 20:09:07] [32mIntermediate result: 0.17398578  (Index 205)[0m
Epoch: 206, Steps: 524 | Train Loss: 0.1405910 Vali Loss: 0.1749426 Test Loss: 0.1739858
EarlyStopping counter: 14 out of 20
Updating learning rate to 4.1807929008592745e-05
	iters: 100, epoch: 207 | loss: 0.1780117
	speed: 0.3057s/iter; left time: 15025.2209s
	iters: 200, epoch: 207 | loss: 0.1324622
	speed: 0.0841s/iter; left time: 4126.2160s
	iters: 300, epoch: 207 | loss: 0.1487874
	speed: 0.0842s/iter; left time: 4120.3781s
	iters: 400, epoch: 207 | loss: 0.1523271
	speed: 0.0839s/iter; left time: 4100.7539s
	iters: 500, epoch: 207 | loss: 0.1446680
	speed: 0.0841s/iter; left time: 4099.3120s
Epoch: 207 cost time: 44.84049105644226
[2025-05-29 20:10:10] [32mIntermediate result: 0.17523512  (Index 206)[0m
Epoch: 207, Steps: 524 | Train Loss: 0.1403782 Vali Loss: 0.1764766 Test Loss: 0.1752351
EarlyStopping counter: 15 out of 20
Updating learning rate to 4.107098644327787e-05
	iters: 100, epoch: 208 | loss: 0.1503705
	speed: 0.3013s/iter; left time: 14655.1472s
	iters: 200, epoch: 208 | loss: 0.1364451
	speed: 0.0842s/iter; left time: 4084.8775s
	iters: 300, epoch: 208 | loss: 0.1486019
	speed: 0.0840s/iter; left time: 4069.8732s
	iters: 400, epoch: 208 | loss: 0.1333307
	speed: 0.0838s/iter; left time: 4049.8840s
	iters: 500, epoch: 208 | loss: 0.1396504
	speed: 0.0840s/iter; left time: 4053.5675s
Epoch: 208 cost time: 44.72685170173645
[2025-05-29 20:11:14] [32mIntermediate result: 0.17733791  (Index 207)[0m
Epoch: 208, Steps: 524 | Train Loss: 0.1401059 Vali Loss: 0.1784548 Test Loss: 0.1773379
EarlyStopping counter: 16 out of 20
Updating learning rate to 4.033604220362834e-05
	iters: 100, epoch: 209 | loss: 0.1571847
	speed: 0.3027s/iter; left time: 14560.9454s
	iters: 200, epoch: 209 | loss: 0.1488827
	speed: 0.0838s/iter; left time: 4021.6912s
	iters: 300, epoch: 209 | loss: 0.1483963
	speed: 0.0836s/iter; left time: 4005.3134s
	iters: 400, epoch: 209 | loss: 0.1388310
	speed: 0.0841s/iter; left time: 4021.0205s
	iters: 500, epoch: 209 | loss: 0.1611145
	speed: 0.0843s/iter; left time: 4021.6828s
Epoch: 209 cost time: 44.76031851768494
[2025-05-29 20:12:18] [32mIntermediate result: 0.17688456  (Index 208)[0m
Epoch: 209, Steps: 524 | Train Loss: 0.1401729 Vali Loss: 0.1770034 Test Loss: 0.1768846
EarlyStopping counter: 17 out of 20
Updating learning rate to 3.960326076750412e-05
	iters: 100, epoch: 210 | loss: 0.1466465
	speed: 0.3019s/iter; left time: 14365.4601s
	iters: 200, epoch: 210 | loss: 0.1441657
	speed: 0.0845s/iter; left time: 4010.4116s
	iters: 300, epoch: 210 | loss: 0.1434755
	speed: 0.0844s/iter; left time: 3997.1876s
	iters: 400, epoch: 210 | loss: 0.1297392
	speed: 0.0843s/iter; left time: 3986.8957s
	iters: 500, epoch: 210 | loss: 0.1310610
	speed: 0.0844s/iter; left time: 3980.2191s
Epoch: 210 cost time: 44.949352502822876
[2025-05-29 20:13:23] [32mIntermediate result: 0.17581844  (Index 209)[0m
Epoch: 210, Steps: 524 | Train Loss: 0.1399156 Vali Loss: 0.1770897 Test Loss: 0.1758184
EarlyStopping counter: 18 out of 20
Updating learning rate to 3.887280612873752e-05
	iters: 100, epoch: 211 | loss: 0.1301594
	speed: 0.3078s/iter; left time: 14483.9274s
	iters: 200, epoch: 211 | loss: 0.1284826
	speed: 0.0840s/iter; left time: 3945.2887s
	iters: 300, epoch: 211 | loss: 0.1318179
	speed: 0.0841s/iter; left time: 3940.2720s
	iters: 400, epoch: 211 | loss: 0.1517331
	speed: 0.0843s/iter; left time: 3943.0026s
	iters: 500, epoch: 211 | loss: 0.1272778
	speed: 0.0843s/iter; left time: 3931.3301s
Epoch: 211 cost time: 44.8548743724823
[2025-05-29 20:14:26] [32mIntermediate result: 0.17484067  (Index 210)[0m
Epoch: 211, Steps: 524 | Train Loss: 0.1400170 Vali Loss: 0.1746460 Test Loss: 0.1748407
Validation loss decreased (0.174784 --> 0.174646).  Saving model ...
Updating learning rate to 3.814484176043206e-05
	iters: 100, epoch: 212 | loss: 0.1363218
	speed: 0.3018s/iter; left time: 14045.8098s
	iters: 200, epoch: 212 | loss: 0.1507877
	speed: 0.0847s/iter; left time: 3931.2322s
	iters: 300, epoch: 212 | loss: 0.1347956
	speed: 0.0848s/iter; left time: 3928.7667s
	iters: 400, epoch: 212 | loss: 0.1340129
	speed: 0.0842s/iter; left time: 3891.8600s
	iters: 500, epoch: 212 | loss: 0.1262284
	speed: 0.0846s/iter; left time: 3901.8206s
Epoch: 212 cost time: 45.04317092895508
[2025-05-29 20:15:30] [32mIntermediate result: 0.17726257  (Index 211)[0m
Epoch: 212, Steps: 524 | Train Loss: 0.1395826 Vali Loss: 0.1788167 Test Loss: 0.1772626
EarlyStopping counter: 1 out of 20
Updating learning rate to 3.741953057837773e-05
	iters: 100, epoch: 213 | loss: 0.1326261
	speed: 0.3024s/iter; left time: 13915.1215s
	iters: 200, epoch: 213 | loss: 0.1458982
	speed: 0.0838s/iter; left time: 3846.6248s
	iters: 300, epoch: 213 | loss: 0.1473205
	speed: 0.0837s/iter; left time: 3835.9431s
	iters: 400, epoch: 213 | loss: 0.1335525
	speed: 0.0842s/iter; left time: 3849.1043s
	iters: 500, epoch: 213 | loss: 0.1285452
	speed: 0.0846s/iter; left time: 3858.7977s
Epoch: 213 cost time: 44.77964162826538
[2025-05-29 20:16:34] [32mIntermediate result: 0.17582825  (Index 212)[0m
Epoch: 213, Steps: 524 | Train Loss: 0.1395047 Vali Loss: 0.1759676 Test Loss: 0.1758282
EarlyStopping counter: 2 out of 20
Updating learning rate to 3.669703490459104e-05
	iters: 100, epoch: 214 | loss: 0.1467072
	speed: 0.3010s/iter; left time: 13693.9997s
	iters: 200, epoch: 214 | loss: 0.1329501
	speed: 0.0837s/iter; left time: 3800.6945s
	iters: 300, epoch: 214 | loss: 0.1267829
	speed: 0.0837s/iter; left time: 3788.9469s
	iters: 400, epoch: 214 | loss: 0.1266458
	speed: 0.0841s/iter; left time: 3799.8783s
	iters: 500, epoch: 214 | loss: 0.1332187
	speed: 0.0840s/iter; left time: 3786.6087s
Epoch: 214 cost time: 44.716939210891724
[2025-05-29 20:17:38] [32mIntermediate result: 0.17383943  (Index 213)[0m
Epoch: 214, Steps: 524 | Train Loss: 0.1394378 Vali Loss: 0.1755005 Test Loss: 0.1738394
EarlyStopping counter: 3 out of 20
Updating learning rate to 3.597751643098799e-05
	iters: 100, epoch: 215 | loss: 0.1519911
	speed: 0.3041s/iter; left time: 13673.3834s
	iters: 200, epoch: 215 | loss: 0.1407870
	speed: 0.0837s/iter; left time: 3754.4664s
	iters: 300, epoch: 215 | loss: 0.1374908
	speed: 0.0839s/iter; left time: 3755.3911s
	iters: 400, epoch: 215 | loss: 0.1275632
	speed: 0.0837s/iter; left time: 3738.8129s
	iters: 500, epoch: 215 | loss: 0.1393321
	speed: 0.0838s/iter; left time: 3735.9062s
Epoch: 215 cost time: 44.70178294181824
[2025-05-29 20:18:42] [32mIntermediate result: 0.17396097  (Index 214)[0m
Epoch: 215, Steps: 524 | Train Loss: 0.1392474 Vali Loss: 0.1749922 Test Loss: 0.1739610
EarlyStopping counter: 4 out of 20
Updating learning rate to 3.52611361831979e-05
	iters: 100, epoch: 216 | loss: 0.1338382
	speed: 0.3054s/iter; left time: 13572.3546s
	iters: 200, epoch: 216 | loss: 0.1328997
	speed: 0.0838s/iter; left time: 3715.2313s
	iters: 300, epoch: 216 | loss: 0.1422166
	speed: 0.0835s/iter; left time: 3695.0650s
	iters: 400, epoch: 216 | loss: 0.1529358
	speed: 0.0837s/iter; left time: 3692.8686s
	iters: 500, epoch: 216 | loss: 0.1351277
	speed: 0.0836s/iter; left time: 3682.8125s
Epoch: 216 cost time: 44.59670281410217
[2025-05-29 20:19:46] [32mIntermediate result: 0.17655635  (Index 215)[0m
Epoch: 216, Steps: 524 | Train Loss: 0.1389303 Vali Loss: 0.1774246 Test Loss: 0.1765563
EarlyStopping counter: 5 out of 20
Updating learning rate to 3.454805448452654e-05
	iters: 100, epoch: 217 | loss: 0.1717374
	speed: 0.3042s/iter; left time: 13359.8402s
	iters: 200, epoch: 217 | loss: 0.1197674
	speed: 0.0837s/iter; left time: 3667.8131s
	iters: 300, epoch: 217 | loss: 0.1196473
	speed: 0.0838s/iter; left time: 3661.6325s
	iters: 400, epoch: 217 | loss: 0.1503203
	speed: 0.0839s/iter; left time: 3657.6025s
	iters: 500, epoch: 217 | loss: 0.1435536
	speed: 0.0841s/iter; left time: 3661.0041s
Epoch: 217 cost time: 44.734326124191284
[2025-05-29 20:20:50] [32mIntermediate result: 0.17441154  (Index 216)[0m
Epoch: 217, Steps: 524 | Train Loss: 0.1387653 Vali Loss: 0.1749748 Test Loss: 0.1744115
EarlyStopping counter: 6 out of 20
Updating learning rate to 3.383843092007633e-05
	iters: 100, epoch: 218 | loss: 0.1428766
	speed: 0.3071s/iter; left time: 13324.8539s
	iters: 200, epoch: 218 | loss: 0.1414474
	speed: 0.0838s/iter; left time: 3626.0109s
	iters: 300, epoch: 218 | loss: 0.1448141
	speed: 0.0836s/iter; left time: 3612.7111s
	iters: 400, epoch: 218 | loss: 0.1380463
	speed: 0.0838s/iter; left time: 3612.1096s
	iters: 500, epoch: 218 | loss: 0.1423084
	speed: 0.0837s/iter; left time: 3597.4665s
Epoch: 218 cost time: 44.682061433792114
[2025-05-29 20:21:54] [32mIntermediate result: 0.17380698  (Index 217)[0m
Epoch: 218, Steps: 524 | Train Loss: 0.1386722 Vali Loss: 0.1744382 Test Loss: 0.1738070
Validation loss decreased (0.174646 --> 0.174438).  Saving model ...
Updating learning rate to 3.313242430103176e-05
	iters: 100, epoch: 219 | loss: 0.1385669
	speed: 0.3045s/iter; left time: 13051.6980s
	iters: 200, epoch: 219 | loss: 0.1322614
	speed: 0.0837s/iter; left time: 3580.6984s
	iters: 300, epoch: 219 | loss: 0.1419844
	speed: 0.0840s/iter; left time: 3582.3039s
	iters: 400, epoch: 219 | loss: 0.1356626
	speed: 0.0844s/iter; left time: 3594.7260s
	iters: 500, epoch: 219 | loss: 0.1441054
	speed: 0.0841s/iter; left time: 3572.3382s
Epoch: 219 cost time: 44.75182628631592
[2025-05-29 20:22:58] [32mIntermediate result: 0.17394006  (Index 218)[0m
Epoch: 219, Steps: 524 | Train Loss: 0.1387205 Vali Loss: 0.1747064 Test Loss: 0.1739401
EarlyStopping counter: 1 out of 20
Updating learning rate to 3.243019262911803e-05
	iters: 100, epoch: 220 | loss: 0.1529615
	speed: 0.3017s/iter; left time: 12775.5382s
	iters: 200, epoch: 220 | loss: 0.1323712
	speed: 0.0838s/iter; left time: 3540.2530s
	iters: 300, epoch: 220 | loss: 0.1293914
	speed: 0.0839s/iter; left time: 3535.3602s
	iters: 400, epoch: 220 | loss: 0.1419958
	speed: 0.0838s/iter; left time: 3523.2393s
	iters: 500, epoch: 220 | loss: 0.1368749
	speed: 0.0836s/iter; left time: 3507.5850s
Epoch: 220 cost time: 44.704670906066895
[2025-05-29 20:24:02] [32mIntermediate result: 0.17592846  (Index 219)[0m
Epoch: 220, Steps: 524 | Train Loss: 0.1384424 Vali Loss: 0.1768424 Test Loss: 0.1759285
EarlyStopping counter: 2 out of 20
Updating learning rate to 3.17318930612409e-05
	iters: 100, epoch: 221 | loss: 0.1221265
	speed: 0.3075s/iter; left time: 12861.0734s
	iters: 200, epoch: 221 | loss: 0.1272250
	speed: 0.0842s/iter; left time: 3514.1227s
	iters: 300, epoch: 221 | loss: 0.1459244
	speed: 0.0842s/iter; left time: 3504.8172s
	iters: 400, epoch: 221 | loss: 0.1199597
	speed: 0.0845s/iter; left time: 3508.1217s
	iters: 500, epoch: 221 | loss: 0.1341576
	speed: 0.0840s/iter; left time: 3478.5972s
Epoch: 221 cost time: 44.85997724533081
[2025-05-29 20:25:07] [32mIntermediate result: 0.17587753  (Index 220)[0m
Epoch: 221, Steps: 524 | Train Loss: 0.1384914 Vali Loss: 0.1766048 Test Loss: 0.1758775
EarlyStopping counter: 3 out of 20
Updating learning rate to 3.103768187431539e-05
	iters: 100, epoch: 222 | loss: 0.1418123
	speed: 0.3050s/iter; left time: 12595.6406s
	iters: 200, epoch: 222 | loss: 0.1344241
	speed: 0.0843s/iter; left time: 3473.9038s
	iters: 300, epoch: 222 | loss: 0.1369375
	speed: 0.0841s/iter; left time: 3457.5753s
	iters: 400, epoch: 222 | loss: 0.1409254
	speed: 0.0841s/iter; left time: 3447.6578s
	iters: 500, epoch: 222 | loss: 0.1409018
	speed: 0.0844s/iter; left time: 3451.6088s
Epoch: 222 cost time: 44.86608386039734
[2025-05-29 20:26:11] [32mIntermediate result: 0.17499316  (Index 221)[0m
Epoch: 222, Steps: 524 | Train Loss: 0.1381811 Vali Loss: 0.1759832 Test Loss: 0.1749932
EarlyStopping counter: 4 out of 20
Updating learning rate to 3.034771443029173e-05
	iters: 100, epoch: 223 | loss: 0.1358534
	speed: 0.3078s/iter; left time: 12550.3646s
	iters: 200, epoch: 223 | loss: 0.1408019
	speed: 0.0843s/iter; left time: 3427.5143s
	iters: 300, epoch: 223 | loss: 0.1287587
	speed: 0.0840s/iter; left time: 3408.9627s
	iters: 400, epoch: 223 | loss: 0.1346241
	speed: 0.0841s/iter; left time: 3403.3353s
	iters: 500, epoch: 223 | loss: 0.1361541
	speed: 0.0844s/iter; left time: 3408.2525s
Epoch: 223 cost time: 44.742557525634766
[2025-05-29 20:27:15] [32mIntermediate result: 0.17452767  (Index 222)[0m
Epoch: 223, Steps: 524 | Train Loss: 0.1380444 Vali Loss: 0.1756477 Test Loss: 0.1745277
EarlyStopping counter: 5 out of 20
Updating learning rate to 2.9662145141385826e-05
	iters: 100, epoch: 224 | loss: 0.1366709
	speed: 0.3044s/iter; left time: 12253.4027s
	iters: 200, epoch: 224 | loss: 0.1263226
	speed: 0.0844s/iter; left time: 3387.8950s
	iters: 300, epoch: 224 | loss: 0.1197117
	speed: 0.0841s/iter; left time: 3368.4939s
	iters: 400, epoch: 224 | loss: 0.1423418
	speed: 0.0841s/iter; left time: 3357.7638s
	iters: 500, epoch: 224 | loss: 0.1362208
	speed: 0.0846s/iter; left time: 3370.3253s
Epoch: 224 cost time: 44.79189157485962
[2025-05-29 20:28:20] [32mIntermediate result: 0.17678338  (Index 223)[0m
Epoch: 224, Steps: 524 | Train Loss: 0.1378115 Vali Loss: 0.1782906 Test Loss: 0.1767834
EarlyStopping counter: 6 out of 20
Updating learning rate to 2.8981127435522396e-05
	iters: 100, epoch: 225 | loss: 0.1478457
	speed: 0.3118s/iter; left time: 12384.5676s
	iters: 200, epoch: 225 | loss: 0.1313898
	speed: 0.0839s/iter; left time: 3325.2415s
	iters: 300, epoch: 225 | loss: 0.1508912
	speed: 0.0844s/iter; left time: 3333.9795s
	iters: 400, epoch: 225 | loss: 0.1267604
	speed: 0.0844s/iter; left time: 3326.3054s
	iters: 500, epoch: 225 | loss: 0.1476555
	speed: 0.0842s/iter; left time: 3311.6123s
Epoch: 225 cost time: 44.80183291435242
[2025-05-29 20:29:25] [32mIntermediate result: 0.1735209  (Index 224)[0m
Epoch: 225, Steps: 524 | Train Loss: 0.1377620 Vali Loss: 0.1743435 Test Loss: 0.1735209
Validation loss decreased (0.174438 --> 0.174344).  Saving model ...
Updating learning rate to 2.8304813721998354e-05
	iters: 100, epoch: 226 | loss: 0.1338329
	speed: 0.3161s/iter; left time: 12392.8928s
	iters: 200, epoch: 226 | loss: 0.1491259
	speed: 0.0843s/iter; left time: 3297.6927s
	iters: 300, epoch: 226 | loss: 0.1377599
	speed: 0.0841s/iter; left time: 3280.8913s
	iters: 400, epoch: 226 | loss: 0.1444921
	speed: 0.0840s/iter; left time: 3267.5279s
	iters: 500, epoch: 226 | loss: 0.1329253
	speed: 0.0842s/iter; left time: 3265.7677s
Epoch: 226 cost time: 44.9213650226593
[2025-05-29 20:30:30] [32mIntermediate result: 0.17542298  (Index 225)[0m
Epoch: 226, Steps: 524 | Train Loss: 0.1377568 Vali Loss: 0.1760452 Test Loss: 0.1754230
EarlyStopping counter: 1 out of 20
Updating learning rate to 2.7633355357374163e-05
	iters: 100, epoch: 227 | loss: 0.1302959
	speed: 0.3093s/iter; left time: 11963.6474s
	iters: 200, epoch: 227 | loss: 0.1260618
	speed: 0.0841s/iter; left time: 3244.2469s
	iters: 300, epoch: 227 | loss: 0.1401909
	speed: 0.0845s/iter; left time: 3252.0746s
	iters: 400, epoch: 227 | loss: 0.1354685
	speed: 0.0843s/iter; left time: 3233.8007s
	iters: 500, epoch: 227 | loss: 0.1463495
	speed: 0.0841s/iter; left time: 3219.1574s
Epoch: 227 cost time: 44.94439220428467
[2025-05-29 20:31:34] [32mIntermediate result: 0.17529462  (Index 226)[0m
Epoch: 227, Steps: 524 | Train Loss: 0.1375548 Vali Loss: 0.1757971 Test Loss: 0.1752946
EarlyStopping counter: 2 out of 20
Updating learning rate to 2.6966902611600786e-05
	iters: 100, epoch: 228 | loss: 0.1301081
	speed: 0.3082s/iter; left time: 11758.1431s
	iters: 200, epoch: 228 | loss: 0.1418412
	speed: 0.0837s/iter; left time: 3186.7044s
	iters: 300, epoch: 228 | loss: 0.1361179
	speed: 0.0837s/iter; left time: 3175.7364s
	iters: 400, epoch: 228 | loss: 0.1258811
	speed: 0.0839s/iter; left time: 3174.7900s
	iters: 500, epoch: 228 | loss: 0.1404485
	speed: 0.0838s/iter; left time: 3165.4924s
Epoch: 228 cost time: 44.69616436958313
[2025-05-29 20:32:38] [32mIntermediate result: 0.17414665  (Index 227)[0m
Epoch: 228, Steps: 524 | Train Loss: 0.1373856 Vali Loss: 0.1750608 Test Loss: 0.1741467
EarlyStopping counter: 3 out of 20
Updating learning rate to 2.6305604634389824e-05
	iters: 100, epoch: 229 | loss: 0.1559101
	speed: 0.3007s/iter; left time: 11314.7318s
	iters: 200, epoch: 229 | loss: 0.1416264
	speed: 0.0842s/iter; left time: 3161.0641s
	iters: 300, epoch: 229 | loss: 0.1257234
	speed: 0.0838s/iter; left time: 3137.6443s
	iters: 400, epoch: 229 | loss: 0.1297565
	speed: 0.0838s/iter; left time: 3127.8070s
	iters: 500, epoch: 229 | loss: 0.1416588
	speed: 0.0840s/iter; left time: 3125.8254s
Epoch: 229 cost time: 44.82160782814026
[2025-05-29 20:33:42] [32mIntermediate result: 0.17399925  (Index 228)[0m
Epoch: 229, Steps: 524 | Train Loss: 0.1375993 Vali Loss: 0.1746608 Test Loss: 0.1739992
EarlyStopping counter: 4 out of 20
Updating learning rate to 2.5649609421834273e-05
	iters: 100, epoch: 230 | loss: 0.1373042
	speed: 0.3062s/iter; left time: 11360.1877s
	iters: 200, epoch: 230 | loss: 0.1455415
	speed: 0.0844s/iter; left time: 3124.4306s
	iters: 300, epoch: 230 | loss: 0.1356956
	speed: 0.0846s/iter; left time: 3122.1465s
	iters: 400, epoch: 230 | loss: 0.1359109
	speed: 0.0843s/iter; left time: 3102.9993s
	iters: 500, epoch: 230 | loss: 0.1346841
	speed: 0.0845s/iter; left time: 3101.1163s
Epoch: 230 cost time: 44.96027398109436
[2025-05-29 20:34:47] [32mIntermediate result: 0.17430441  (Index 229)[0m
Epoch: 230, Steps: 524 | Train Loss: 0.1372791 Vali Loss: 0.1752754 Test Loss: 0.1743044
EarlyStopping counter: 5 out of 20
Updating learning rate to 2.4999063783287682e-05
	iters: 100, epoch: 231 | loss: 0.1354472
	speed: 0.3106s/iter; left time: 11363.3475s
	iters: 200, epoch: 231 | loss: 0.1416903
	speed: 0.0828s/iter; left time: 3020.9428s
	iters: 300, epoch: 231 | loss: 0.1408927
	speed: 0.0834s/iter; left time: 3035.7072s
	iters: 400, epoch: 231 | loss: 0.1416827
	speed: 0.0833s/iter; left time: 3022.9385s
	iters: 500, epoch: 231 | loss: 0.1362088
	speed: 0.0835s/iter; left time: 3022.5850s
Epoch: 231 cost time: 44.469587087631226
[2025-05-29 20:35:51] [32mIntermediate result: 0.17428683  (Index 230)[0m
Epoch: 231, Steps: 524 | Train Loss: 0.1370301 Vali Loss: 0.1751704 Test Loss: 0.1742868
EarlyStopping counter: 6 out of 20
Updating learning rate to 2.435411330850858e-05
	iters: 100, epoch: 232 | loss: 0.1492942
	speed: 0.3061s/iter; left time: 11038.6273s
	iters: 200, epoch: 232 | loss: 0.1440095
	speed: 0.0835s/iter; left time: 3002.1584s
	iters: 300, epoch: 232 | loss: 0.1444423
	speed: 0.0837s/iter; left time: 3001.1148s
	iters: 400, epoch: 232 | loss: 0.1503411
	speed: 0.0835s/iter; left time: 2986.7457s
	iters: 500, epoch: 232 | loss: 0.1338724
	speed: 0.0836s/iter; left time: 2980.5251s
Epoch: 232 cost time: 44.519405126571655
[2025-05-29 20:36:55] [32mIntermediate result: 0.17616443  (Index 231)[0m
Epoch: 232, Steps: 524 | Train Loss: 0.1370584 Vali Loss: 0.1771032 Test Loss: 0.1761644
EarlyStopping counter: 7 out of 20
Updating learning rate to 2.3714902335078185e-05
	iters: 100, epoch: 233 | loss: 0.1518844
	speed: 0.3097s/iter; left time: 11003.9454s
	iters: 200, epoch: 233 | loss: 0.1406418
	speed: 0.0836s/iter; left time: 2960.5872s
	iters: 300, epoch: 233 | loss: 0.1413529
	speed: 0.0836s/iter; left time: 2954.1975s
	iters: 400, epoch: 233 | loss: 0.1296772
	speed: 0.0840s/iter; left time: 2958.6357s
	iters: 500, epoch: 233 | loss: 0.1202897
	speed: 0.0840s/iter; left time: 2951.3442s
Epoch: 233 cost time: 44.656132221221924
[2025-05-29 20:38:00] [32mIntermediate result: 0.17531638  (Index 232)[0m
Epoch: 233, Steps: 524 | Train Loss: 0.1368178 Vali Loss: 0.1762452 Test Loss: 0.1753164
EarlyStopping counter: 8 out of 20
Updating learning rate to 2.3081573916098044e-05
	iters: 100, epoch: 234 | loss: 0.1322620
	speed: 0.3074s/iter; left time: 10762.4548s
	iters: 200, epoch: 234 | loss: 0.1164773
	speed: 0.0837s/iter; left time: 2921.9735s
	iters: 300, epoch: 234 | loss: 0.1305780
	speed: 0.0837s/iter; left time: 2912.7438s
	iters: 400, epoch: 234 | loss: 0.1441329
	speed: 0.0837s/iter; left time: 2905.2978s
	iters: 500, epoch: 234 | loss: 0.1294937
	speed: 0.0840s/iter; left time: 2907.1476s
Epoch: 234 cost time: 44.57530355453491
[2025-05-29 20:39:04] [32mIntermediate result: 0.17727277  (Index 233)[0m
Epoch: 234, Steps: 524 | Train Loss: 0.1367892 Vali Loss: 0.1782326 Test Loss: 0.1772728
EarlyStopping counter: 9 out of 20
Updating learning rate to 2.2454269788175353e-05
	iters: 100, epoch: 235 | loss: 0.1309298
	speed: 0.3077s/iter; left time: 10611.3089s
	iters: 200, epoch: 235 | loss: 0.1396945
	speed: 0.0837s/iter; left time: 2879.4568s
	iters: 300, epoch: 235 | loss: 0.1443986
	speed: 0.0838s/iter; left time: 2873.3477s
	iters: 400, epoch: 235 | loss: 0.1225654
	speed: 0.0836s/iter; left time: 2859.4007s
	iters: 500, epoch: 235 | loss: 0.1341496
	speed: 0.0835s/iter; left time: 2845.1491s
Epoch: 235 cost time: 44.52334523200989
[2025-05-29 20:40:07] [32mIntermediate result: 0.17530866  (Index 234)[0m
Epoch: 235, Steps: 524 | Train Loss: 0.1367993 Vali Loss: 0.1763609 Test Loss: 0.1753087
EarlyStopping counter: 10 out of 20
Updating learning rate to 2.183313033970272e-05
	iters: 100, epoch: 236 | loss: 0.1298519
	speed: 0.2996s/iter; left time: 10175.8229s
	iters: 200, epoch: 236 | loss: 0.1379596
	speed: 0.0832s/iter; left time: 2818.2134s
	iters: 300, epoch: 236 | loss: 0.1223939
	speed: 0.0835s/iter; left time: 2819.5993s
	iters: 400, epoch: 236 | loss: 0.1255320
	speed: 0.0834s/iter; left time: 2807.5152s
	iters: 500, epoch: 236 | loss: 0.1333943
	speed: 0.0839s/iter; left time: 2816.9857s
Epoch: 236 cost time: 44.52779531478882
[2025-05-29 20:41:11] [32mIntermediate result: 0.17351198  (Index 235)[0m
Epoch: 236, Steps: 524 | Train Loss: 0.1363866 Vali Loss: 0.1742218 Test Loss: 0.1735120
Validation loss decreased (0.174344 --> 0.174222).  Saving model ...
Updating learning rate to 2.121829457943989e-05
	iters: 100, epoch: 237 | loss: 0.1358000
	speed: 0.2985s/iter; left time: 9980.8659s
	iters: 200, epoch: 237 | loss: 0.1504110
	speed: 0.0835s/iter; left time: 2784.8555s
	iters: 300, epoch: 237 | loss: 0.1589278
	speed: 0.0836s/iter; left time: 2779.3150s
	iters: 400, epoch: 237 | loss: 0.1421584
	speed: 0.0836s/iter; left time: 2771.4449s
	iters: 500, epoch: 237 | loss: 0.1476594
	speed: 0.0837s/iter; left time: 2766.4258s
Epoch: 237 cost time: 44.637518882751465
[2025-05-29 20:42:14] [32mIntermediate result: 0.1734291  (Index 236)[0m
Epoch: 237, Steps: 524 | Train Loss: 0.1363307 Vali Loss: 0.1742708 Test Loss: 0.1734291
EarlyStopping counter: 1 out of 20
Updating learning rate to 2.0609900105403923e-05
	iters: 100, epoch: 238 | loss: 0.1494298
	speed: 0.3016s/iter; left time: 9927.0715s
	iters: 200, epoch: 238 | loss: 0.1497616
	speed: 0.0841s/iter; left time: 2759.9832s
	iters: 300, epoch: 238 | loss: 0.1349319
	speed: 0.0839s/iter; left time: 2745.4439s
	iters: 400, epoch: 238 | loss: 0.1237819
	speed: 0.0839s/iter; left time: 2736.9486s
	iters: 500, epoch: 238 | loss: 0.1385079
	speed: 0.0844s/iter; left time: 2742.6704s
Epoch: 238 cost time: 44.687875270843506
[2025-05-29 20:43:19] [32mIntermediate result: 0.17564979  (Index 237)[0m
Epoch: 238, Steps: 524 | Train Loss: 0.1363375 Vali Loss: 0.1757216 Test Loss: 0.1756498
EarlyStopping counter: 2 out of 20
Updating learning rate to 2.0008083074075426e-05
	iters: 100, epoch: 239 | loss: 0.1314282
	speed: 0.3093s/iter; left time: 10019.2848s
	iters: 200, epoch: 239 | loss: 0.1308411
	speed: 0.0843s/iter; left time: 2722.7078s
	iters: 300, epoch: 239 | loss: 0.1528977
	speed: 0.0842s/iter; left time: 2710.7148s
	iters: 400, epoch: 239 | loss: 0.1392823
	speed: 0.0842s/iter; left time: 2702.2803s
	iters: 500, epoch: 239 | loss: 0.1358310
	speed: 0.0848s/iter; left time: 2712.3423s
Epoch: 239 cost time: 44.88180422782898
[2025-05-29 20:44:24] [32mIntermediate result: 0.17409457  (Index 238)[0m
Epoch: 239, Steps: 524 | Train Loss: 0.1362016 Vali Loss: 0.1744102 Test Loss: 0.1740946
EarlyStopping counter: 3 out of 20
Updating learning rate to 1.941297816992706e-05
	iters: 100, epoch: 240 | loss: 0.1437266
	speed: 0.3100s/iter; left time: 9877.5321s
	iters: 200, epoch: 240 | loss: 0.1382826
	speed: 0.0843s/iter; left time: 2678.2458s
	iters: 300, epoch: 240 | loss: 0.1381471
	speed: 0.0840s/iter; left time: 2658.9177s
	iters: 400, epoch: 240 | loss: 0.1248791
	speed: 0.0841s/iter; left time: 2654.5616s
	iters: 500, epoch: 240 | loss: 0.1298224
	speed: 0.0845s/iter; left time: 2660.3356s
Epoch: 240 cost time: 44.83747863769531
[2025-05-29 20:45:27] [32mIntermediate result: 0.17572245  (Index 239)[0m
Epoch: 240, Steps: 524 | Train Loss: 0.1360781 Vali Loss: 0.1763024 Test Loss: 0.1757225
EarlyStopping counter: 4 out of 20
Updating learning rate to 1.8824718575281825e-05
	iters: 100, epoch: 241 | loss: 0.1481562
	speed: 0.3024s/iter; left time: 9477.3061s
	iters: 200, epoch: 241 | loss: 0.1251328
	speed: 0.0831s/iter; left time: 2594.6828s
	iters: 300, epoch: 241 | loss: 0.1490157
	speed: 0.0842s/iter; left time: 2622.2702s
	iters: 400, epoch: 241 | loss: 0.1237328
	speed: 0.0842s/iter; left time: 2613.0292s
	iters: 500, epoch: 241 | loss: 0.1366759
	speed: 0.0841s/iter; left time: 2603.3010s
Epoch: 241 cost time: 44.764350175857544
[2025-05-29 20:46:32] [32mIntermediate result: 0.17294061  (Index 240)[0m
Epoch: 241, Steps: 524 | Train Loss: 0.1360065 Vali Loss: 0.1732434 Test Loss: 0.1729406
Validation loss decreased (0.174222 --> 0.173243).  Saving model ...
Updating learning rate to 1.8243435940507134e-05
	iters: 100, epoch: 242 | loss: 0.1413521
	speed: 0.3057s/iter; left time: 9422.2604s
	iters: 200, epoch: 242 | loss: 0.1392543
	speed: 0.0836s/iter; left time: 2566.9856s
	iters: 300, epoch: 242 | loss: 0.1208330
	speed: 0.0836s/iter; left time: 2560.7233s
	iters: 400, epoch: 242 | loss: 0.1297434
	speed: 0.0834s/iter; left time: 2544.0885s
	iters: 500, epoch: 242 | loss: 0.1420654
	speed: 0.0833s/iter; left time: 2533.2557s
Epoch: 242 cost time: 44.48151183128357
[2025-05-29 20:47:35] [32mIntermediate result: 0.1737357  (Index 241)[0m
Epoch: 242, Steps: 524 | Train Loss: 0.1357979 Vali Loss: 0.1744276 Test Loss: 0.1737357
EarlyStopping counter: 1 out of 20
Updating learning rate to 1.7669260354552123e-05
	iters: 100, epoch: 243 | loss: 0.1409494
	speed: 0.3003s/iter; left time: 9097.4618s
	iters: 200, epoch: 243 | loss: 0.1431026
	speed: 0.0840s/iter; left time: 2536.6488s
	iters: 300, epoch: 243 | loss: 0.1336481
	speed: 0.0845s/iter; left time: 2542.1846s
	iters: 400, epoch: 243 | loss: 0.1476587
	speed: 0.0846s/iter; left time: 2538.0066s
	iters: 500, epoch: 243 | loss: 0.1261863
	speed: 0.0846s/iter; left time: 2529.0094s
Epoch: 243 cost time: 44.831666231155396
[2025-05-29 20:48:39] [32mIntermediate result: 0.17474474  (Index 242)[0m
Epoch: 243, Steps: 524 | Train Loss: 0.1357636 Vali Loss: 0.1755165 Test Loss: 0.1747447
EarlyStopping counter: 2 out of 20
Updating learning rate to 1.7102320315834065e-05
	iters: 100, epoch: 244 | loss: 0.1268576
	speed: 0.3045s/iter; left time: 9063.9401s
	iters: 200, epoch: 244 | loss: 0.1324992
	speed: 0.0842s/iter; left time: 2499.3832s
	iters: 300, epoch: 244 | loss: 0.1392525
	speed: 0.0843s/iter; left time: 2492.4877s
	iters: 400, epoch: 244 | loss: 0.1349650
	speed: 0.0849s/iter; left time: 2502.7439s
	iters: 500, epoch: 244 | loss: 0.1372627
	speed: 0.0847s/iter; left time: 2487.6468s
Epoch: 244 cost time: 45.01162815093994
[2025-05-29 20:49:44] [32mIntermediate result: 0.17498969  (Index 243)[0m
Epoch: 244, Steps: 524 | Train Loss: 0.1357200 Vali Loss: 0.1756707 Test Loss: 0.1749897
EarlyStopping counter: 3 out of 20
Updating learning rate to 1.654274270348103e-05
	iters: 100, epoch: 245 | loss: 0.1271964
	speed: 0.3116s/iter; left time: 9113.8330s
	iters: 200, epoch: 245 | loss: 0.1295187
	speed: 0.0837s/iter; left time: 2438.8146s
	iters: 300, epoch: 245 | loss: 0.1336872
	speed: 0.0845s/iter; left time: 2454.5537s
	iters: 400, epoch: 245 | loss: 0.1499751
	speed: 0.0845s/iter; left time: 2445.4583s
	iters: 500, epoch: 245 | loss: 0.1525388
	speed: 0.0846s/iter; left time: 2441.1273s
Epoch: 245 cost time: 44.94908595085144
[2025-05-29 20:50:48] [32mIntermediate result: 0.17486742  (Index 244)[0m
Epoch: 245, Steps: 524 | Train Loss: 0.1355752 Vali Loss: 0.1754357 Test Loss: 0.1748674
EarlyStopping counter: 4 out of 20
Updating learning rate to 1.5990652748936633e-05
	iters: 100, epoch: 246 | loss: 0.1224983
	speed: 0.3061s/iter; left time: 8791.6389s
	iters: 200, epoch: 246 | loss: 0.1473879
	speed: 0.0842s/iter; left time: 2410.2403s
	iters: 300, epoch: 246 | loss: 0.1558698
	speed: 0.0842s/iter; left time: 2401.5015s
	iters: 400, epoch: 246 | loss: 0.1401935
	speed: 0.0844s/iter; left time: 2397.6161s
	iters: 500, epoch: 246 | loss: 0.1348076
	speed: 0.0844s/iter; left time: 2388.9694s
Epoch: 246 cost time: 44.952653646469116
[2025-05-29 20:51:53] [32mIntermediate result: 0.1737683  (Index 245)[0m
Epoch: 246, Steps: 524 | Train Loss: 0.1354665 Vali Loss: 0.1749858 Test Loss: 0.1737683
EarlyStopping counter: 5 out of 20
Updating learning rate to 1.5446174007933893e-05
	iters: 100, epoch: 247 | loss: 0.1241268
	speed: 0.3076s/iter; left time: 8673.2006s
	iters: 200, epoch: 247 | loss: 0.1294971
	speed: 0.0843s/iter; left time: 2369.8861s
	iters: 300, epoch: 247 | loss: 0.1358841
	speed: 0.0846s/iter; left time: 2368.3279s
	iters: 400, epoch: 247 | loss: 0.1283583
	speed: 0.0847s/iter; left time: 2362.0965s
	iters: 500, epoch: 247 | loss: 0.1375731
	speed: 0.0847s/iter; left time: 2354.2823s
Epoch: 247 cost time: 44.97832894325256
[2025-05-29 20:52:57] [32mIntermediate result: 0.1747406  (Index 246)[0m
Epoch: 247, Steps: 524 | Train Loss: 0.1353765 Vali Loss: 0.1757244 Test Loss: 0.1747406
EarlyStopping counter: 6 out of 20
Updating learning rate to 1.4909428332843695e-05
	iters: 100, epoch: 248 | loss: 0.1324407
	speed: 0.3038s/iter; left time: 8408.1948s
	iters: 200, epoch: 248 | loss: 0.1229947
	speed: 0.0843s/iter; left time: 2324.3871s
	iters: 300, epoch: 248 | loss: 0.1211257
	speed: 0.0844s/iter; left time: 2318.5225s
	iters: 400, epoch: 248 | loss: 0.1256584
	speed: 0.0844s/iter; left time: 2311.2831s
	iters: 500, epoch: 248 | loss: 0.1551595
	speed: 0.0845s/iter; left time: 2305.3617s
Epoch: 248 cost time: 44.859328746795654
[2025-05-29 20:54:02] [32mIntermediate result: 0.17369175  (Index 247)[0m
Epoch: 248, Steps: 524 | Train Loss: 0.1353145 Vali Loss: 0.1743223 Test Loss: 0.1736917
EarlyStopping counter: 7 out of 20
Updating learning rate to 1.4380535845404841e-05
	iters: 100, epoch: 249 | loss: 0.1421994
	speed: 0.3099s/iter; left time: 8414.0661s
	iters: 200, epoch: 249 | loss: 0.1306019
	speed: 0.0837s/iter; left time: 2264.2143s
	iters: 300, epoch: 249 | loss: 0.1267850
	speed: 0.0836s/iter; left time: 2253.9204s
	iters: 400, epoch: 249 | loss: 0.1377433
	speed: 0.0834s/iter; left time: 2239.9956s
	iters: 500, epoch: 249 | loss: 0.1369429
	speed: 0.0835s/iter; left time: 2233.6362s
Epoch: 249 cost time: 44.600632190704346
[2025-05-29 20:55:05] [32mIntermediate result: 0.17328268  (Index 248)[0m
Epoch: 249, Steps: 524 | Train Loss: 0.1351810 Vali Loss: 0.1736536 Test Loss: 0.1732827
EarlyStopping counter: 8 out of 20
Updating learning rate to 1.385961490984111e-05
	iters: 100, epoch: 250 | loss: 0.1341941
	speed: 0.2995s/iter; left time: 7975.1726s
	iters: 200, epoch: 250 | loss: 0.1311433
	speed: 0.0839s/iter; left time: 2226.5811s
	iters: 300, epoch: 250 | loss: 0.1295154
	speed: 0.0836s/iter; left time: 2209.8921s
	iters: 400, epoch: 250 | loss: 0.1250747
	speed: 0.0837s/iter; left time: 2204.4700s
	iters: 500, epoch: 250 | loss: 0.1341974
	speed: 0.0834s/iter; left time: 2187.1936s
Epoch: 250 cost time: 44.6716365814209
[2025-05-29 20:56:09] [32mIntermediate result: 0.17425019  (Index 249)[0m
Epoch: 250, Steps: 524 | Train Loss: 0.1350348 Vali Loss: 0.1748826 Test Loss: 0.1742502
EarlyStopping counter: 9 out of 20
Updating learning rate to 1.3346782106371876e-05
	iters: 100, epoch: 251 | loss: 0.1366115
	speed: 0.2995s/iter; left time: 7818.2751s
	iters: 200, epoch: 251 | loss: 0.1230506
	speed: 0.0837s/iter; left time: 2176.9009s
	iters: 300, epoch: 251 | loss: 0.1322661
	speed: 0.0838s/iter; left time: 2169.7133s
	iters: 400, epoch: 251 | loss: 0.1362902
	speed: 0.0839s/iter; left time: 2164.7175s
	iters: 500, epoch: 251 | loss: 0.1330596
	speed: 0.0837s/iter; left time: 2151.6261s
Epoch: 251 cost time: 44.61432695388794
[2025-05-29 20:57:12] [32mIntermediate result: 0.1739139  (Index 250)[0m
Epoch: 251, Steps: 524 | Train Loss: 0.1351532 Vali Loss: 0.1747318 Test Loss: 0.1739139
EarlyStopping counter: 10 out of 20
Updating learning rate to 1.2842152205121834e-05
	iters: 100, epoch: 252 | loss: 0.1444126
	speed: 0.3001s/iter; left time: 7675.2821s
	iters: 200, epoch: 252 | loss: 0.1323038
	speed: 0.0835s/iter; left time: 2127.9407s
	iters: 300, epoch: 252 | loss: 0.1447356
	speed: 0.0838s/iter; left time: 2125.8637s
	iters: 400, epoch: 252 | loss: 0.1249077
	speed: 0.0838s/iter; left time: 2119.1614s
	iters: 500, epoch: 252 | loss: 0.1425318
	speed: 0.0840s/iter; left time: 2113.6782s
Epoch: 252 cost time: 44.65062594413757
[2025-05-29 20:58:17] [32mIntermediate result: 0.17382132  (Index 251)[0m
Epoch: 252, Steps: 524 | Train Loss: 0.1350856 Vali Loss: 0.1741829 Test Loss: 0.1738213
EarlyStopping counter: 11 out of 20
Updating learning rate to 1.2345838140435822e-05
	iters: 100, epoch: 253 | loss: 0.1374521
	speed: 0.3095s/iter; left time: 7752.9968s
	iters: 200, epoch: 253 | loss: 0.1159004
	speed: 0.0836s/iter; left time: 2085.3908s
	iters: 300, epoch: 253 | loss: 0.1331138
	speed: 0.0837s/iter; left time: 2079.8718s
	iters: 400, epoch: 253 | loss: 0.1166275
	speed: 0.0838s/iter; left time: 2075.1189s
	iters: 500, epoch: 253 | loss: 0.1327874
	speed: 0.0836s/iter; left time: 2062.1651s
Epoch: 253 cost time: 44.64680862426758
[2025-05-29 20:59:20] [32mIntermediate result: 0.17354672  (Index 252)[0m
Epoch: 253, Steps: 524 | Train Loss: 0.1348891 Vali Loss: 0.1739337 Test Loss: 0.1735467
EarlyStopping counter: 12 out of 20
Updating learning rate to 1.1857950985604597e-05
	iters: 100, epoch: 254 | loss: 0.1234391
	speed: 0.3024s/iter; left time: 7417.8607s
	iters: 200, epoch: 254 | loss: 0.1401549
	speed: 0.0837s/iter; left time: 2043.6271s
	iters: 300, epoch: 254 | loss: 0.1331229
	speed: 0.0837s/iter; left time: 2035.7213s
	iters: 400, epoch: 254 | loss: 0.1386060
	speed: 0.0840s/iter; left time: 2035.6152s
	iters: 500, epoch: 254 | loss: 0.1269711
	speed: 0.0838s/iter; left time: 2022.9394s
Epoch: 254 cost time: 44.69040489196777
[2025-05-29 21:00:24] [32mIntermediate result: 0.1732741  (Index 253)[0m
Epoch: 254, Steps: 524 | Train Loss: 0.1347756 Vali Loss: 0.1741503 Test Loss: 0.1732741
EarlyStopping counter: 13 out of 20
Updating learning rate to 1.1378599928006995e-05
	iters: 100, epoch: 255 | loss: 0.1298691
	speed: 0.3005s/iter; left time: 7213.3031s
	iters: 200, epoch: 255 | loss: 0.1166413
	speed: 0.0836s/iter; left time: 1997.9084s
	iters: 300, epoch: 255 | loss: 0.1274946
	speed: 0.0839s/iter; left time: 1998.3291s
	iters: 400, epoch: 255 | loss: 0.1361528
	speed: 0.0843s/iter; left time: 1997.4623s
	iters: 500, epoch: 255 | loss: 0.1393432
	speed: 0.0842s/iter; left time: 1987.1407s
Epoch: 255 cost time: 44.734015703201294
[2025-05-29 21:01:28] [32mIntermediate result: 0.17297383  (Index 254)[0m
Epoch: 255, Steps: 524 | Train Loss: 0.1347650 Vali Loss: 0.1729991 Test Loss: 0.1729738
Validation loss decreased (0.173243 --> 0.172999).  Saving model ...
Updating learning rate to 1.0907892244674209e-05
	iters: 100, epoch: 256 | loss: 0.1183794
	speed: 0.3055s/iter; left time: 7173.1731s
	iters: 200, epoch: 256 | loss: 0.1266401
	speed: 0.0839s/iter; left time: 1960.6086s
	iters: 300, epoch: 256 | loss: 0.1340031
	speed: 0.0838s/iter; left time: 1951.5083s
	iters: 400, epoch: 256 | loss: 0.1522445
	speed: 0.0838s/iter; left time: 1942.2231s
	iters: 500, epoch: 256 | loss: 0.1277349
	speed: 0.0838s/iter; left time: 1934.4515s
Epoch: 256 cost time: 44.751246213912964
[2025-05-29 21:02:33] [32mIntermediate result: 0.17382555  (Index 255)[0m
Epoch: 256, Steps: 524 | Train Loss: 0.1348435 Vali Loss: 0.1749840 Test Loss: 0.1738255
EarlyStopping counter: 1 out of 20
Updating learning rate to 1.044593327828152e-05
	iters: 100, epoch: 257 | loss: 0.1419961
	speed: 0.3092s/iter; left time: 7099.0839s
	iters: 200, epoch: 257 | loss: 0.1348596
	speed: 0.0839s/iter; left time: 1917.7870s
	iters: 300, epoch: 257 | loss: 0.1227124
	speed: 0.0839s/iter; left time: 1910.4359s
	iters: 400, epoch: 257 | loss: 0.1348980
	speed: 0.0838s/iter; left time: 1898.5425s
	iters: 500, epoch: 257 | loss: 0.1441086
	speed: 0.0836s/iter; left time: 1886.5824s
Epoch: 257 cost time: 44.771353006362915
[2025-05-29 21:03:36] [32mIntermediate result: 0.17458673  (Index 256)[0m
Epoch: 257, Steps: 524 | Train Loss: 0.1346379 Vali Loss: 0.1757459 Test Loss: 0.1745867
EarlyStopping counter: 2 out of 20
Updating learning rate to 9.992826413573096e-06
	iters: 100, epoch: 258 | loss: 0.1324447
	speed: 0.2978s/iter; left time: 6679.7884s
	iters: 200, epoch: 258 | loss: 0.1298628
	speed: 0.0839s/iter; left time: 1873.1346s
	iters: 300, epoch: 258 | loss: 0.1358436
	speed: 0.0834s/iter; left time: 1854.3189s
	iters: 400, epoch: 258 | loss: 0.1241890
	speed: 0.0838s/iter; left time: 1854.3631s
	iters: 500, epoch: 258 | loss: 0.1387635
	speed: 0.0840s/iter; left time: 1851.2059s
Epoch: 258 cost time: 44.64986705780029
[2025-05-29 21:04:40] [32mIntermediate result: 0.1746261  (Index 257)[0m
Epoch: 258, Steps: 524 | Train Loss: 0.1346435 Vali Loss: 0.1754227 Test Loss: 0.1746261
EarlyStopping counter: 3 out of 20
Updating learning rate to 9.548673054224713e-06
	iters: 100, epoch: 259 | loss: 0.1406418
	speed: 0.3061s/iter; left time: 6706.7425s
	iters: 200, epoch: 259 | loss: 0.1302708
	speed: 0.0840s/iter; left time: 1832.4223s
	iters: 300, epoch: 259 | loss: 0.1250615
	speed: 0.0838s/iter; left time: 1819.5203s
	iters: 400, epoch: 259 | loss: 0.1386164
	speed: 0.0835s/iter; left time: 1805.0915s
	iters: 500, epoch: 259 | loss: 0.1329134
	speed: 0.0839s/iter; left time: 1804.0043s
Epoch: 259 cost time: 44.672109603881836
[2025-05-29 21:05:44] [32mIntermediate result: 0.17527986  (Index 258)[0m
Epoch: 259, Steps: 524 | Train Loss: 0.1345967 Vali Loss: 0.1767539 Test Loss: 0.1752799
EarlyStopping counter: 4 out of 20
Updating learning rate to 9.113572600150176e-06
	iters: 100, epoch: 260 | loss: 0.1264048
	speed: 0.3023s/iter; left time: 6463.7061s
	iters: 200, epoch: 260 | loss: 0.1414478
	speed: 0.0838s/iter; left time: 1783.7799s
	iters: 300, epoch: 260 | loss: 0.1417334
	speed: 0.0837s/iter; left time: 1772.9109s
	iters: 400, epoch: 260 | loss: 0.1342988
	speed: 0.0843s/iter; left time: 1776.6654s
	iters: 500, epoch: 260 | loss: 0.1332916
	speed: 0.0837s/iter; left time: 1757.2422s
Epoch: 260 cost time: 44.590386152267456
[2025-05-29 21:06:48] [32mIntermediate result: 0.17393811  (Index 259)[0m
Epoch: 260, Steps: 524 | Train Loss: 0.1346006 Vali Loss: 0.1747716 Test Loss: 0.1739381
EarlyStopping counter: 5 out of 20
Updating learning rate to 8.687622425255759e-06
	iters: 100, epoch: 261 | loss: 0.1230259
	speed: 0.3080s/iter; left time: 6425.1365s
	iters: 200, epoch: 261 | loss: 0.1223508
	speed: 0.0838s/iter; left time: 1740.1070s
	iters: 300, epoch: 261 | loss: 0.1097572
	speed: 0.0838s/iter; left time: 1730.7211s
	iters: 400, epoch: 261 | loss: 0.1384024
	speed: 0.0836s/iter; left time: 1719.4677s
	iters: 500, epoch: 261 | loss: 0.1272945
	speed: 0.0835s/iter; left time: 1709.1843s
Epoch: 261 cost time: 44.731717348098755
[2025-05-29 21:07:52] [32mIntermediate result: 0.17376202  (Index 260)[0m
Epoch: 261, Steps: 524 | Train Loss: 0.1343985 Vali Loss: 0.1743259 Test Loss: 0.1737620
EarlyStopping counter: 6 out of 20
Updating learning rate to 8.27091785564847e-06
	iters: 100, epoch: 262 | loss: 0.1280277
	speed: 0.3023s/iter; left time: 6147.5925s
	iters: 200, epoch: 262 | loss: 0.1489604
	speed: 0.0843s/iter; left time: 1706.8923s
	iters: 300, epoch: 262 | loss: 0.1361694
	speed: 0.0838s/iter; left time: 1687.4114s
	iters: 400, epoch: 262 | loss: 0.1473514
	speed: 0.0842s/iter; left time: 1686.1399s
	iters: 500, epoch: 262 | loss: 0.1571990
	speed: 0.0845s/iter; left time: 1685.5266s
Epoch: 262 cost time: 44.85279989242554
[2025-05-29 21:08:56] [32mIntermediate result: 0.17442994  (Index 261)[0m
Epoch: 262, Steps: 524 | Train Loss: 0.1343527 Vali Loss: 0.1748339 Test Loss: 0.1744299
EarlyStopping counter: 7 out of 20
Updating learning rate to 7.863552148302251e-06
	iters: 100, epoch: 263 | loss: 0.1276193
	speed: 0.3013s/iter; left time: 5969.9207s
	iters: 200, epoch: 263 | loss: 0.1260698
	speed: 0.0841s/iter; left time: 1657.6839s
	iters: 300, epoch: 263 | loss: 0.1368813
	speed: 0.0838s/iter; left time: 1642.7829s
	iters: 400, epoch: 263 | loss: 0.1398446
	speed: 0.0839s/iter; left time: 1636.7146s
	iters: 500, epoch: 263 | loss: 0.1262576
	speed: 0.0839s/iter; left time: 1629.6340s
Epoch: 263 cost time: 44.70227575302124
[2025-05-29 21:10:00] [32mIntermediate result: 0.1738379  (Index 262)[0m
Epoch: 263, Steps: 524 | Train Loss: 0.1341886 Vali Loss: 0.1745118 Test Loss: 0.1738379
EarlyStopping counter: 8 out of 20
Updating learning rate to 7.465616470187546e-06
	iters: 100, epoch: 264 | loss: 0.1232568
	speed: 0.3037s/iter; left time: 5858.7311s
	iters: 200, epoch: 264 | loss: 0.1355594
	speed: 0.0838s/iter; left time: 1608.5853s
	iters: 300, epoch: 264 | loss: 0.1351855
	speed: 0.0841s/iter; left time: 1606.0966s
	iters: 400, epoch: 264 | loss: 0.1387013
	speed: 0.0838s/iter; left time: 1591.9110s
	iters: 500, epoch: 264 | loss: 0.1288341
	speed: 0.0840s/iter; left time: 1587.4175s
Epoch: 264 cost time: 44.68855023384094
[2025-05-29 21:11:03] [32mIntermediate result: 0.17474389  (Index 263)[0m
Epoch: 264, Steps: 524 | Train Loss: 0.1342628 Vali Loss: 0.1757421 Test Loss: 0.1747439
EarlyStopping counter: 9 out of 20
Updating learning rate to 7.077199877868349e-06
	iters: 100, epoch: 265 | loss: 0.1433991
	speed: 0.3011s/iter; left time: 5650.7489s
	iters: 200, epoch: 265 | loss: 0.1281046
	speed: 0.0838s/iter; left time: 1564.4639s
	iters: 300, epoch: 265 | loss: 0.1334432
	speed: 0.0840s/iter; left time: 1559.6388s
	iters: 400, epoch: 265 | loss: 0.1210687
	speed: 0.0841s/iter; left time: 1552.9613s
	iters: 500, epoch: 265 | loss: 0.1249375
	speed: 0.0843s/iter; left time: 1548.3315s
Epoch: 265 cost time: 44.71479630470276
[2025-05-29 21:12:08] [32mIntermediate result: 0.173444  (Index 264)[0m
Epoch: 265, Steps: 524 | Train Loss: 0.1342324 Vali Loss: 0.1741141 Test Loss: 0.1734440
EarlyStopping counter: 10 out of 20
Updating learning rate to 6.698389297571758e-06
	iters: 100, epoch: 266 | loss: 0.1392596
	speed: 0.3055s/iter; left time: 5573.2381s
	iters: 200, epoch: 266 | loss: 0.1323803
	speed: 0.0842s/iter; left time: 1528.3631s
	iters: 300, epoch: 266 | loss: 0.1340972
	speed: 0.0840s/iter; left time: 1515.2954s
	iters: 400, epoch: 266 | loss: 0.1253642
	speed: 0.0842s/iter; left time: 1511.1812s
	iters: 500, epoch: 266 | loss: 0.1295493
	speed: 0.0841s/iter; left time: 1500.2126s
Epoch: 266 cost time: 44.833329916000366
[2025-05-29 21:13:12] [32mIntermediate result: 0.17279911  (Index 265)[0m
Epoch: 266, Steps: 524 | Train Loss: 0.1341144 Vali Loss: 0.1734171 Test Loss: 0.1727991
EarlyStopping counter: 11 out of 20
Updating learning rate to 6.329269505734134e-06
	iters: 100, epoch: 267 | loss: 0.1433992
	speed: 0.3048s/iter; left time: 5400.1284s
	iters: 200, epoch: 267 | loss: 0.1438824
	speed: 0.0843s/iter; left time: 1485.0020s
	iters: 300, epoch: 267 | loss: 0.1282454
	speed: 0.0843s/iter; left time: 1476.1098s
	iters: 400, epoch: 267 | loss: 0.1487905
	speed: 0.0842s/iter; left time: 1466.3314s
	iters: 500, epoch: 267 | loss: 0.1308034
	speed: 0.0842s/iter; left time: 1458.5461s
Epoch: 267 cost time: 44.8641083240509
[2025-05-29 21:14:16] [32mIntermediate result: 0.1735023  (Index 266)[0m
Epoch: 267, Steps: 524 | Train Loss: 0.1340889 Vali Loss: 0.1740950 Test Loss: 0.1735023
EarlyStopping counter: 12 out of 20
Updating learning rate to 5.969923110028487e-06
	iters: 100, epoch: 268 | loss: 0.1438208
	speed: 0.3034s/iter; left time: 5215.8067s
	iters: 200, epoch: 268 | loss: 0.1392400
	speed: 0.0840s/iter; left time: 1435.9569s
	iters: 300, epoch: 268 | loss: 0.1400414
	speed: 0.0841s/iter; left time: 1428.3480s
	iters: 400, epoch: 268 | loss: 0.1514668
	speed: 0.0841s/iter; left time: 1420.3548s
	iters: 500, epoch: 268 | loss: 0.1392560
	speed: 0.0841s/iter; left time: 1412.5282s
Epoch: 268 cost time: 44.8070809841156
[2025-05-29 21:15:20] [32mIntermediate result: 0.17368864  (Index 267)[0m
Epoch: 268, Steps: 524 | Train Loss: 0.1340182 Vali Loss: 0.1744252 Test Loss: 0.1736886
EarlyStopping counter: 13 out of 20
Updating learning rate to 5.620430530877132e-06
	iters: 100, epoch: 269 | loss: 0.1365114
	speed: 0.3048s/iter; left time: 5080.7963s
	iters: 200, epoch: 269 | loss: 0.1181094
	speed: 0.0842s/iter; left time: 1395.5230s
	iters: 300, epoch: 269 | loss: 0.1322638
	speed: 0.0843s/iter; left time: 1388.9233s
	iters: 400, epoch: 269 | loss: 0.1328631
	speed: 0.0842s/iter; left time: 1378.9907s
	iters: 500, epoch: 269 | loss: 0.1428784
	speed: 0.0844s/iter; left time: 1372.5557s
Epoch: 269 cost time: 44.76647448539734
[2025-05-29 21:16:24] [32mIntermediate result: 0.17392975  (Index 268)[0m
Epoch: 269, Steps: 524 | Train Loss: 0.1339775 Vali Loss: 0.1747799 Test Loss: 0.1739298
EarlyStopping counter: 14 out of 20
Updating learning rate to 5.28086998345394e-06
	iters: 100, epoch: 270 | loss: 0.1260322
	speed: 0.3091s/iter; left time: 4989.6525s
	iters: 200, epoch: 270 | loss: 0.1279728
	speed: 0.0842s/iter; left time: 1350.2007s
	iters: 300, epoch: 270 | loss: 0.1408302
	speed: 0.0841s/iter; left time: 1341.2877s
	iters: 400, epoch: 270 | loss: 0.1391479
	speed: 0.0843s/iter; left time: 1335.3912s
	iters: 500, epoch: 270 | loss: 0.1326445
	speed: 0.0842s/iter; left time: 1325.6695s
Epoch: 270 cost time: 44.890899419784546
[2025-05-29 21:17:29] [32mIntermediate result: 0.17355675  (Index 269)[0m
Epoch: 270, Steps: 524 | Train Loss: 0.1339125 Vali Loss: 0.1739725 Test Loss: 0.1735567
EarlyStopping counter: 15 out of 20
Updating learning rate to 4.951317460180012e-06
	iters: 100, epoch: 271 | loss: 0.1292541
	speed: 0.3084s/iter; left time: 4818.1002s
	iters: 200, epoch: 271 | loss: 0.1510636
	speed: 0.0845s/iter; left time: 1312.1452s
	iters: 300, epoch: 271 | loss: 0.1210287
	speed: 0.0844s/iter; left time: 1301.8653s
	iters: 400, epoch: 271 | loss: 0.1329164
	speed: 0.0842s/iter; left time: 1290.6819s
	iters: 500, epoch: 271 | loss: 0.1253489
	speed: 0.0843s/iter; left time: 1283.4804s
Epoch: 271 cost time: 44.855454206466675
[2025-05-29 21:18:33] [32mIntermediate result: 0.17413805  (Index 270)[0m
Epoch: 271, Steps: 524 | Train Loss: 0.1339136 Vali Loss: 0.1747129 Test Loss: 0.1741381
EarlyStopping counter: 16 out of 20
Updating learning rate to 4.6318467137169225e-06
	iters: 100, epoch: 272 | loss: 0.1282351
	speed: 0.3022s/iter; left time: 4561.8569s
	iters: 200, epoch: 272 | loss: 0.1438209
	speed: 0.0845s/iter; left time: 1267.0212s
	iters: 300, epoch: 272 | loss: 0.1192799
	speed: 0.0843s/iter; left time: 1255.7221s
	iters: 400, epoch: 272 | loss: 0.1341085
	speed: 0.0844s/iter; left time: 1248.2134s
	iters: 500, epoch: 272 | loss: 0.1253266
	speed: 0.0843s/iter; left time: 1238.4226s
Epoch: 272 cost time: 44.88258504867554
[2025-05-29 21:19:38] [32mIntermediate result: 0.17367414  (Index 271)[0m
Epoch: 272, Steps: 524 | Train Loss: 0.1338327 Vali Loss: 0.1742690 Test Loss: 0.1736741
EarlyStopping counter: 17 out of 20
Updating learning rate to 4.322529240461033e-06
	iters: 100, epoch: 273 | loss: 0.1168723
	speed: 0.3098s/iter; left time: 4515.0766s
	iters: 200, epoch: 273 | loss: 0.1314896
	speed: 0.0828s/iter; left time: 1198.9428s
	iters: 300, epoch: 273 | loss: 0.1195940
	speed: 0.0839s/iter; left time: 1205.9911s
	iters: 400, epoch: 273 | loss: 0.1307556
	speed: 0.0841s/iter; left time: 1200.5336s
	iters: 500, epoch: 273 | loss: 0.1330412
	speed: 0.0838s/iter; left time: 1187.0136s
Epoch: 273 cost time: 44.60641026496887
[2025-05-29 21:20:41] [32mIntermediate result: 0.17332554  (Index 272)[0m
Epoch: 273, Steps: 524 | Train Loss: 0.1337715 Vali Loss: 0.1741684 Test Loss: 0.1733255
EarlyStopping counter: 18 out of 20
Updating learning rate to 4.0234342645430016e-06
	iters: 100, epoch: 274 | loss: 0.1323944
	speed: 0.3020s/iter; left time: 4242.3382s
	iters: 200, epoch: 274 | loss: 0.1383267
	speed: 0.0839s/iter; left time: 1169.9666s
	iters: 300, epoch: 274 | loss: 0.1188095
	speed: 0.0836s/iter; left time: 1157.8171s
	iters: 400, epoch: 274 | loss: 0.1255536
	speed: 0.0837s/iter; left time: 1150.5353s
	iters: 500, epoch: 274 | loss: 0.1227574
	speed: 0.0836s/iter; left time: 1140.9263s
Epoch: 274 cost time: 44.63346266746521
[2025-05-29 21:21:45] [32mIntermediate result: 0.17350923  (Index 273)[0m
Epoch: 274, Steps: 524 | Train Loss: 0.1337653 Vali Loss: 0.1738724 Test Loss: 0.1735092
EarlyStopping counter: 19 out of 20
Updating learning rate to 3.7346287223355233e-06
	iters: 100, epoch: 275 | loss: 0.1236716
	speed: 0.3041s/iter; left time: 4112.6428s
	iters: 200, epoch: 275 | loss: 0.1381253
	speed: 0.0849s/iter; left time: 1139.2867s
	iters: 300, epoch: 275 | loss: 0.1260937
	speed: 0.0840s/iter; left time: 1119.0428s
	iters: 400, epoch: 275 | loss: 0.1290300
	speed: 0.0836s/iter; left time: 1106.1466s
	iters: 500, epoch: 275 | loss: 0.1406208
	speed: 0.0839s/iter; left time: 1100.9973s
Epoch: 275 cost time: 44.894224405288696
[2025-05-29 21:22:50] [32mIntermediate result: 0.17390922  (Index 274)[0m
Epoch: 275, Steps: 524 | Train Loss: 0.1336746 Vali Loss: 0.1744335 Test Loss: 0.1739092
EarlyStopping counter: 20 out of 20
Early stopping
>>>>>>>testing : 96_48_PRNN_TST_PEMS_ftM_sl96_ll18_pl48_dm16_nh4_el3_dl1_df128_fc1_ebtimeF_dtTrue_Exp_0<<<<<<<<<<<<<<<<<<<<<<<<<<<<<<<<<
test 5502
mse:0.17297407984733582, mae:0.2615019977092743, rse:0.40859630703926086
[2025-05-29 21:23:14] [32mFinal result: 0.17297408[0m
