Args in experiment:
Namespace(activation='gelu', affine=1, batch_size=32, c_out=7, checkpoints='./checkpoints/', d_ff=128, d_layers=1, d_model=16, data='PEMS', data_path='PEMS03.npz', dec_in=7, decomposition=0, des='Exp', device_ids=[0, 1], devices='0,1', dis=10, distil=True, do_predict=False, dropout=0.3, dvices='0,1', e_layers=3, embed='timeF', embed_type=0, enc_in=358, factor=1, fc_dropout=0.3, features='M', freq='h', gpu=0, head_dropout=0.0, hidden_size=512, individual=0, is_training=1, itr=1, k=20, kernel_size=25, label_len=18, learning_rate=0.0001, loss='mse', lradj='TST', model='PRNN_TST', model_id='96_96', moving_avg=25, n_heads=4, num_layers=1, num_workers=10, output_attention=False, padding_patch='end', patch_len=16, patience=20, pct_start=0.3, pred_len=96, random_seed=2021, revin=1, rnn_inp=96, root_path='./dataset/', seq_len=96, stride=8, subtract_last=0, target='OT', test_flop=False, top_k=3, train_epochs=300, use_amp=False, use_gpu=True, use_multi_gpu=True)
Use GPU: cuda:0
>>>>>>>start training : 96_96_PRNN_TST_PEMS_ftM_sl96_ll18_pl96_dm16_nh4_el3_dl1_df128_fc1_ebtimeF_dtTrue_Exp_0>>>>>>>>>>>>>>>>>>>>>>>>>>
module.model.revin_layer.affine_weight: 358
module.model.revin_layer.affine_bias: 358
module.model.rnn.weight_ih_l0: 262144
module.model.rnn.weight_hh_l0: 262144
module.model.rnn.bias_ih_l0: 512
module.model.rnn.bias_hh_l0: 512
module.model.embed.weight: 8192
module.model.embed.bias: 512
module.model.fc.weight: 540672
module.model.fc.bias: 96
Total trainable parameters: 1075500
train 15533
val 5051
test 5051
	iters: 100, epoch: 1 | loss: 1.2111214
	speed: 0.0618s/iter; left time: 8979.7195s
	iters: 200, epoch: 1 | loss: 1.3166130
	speed: 0.0443s/iter; left time: 6437.3606s
	iters: 300, epoch: 1 | loss: 1.4261332
	speed: 0.0422s/iter; left time: 6126.5361s
	iters: 400, epoch: 1 | loss: 1.4807872
	speed: 0.0416s/iter; left time: 6041.6719s
Epoch: 1 cost time: 21.983241081237793
[2025-05-29 01:43:45] [32mIntermediate result: 1.1741086  (Index 0)[0m
Epoch: 1, Steps: 485 | Train Loss: 1.4282658 Vali Loss: 1.1852404 Test Loss: 1.1741086
Validation loss decreased (inf --> 1.185240).  Saving model ...
Updating learning rate to 4.029241642755283e-06
	iters: 100, epoch: 2 | loss: 1.0974805
	speed: 0.1924s/iter; left time: 27884.7721s
	iters: 200, epoch: 2 | loss: 1.1203734
	speed: 0.0411s/iter; left time: 5953.7874s
	iters: 300, epoch: 2 | loss: 1.1313272
	speed: 0.0410s/iter; left time: 5934.5331s
	iters: 400, epoch: 2 | loss: 1.0131826
	speed: 0.0413s/iter; left time: 5976.5716s
Epoch: 2 cost time: 20.65711212158203
[2025-05-29 01:44:17] [32mIntermediate result: 0.9465381  (Index 1)[0m
Epoch: 2, Steps: 485 | Train Loss: 1.0769003 Vali Loss: 0.9362910 Test Loss: 0.9465381
Validation loss decreased (1.185240 --> 0.936291).  Saving model ...
Updating learning rate to 4.116930942951483e-06
	iters: 100, epoch: 3 | loss: 1.0528115
	speed: 0.2012s/iter; left time: 29061.2691s
	iters: 200, epoch: 3 | loss: 0.7741396
	speed: 0.0409s/iter; left time: 5896.5160s
	iters: 300, epoch: 3 | loss: 0.8489223
	speed: 0.0410s/iter; left time: 5913.1617s
	iters: 400, epoch: 3 | loss: 0.8625318
	speed: 0.0412s/iter; left time: 5940.6114s
Epoch: 3 cost time: 20.425864219665527
[2025-05-29 01:44:50] [32mIntermediate result: 0.8162175  (Index 2)[0m
Epoch: 3, Steps: 485 | Train Loss: 0.8801326 Vali Loss: 0.7947520 Test Loss: 0.8162175
Validation loss decreased (0.936291 --> 0.794752).  Saving model ...
Updating learning rate to 4.26296105978905e-06
	iters: 100, epoch: 4 | loss: 0.6707125
	speed: 0.2026s/iter; left time: 29160.6293s
	iters: 200, epoch: 4 | loss: 0.8592748
	speed: 0.0420s/iter; left time: 6044.7120s
	iters: 300, epoch: 4 | loss: 1.0322423
	speed: 0.0409s/iter; left time: 5878.8569s
	iters: 400, epoch: 4 | loss: 0.7271013
	speed: 0.0428s/iter; left time: 6141.2057s
Epoch: 4 cost time: 20.7819926738739
[2025-05-29 01:45:23] [32mIntermediate result: 0.7455479  (Index 3)[0m
Epoch: 4, Steps: 485 | Train Loss: 0.7797743 Vali Loss: 0.7175081 Test Loss: 0.7455479
Validation loss decreased (0.794752 --> 0.717508).  Saving model ...
Updating learning rate to 4.46715406991344e-06
	iters: 100, epoch: 5 | loss: 0.5932400
	speed: 0.2020s/iter; left time: 28981.3850s
	iters: 200, epoch: 5 | loss: 0.9694863
	speed: 0.0408s/iter; left time: 5845.7189s
	iters: 300, epoch: 5 | loss: 0.7058614
	speed: 0.0410s/iter; left time: 5879.5296s
	iters: 400, epoch: 5 | loss: 0.7412875
	speed: 0.0409s/iter; left time: 5858.8612s
Epoch: 5 cost time: 20.4168598651886
[2025-05-29 01:45:55] [32mIntermediate result: 0.70049465  (Index 4)[0m
Epoch: 5, Steps: 485 | Train Loss: 0.7170297 Vali Loss: 0.6690713 Test Loss: 0.7004946
Validation loss decreased (0.717508 --> 0.669071).  Saving model ...
Updating learning rate to 4.7292611841974e-06
	iters: 100, epoch: 6 | loss: 0.7846946
	speed: 0.2012s/iter; left time: 28763.3227s
	iters: 200, epoch: 6 | loss: 0.7170060
	speed: 0.0413s/iter; left time: 5907.3837s
	iters: 300, epoch: 6 | loss: 0.7762453
	speed: 0.0413s/iter; left time: 5898.7459s
	iters: 400, epoch: 6 | loss: 0.7120997
	speed: 0.0411s/iter; left time: 5859.9964s
Epoch: 6 cost time: 20.51770257949829
[2025-05-29 01:46:27] [32mIntermediate result: 0.66383696  (Index 5)[0m
Epoch: 6, Steps: 485 | Train Loss: 0.6738571 Vali Loss: 0.6338604 Test Loss: 0.6638370
Validation loss decreased (0.669071 --> 0.633860).  Saving model ...
Updating learning rate to 5.048963050865925e-06
	iters: 100, epoch: 7 | loss: 0.7167437
	speed: 0.2007s/iter; left time: 28591.2534s
	iters: 200, epoch: 7 | loss: 0.6476607
	speed: 0.0428s/iter; left time: 6090.5196s
	iters: 300, epoch: 7 | loss: 0.6797087
	speed: 0.0410s/iter; left time: 5828.1881s
	iters: 400, epoch: 7 | loss: 0.6927484
	speed: 0.0407s/iter; left time: 5786.2562s
Epoch: 7 cost time: 20.59926199913025
[2025-05-29 01:47:00] [32mIntermediate result: 0.63954705  (Index 6)[0m
Epoch: 7, Steps: 485 | Train Loss: 0.6424240 Vali Loss: 0.6087515 Test Loss: 0.6395470
Validation loss decreased (0.633860 --> 0.608752).  Saving model ...
Updating learning rate to 5.425870144595141e-06
	iters: 100, epoch: 8 | loss: 0.6300634
	speed: 0.2052s/iter; left time: 29142.8537s
	iters: 200, epoch: 8 | loss: 0.6460627
	speed: 0.0420s/iter; left time: 5960.0189s
	iters: 300, epoch: 8 | loss: 0.6983494
	speed: 0.0409s/iter; left time: 5802.6427s
	iters: 400, epoch: 8 | loss: 0.5751725
	speed: 0.0408s/iter; left time: 5783.6470s
Epoch: 8 cost time: 20.59976816177368
[2025-05-29 01:47:33] [32mIntermediate result: 0.62503886  (Index 7)[0m
Epoch: 8, Steps: 485 | Train Loss: 0.6186551 Vali Loss: 0.5905318 Test Loss: 0.6250389
Validation loss decreased (0.608752 --> 0.590532).  Saving model ...
Updating learning rate to 5.859523241110581e-06
	iters: 100, epoch: 9 | loss: 0.5534701
	speed: 0.2019s/iter; left time: 28574.7581s
	iters: 200, epoch: 9 | loss: 0.6301073
	speed: 0.0411s/iter; left time: 5813.6303s
	iters: 300, epoch: 9 | loss: 0.5935853
	speed: 0.0409s/iter; left time: 5781.8607s
	iters: 400, epoch: 9 | loss: 0.5729887
	speed: 0.0415s/iter; left time: 5855.5791s
Epoch: 9 cost time: 20.58290982246399
[2025-05-29 01:48:05] [32mIntermediate result: 0.6051071  (Index 8)[0m
Epoch: 9, Steps: 485 | Train Loss: 0.5992339 Vali Loss: 0.5688876 Test Loss: 0.6051071
Validation loss decreased (0.590532 --> 0.568888).  Saving model ...
Updating learning rate to 6.34939397670692e-06
	iters: 100, epoch: 10 | loss: 0.5953094
	speed: 0.2020s/iter; left time: 28493.9306s
	iters: 200, epoch: 10 | loss: 0.5281165
	speed: 0.0412s/iter; left time: 5809.8251s
	iters: 300, epoch: 10 | loss: 0.5053194
	speed: 0.0409s/iter; left time: 5760.0502s
	iters: 400, epoch: 10 | loss: 0.5998811
	speed: 0.0413s/iter; left time: 5813.2361s
Epoch: 10 cost time: 20.51653742790222
[2025-05-29 01:48:38] [32mIntermediate result: 0.5949192  (Index 9)[0m
Epoch: 10, Steps: 485 | Train Loss: 0.5830406 Vali Loss: 0.5612442 Test Loss: 0.5949192
Validation loss decreased (0.568888 --> 0.561244).  Saving model ...
Updating learning rate to 6.894885492007225e-06
	iters: 100, epoch: 11 | loss: 0.5851672
	speed: 0.2012s/iter; left time: 28282.0237s
	iters: 200, epoch: 11 | loss: 0.6062047
	speed: 0.0410s/iter; left time: 5763.2586s
	iters: 300, epoch: 11 | loss: 0.5595971
	speed: 0.0416s/iter; left time: 5840.2554s
	iters: 400, epoch: 11 | loss: 0.5057921
	speed: 0.0405s/iter; left time: 5683.1214s
Epoch: 11 cost time: 20.475244283676147
[2025-05-29 01:49:10] [32mIntermediate result: 0.5830103  (Index 10)[0m
Epoch: 11, Steps: 485 | Train Loss: 0.5686727 Vali Loss: 0.5430110 Test Loss: 0.5830103
Validation loss decreased (0.561244 --> 0.543011).  Saving model ...
Updating learning rate to 7.4953331591774735e-06
	iters: 100, epoch: 12 | loss: 0.5900088
	speed: 0.2002s/iter; left time: 28039.9519s
	iters: 200, epoch: 12 | loss: 0.5876272
	speed: 0.0413s/iter; left time: 5780.5129s
	iters: 300, epoch: 12 | loss: 0.5504814
	speed: 0.0414s/iter; left time: 5789.8186s
	iters: 400, epoch: 12 | loss: 0.5580562
	speed: 0.0415s/iter; left time: 5798.5837s
Epoch: 12 cost time: 20.61276388168335
[2025-05-29 01:49:43] [32mIntermediate result: 0.57359487  (Index 11)[0m
Epoch: 12, Steps: 485 | Train Loss: 0.5561653 Vali Loss: 0.5343198 Test Loss: 0.5735949
Validation loss decreased (0.543011 --> 0.534320).  Saving model ...
Updating learning rate to 8.150005391710294e-06
	iters: 100, epoch: 13 | loss: 0.6445861
	speed: 0.2029s/iter; left time: 28327.4685s
	iters: 200, epoch: 13 | loss: 0.5088086
	speed: 0.0412s/iter; left time: 5740.9192s
	iters: 300, epoch: 13 | loss: 0.5659318
	speed: 0.0414s/iter; left time: 5764.0410s
	iters: 400, epoch: 13 | loss: 0.5908473
	speed: 0.0415s/iter; left time: 5776.1655s
Epoch: 13 cost time: 20.665088891983032
[2025-05-29 01:50:16] [32mIntermediate result: 0.5609353  (Index 12)[0m
Epoch: 13, Steps: 485 | Train Loss: 0.5451217 Vali Loss: 0.5194002 Test Loss: 0.5609353
Validation loss decreased (0.534320 --> 0.519400).  Saving model ...
Updating learning rate to 8.858104535791307e-06
	iters: 100, epoch: 14 | loss: 0.6018953
	speed: 0.2027s/iter; left time: 28195.5166s
	iters: 200, epoch: 14 | loss: 0.5807578
	speed: 0.0408s/iter; left time: 5674.3291s
	iters: 300, epoch: 14 | loss: 0.5364280
	speed: 0.0415s/iter; left time: 5760.7666s
	iters: 400, epoch: 14 | loss: 0.5956555
	speed: 0.0411s/iter; left time: 5701.8486s
Epoch: 14 cost time: 20.4888436794281
[2025-05-29 01:50:48] [32mIntermediate result: 0.5541427  (Index 13)[0m
Epoch: 14, Steps: 485 | Train Loss: 0.5344956 Vali Loss: 0.5129356 Test Loss: 0.5541427
Validation loss decreased (0.519400 --> 0.512936).  Saving model ...
Updating learning rate to 9.618767842161884e-06
	iters: 100, epoch: 15 | loss: 0.5490634
	speed: 0.2017s/iter; left time: 27951.6629s
	iters: 200, epoch: 15 | loss: 0.5621890
	speed: 0.0413s/iter; left time: 5716.4812s
	iters: 300, epoch: 15 | loss: 0.5640961
	speed: 0.0412s/iter; left time: 5696.3357s
	iters: 400, epoch: 15 | loss: 0.5419501
	speed: 0.0414s/iter; left time: 5727.3329s
Epoch: 15 cost time: 20.635493516921997
[2025-05-29 01:51:21] [32mIntermediate result: 0.543631  (Index 14)[0m
Epoch: 15, Steps: 485 | Train Loss: 0.5241156 Vali Loss: 0.4988413 Test Loss: 0.5436310
Validation loss decreased (0.512936 --> 0.498841).  Saving model ...
Updating learning rate to 1.0431068517294468e-05
	iters: 100, epoch: 16 | loss: 0.5519485
	speed: 0.2001s/iter; left time: 27632.7325s
	iters: 200, epoch: 16 | loss: 0.6050706
	speed: 0.0411s/iter; left time: 5673.1442s
	iters: 300, epoch: 16 | loss: 0.4817481
	speed: 0.0416s/iter; left time: 5734.9743s
	iters: 400, epoch: 16 | loss: 0.4745729
	speed: 0.0415s/iter; left time: 5721.8276s
Epoch: 16 cost time: 20.553322315216064
[2025-05-29 01:51:53] [32mIntermediate result: 0.5413467  (Index 15)[0m
Epoch: 16, Steps: 485 | Train Loss: 0.5152084 Vali Loss: 0.4949061 Test Loss: 0.5413467
Validation loss decreased (0.498841 --> 0.494906).  Saving model ...
Updating learning rate to 1.1294016852599385e-05
	iters: 100, epoch: 17 | loss: 0.4819750
	speed: 0.2022s/iter; left time: 27830.0674s
	iters: 200, epoch: 17 | loss: 0.4917500
	speed: 0.0412s/iter; left time: 5662.2070s
	iters: 300, epoch: 17 | loss: 0.5311105
	speed: 0.0412s/iter; left time: 5666.6445s
	iters: 400, epoch: 17 | loss: 0.4294589
	speed: 0.0417s/iter; left time: 5720.4595s
Epoch: 17 cost time: 20.550914525985718
[2025-05-29 01:52:26] [32mIntermediate result: 0.5329257  (Index 16)[0m
Epoch: 17, Steps: 485 | Train Loss: 0.5066541 Vali Loss: 0.4848205 Test Loss: 0.5329257
Validation loss decreased (0.494906 --> 0.484820).  Saving model ...
Updating learning rate to 1.220656143028758e-05
	iters: 100, epoch: 18 | loss: 0.5431175
	speed: 0.2022s/iter; left time: 27737.6027s
	iters: 200, epoch: 18 | loss: 0.4683444
	speed: 0.0409s/iter; left time: 5606.3827s
	iters: 300, epoch: 18 | loss: 0.4995877
	speed: 0.0409s/iter; left time: 5605.6893s
	iters: 400, epoch: 18 | loss: 0.5405986
	speed: 0.0410s/iter; left time: 5614.6433s
Epoch: 18 cost time: 20.491599082946777
[2025-05-29 01:52:58] [32mIntermediate result: 0.52486783  (Index 17)[0m
Epoch: 18, Steps: 485 | Train Loss: 0.4987234 Vali Loss: 0.4743466 Test Loss: 0.5248678
Validation loss decreased (0.484820 --> 0.474347).  Saving model ...
Updating learning rate to 1.3167590404419911e-05
	iters: 100, epoch: 19 | loss: 0.5291474
	speed: 0.2021s/iter; left time: 27616.0744s
	iters: 200, epoch: 19 | loss: 0.5204598
	speed: 0.0409s/iter; left time: 5587.7130s
	iters: 300, epoch: 19 | loss: 0.4865339
	speed: 0.0413s/iter; left time: 5642.5455s
	iters: 400, epoch: 19 | loss: 0.5154912
	speed: 0.0418s/iter; left time: 5693.5493s
Epoch: 19 cost time: 20.58406949043274
[2025-05-29 01:53:31] [32mIntermediate result: 0.5222275  (Index 18)[0m
Epoch: 19, Steps: 485 | Train Loss: 0.4921949 Vali Loss: 0.4759647 Test Loss: 0.5222275
EarlyStopping counter: 1 out of 20
Updating learning rate to 1.417593285558227e-05
	iters: 100, epoch: 20 | loss: 0.4396859
	speed: 0.2036s/iter; left time: 27732.8844s
	iters: 200, epoch: 20 | loss: 0.4717543
	speed: 0.0405s/iter; left time: 5507.9415s
	iters: 300, epoch: 20 | loss: 0.5002225
	speed: 0.0405s/iter; left time: 5503.9145s
	iters: 400, epoch: 20 | loss: 0.4398599
	speed: 0.0414s/iter; left time: 5619.4864s
Epoch: 20 cost time: 20.421319246292114
[2025-05-29 01:54:03] [32mIntermediate result: 0.5129176  (Index 19)[0m
Epoch: 20, Steps: 485 | Train Loss: 0.4836021 Vali Loss: 0.4600771 Test Loss: 0.5129176
Validation loss decreased (0.474347 --> 0.460077).  Saving model ...
Updating learning rate to 1.5230360217535814e-05
	iters: 100, epoch: 21 | loss: 0.4227170
	speed: 0.2021s/iter; left time: 27419.6902s
	iters: 200, epoch: 21 | loss: 0.5136299
	speed: 0.0407s/iter; left time: 5521.0892s
	iters: 300, epoch: 21 | loss: 0.4673846
	speed: 0.0405s/iter; left time: 5490.7978s
	iters: 400, epoch: 21 | loss: 0.5135117
	speed: 0.0408s/iter; left time: 5521.1386s
Epoch: 21 cost time: 20.345762968063354
[2025-05-29 01:54:36] [32mIntermediate result: 0.5129835  (Index 20)[0m
Epoch: 21, Steps: 485 | Train Loss: 0.4767489 Vali Loss: 0.4615992 Test Loss: 0.5129835
EarlyStopping counter: 1 out of 20
Updating learning rate to 1.6329587774104317e-05
	iters: 100, epoch: 22 | loss: 0.4920298
	speed: 0.2037s/iter; left time: 27548.0059s
	iters: 200, epoch: 22 | loss: 0.4356032
	speed: 0.0409s/iter; left time: 5524.0888s
	iters: 300, epoch: 22 | loss: 0.4942510
	speed: 0.0408s/iter; left time: 5505.5708s
	iters: 400, epoch: 22 | loss: 0.4366902
	speed: 0.0410s/iter; left time: 5537.9972s
Epoch: 22 cost time: 20.472225427627563
[2025-05-29 01:55:09] [32mIntermediate result: 0.5026433  (Index 21)[0m
Epoch: 22, Steps: 485 | Train Loss: 0.4692000 Vali Loss: 0.4525705 Test Loss: 0.5026433
Validation loss decreased (0.460077 --> 0.452571).  Saving model ...
Updating learning rate to 1.7472276224474634e-05
	iters: 100, epoch: 23 | loss: 0.5138644
	speed: 0.2037s/iter; left time: 27450.1461s
	iters: 200, epoch: 23 | loss: 0.4541979
	speed: 0.0410s/iter; left time: 5523.3420s
	iters: 300, epoch: 23 | loss: 0.4896736
	speed: 0.0410s/iter; left time: 5512.1628s
	iters: 400, epoch: 23 | loss: 0.4405118
	speed: 0.0412s/iter; left time: 5532.7196s
Epoch: 23 cost time: 20.520010232925415
[2025-05-29 01:55:41] [32mIntermediate result: 0.5101961  (Index 22)[0m
Epoch: 23, Steps: 485 | Train Loss: 0.4628995 Vali Loss: 0.4508753 Test Loss: 0.5101961
Validation loss decreased (0.452571 --> 0.450875).  Saving model ...
Updating learning rate to 1.8657033315003135e-05
	iters: 100, epoch: 24 | loss: 0.4856972
	speed: 0.2013s/iter; left time: 27024.9625s
	iters: 200, epoch: 24 | loss: 0.4357088
	speed: 0.0412s/iter; left time: 5529.2464s
	iters: 300, epoch: 24 | loss: 0.4119652
	speed: 0.0414s/iter; left time: 5546.1415s
	iters: 400, epoch: 24 | loss: 0.4362884
	speed: 0.0408s/iter; left time: 5469.5957s
Epoch: 24 cost time: 20.549285411834717
[2025-05-29 01:56:14] [32mIntermediate result: 0.4969121  (Index 23)[0m
Epoch: 24, Steps: 485 | Train Loss: 0.4546875 Vali Loss: 0.4392394 Test Loss: 0.4969121
Validation loss decreased (0.450875 --> 0.439239).  Saving model ...
Updating learning rate to 1.9882415535540137e-05
	iters: 100, epoch: 25 | loss: 0.4966543
	speed: 0.2029s/iter; left time: 27142.6744s
	iters: 200, epoch: 25 | loss: 0.4377271
	speed: 0.0409s/iter; left time: 5468.7549s
	iters: 300, epoch: 25 | loss: 0.4298060
	speed: 0.0408s/iter; left time: 5447.0788s
	iters: 400, epoch: 25 | loss: 0.4079745
	speed: 0.0414s/iter; left time: 5523.5724s
Epoch: 25 cost time: 20.527204275131226
[2025-05-29 01:56:46] [32mIntermediate result: 0.47844148  (Index 24)[0m
Epoch: 25, Steps: 485 | Train Loss: 0.4483881 Vali Loss: 0.4298963 Test Loss: 0.4784415
Validation loss decreased (0.439239 --> 0.429896).  Saving model ...
Updating learning rate to 2.1146929878205134e-05
	iters: 100, epoch: 26 | loss: 0.4072337
	speed: 0.2037s/iter; left time: 27141.7963s
	iters: 200, epoch: 26 | loss: 0.4816928
	speed: 0.0417s/iter; left time: 5553.1653s
	iters: 300, epoch: 26 | loss: 0.4332227
	speed: 0.0415s/iter; left time: 5516.0113s
	iters: 400, epoch: 26 | loss: 0.4774227
	speed: 0.0408s/iter; left time: 5426.4349s
Epoch: 26 cost time: 20.619507312774658
[2025-05-29 01:57:19] [32mIntermediate result: 0.47357965  (Index 25)[0m
Epoch: 26, Steps: 485 | Train Loss: 0.4399301 Vali Loss: 0.4210977 Test Loss: 0.4735796
Validation loss decreased (0.429896 --> 0.421098).  Saving model ...
Updating learning rate to 2.244903565647036e-05
	iters: 100, epoch: 27 | loss: 0.4986691
	speed: 0.2027s/iter; left time: 26921.7094s
	iters: 200, epoch: 27 | loss: 0.3791634
	speed: 0.0418s/iter; left time: 5551.3138s
	iters: 300, epoch: 27 | loss: 0.4500280
	speed: 0.0415s/iter; left time: 5502.3253s
	iters: 400, epoch: 27 | loss: 0.4172308
	speed: 0.0418s/iter; left time: 5541.2423s
Epoch: 27 cost time: 20.65642213821411
[2025-05-29 01:57:52] [32mIntermediate result: 0.47776455  (Index 26)[0m
Epoch: 27, Steps: 485 | Train Loss: 0.4337621 Vali Loss: 0.4189258 Test Loss: 0.4777645
Validation loss decreased (0.421098 --> 0.418926).  Saving model ...
Updating learning rate to 2.378714638233588e-05
	iters: 100, epoch: 28 | loss: 0.4080681
	speed: 0.2038s/iter; left time: 26968.9794s
	iters: 200, epoch: 28 | loss: 0.4396624
	speed: 0.0414s/iter; left time: 5477.1100s
	iters: 300, epoch: 28 | loss: 0.4180841
	speed: 0.0415s/iter; left time: 5476.6551s
	iters: 400, epoch: 28 | loss: 0.4400216
	speed: 0.0415s/iter; left time: 5472.1645s
Epoch: 28 cost time: 20.664007902145386
[2025-05-29 01:58:25] [32mIntermediate result: 0.47272736  (Index 27)[0m
Epoch: 28, Steps: 485 | Train Loss: 0.4249227 Vali Loss: 0.4141302 Test Loss: 0.4727274
Validation loss decreased (0.418926 --> 0.414130).  Saving model ...
Updating learning rate to 2.5159631699309514e-05
	iters: 100, epoch: 29 | loss: 0.4292967
	speed: 0.2035s/iter; left time: 26830.2264s
	iters: 200, epoch: 29 | loss: 0.4474317
	speed: 0.0409s/iter; left time: 5392.4493s
	iters: 300, epoch: 29 | loss: 0.3889149
	speed: 0.0409s/iter; left time: 5387.7282s
	iters: 400, epoch: 29 | loss: 0.3621255
	speed: 0.0408s/iter; left time: 5370.7148s
Epoch: 29 cost time: 20.410818338394165
[2025-05-29 01:58:57] [32mIntermediate result: 0.46496642  (Index 28)[0m
Epoch: 29, Steps: 485 | Train Loss: 0.4170610 Vali Loss: 0.4138010 Test Loss: 0.4649664
Validation loss decreased (0.414130 --> 0.413801).  Saving model ...
Updating learning rate to 2.6564819368836017e-05
	iters: 100, epoch: 30 | loss: 0.4481924
	speed: 0.2019s/iter; left time: 26513.6598s
	iters: 200, epoch: 30 | loss: 0.3656492
	speed: 0.0408s/iter; left time: 5356.6449s
	iters: 300, epoch: 30 | loss: 0.4054075
	speed: 0.0407s/iter; left time: 5331.7252s
	iters: 400, epoch: 30 | loss: 0.3829793
	speed: 0.0409s/iter; left time: 5362.6804s
Epoch: 30 cost time: 20.44605803489685
[2025-05-29 01:59:30] [32mIntermediate result: 0.4536344  (Index 29)[0m
Epoch: 30, Steps: 485 | Train Loss: 0.4136853 Vali Loss: 0.3994800 Test Loss: 0.4536344
Validation loss decreased (0.413801 --> 0.399480).  Saving model ...
Updating learning rate to 2.8000997307755534e-05
	iters: 100, epoch: 31 | loss: 0.4100210
	speed: 0.2042s/iter; left time: 26726.0425s
	iters: 200, epoch: 31 | loss: 0.4016670
	speed: 0.0403s/iter; left time: 5274.2112s
	iters: 300, epoch: 31 | loss: 0.3745182
	speed: 0.0405s/iter; left time: 5291.9068s
	iters: 400, epoch: 31 | loss: 0.4279290
	speed: 0.0404s/iter; left time: 5271.9552s
Epoch: 31 cost time: 20.336586952209473
[2025-05-29 02:00:02] [32mIntermediate result: 0.44959846  (Index 30)[0m
Epoch: 31, Steps: 485 | Train Loss: 0.4054473 Vali Loss: 0.3939186 Test Loss: 0.4495985
Validation loss decreased (0.399480 --> 0.393919).  Saving model ...
Updating learning rate to 2.946641567430878e-05
	iters: 100, epoch: 32 | loss: 0.3905215
	speed: 0.2031s/iter; left time: 26471.0498s
	iters: 200, epoch: 32 | loss: 0.3854233
	speed: 0.0407s/iter; left time: 5306.6637s
	iters: 300, epoch: 32 | loss: 0.4161712
	speed: 0.0408s/iter; left time: 5315.1237s
	iters: 400, epoch: 32 | loss: 0.4123303
	speed: 0.0410s/iter; left time: 5334.1872s
Epoch: 32 cost time: 20.507874011993408
[2025-05-29 02:00:35] [32mIntermediate result: 0.44253555  (Index 31)[0m
Epoch: 32, Steps: 485 | Train Loss: 0.3983844 Vali Loss: 0.3857445 Test Loss: 0.4425355
Validation loss decreased (0.393919 --> 0.385744).  Saving model ...
Updating learning rate to 3.095928900014737e-05
	iters: 100, epoch: 33 | loss: 0.3704798
	speed: 0.2029s/iter; left time: 26347.9201s
	iters: 200, epoch: 33 | loss: 0.3796018
	speed: 0.0408s/iter; left time: 5295.0662s
	iters: 300, epoch: 33 | loss: 0.4332075
	speed: 0.0413s/iter; left time: 5349.5150s
	iters: 400, epoch: 33 | loss: 0.3783897
	speed: 0.0418s/iter; left time: 5421.3620s
Epoch: 33 cost time: 20.625097036361694
[2025-05-29 02:01:08] [32mIntermediate result: 0.4369445  (Index 32)[0m
Epoch: 33, Steps: 485 | Train Loss: 0.3939336 Vali Loss: 0.3781747 Test Loss: 0.4369445
Validation loss decreased (0.385744 --> 0.378175).  Saving model ...
Updating learning rate to 3.2477798365751555e-05
	iters: 100, epoch: 34 | loss: 0.3881962
	speed: 0.2034s/iter; left time: 26313.4235s
	iters: 200, epoch: 34 | loss: 0.3175843
	speed: 0.0411s/iter; left time: 5311.9545s
	iters: 300, epoch: 34 | loss: 0.4519272
	speed: 0.0412s/iter; left time: 5326.3219s
	iters: 400, epoch: 34 | loss: 0.3351431
	speed: 0.0409s/iter; left time: 5276.4252s
Epoch: 34 cost time: 20.49734878540039
[2025-05-29 02:01:40] [32mIntermediate result: 0.44709098  (Index 33)[0m
Epoch: 34, Steps: 485 | Train Loss: 0.3912499 Vali Loss: 0.3863103 Test Loss: 0.4470910
EarlyStopping counter: 1 out of 20
Updating learning rate to 3.4020093616605126e-05
	iters: 100, epoch: 35 | loss: 0.4256150
	speed: 0.2015s/iter; left time: 25974.6443s
	iters: 200, epoch: 35 | loss: 0.3331837
	speed: 0.0412s/iter; left time: 5302.2685s
	iters: 300, epoch: 35 | loss: 0.3982781
	speed: 0.0410s/iter; left time: 5278.2869s
	iters: 400, epoch: 35 | loss: 0.4481158
	speed: 0.0406s/iter; left time: 5224.4171s
Epoch: 35 cost time: 20.377556562423706
[2025-05-29 02:02:12] [32mIntermediate result: 0.43283683  (Index 34)[0m
Epoch: 35, Steps: 485 | Train Loss: 0.3843076 Vali Loss: 0.3796669 Test Loss: 0.4328368
EarlyStopping counter: 2 out of 20
Updating learning rate to 3.5584295617426876e-05
	iters: 100, epoch: 36 | loss: 0.3708902
	speed: 0.2005s/iter; left time: 25744.0270s
	iters: 200, epoch: 36 | loss: 0.3849766
	speed: 0.0410s/iter; left time: 5259.6495s
	iters: 300, epoch: 36 | loss: 0.3668519
	speed: 0.0413s/iter; left time: 5292.6426s
	iters: 400, epoch: 36 | loss: 0.3434237
	speed: 0.0413s/iter; left time: 5287.9541s
Epoch: 36 cost time: 20.483515977859497
[2025-05-29 02:02:45] [32mIntermediate result: 0.42268118  (Index 35)[0m
Epoch: 36, Steps: 485 | Train Loss: 0.3804278 Vali Loss: 0.3682944 Test Loss: 0.4226812
Validation loss decreased (0.378175 --> 0.368294).  Saving model ...
Updating learning rate to 3.7168498541712437e-05
	iters: 100, epoch: 37 | loss: 0.3836765
	speed: 0.2013s/iter; left time: 25757.5927s
	iters: 200, epoch: 37 | loss: 0.3772225
	speed: 0.0411s/iter; left time: 5257.2779s
	iters: 300, epoch: 37 | loss: 0.3832058
	speed: 0.0413s/iter; left time: 5281.2035s
	iters: 400, epoch: 37 | loss: 0.3650719
	speed: 0.0403s/iter; left time: 5146.7420s
Epoch: 37 cost time: 20.451468467712402
[2025-05-29 02:03:17] [32mIntermediate result: 0.42366242  (Index 36)[0m
Epoch: 37, Steps: 485 | Train Loss: 0.3760691 Vali Loss: 0.3706464 Test Loss: 0.4236624
EarlyStopping counter: 1 out of 20
Updating learning rate to 3.877077219379667e-05
	iters: 100, epoch: 38 | loss: 0.3854738
	speed: 0.1996s/iter; left time: 25440.1101s
	iters: 200, epoch: 38 | loss: 0.3322269
	speed: 0.0409s/iter; left time: 5212.3127s
	iters: 300, epoch: 38 | loss: 0.3571939
	speed: 0.0406s/iter; left time: 5164.9269s
	iters: 400, epoch: 38 | loss: 0.3668163
	speed: 0.0405s/iter; left time: 5152.8305s
Epoch: 38 cost time: 20.29223132133484
[2025-05-29 02:03:49] [32mIntermediate result: 0.4305345  (Index 37)[0m
Epoch: 38, Steps: 485 | Train Loss: 0.3758100 Vali Loss: 0.3768601 Test Loss: 0.4305345
EarlyStopping counter: 2 out of 20
Updating learning rate to 4.038916436060743e-05
	iters: 100, epoch: 39 | loss: 0.4205692
	speed: 0.1999s/iter; left time: 25387.4793s
	iters: 200, epoch: 39 | loss: 0.3935276
	speed: 0.0411s/iter; left time: 5218.8599s
	iters: 300, epoch: 39 | loss: 0.3299881
	speed: 0.0412s/iter; left time: 5218.1560s
	iters: 400, epoch: 39 | loss: 0.4085039
	speed: 0.0413s/iter; left time: 5232.2373s
Epoch: 39 cost time: 20.51453685760498
[2025-05-29 02:04:22] [32mIntermediate result: 0.41665143  (Index 38)[0m
Epoch: 39, Steps: 485 | Train Loss: 0.3697038 Vali Loss: 0.3585899 Test Loss: 0.4166514
Validation loss decreased (0.368294 --> 0.358590).  Saving model ...
Updating learning rate to 4.20217031902456e-05
	iters: 100, epoch: 40 | loss: 0.3780353
	speed: 0.2041s/iter; left time: 25813.0572s
	iters: 200, epoch: 40 | loss: 0.3916689
	speed: 0.0410s/iter; left time: 5184.4324s
	iters: 300, epoch: 40 | loss: 0.3373645
	speed: 0.0403s/iter; left time: 5083.9408s
	iters: 400, epoch: 40 | loss: 0.3393019
	speed: 0.0405s/iter; left time: 5113.2836s
Epoch: 40 cost time: 20.476783990859985
[2025-05-29 02:04:54] [32mIntermediate result: 0.41411692  (Index 39)[0m
Epoch: 40, Steps: 485 | Train Loss: 0.3656427 Vali Loss: 0.3550144 Test Loss: 0.4141169
Validation loss decreased (0.358590 --> 0.355014).  Saving model ...
Updating learning rate to 4.366639959449279e-05
	iters: 100, epoch: 41 | loss: 0.3941008
	speed: 0.2022s/iter; left time: 25483.4798s
	iters: 200, epoch: 41 | loss: 0.3104414
	speed: 0.0411s/iter; left time: 5170.0065s
	iters: 300, epoch: 41 | loss: 0.3167556
	speed: 0.0409s/iter; left time: 5143.8625s
	iters: 400, epoch: 41 | loss: 0.3709471
	speed: 0.0408s/iter; left time: 5128.3145s
Epoch: 41 cost time: 20.44407081604004
[2025-05-29 02:05:27] [32mIntermediate result: 0.406672  (Index 40)[0m
Epoch: 41, Steps: 485 | Train Loss: 0.3611040 Vali Loss: 0.3526337 Test Loss: 0.4066720
Validation loss decreased (0.355014 --> 0.352634).  Saving model ...
Updating learning rate to 4.5321249672320126e-05
	iters: 100, epoch: 42 | loss: 0.3443796
	speed: 0.2034s/iter; left time: 25525.2829s
	iters: 200, epoch: 42 | loss: 0.3458793
	speed: 0.0406s/iter; left time: 5086.8344s
	iters: 300, epoch: 42 | loss: 0.3405549
	speed: 0.0410s/iter; left time: 5142.0148s
	iters: 400, epoch: 42 | loss: 0.3528881
	speed: 0.0410s/iter; left time: 5134.8799s
Epoch: 42 cost time: 20.496291875839233
[2025-05-29 02:06:00] [32mIntermediate result: 0.4345361  (Index 41)[0m
Epoch: 42, Steps: 485 | Train Loss: 0.3582548 Vali Loss: 0.3706186 Test Loss: 0.4345361
EarlyStopping counter: 1 out of 20
Updating learning rate to 4.698423715144469e-05
	iters: 100, epoch: 43 | loss: 0.3320717
	speed: 0.2024s/iter; left time: 25301.3016s
	iters: 200, epoch: 43 | loss: 0.3393607
	speed: 0.0408s/iter; left time: 5093.8234s
	iters: 300, epoch: 43 | loss: 0.3707789
	speed: 0.0409s/iter; left time: 5104.0607s
	iters: 400, epoch: 43 | loss: 0.3749171
	speed: 0.0410s/iter; left time: 5119.2084s
Epoch: 43 cost time: 20.497711896896362
[2025-05-29 02:06:32] [32mIntermediate result: 0.431727  (Index 42)[0m
Epoch: 43, Steps: 485 | Train Loss: 0.3559972 Vali Loss: 0.3764612 Test Loss: 0.4317270
EarlyStopping counter: 2 out of 20
Updating learning rate to 4.8653335844959356e-05
	iters: 100, epoch: 44 | loss: 0.3560188
	speed: 0.2044s/iter; left time: 25457.5232s
	iters: 200, epoch: 44 | loss: 0.3763309
	speed: 0.0408s/iter; left time: 5079.2725s
	iters: 300, epoch: 44 | loss: 0.3265336
	speed: 0.0415s/iter; left time: 5158.3527s
	iters: 400, epoch: 44 | loss: 0.3220348
	speed: 0.0417s/iter; left time: 5185.0896s
Epoch: 44 cost time: 20.6611647605896
[2025-05-29 02:07:05] [32mIntermediate result: 0.41187388  (Index 43)[0m
Epoch: 44, Steps: 485 | Train Loss: 0.3507807 Vali Loss: 0.3493055 Test Loss: 0.4118739
Validation loss decreased (0.352634 --> 0.349305).  Saving model ...
Updating learning rate to 5.032651212004252e-05
	iters: 100, epoch: 45 | loss: 0.3171290
	speed: 0.2035s/iter; left time: 25243.8942s
	iters: 200, epoch: 45 | loss: 0.3161882
	speed: 0.0410s/iter; left time: 5077.6656s
	iters: 300, epoch: 45 | loss: 0.3442820
	speed: 0.0413s/iter; left time: 5119.1310s
	iters: 400, epoch: 45 | loss: 0.3274800
	speed: 0.0411s/iter; left time: 5091.2910s
Epoch: 45 cost time: 20.59498691558838
[2025-05-29 02:07:38] [32mIntermediate result: 0.4075536  (Index 44)[0m
Epoch: 45, Steps: 485 | Train Loss: 0.3493578 Vali Loss: 0.3523819 Test Loss: 0.4075536
EarlyStopping counter: 1 out of 20
Updating learning rate to 5.2001727375739866e-05
	iters: 100, epoch: 46 | loss: 0.3349167
	speed: 0.2052s/iter; left time: 25361.0709s
	iters: 200, epoch: 46 | loss: 0.3412536
	speed: 0.0405s/iter; left time: 4997.8461s
	iters: 300, epoch: 46 | loss: 0.3435141
	speed: 0.0409s/iter; left time: 5048.5477s
	iters: 400, epoch: 46 | loss: 0.3598689
	speed: 0.0410s/iter; left time: 5057.3693s
Epoch: 46 cost time: 20.481749773025513
[2025-05-29 02:08:11] [32mIntermediate result: 0.39914474  (Index 45)[0m
Epoch: 46, Steps: 485 | Train Loss: 0.3444795 Vali Loss: 0.3406453 Test Loss: 0.3991447
Validation loss decreased (0.349305 --> 0.340645).  Saving model ...
Updating learning rate to 5.367694052679956e-05
	iters: 100, epoch: 47 | loss: 0.3601531
	speed: 0.2051s/iter; left time: 25241.7592s
	iters: 200, epoch: 47 | loss: 0.3531613
	speed: 0.0426s/iter; left time: 5237.6431s
	iters: 300, epoch: 47 | loss: 0.3246069
	speed: 0.0413s/iter; left time: 5075.3990s
	iters: 400, epoch: 47 | loss: 0.3541858
	speed: 0.0415s/iter; left time: 5096.4189s
Epoch: 47 cost time: 20.91026520729065
[2025-05-29 02:08:44] [32mIntermediate result: 0.41691142  (Index 46)[0m
Epoch: 47, Steps: 485 | Train Loss: 0.3404484 Vali Loss: 0.3557547 Test Loss: 0.4169114
EarlyStopping counter: 1 out of 20
Updating learning rate to 5.535011049053398e-05
	iters: 100, epoch: 48 | loss: 0.3124484
	speed: 0.2031s/iter; left time: 24907.3555s
	iters: 200, epoch: 48 | loss: 0.3349199
	speed: 0.0413s/iter; left time: 5062.9961s
	iters: 300, epoch: 48 | loss: 0.3833809
	speed: 0.0415s/iter; left time: 5078.3067s
	iters: 400, epoch: 48 | loss: 0.3326710
	speed: 0.0414s/iter; left time: 5061.4582s
Epoch: 48 cost time: 20.65332818031311
[2025-05-29 02:09:16] [32mIntermediate result: 0.39509276  (Index 47)[0m
Epoch: 48, Steps: 485 | Train Loss: 0.3402589 Vali Loss: 0.3334610 Test Loss: 0.3950928
Validation loss decreased (0.340645 --> 0.333461).  Saving model ...
Updating learning rate to 5.701919867367861e-05
	iters: 100, epoch: 49 | loss: 0.3281217
	speed: 0.2042s/iter; left time: 24938.1186s
	iters: 200, epoch: 49 | loss: 0.3588445
	speed: 0.0407s/iter; left time: 4966.5313s
	iters: 300, epoch: 49 | loss: 0.3348911
	speed: 0.0409s/iter; left time: 4983.5588s
	iters: 400, epoch: 49 | loss: 0.3344922
	speed: 0.0412s/iter; left time: 5018.3611s
Epoch: 49 cost time: 20.451619863510132
[2025-05-29 02:09:49] [32mIntermediate result: 0.3993182  (Index 48)[0m
Epoch: 49, Steps: 485 | Train Loss: 0.3346186 Vali Loss: 0.3425267 Test Loss: 0.3993182
EarlyStopping counter: 1 out of 20
Updating learning rate to 5.868217145621767e-05
	iters: 100, epoch: 50 | loss: 0.3260069
	speed: 0.2029s/iter; left time: 24674.0286s
	iters: 200, epoch: 50 | loss: 0.3490020
	speed: 0.0419s/iter; left time: 5088.7657s
	iters: 300, epoch: 50 | loss: 0.3568139
	speed: 0.0411s/iter; left time: 4995.9811s
	iters: 400, epoch: 50 | loss: 0.3144806
	speed: 0.0404s/iter; left time: 4900.0436s
Epoch: 50 cost time: 20.43939447402954
[2025-05-29 02:10:21] [32mIntermediate result: 0.3941192  (Index 49)[0m
Epoch: 50, Steps: 485 | Train Loss: 0.3310788 Vali Loss: 0.3354963 Test Loss: 0.3941192
EarlyStopping counter: 2 out of 20
Updating learning rate to 6.033700266915039e-05
	iters: 100, epoch: 51 | loss: 0.3380955
	speed: 0.2003s/iter; left time: 24266.5014s
	iters: 200, epoch: 51 | loss: 0.3530234
	speed: 0.0413s/iter; left time: 4995.4118s
	iters: 300, epoch: 51 | loss: 0.3089751
	speed: 0.0415s/iter; left time: 5019.5079s
	iters: 400, epoch: 51 | loss: 0.3156033
	speed: 0.0414s/iter; left time: 5001.5071s
Epoch: 51 cost time: 20.59475564956665
[2025-05-29 02:10:54] [32mIntermediate result: 0.41976136  (Index 50)[0m
Epoch: 51, Steps: 485 | Train Loss: 0.3279477 Vali Loss: 0.3541044 Test Loss: 0.4197614
EarlyStopping counter: 3 out of 20
Updating learning rate to 6.198167606317892e-05
	iters: 100, epoch: 52 | loss: 0.3422430
	speed: 0.2032s/iter; left time: 24523.9169s
	iters: 200, epoch: 52 | loss: 0.3665273
	speed: 0.0411s/iter; left time: 4957.1433s
	iters: 300, epoch: 52 | loss: 0.3720786
	speed: 0.0407s/iter; left time: 4902.9403s
	iters: 400, epoch: 52 | loss: 0.3624537
	speed: 0.0408s/iter; left time: 4914.5345s
Epoch: 52 cost time: 20.474794626235962
[2025-05-29 02:11:26] [32mIntermediate result: 0.38366225  (Index 51)[0m
Epoch: 52, Steps: 485 | Train Loss: 0.3246938 Vali Loss: 0.3282577 Test Loss: 0.3836623
Validation loss decreased (0.333461 --> 0.328258).  Saving model ...
Updating learning rate to 6.361418776530998e-05
	iters: 100, epoch: 53 | loss: 0.3652339
	speed: 0.2015s/iter; left time: 24219.3796s
	iters: 200, epoch: 53 | loss: 0.3412398
	speed: 0.0411s/iter; left time: 4931.3735s
	iters: 300, epoch: 53 | loss: 0.3615849
	speed: 0.0412s/iter; left time: 4947.9853s
	iters: 400, epoch: 53 | loss: 0.3101751
	speed: 0.0411s/iter; left time: 4926.6434s
Epoch: 53 cost time: 20.551501035690308
[2025-05-29 02:11:59] [32mIntermediate result: 0.39222553  (Index 52)[0m
Epoch: 53, Steps: 485 | Train Loss: 0.3217122 Vali Loss: 0.3364752 Test Loss: 0.3922255
EarlyStopping counter: 1 out of 20
Updating learning rate to 6.523254872037749e-05
	iters: 100, epoch: 54 | loss: 0.3312637
	speed: 0.2026s/iter; left time: 24253.4988s
	iters: 200, epoch: 54 | loss: 0.3350299
	speed: 0.0408s/iter; left time: 4884.7060s
	iters: 300, epoch: 54 | loss: 0.2967480
	speed: 0.0407s/iter; left time: 4869.0370s
	iters: 400, epoch: 54 | loss: 0.3095480
	speed: 0.0409s/iter; left time: 4881.3797s
Epoch: 54 cost time: 20.373401403427124
[2025-05-29 02:12:32] [32mIntermediate result: 0.43727854  (Index 53)[0m
Epoch: 54, Steps: 485 | Train Loss: 0.3175424 Vali Loss: 0.3899004 Test Loss: 0.4372785
EarlyStopping counter: 2 out of 20
Updating learning rate to 6.683478711451069e-05
	iters: 100, epoch: 55 | loss: 0.3653667
	speed: 0.2032s/iter; left time: 24220.2912s
	iters: 200, epoch: 55 | loss: 0.2951687
	speed: 0.0410s/iter; left time: 4886.4310s
	iters: 300, epoch: 55 | loss: 0.3029882
	speed: 0.0411s/iter; left time: 4885.6961s
	iters: 400, epoch: 55 | loss: 0.3155002
	speed: 0.0414s/iter; left time: 4919.7862s
Epoch: 55 cost time: 20.564136266708374
[2025-05-29 02:13:04] [32mIntermediate result: 0.37526762  (Index 54)[0m
Epoch: 55, Steps: 485 | Train Loss: 0.3149542 Vali Loss: 0.3149482 Test Loss: 0.3752676
Validation loss decreased (0.328258 --> 0.314948).  Saving model ...
Updating learning rate to 6.841895077759585e-05
	iters: 100, epoch: 56 | loss: 0.3324610
	speed: 0.2003s/iter; left time: 23777.8793s
	iters: 200, epoch: 56 | loss: 0.3079909
	speed: 0.0411s/iter; left time: 4872.6643s
	iters: 300, epoch: 56 | loss: 0.3043442
	speed: 0.0409s/iter; left time: 4843.8034s
	iters: 400, epoch: 56 | loss: 0.3036413
	speed: 0.0411s/iter; left time: 4864.5107s
Epoch: 56 cost time: 20.43058705329895
[2025-05-29 02:13:36] [32mIntermediate result: 0.37292928  (Index 55)[0m
Epoch: 56, Steps: 485 | Train Loss: 0.3100275 Vali Loss: 0.3140094 Test Loss: 0.3729293
Validation loss decreased (0.314948 --> 0.314009).  Saving model ...
Updating learning rate to 6.998310956180372e-05
	iters: 100, epoch: 57 | loss: 0.3224381
	speed: 0.2015s/iter; left time: 23823.3131s
	iters: 200, epoch: 57 | loss: 0.3239090
	speed: 0.0412s/iter; left time: 4862.0416s
	iters: 300, epoch: 57 | loss: 0.2975333
	speed: 0.0408s/iter; left time: 4810.6999s
	iters: 400, epoch: 57 | loss: 0.3041233
	speed: 0.0408s/iter; left time: 4808.8771s
Epoch: 57 cost time: 20.506659030914307
[2025-05-29 02:14:09] [32mIntermediate result: 0.37533182  (Index 56)[0m
Epoch: 57, Steps: 485 | Train Loss: 0.3025875 Vali Loss: 0.3124347 Test Loss: 0.3753318
Validation loss decreased (0.314009 --> 0.312435).  Saving model ...
Updating learning rate to 7.152535769328511e-05
	iters: 100, epoch: 58 | loss: 0.3213690
	speed: 0.2033s/iter; left time: 23939.8253s
	iters: 200, epoch: 58 | loss: 0.3601581
	speed: 0.0411s/iter; left time: 4838.4212s
	iters: 300, epoch: 58 | loss: 0.3058197
	speed: 0.0415s/iter; left time: 4877.3552s
	iters: 400, epoch: 58 | loss: 0.3175465
	speed: 0.0407s/iter; left time: 4785.1310s
Epoch: 58 cost time: 20.49287438392639
[2025-05-29 02:14:42] [32mIntermediate result: 0.37519744  (Index 57)[0m
Epoch: 58, Steps: 485 | Train Loss: 0.3033587 Vali Loss: 0.3181117 Test Loss: 0.3751974
EarlyStopping counter: 1 out of 20
Updating learning rate to 7.30438160941692e-05
	iters: 100, epoch: 59 | loss: 0.3164621
	speed: 0.2029s/iter; left time: 23795.4213s
	iters: 200, epoch: 59 | loss: 0.3169161
	speed: 0.0409s/iter; left time: 4793.4855s
	iters: 300, epoch: 59 | loss: 0.3400161
	speed: 0.0409s/iter; left time: 4789.8648s
	iters: 400, epoch: 59 | loss: 0.3211143
	speed: 0.0409s/iter; left time: 4780.5034s
Epoch: 59 cost time: 20.415085077285767
[2025-05-29 02:15:14] [32mIntermediate result: 0.3620739  (Index 58)[0m
Epoch: 59, Steps: 485 | Train Loss: 0.2988481 Vali Loss: 0.3055123 Test Loss: 0.3620739
Validation loss decreased (0.312435 --> 0.305512).  Saving model ...
Updating learning rate to 7.45366346720352e-05
	iters: 100, epoch: 60 | loss: 0.3000591
	speed: 0.2026s/iter; left time: 23662.1968s
	iters: 200, epoch: 60 | loss: 0.3175884
	speed: 0.0414s/iter; left time: 4827.7025s
	iters: 300, epoch: 60 | loss: 0.2741508
	speed: 0.0408s/iter; left time: 4761.7237s
	iters: 400, epoch: 60 | loss: 0.3030052
	speed: 0.0411s/iter; left time: 4785.4627s
Epoch: 60 cost time: 20.536356449127197
[2025-05-29 02:15:47] [32mIntermediate result: 0.37119365  (Index 59)[0m
Epoch: 60, Steps: 485 | Train Loss: 0.2938468 Vali Loss: 0.3119607 Test Loss: 0.3711936
EarlyStopping counter: 1 out of 20
Updating learning rate to 7.600199457406845e-05
	iters: 100, epoch: 61 | loss: 0.3128508
	speed: 0.2023s/iter; left time: 23531.7246s
	iters: 200, epoch: 61 | loss: 0.3401781
	speed: 0.0408s/iter; left time: 4746.4239s
	iters: 300, epoch: 61 | loss: 0.3497582
	speed: 0.0408s/iter; left time: 4739.0723s
	iters: 400, epoch: 61 | loss: 0.3235704
	speed: 0.0406s/iter; left time: 4706.7111s
Epoch: 61 cost time: 20.407737255096436
[2025-05-29 02:16:19] [32mIntermediate result: 0.35803646  (Index 60)[0m
Epoch: 61, Steps: 485 | Train Loss: 0.2927562 Vali Loss: 0.3018138 Test Loss: 0.3580365
Validation loss decreased (0.305512 --> 0.301814).  Saving model ...
Updating learning rate to 7.743811040315384e-05
	iters: 100, epoch: 62 | loss: 0.2987357
	speed: 0.2042s/iter; left time: 23645.7632s
	iters: 200, epoch: 62 | loss: 0.2669290
	speed: 0.0413s/iter; left time: 4778.8991s
	iters: 300, epoch: 62 | loss: 0.2958880
	speed: 0.0406s/iter; left time: 4690.9804s
	iters: 400, epoch: 62 | loss: 0.3310269
	speed: 0.0414s/iter; left time: 4780.0590s
Epoch: 62 cost time: 20.533059120178223
[2025-05-29 02:16:52] [32mIntermediate result: 0.35596487  (Index 61)[0m
Epoch: 62, Steps: 485 | Train Loss: 0.2889952 Vali Loss: 0.3004957 Test Loss: 0.3559649
Validation loss decreased (0.301814 --> 0.300496).  Saving model ...
Updating learning rate to 7.88432323932068e-05
	iters: 100, epoch: 63 | loss: 0.3098743
	speed: 0.2044s/iter; left time: 23577.5698s
	iters: 200, epoch: 63 | loss: 0.2830005
	speed: 0.0411s/iter; left time: 4732.7716s
	iters: 300, epoch: 63 | loss: 0.2607591
	speed: 0.0410s/iter; left time: 4721.5059s
	iters: 400, epoch: 63 | loss: 0.2886576
	speed: 0.0410s/iter; left time: 4712.1439s
Epoch: 63 cost time: 20.426306009292603
[2025-05-29 02:17:25] [32mIntermediate result: 0.35156336  (Index 62)[0m
Epoch: 63, Steps: 485 | Train Loss: 0.2860337 Vali Loss: 0.2968916 Test Loss: 0.3515634
Validation loss decreased (0.300496 --> 0.296892).  Saving model ...
Updating learning rate to 8.021564854109147e-05
	iters: 100, epoch: 64 | loss: 0.2680336
	speed: 0.2032s/iter; left time: 23337.9111s
	iters: 200, epoch: 64 | loss: 0.3048223
	speed: 0.0410s/iter; left time: 4706.0416s
	iters: 300, epoch: 64 | loss: 0.3029898
	speed: 0.0413s/iter; left time: 4735.4444s
	iters: 400, epoch: 64 | loss: 0.2915367
	speed: 0.0413s/iter; left time: 4730.4118s
Epoch: 64 cost time: 20.562843084335327
[2025-05-29 02:17:57] [32mIntermediate result: 0.35531425  (Index 63)[0m
Epoch: 64, Steps: 485 | Train Loss: 0.2809472 Vali Loss: 0.2959127 Test Loss: 0.3553143
Validation loss decreased (0.296892 --> 0.295913).  Saving model ...
Updating learning rate to 8.155368669252836e-05
	iters: 100, epoch: 65 | loss: 0.2833666
	speed: 0.2015s/iter; left time: 23048.4801s
	iters: 200, epoch: 65 | loss: 0.2379686
	speed: 0.0409s/iter; left time: 4670.6495s
	iters: 300, epoch: 65 | loss: 0.2891704
	speed: 0.0409s/iter; left time: 4665.2727s
	iters: 400, epoch: 65 | loss: 0.2895168
	speed: 0.0412s/iter; left time: 4702.6134s
Epoch: 65 cost time: 20.477558135986328
[2025-05-29 02:18:30] [32mIntermediate result: 0.35453695  (Index 64)[0m
Epoch: 65, Steps: 485 | Train Loss: 0.2795738 Vali Loss: 0.3032538 Test Loss: 0.3545370
EarlyStopping counter: 1 out of 20
Updating learning rate to 8.285571657945003e-05
	iters: 100, epoch: 66 | loss: 0.2785443
	speed: 0.2009s/iter; left time: 22874.1677s
	iters: 200, epoch: 66 | loss: 0.2951764
	speed: 0.0416s/iter; left time: 4731.7682s
	iters: 300, epoch: 66 | loss: 0.2445042
	speed: 0.0412s/iter; left time: 4688.9805s
	iters: 400, epoch: 66 | loss: 0.2702388
	speed: 0.0410s/iter; left time: 4658.0129s
Epoch: 66 cost time: 20.55453658103943
[2025-05-29 02:19:02] [32mIntermediate result: 0.35036123  (Index 65)[0m
Epoch: 66, Steps: 485 | Train Loss: 0.2776445 Vali Loss: 0.2918364 Test Loss: 0.3503612
Validation loss decreased (0.295913 --> 0.291836).  Saving model ...
Updating learning rate to 8.41201518063228e-05
	iters: 100, epoch: 67 | loss: 0.2582126
	speed: 0.2023s/iter; left time: 22934.3991s
	iters: 200, epoch: 67 | loss: 0.2991208
	speed: 0.0412s/iter; left time: 4666.5937s
	iters: 300, epoch: 67 | loss: 0.2430025
	speed: 0.0413s/iter; left time: 4669.5322s
	iters: 400, epoch: 67 | loss: 0.2849107
	speed: 0.0411s/iter; left time: 4651.6700s
Epoch: 67 cost time: 20.541435718536377
[2025-05-29 02:19:35] [32mIntermediate result: 0.35698345  (Index 66)[0m
Epoch: 67, Steps: 485 | Train Loss: 0.2745859 Vali Loss: 0.3013310 Test Loss: 0.3569835
EarlyStopping counter: 1 out of 20
Updating learning rate to 8.534545178301363e-05
	iters: 100, epoch: 68 | loss: 0.2655572
	speed: 0.2033s/iter; left time: 22956.5045s
	iters: 200, epoch: 68 | loss: 0.2844686
	speed: 0.0405s/iter; left time: 4571.5164s
	iters: 300, epoch: 68 | loss: 0.2444416
	speed: 0.0412s/iter; left time: 4648.5039s
	iters: 400, epoch: 68 | loss: 0.2526814
	speed: 0.0413s/iter; left time: 4646.6564s
Epoch: 68 cost time: 20.59323740005493
[2025-05-29 02:20:08] [32mIntermediate result: 0.34434023  (Index 67)[0m
Epoch: 68, Steps: 485 | Train Loss: 0.2702842 Vali Loss: 0.2870738 Test Loss: 0.3443402
Validation loss decreased (0.291836 --> 0.287074).  Saving model ...
Updating learning rate to 8.653012360184817e-05
	iters: 100, epoch: 69 | loss: 0.2532825
	speed: 0.2024s/iter; left time: 22754.2581s
	iters: 200, epoch: 69 | loss: 0.2518371
	speed: 0.0408s/iter; left time: 4578.0186s
	iters: 300, epoch: 69 | loss: 0.2642830
	speed: 0.0409s/iter; left time: 4592.8916s
	iters: 400, epoch: 69 | loss: 0.2607417
	speed: 0.0412s/iter; left time: 4617.7683s
Epoch: 69 cost time: 20.39891004562378
[2025-05-29 02:20:40] [32mIntermediate result: 0.33852103  (Index 68)[0m
Epoch: 69, Steps: 485 | Train Loss: 0.2683082 Vali Loss: 0.2822614 Test Loss: 0.3385210
Validation loss decreased (0.287074 --> 0.282261).  Saving model ...
Updating learning rate to 8.767272385657182e-05
	iters: 100, epoch: 70 | loss: 0.2792832
	speed: 0.2024s/iter; left time: 22655.9529s
	iters: 200, epoch: 70 | loss: 0.2750421
	speed: 0.0411s/iter; left time: 4601.9597s
	iters: 300, epoch: 70 | loss: 0.2441976
	speed: 0.0418s/iter; left time: 4673.7422s
	iters: 400, epoch: 70 | loss: 0.2606862
	speed: 0.0410s/iter; left time: 4575.7816s
Epoch: 70 cost time: 20.547319650650024
[2025-05-29 02:21:13] [32mIntermediate result: 0.3401544  (Index 69)[0m
Epoch: 70, Steps: 485 | Train Loss: 0.2663394 Vali Loss: 0.2791383 Test Loss: 0.3401544
Validation loss decreased (0.282261 --> 0.279138).  Saving model ...
Updating learning rate to 8.877186040099873e-05
	iters: 100, epoch: 71 | loss: 0.2715443
	speed: 0.2022s/iter; left time: 22535.6471s
	iters: 200, epoch: 71 | loss: 0.2610439
	speed: 0.0415s/iter; left time: 4625.5055s
	iters: 300, epoch: 71 | loss: 0.2545616
	speed: 0.0412s/iter; left time: 4588.2513s
	iters: 400, epoch: 71 | loss: 0.2725944
	speed: 0.0406s/iter; left time: 4508.7918s
Epoch: 71 cost time: 20.534964084625244
[2025-05-29 02:21:45] [32mIntermediate result: 0.33495632  (Index 70)[0m
Epoch: 71, Steps: 485 | Train Loss: 0.2632954 Vali Loss: 0.2782203 Test Loss: 0.3349563
Validation loss decreased (0.279138 --> 0.278220).  Saving model ...
Updating learning rate to 8.98261940452051e-05
	iters: 100, epoch: 72 | loss: 0.2394866
	speed: 0.2010s/iter; left time: 22302.2933s
	iters: 200, epoch: 72 | loss: 0.2657743
	speed: 0.0410s/iter; left time: 4548.8097s
	iters: 300, epoch: 72 | loss: 0.2863482
	speed: 0.0414s/iter; left time: 4581.9926s
	iters: 400, epoch: 72 | loss: 0.2725730
	speed: 0.0411s/iter; left time: 4553.1059s
Epoch: 72 cost time: 20.52216100692749
[2025-05-29 02:22:18] [32mIntermediate result: 0.34020653  (Index 71)[0m
Epoch: 72, Steps: 485 | Train Loss: 0.2636153 Vali Loss: 0.2826730 Test Loss: 0.3402065
EarlyStopping counter: 1 out of 20
Updating learning rate to 9.083444018720059e-05
	iters: 100, epoch: 73 | loss: 0.2562922
	speed: 0.2046s/iter; left time: 22604.7817s
	iters: 200, epoch: 73 | loss: 0.2557773
	speed: 0.0420s/iter; left time: 4639.9001s
	iters: 300, epoch: 73 | loss: 0.2384200
	speed: 0.0415s/iter; left time: 4574.7475s
	iters: 400, epoch: 73 | loss: 0.2727792
	speed: 0.0412s/iter; left time: 4537.7238s
Epoch: 73 cost time: 20.858970403671265
[2025-05-29 02:22:51] [32mIntermediate result: 0.34114859  (Index 72)[0m
Epoch: 73, Steps: 485 | Train Loss: 0.2609805 Vali Loss: 0.2846642 Test Loss: 0.3411486
EarlyStopping counter: 2 out of 20
Updating learning rate to 9.17953703780896e-05
	iters: 100, epoch: 74 | loss: 0.2519600
	speed: 0.2030s/iter; left time: 22329.2178s
	iters: 200, epoch: 74 | loss: 0.2728897
	speed: 0.0409s/iter; left time: 4496.8000s
	iters: 300, epoch: 74 | loss: 0.2445958
	speed: 0.0414s/iter; left time: 4547.0691s
	iters: 400, epoch: 74 | loss: 0.2291780
	speed: 0.0415s/iter; left time: 4555.7140s
Epoch: 74 cost time: 20.667317390441895
[2025-05-29 02:23:23] [32mIntermediate result: 0.3288944  (Index 73)[0m
Epoch: 74, Steps: 485 | Train Loss: 0.2573168 Vali Loss: 0.2752626 Test Loss: 0.3288944
Validation loss decreased (0.278220 --> 0.275263).  Saving model ...
Updating learning rate to 9.270781381881569e-05
	iters: 100, epoch: 75 | loss: 0.2603416
	speed: 0.2038s/iter; left time: 22316.8291s
	iters: 200, epoch: 75 | loss: 0.2569465
	speed: 0.0418s/iter; left time: 4571.7847s
	iters: 300, epoch: 75 | loss: 0.2323149
	speed: 0.0421s/iter; left time: 4603.9397s
	iters: 400, epoch: 75 | loss: 0.2516550
	speed: 0.0406s/iter; left time: 4428.5691s
Epoch: 75 cost time: 20.678170442581177
[2025-05-29 02:23:56] [32mIntermediate result: 0.3278877  (Index 74)[0m
Epoch: 75, Steps: 485 | Train Loss: 0.2551214 Vali Loss: 0.2717180 Test Loss: 0.3278877
Validation loss decreased (0.275263 --> 0.271718).  Saving model ...
Updating learning rate to 9.35706587866652e-05
	iters: 100, epoch: 76 | loss: 0.2277211
	speed: 0.2032s/iter; left time: 22153.9425s
	iters: 200, epoch: 76 | loss: 0.2450580
	speed: 0.0408s/iter; left time: 4440.8418s
	iters: 300, epoch: 76 | loss: 0.3091018
	speed: 0.0406s/iter; left time: 4419.6725s
	iters: 400, epoch: 76 | loss: 0.2412432
	speed: 0.0414s/iter; left time: 4501.5017s
Epoch: 76 cost time: 20.48868441581726
[2025-05-29 02:24:29] [32mIntermediate result: 0.35423958  (Index 75)[0m
Epoch: 76, Steps: 485 | Train Loss: 0.2545922 Vali Loss: 0.2978927 Test Loss: 0.3542396
EarlyStopping counter: 1 out of 20
Updating learning rate to 9.438285398979214e-05
	iters: 100, epoch: 77 | loss: 0.2520239
	speed: 0.2015s/iter; left time: 21873.5609s
	iters: 200, epoch: 77 | loss: 0.2595475
	speed: 0.0409s/iter; left time: 4432.6193s
	iters: 300, epoch: 77 | loss: 0.2431009
	speed: 0.0407s/iter; left time: 4411.2005s
	iters: 400, epoch: 77 | loss: 0.2463279
	speed: 0.0409s/iter; left time: 4422.5561s
Epoch: 77 cost time: 20.426941394805908
[2025-05-29 02:25:01] [32mIntermediate result: 0.3205252  (Index 76)[0m
Epoch: 77, Steps: 485 | Train Loss: 0.2508264 Vali Loss: 0.2637658 Test Loss: 0.3205252
Validation loss decreased (0.271718 --> 0.263766).  Saving model ...
Updating learning rate to 9.514340984811417e-05
	iters: 100, epoch: 78 | loss: 0.2523141
	speed: 0.2042s/iter; left time: 22061.4223s
	iters: 200, epoch: 78 | loss: 0.2376831
	speed: 0.0413s/iter; left time: 4463.3279s
	iters: 300, epoch: 78 | loss: 0.2482166
	speed: 0.0416s/iter; left time: 4483.0152s
	iters: 400, epoch: 78 | loss: 0.2838973
	speed: 0.0414s/iter; left time: 4456.5913s
Epoch: 78 cost time: 20.667600870132446
[2025-05-29 02:25:34] [32mIntermediate result: 0.332868  (Index 77)[0m
Epoch: 78, Steps: 485 | Train Loss: 0.2477148 Vali Loss: 0.2727091 Test Loss: 0.3328680
EarlyStopping counter: 1 out of 20
Updating learning rate to 9.585139969901854e-05
	iters: 100, epoch: 79 | loss: 0.2437769
	speed: 0.2025s/iter; left time: 21787.4429s
	iters: 200, epoch: 79 | loss: 0.2515940
	speed: 0.0413s/iter; left time: 4440.3765s
	iters: 300, epoch: 79 | loss: 0.2565199
	speed: 0.0414s/iter; left time: 4439.9465s
	iters: 400, epoch: 79 | loss: 0.2423836
	speed: 0.0414s/iter; left time: 4439.1983s
Epoch: 79 cost time: 20.60353183746338
[2025-05-29 02:26:07] [32mIntermediate result: 0.31864575  (Index 78)[0m
Epoch: 79, Steps: 485 | Train Loss: 0.2488726 Vali Loss: 0.2609844 Test Loss: 0.3186457
Validation loss decreased (0.263766 --> 0.260984).  Saving model ...
Updating learning rate to 9.65059609264097e-05
	iters: 100, epoch: 80 | loss: 0.2462804
	speed: 0.2030s/iter; left time: 21741.0706s
	iters: 200, epoch: 80 | loss: 0.2312864
	speed: 0.0420s/iter; left time: 4489.3383s
	iters: 300, epoch: 80 | loss: 0.2369791
	speed: 0.0410s/iter; left time: 4386.3347s
	iters: 400, epoch: 80 | loss: 0.2339037
	speed: 0.0411s/iter; left time: 4389.4389s
Epoch: 80 cost time: 20.647210359573364
[2025-05-29 02:26:39] [32mIntermediate result: 0.32516077  (Index 79)[0m
Epoch: 80, Steps: 485 | Train Loss: 0.2453619 Vali Loss: 0.2693853 Test Loss: 0.3251608
EarlyStopping counter: 1 out of 20
Updating learning rate to 9.71062960117221e-05
	iters: 100, epoch: 81 | loss: 0.2941581
	speed: 0.2024s/iter; left time: 21573.6457s
	iters: 200, epoch: 81 | loss: 0.2141748
	speed: 0.0415s/iter; left time: 4423.6085s
	iters: 300, epoch: 81 | loss: 0.2126180
	speed: 0.0415s/iter; left time: 4414.9589s
	iters: 400, epoch: 81 | loss: 0.2364114
	speed: 0.0411s/iter; left time: 4364.6285s
Epoch: 81 cost time: 20.705692052841187
[2025-05-29 02:27:12] [32mIntermediate result: 0.32461634  (Index 80)[0m
Epoch: 81, Steps: 485 | Train Loss: 0.2439182 Vali Loss: 0.2699457 Test Loss: 0.3246163
EarlyStopping counter: 2 out of 20
Updating learning rate to 9.765167350561829e-05
	iters: 100, epoch: 82 | loss: 0.2539963
	speed: 0.2013s/iter; left time: 21357.6175s
	iters: 200, epoch: 82 | loss: 0.2361709
	speed: 0.0414s/iter; left time: 4387.5197s
	iters: 300, epoch: 82 | loss: 0.2382655
	speed: 0.0419s/iter; left time: 4440.8107s
	iters: 400, epoch: 82 | loss: 0.2507603
	speed: 0.0419s/iter; left time: 4433.8655s
Epoch: 82 cost time: 20.771896839141846
[2025-05-29 02:27:45] [32mIntermediate result: 0.32300946  (Index 81)[0m
Epoch: 82, Steps: 485 | Train Loss: 0.2406346 Vali Loss: 0.2624574 Test Loss: 0.3230095
EarlyStopping counter: 3 out of 20
Updating learning rate to 9.814142891918817e-05
	iters: 100, epoch: 83 | loss: 0.2209518
	speed: 0.2038s/iter; left time: 21525.0591s
	iters: 200, epoch: 83 | loss: 0.2420950
	speed: 0.0416s/iter; left time: 4389.9440s
	iters: 300, epoch: 83 | loss: 0.2453362
	speed: 0.0415s/iter; left time: 4371.6925s
	iters: 400, epoch: 83 | loss: 0.2062524
	speed: 0.0417s/iter; left time: 4393.6373s
Epoch: 83 cost time: 20.778632640838623
[2025-05-29 02:28:18] [32mIntermediate result: 0.32110766  (Index 82)[0m
Epoch: 83, Steps: 485 | Train Loss: 0.2391599 Vali Loss: 0.2698514 Test Loss: 0.3211077
EarlyStopping counter: 4 out of 20
Updating learning rate to 9.857496553356333e-05
	iters: 100, epoch: 84 | loss: 0.2419348
	speed: 0.2017s/iter; left time: 21208.5341s
	iters: 200, epoch: 84 | loss: 0.2272524
	speed: 0.0413s/iter; left time: 4337.2799s
	iters: 300, epoch: 84 | loss: 0.2510466
	speed: 0.0415s/iter; left time: 4351.2385s
	iters: 400, epoch: 84 | loss: 0.2531156
	speed: 0.0418s/iter; left time: 4381.8642s
Epoch: 84 cost time: 20.635486364364624
[2025-05-29 02:28:50] [32mIntermediate result: 0.3200224  (Index 83)[0m
Epoch: 84, Steps: 485 | Train Loss: 0.2395745 Vali Loss: 0.2607311 Test Loss: 0.3200224
Validation loss decreased (0.260984 --> 0.260731).  Saving model ...
Updating learning rate to 9.895175512696051e-05
	iters: 100, epoch: 85 | loss: 0.2466929
	speed: 0.2042s/iter; left time: 21371.9974s
	iters: 200, epoch: 85 | loss: 0.2417753
	speed: 0.0415s/iter; left time: 4343.8329s
	iters: 300, epoch: 85 | loss: 0.2120700
	speed: 0.0419s/iter; left time: 4375.7840s
	iters: 400, epoch: 85 | loss: 0.2199091
	speed: 0.0417s/iter; left time: 4349.5209s
Epoch: 85 cost time: 20.726281881332397
[2025-05-29 02:29:23] [32mIntermediate result: 0.32007036  (Index 84)[0m
Epoch: 85, Steps: 485 | Train Loss: 0.2366707 Vali Loss: 0.2591640 Test Loss: 0.3200704
Validation loss decreased (0.260731 --> 0.259164).  Saving model ...
Updating learning rate to 9.927133861826787e-05
	iters: 100, epoch: 86 | loss: 0.2342965
	speed: 0.2015s/iter; left time: 20987.2298s
	iters: 200, epoch: 86 | loss: 0.2189035
	speed: 0.0411s/iter; left time: 4280.5912s
	iters: 300, epoch: 86 | loss: 0.2571454
	speed: 0.0414s/iter; left time: 4300.1557s
	iters: 400, epoch: 86 | loss: 0.2207490
	speed: 0.0419s/iter; left time: 4348.7396s
Epoch: 86 cost time: 20.646159648895264
[2025-05-29 02:29:56] [32mIntermediate result: 0.3121036  (Index 85)[0m
Epoch: 86, Steps: 485 | Train Loss: 0.2363142 Vali Loss: 0.2571297 Test Loss: 0.3121036
Validation loss decreased (0.259164 --> 0.257130).  Saving model ...
Updating learning rate to 9.953332662639027e-05
	iters: 100, epoch: 87 | loss: 0.2304380
	speed: 0.2033s/iter; left time: 21077.2116s
	iters: 200, epoch: 87 | loss: 0.2464135
	speed: 0.0408s/iter; left time: 4223.5944s
	iters: 300, epoch: 87 | loss: 0.2565976
	speed: 0.0417s/iter; left time: 4313.2564s
	iters: 400, epoch: 87 | loss: 0.2363741
	speed: 0.0410s/iter; left time: 4234.7196s
Epoch: 87 cost time: 20.595551013946533
[2025-05-29 02:30:28] [32mIntermediate result: 0.31338578  (Index 86)[0m
Epoch: 87, Steps: 485 | Train Loss: 0.2331773 Vali Loss: 0.2552432 Test Loss: 0.3133858
Validation loss decreased (0.257130 --> 0.255243).  Saving model ...
Updating learning rate to 9.973739994467186e-05
	iters: 100, epoch: 88 | loss: 0.2353871
	speed: 0.2040s/iter; left time: 21055.3595s
	iters: 200, epoch: 88 | loss: 0.2272667
	speed: 0.0410s/iter; left time: 4226.5295s
	iters: 300, epoch: 88 | loss: 0.2297834
	speed: 0.0413s/iter; left time: 4250.5840s
	iters: 400, epoch: 88 | loss: 0.2247135
	speed: 0.0410s/iter; left time: 4217.0926s
Epoch: 88 cost time: 20.49653935432434
[2025-05-29 02:31:01] [32mIntermediate result: 0.3151611  (Index 87)[0m
Epoch: 88, Steps: 485 | Train Loss: 0.2319853 Vali Loss: 0.2561990 Test Loss: 0.3151611
EarlyStopping counter: 1 out of 20
Updating learning rate to 9.988330992981814e-05
	iters: 100, epoch: 89 | loss: 0.2035004
	speed: 0.2014s/iter; left time: 20683.3563s
	iters: 200, epoch: 89 | loss: 0.2369744
	speed: 0.0409s/iter; left time: 4195.2921s
	iters: 300, epoch: 89 | loss: 0.2247876
	speed: 0.0406s/iter; left time: 4164.9445s
	iters: 400, epoch: 89 | loss: 0.2206774
	speed: 0.0411s/iter; left time: 4211.1432s
Epoch: 89 cost time: 20.3539719581604
[2025-05-29 02:31:33] [32mIntermediate result: 0.32709235  (Index 88)[0m
Epoch: 89, Steps: 485 | Train Loss: 0.2285688 Vali Loss: 0.2656805 Test Loss: 0.3270923
EarlyStopping counter: 2 out of 20
Updating learning rate to 9.997087880484326e-05
	iters: 100, epoch: 90 | loss: 0.2361323
	speed: 0.2022s/iter; left time: 20670.2877s
	iters: 200, epoch: 90 | loss: 0.2379895
	speed: 0.0409s/iter; left time: 4176.7404s
	iters: 300, epoch: 90 | loss: 0.2216683
	speed: 0.0409s/iter; left time: 4173.5876s
	iters: 400, epoch: 90 | loss: 0.2484365
	speed: 0.0411s/iter; left time: 4191.8788s
Epoch: 90 cost time: 20.453675508499146
[2025-05-29 02:32:06] [32mIntermediate result: 0.3153941  (Index 89)[0m
Epoch: 90, Steps: 485 | Train Loss: 0.2297865 Vali Loss: 0.2563655 Test Loss: 0.3153941
EarlyStopping counter: 3 out of 20
Updating learning rate to 9.99999999762143e-05
	iters: 100, epoch: 91 | loss: 0.2447349
	speed: 0.2039s/iter; left time: 20746.7207s
	iters: 200, epoch: 91 | loss: 0.2600630
	speed: 0.0410s/iter; left time: 4163.2192s
	iters: 300, epoch: 91 | loss: 0.2279511
	speed: 0.0418s/iter; left time: 4243.2002s
	iters: 400, epoch: 91 | loss: 0.2462590
	speed: 0.0418s/iter; left time: 4235.8919s
Epoch: 91 cost time: 20.703003406524658
[2025-05-29 02:32:39] [32mIntermediate result: 0.3085379  (Index 90)[0m
Epoch: 91, Steps: 485 | Train Loss: 0.2279263 Vali Loss: 0.2544739 Test Loss: 0.3085379
Validation loss decreased (0.255243 --> 0.254474).  Saving model ...
Updating learning rate to 9.999438201784117e-05
	iters: 100, epoch: 92 | loss: 0.2268869
	speed: 0.2023s/iter; left time: 20485.4298s
	iters: 200, epoch: 92 | loss: 0.2037160
	speed: 0.0412s/iter; left time: 4163.4809s
	iters: 300, epoch: 92 | loss: 0.2183118
	speed: 0.0409s/iter; left time: 4137.8426s
	iters: 400, epoch: 92 | loss: 0.2151247
	speed: 0.0415s/iter; left time: 4192.5081s
Epoch: 92 cost time: 20.568323850631714
[2025-05-29 02:33:11] [32mIntermediate result: 0.32537454  (Index 91)[0m
Epoch: 92, Steps: 485 | Train Loss: 0.2259688 Vali Loss: 0.2660380 Test Loss: 0.3253745
EarlyStopping counter: 1 out of 20
Updating learning rate to 9.99775755425387e-05
	iters: 100, epoch: 93 | loss: 0.2154765
	speed: 0.2026s/iter; left time: 20421.2798s
	iters: 200, epoch: 93 | loss: 0.2345093
	speed: 0.0415s/iter; left time: 4181.5391s
	iters: 300, epoch: 93 | loss: 0.2158974
	speed: 0.0418s/iter; left time: 4199.2922s
	iters: 400, epoch: 93 | loss: 0.1964098
	speed: 0.0417s/iter; left time: 4193.3046s
Epoch: 93 cost time: 20.73777985572815
[2025-05-29 02:33:44] [32mIntermediate result: 0.30595666  (Index 92)[0m
Epoch: 93, Steps: 485 | Train Loss: 0.2245540 Vali Loss: 0.2500832 Test Loss: 0.3059567
Validation loss decreased (0.254474 --> 0.250083).  Saving model ...
Updating learning rate to 9.994958431153523e-05
	iters: 100, epoch: 94 | loss: 0.2392902
	speed: 0.2028s/iter; left time: 20339.5505s
	iters: 200, epoch: 94 | loss: 0.2119134
	speed: 0.0426s/iter; left time: 4271.4549s
	iters: 300, epoch: 94 | loss: 0.2093436
	speed: 0.0426s/iter; left time: 4260.1617s
	iters: 400, epoch: 94 | loss: 0.2638221
	speed: 0.0408s/iter; left time: 4083.7333s
Epoch: 94 cost time: 20.813856601715088
[2025-05-29 02:34:17] [32mIntermediate result: 0.31774634  (Index 93)[0m
Epoch: 94, Steps: 485 | Train Loss: 0.2228427 Vali Loss: 0.2599157 Test Loss: 0.3177463
EarlyStopping counter: 1 out of 20
Updating learning rate to 9.991041458916695e-05
	iters: 100, epoch: 95 | loss: 0.2731656
	speed: 0.2013s/iter; left time: 20090.3151s
	iters: 200, epoch: 95 | loss: 0.2218824
	speed: 0.0413s/iter; left time: 4120.7833s
	iters: 300, epoch: 95 | loss: 0.2161151
	speed: 0.0412s/iter; left time: 4105.5450s
	iters: 400, epoch: 95 | loss: 0.2068483
	speed: 0.0419s/iter; left time: 4164.7493s
Epoch: 95 cost time: 20.614075660705566
[2025-05-29 02:34:50] [32mIntermediate result: 0.31691024  (Index 94)[0m
Epoch: 95, Steps: 485 | Train Loss: 0.2209751 Vali Loss: 0.2605066 Test Loss: 0.3169102
EarlyStopping counter: 2 out of 20
Updating learning rate to 9.986007514147587e-05
	iters: 100, epoch: 96 | loss: 0.2213542
	speed: 0.2042s/iter; left time: 20281.4744s
	iters: 200, epoch: 96 | loss: 0.2213648
	speed: 0.0416s/iter; left time: 4122.8578s
	iters: 300, epoch: 96 | loss: 0.2008822
	speed: 0.0418s/iter; left time: 4138.8432s
	iters: 400, epoch: 96 | loss: 0.2184485
	speed: 0.0417s/iter; left time: 4127.4582s
Epoch: 96 cost time: 20.699705362319946
[2025-05-29 02:35:23] [32mIntermediate result: 0.30391207  (Index 95)[0m
Epoch: 96, Steps: 485 | Train Loss: 0.2204060 Vali Loss: 0.2472029 Test Loss: 0.3039121
Validation loss decreased (0.250083 --> 0.247203).  Saving model ...
Updating learning rate to 9.979857723424815e-05
	iters: 100, epoch: 97 | loss: 0.2174316
	speed: 0.2031s/iter; left time: 20075.8497s
	iters: 200, epoch: 97 | loss: 0.2034628
	speed: 0.0412s/iter; left time: 4065.5421s
	iters: 300, epoch: 97 | loss: 0.1978302
	speed: 0.0414s/iter; left time: 4085.9668s
	iters: 400, epoch: 97 | loss: 0.2087655
	speed: 0.0415s/iter; left time: 4088.9061s
Epoch: 97 cost time: 20.61953592300415
[2025-05-29 02:35:55] [32mIntermediate result: 0.30653244  (Index 96)[0m
Epoch: 97, Steps: 485 | Train Loss: 0.2197474 Vali Loss: 0.2502674 Test Loss: 0.3065324
EarlyStopping counter: 1 out of 20
Updating learning rate to 9.972593463049275e-05
	iters: 100, epoch: 98 | loss: 0.2237860
	speed: 0.2009s/iter; left time: 19759.5874s
	iters: 200, epoch: 98 | loss: 0.2236887
	speed: 0.0410s/iter; left time: 4030.8985s
	iters: 300, epoch: 98 | loss: 0.2051121
	speed: 0.0418s/iter; left time: 4101.5956s
	iters: 400, epoch: 98 | loss: 0.2070390
	speed: 0.0411s/iter; left time: 4030.8737s
Epoch: 98 cost time: 20.53660559654236
[2025-05-29 02:36:28] [32mIntermediate result: 0.30387214  (Index 97)[0m
Epoch: 98, Steps: 485 | Train Loss: 0.2183866 Vali Loss: 0.2449121 Test Loss: 0.3038721
Validation loss decreased (0.247203 --> 0.244912).  Saving model ...
Updating learning rate to 9.96421635873614e-05
	iters: 100, epoch: 99 | loss: 0.2124102
	speed: 0.2019s/iter; left time: 19757.1511s
	iters: 200, epoch: 99 | loss: 0.1954788
	speed: 0.0410s/iter; left time: 4004.2663s
	iters: 300, epoch: 99 | loss: 0.1952550
	speed: 0.0418s/iter; left time: 4081.7322s
	iters: 400, epoch: 99 | loss: 0.2713003
	speed: 0.0413s/iter; left time: 4031.7719s
Epoch: 99 cost time: 20.590179443359375
[2025-05-29 02:37:00] [32mIntermediate result: 0.3011787  (Index 98)[0m
Epoch: 99, Steps: 485 | Train Loss: 0.2159719 Vali Loss: 0.2461097 Test Loss: 0.3011787
EarlyStopping counter: 1 out of 20
Updating learning rate to 9.954728285251025e-05
	iters: 100, epoch: 100 | loss: 0.2372045
	speed: 0.2026s/iter; left time: 19734.2716s
	iters: 200, epoch: 100 | loss: 0.2214747
	speed: 0.0410s/iter; left time: 3989.9691s
	iters: 300, epoch: 100 | loss: 0.2231558
	speed: 0.0412s/iter; left time: 4002.7866s
	iters: 400, epoch: 100 | loss: 0.2498511
	speed: 0.0413s/iter; left time: 4013.2101s
Epoch: 100 cost time: 20.606324911117554
[2025-05-29 02:37:33] [32mIntermediate result: 0.30168104  (Index 99)[0m
Epoch: 100, Steps: 485 | Train Loss: 0.2170454 Vali Loss: 0.2428652 Test Loss: 0.3016810
Validation loss decreased (0.244912 --> 0.242865).  Saving model ...
Updating learning rate to 9.944131365990424e-05
	iters: 100, epoch: 101 | loss: 0.2278520
	speed: 0.2022s/iter; left time: 19597.4909s
	iters: 200, epoch: 101 | loss: 0.2186989
	speed: 0.0413s/iter; left time: 4001.4921s
	iters: 300, epoch: 101 | loss: 0.2046598
	speed: 0.0413s/iter; left time: 3998.2488s
	iters: 400, epoch: 101 | loss: 0.2438886
	speed: 0.0411s/iter; left time: 3969.4141s
Epoch: 101 cost time: 20.595993041992188
[2025-05-29 02:38:06] [32mIntermediate result: 0.2976773  (Index 100)[0m
Epoch: 101, Steps: 485 | Train Loss: 0.2140992 Vali Loss: 0.2420626 Test Loss: 0.2976773
Validation loss decreased (0.242865 --> 0.242063).  Saving model ...
Updating learning rate to 9.932427972506502e-05
	iters: 100, epoch: 102 | loss: 0.2255559
	speed: 0.2021s/iter; left time: 19483.7434s
	iters: 200, epoch: 102 | loss: 0.2338582
	speed: 0.0411s/iter; left time: 3955.1655s
	iters: 300, epoch: 102 | loss: 0.2122677
	speed: 0.0422s/iter; left time: 4063.2414s
	iters: 400, epoch: 102 | loss: 0.2301744
	speed: 0.0412s/iter; left time: 3960.3396s
Epoch: 102 cost time: 20.555289030075073
[2025-05-29 02:38:38] [32mIntermediate result: 0.30585605  (Index 101)[0m
Epoch: 102, Steps: 485 | Train Loss: 0.2133455 Vali Loss: 0.2459617 Test Loss: 0.3058560
EarlyStopping counter: 1 out of 20
Updating learning rate to 9.919620723976345e-05
	iters: 100, epoch: 103 | loss: 0.2214588
	speed: 0.2010s/iter; left time: 19282.3255s
	iters: 200, epoch: 103 | loss: 0.1965975
	speed: 0.0415s/iter; left time: 3976.8399s
	iters: 300, epoch: 103 | loss: 0.2402388
	speed: 0.0410s/iter; left time: 3920.2975s
	iters: 400, epoch: 103 | loss: 0.2441641
	speed: 0.0408s/iter; left time: 3900.2773s
Epoch: 103 cost time: 20.491812705993652
[2025-05-29 02:39:11] [32mIntermediate result: 0.30558068  (Index 102)[0m
Epoch: 103, Steps: 485 | Train Loss: 0.2119290 Vali Loss: 0.2470712 Test Loss: 0.3055807
EarlyStopping counter: 2 out of 20
Updating learning rate to 9.905712486615809e-05
	iters: 100, epoch: 104 | loss: 0.2017490
	speed: 0.2019s/iter; left time: 19274.7799s
	iters: 200, epoch: 104 | loss: 0.1862617
	speed: 0.0418s/iter; left time: 3989.5438s
	iters: 300, epoch: 104 | loss: 0.2249209
	speed: 0.0403s/iter; left time: 3837.7182s
	iters: 400, epoch: 104 | loss: 0.2001314
	speed: 0.0401s/iter; left time: 3816.3548s
Epoch: 104 cost time: 20.539143085479736
[2025-05-29 02:39:43] [32mIntermediate result: 0.30573937  (Index 103)[0m
Epoch: 104, Steps: 485 | Train Loss: 0.2115524 Vali Loss: 0.2503368 Test Loss: 0.3057394
EarlyStopping counter: 3 out of 20
Updating learning rate to 9.890706373038057e-05
	iters: 100, epoch: 105 | loss: 0.2253767
	speed: 0.2037s/iter; left time: 19343.6142s
	iters: 200, epoch: 105 | loss: 0.2183989
	speed: 0.0417s/iter; left time: 3958.8104s
	iters: 300, epoch: 105 | loss: 0.2082577
	speed: 0.0414s/iter; left time: 3921.2814s
	iters: 400, epoch: 105 | loss: 0.2102968
	speed: 0.0407s/iter; left time: 3853.4230s
Epoch: 105 cost time: 20.494619131088257
[2025-05-29 02:40:16] [32mIntermediate result: 0.3053914  (Index 104)[0m
Epoch: 105, Steps: 485 | Train Loss: 0.2103220 Vali Loss: 0.2475402 Test Loss: 0.3053914
EarlyStopping counter: 4 out of 20
Updating learning rate to 9.874605741556978e-05
	iters: 100, epoch: 106 | loss: 0.2110276
	speed: 0.2030s/iter; left time: 19180.4191s
	iters: 200, epoch: 106 | loss: 0.2213144
	speed: 0.0404s/iter; left time: 3816.9267s
	iters: 300, epoch: 106 | loss: 0.1970085
	speed: 0.0409s/iter; left time: 3855.8571s
	iters: 400, epoch: 106 | loss: 0.1983926
	speed: 0.0410s/iter; left time: 3863.0243s
Epoch: 106 cost time: 20.381646394729614
[2025-05-29 02:40:48] [32mIntermediate result: 0.30362973  (Index 105)[0m
Epoch: 106, Steps: 485 | Train Loss: 0.2099398 Vali Loss: 0.2427632 Test Loss: 0.3036297
EarlyStopping counter: 5 out of 20
Updating learning rate to 9.857414195435603e-05
	iters: 100, epoch: 107 | loss: 0.2179379
	speed: 0.2022s/iter; left time: 19007.7466s
	iters: 200, epoch: 107 | loss: 0.2061976
	speed: 0.0413s/iter; left time: 3876.8977s
	iters: 300, epoch: 107 | loss: 0.2032920
	speed: 0.0413s/iter; left time: 3876.1022s
	iters: 400, epoch: 107 | loss: 0.2060052
	speed: 0.0410s/iter; left time: 3844.6715s
Epoch: 107 cost time: 20.604321718215942
[2025-05-29 02:41:21] [32mIntermediate result: 0.3045877  (Index 106)[0m
Epoch: 107, Steps: 485 | Train Loss: 0.2074028 Vali Loss: 0.2462887 Test Loss: 0.3045877
EarlyStopping counter: 6 out of 20
Updating learning rate to 9.839135582079716e-05
	iters: 100, epoch: 108 | loss: 0.2026064
	speed: 0.2021s/iter; left time: 18894.3307s
	iters: 200, epoch: 108 | loss: 0.2224250
	speed: 0.0407s/iter; left time: 3806.2643s
	iters: 300, epoch: 108 | loss: 0.1890405
	speed: 0.0409s/iter; left time: 3814.9326s
	iters: 400, epoch: 108 | loss: 0.1950147
	speed: 0.0407s/iter; left time: 3793.4555s
Epoch: 108 cost time: 20.389257192611694
[2025-05-29 02:41:53] [32mIntermediate result: 0.29699093  (Index 107)[0m
Epoch: 108, Steps: 485 | Train Loss: 0.2068844 Vali Loss: 0.2380091 Test Loss: 0.2969909
Validation loss decreased (0.242063 --> 0.238009).  Saving model ...
Updating learning rate to 9.8197739921768e-05
	iters: 100, epoch: 109 | loss: 0.2170164
	speed: 0.2031s/iter; left time: 18890.4544s
	iters: 200, epoch: 109 | loss: 0.1977334
	speed: 0.0408s/iter; left time: 3786.5716s
	iters: 300, epoch: 109 | loss: 0.2287627
	speed: 0.0408s/iter; left time: 3787.6666s
	iters: 400, epoch: 109 | loss: 0.2136687
	speed: 0.0412s/iter; left time: 3821.5909s
Epoch: 109 cost time: 20.434287071228027
[2025-05-29 02:42:26] [32mIntermediate result: 0.29392883  (Index 108)[0m
Epoch: 109, Steps: 485 | Train Loss: 0.2068466 Vali Loss: 0.2368407 Test Loss: 0.2939288
Validation loss decreased (0.238009 --> 0.236841).  Saving model ...
Updating learning rate to 9.799333758780582e-05
	iters: 100, epoch: 110 | loss: 0.2032871
	speed: 0.2028s/iter; left time: 18768.7382s
	iters: 200, epoch: 110 | loss: 0.2231034
	speed: 0.0406s/iter; left time: 3754.7094s
	iters: 300, epoch: 110 | loss: 0.1734972
	speed: 0.0409s/iter; left time: 3780.0869s
	iters: 400, epoch: 110 | loss: 0.1849185
	speed: 0.0415s/iter; left time: 3830.5493s
Epoch: 110 cost time: 20.441324949264526
[2025-05-29 02:42:58] [32mIntermediate result: 0.29644707  (Index 109)[0m
Epoch: 110, Steps: 485 | Train Loss: 0.2048445 Vali Loss: 0.2379998 Test Loss: 0.2964471
EarlyStopping counter: 1 out of 20
Updating learning rate to 9.777819456341289e-05
	iters: 100, epoch: 111 | loss: 0.2074627
	speed: 0.2016s/iter; left time: 18554.7214s
	iters: 200, epoch: 111 | loss: 0.1954665
	speed: 0.0410s/iter; left time: 3770.9667s
	iters: 300, epoch: 111 | loss: 0.1893788
	speed: 0.0410s/iter; left time: 3761.3605s
	iters: 400, epoch: 111 | loss: 0.2207833
	speed: 0.0408s/iter; left time: 3743.0115s
Epoch: 111 cost time: 20.484261512756348
[2025-05-29 02:43:31] [32mIntermediate result: 0.29363614  (Index 110)[0m
Epoch: 111, Steps: 485 | Train Loss: 0.2040351 Vali Loss: 0.2400957 Test Loss: 0.2936361
EarlyStopping counter: 2 out of 20
Updating learning rate to 9.755235899681915e-05
	iters: 100, epoch: 112 | loss: 0.1907656
	speed: 0.2018s/iter; left time: 18482.4071s
	iters: 200, epoch: 112 | loss: 0.1978442
	speed: 0.0416s/iter; left time: 3804.4313s
	iters: 300, epoch: 112 | loss: 0.2095845
	speed: 0.0411s/iter; left time: 3757.2067s
	iters: 400, epoch: 112 | loss: 0.1996975
	speed: 0.0409s/iter; left time: 3736.3070s
Epoch: 112 cost time: 20.551933526992798
[2025-05-29 02:44:04] [32mIntermediate result: 0.30289426  (Index 111)[0m
Epoch: 112, Steps: 485 | Train Loss: 0.2027098 Vali Loss: 0.2428946 Test Loss: 0.3028943
EarlyStopping counter: 3 out of 20
Updating learning rate to 9.731588142920671e-05
	iters: 100, epoch: 113 | loss: 0.2038193
	speed: 0.2032s/iter; left time: 18504.1599s
	iters: 200, epoch: 113 | loss: 0.1859908
	speed: 0.0415s/iter; left time: 3775.8628s
	iters: 300, epoch: 113 | loss: 0.1942504
	speed: 0.0417s/iter; left time: 3792.1758s
	iters: 400, epoch: 113 | loss: 0.1960906
	speed: 0.0408s/iter; left time: 3705.9722s
Epoch: 113 cost time: 20.58966875076294
[2025-05-29 02:44:36] [32mIntermediate result: 0.30152097  (Index 112)[0m
Epoch: 113, Steps: 485 | Train Loss: 0.2042986 Vali Loss: 0.2405083 Test Loss: 0.3015210
EarlyStopping counter: 4 out of 20
Updating learning rate to 9.706881478339906e-05
	iters: 100, epoch: 114 | loss: 0.1839845
	speed: 0.2031s/iter; left time: 18397.5720s
	iters: 200, epoch: 114 | loss: 0.2037495
	speed: 0.0409s/iter; left time: 3702.5343s
	iters: 300, epoch: 114 | loss: 0.1920269
	speed: 0.0409s/iter; left time: 3701.1766s
	iters: 400, epoch: 114 | loss: 0.1855971
	speed: 0.0412s/iter; left time: 3721.2487s
Epoch: 114 cost time: 20.523040294647217
[2025-05-29 02:45:09] [32mIntermediate result: 0.30579406  (Index 113)[0m
Epoch: 114, Steps: 485 | Train Loss: 0.2011803 Vali Loss: 0.2488942 Test Loss: 0.3057941
EarlyStopping counter: 5 out of 20
Updating learning rate to 9.681121435201703e-05
	iters: 100, epoch: 115 | loss: 0.2057456
	speed: 0.2026s/iter; left time: 18254.8702s
	iters: 200, epoch: 115 | loss: 0.2184376
	speed: 0.0418s/iter; left time: 3759.2097s
	iters: 300, epoch: 115 | loss: 0.2058302
	speed: 0.0408s/iter; left time: 3671.4134s
	iters: 400, epoch: 115 | loss: 0.1935543
	speed: 0.0414s/iter; left time: 3718.6500s
Epoch: 115 cost time: 20.639955282211304
[2025-05-29 02:45:42] [32mIntermediate result: 0.30088985  (Index 114)[0m
Epoch: 115, Steps: 485 | Train Loss: 0.1999007 Vali Loss: 0.2409708 Test Loss: 0.3008898
EarlyStopping counter: 6 out of 20
Updating learning rate to 9.654313778510447e-05
	iters: 100, epoch: 116 | loss: 0.2203296
	speed: 0.2027s/iter; left time: 18167.7007s
	iters: 200, epoch: 116 | loss: 0.2238320
	speed: 0.0412s/iter; left time: 3690.7046s
	iters: 300, epoch: 116 | loss: 0.1993049
	speed: 0.0416s/iter; left time: 3724.2119s
	iters: 400, epoch: 116 | loss: 0.2007959
	speed: 0.0409s/iter; left time: 3657.6948s
Epoch: 116 cost time: 20.628156423568726
[2025-05-29 02:46:14] [32mIntermediate result: 0.2910432  (Index 115)[0m
Epoch: 116, Steps: 485 | Train Loss: 0.1999358 Vali Loss: 0.2324717 Test Loss: 0.2910432
Validation loss decreased (0.236841 --> 0.232472).  Saving model ...
Updating learning rate to 9.626464507722648e-05
	iters: 100, epoch: 117 | loss: 0.2136941
	speed: 0.2051s/iter; left time: 18283.1432s
	iters: 200, epoch: 117 | loss: 0.2218371
	speed: 0.0411s/iter; left time: 3659.6939s
	iters: 300, epoch: 117 | loss: 0.1921105
	speed: 0.0413s/iter; left time: 3675.9505s
	iters: 400, epoch: 117 | loss: 0.2019740
	speed: 0.0412s/iter; left time: 3662.1186s
Epoch: 117 cost time: 20.591878652572632
[2025-05-29 02:46:47] [32mIntermediate result: 0.29355744  (Index 116)[0m
Epoch: 117, Steps: 485 | Train Loss: 0.1993633 Vali Loss: 0.2361521 Test Loss: 0.2935574
EarlyStopping counter: 1 out of 20
Updating learning rate to 9.597579855404281e-05
	iters: 100, epoch: 118 | loss: 0.2085778
	speed: 0.2025s/iter; left time: 17956.4771s
	iters: 200, epoch: 118 | loss: 0.2405545
	speed: 0.0408s/iter; left time: 3614.0509s
	iters: 300, epoch: 118 | loss: 0.1903208
	speed: 0.0408s/iter; left time: 3604.6670s
	iters: 400, epoch: 118 | loss: 0.2060148
	speed: 0.0406s/iter; left time: 3589.3854s
Epoch: 118 cost time: 20.459031105041504
[2025-05-29 02:47:20] [32mIntermediate result: 0.3105334  (Index 117)[0m
Epoch: 118, Steps: 485 | Train Loss: 0.1980681 Vali Loss: 0.2512983 Test Loss: 0.3105334
EarlyStopping counter: 2 out of 20
Updating learning rate to 9.567666285835956e-05
	iters: 100, epoch: 119 | loss: 0.2070370
	speed: 0.2021s/iter; left time: 17820.1300s
	iters: 200, epoch: 119 | loss: 0.1893439
	speed: 0.0412s/iter; left time: 3631.6424s
	iters: 300, epoch: 119 | loss: 0.1931652
	speed: 0.0404s/iter; left time: 3551.9742s
	iters: 400, epoch: 119 | loss: 0.1891367
	speed: 0.0414s/iter; left time: 3637.0565s
Epoch: 119 cost time: 20.52368927001953
[2025-05-29 02:47:52] [32mIntermediate result: 0.2955586  (Index 118)[0m
Epoch: 119, Steps: 485 | Train Loss: 0.1964011 Vali Loss: 0.2342373 Test Loss: 0.2955586
EarlyStopping counter: 3 out of 20
Updating learning rate to 9.536730493566237e-05
	iters: 100, epoch: 120 | loss: 0.1902135
	speed: 0.2023s/iter; left time: 17740.4801s
	iters: 200, epoch: 120 | loss: 0.2152040
	speed: 0.0410s/iter; left time: 3591.0128s
	iters: 300, epoch: 120 | loss: 0.2042605
	speed: 0.0407s/iter; left time: 3557.3539s
	iters: 400, epoch: 120 | loss: 0.2082091
	speed: 0.0414s/iter; left time: 3620.5742s
Epoch: 120 cost time: 20.50805425643921
[2025-05-29 02:48:25] [32mIntermediate result: 0.29330167  (Index 119)[0m
Epoch: 120, Steps: 485 | Train Loss: 0.1970064 Vali Loss: 0.2375750 Test Loss: 0.2933017
EarlyStopping counter: 4 out of 20
Updating learning rate to 9.50477940191343e-05
	iters: 100, epoch: 121 | loss: 0.1989357
	speed: 0.2021s/iter; left time: 17621.2610s
	iters: 200, epoch: 121 | loss: 0.1765508
	speed: 0.0415s/iter; left time: 3611.0392s
	iters: 300, epoch: 121 | loss: 0.1864204
	speed: 0.0410s/iter; left time: 3567.7437s
	iters: 400, epoch: 121 | loss: 0.1857186
	speed: 0.0412s/iter; left time: 3578.1910s
Epoch: 121 cost time: 20.597362756729126
[2025-05-29 02:48:57] [32mIntermediate result: 0.29630867  (Index 120)[0m
Epoch: 121, Steps: 485 | Train Loss: 0.1958649 Vali Loss: 0.2370608 Test Loss: 0.2963087
EarlyStopping counter: 5 out of 20
Updating learning rate to 9.471820161416168e-05
	iters: 100, epoch: 122 | loss: 0.1752370
	speed: 0.2019s/iter; left time: 17510.1803s
	iters: 200, epoch: 122 | loss: 0.2070915
	speed: 0.0410s/iter; left time: 3549.1367s
	iters: 300, epoch: 122 | loss: 0.2200627
	speed: 0.0412s/iter; left time: 3561.6214s
	iters: 400, epoch: 122 | loss: 0.1837072
	speed: 0.0412s/iter; left time: 3557.6170s
Epoch: 122 cost time: 20.594776391983032
[2025-05-29 02:49:30] [32mIntermediate result: 0.29335687  (Index 121)[0m
Epoch: 122, Steps: 485 | Train Loss: 0.1959672 Vali Loss: 0.2354398 Test Loss: 0.2933569
EarlyStopping counter: 6 out of 20
Updating learning rate to 9.437860148233143e-05
	iters: 100, epoch: 123 | loss: 0.1962465
	speed: 0.2015s/iter; left time: 17373.0503s
	iters: 200, epoch: 123 | loss: 0.1869203
	speed: 0.0409s/iter; left time: 3525.6697s
	iters: 300, epoch: 123 | loss: 0.2085439
	speed: 0.0405s/iter; left time: 3486.7429s
	iters: 400, epoch: 123 | loss: 0.1755098
	speed: 0.0409s/iter; left time: 3515.8356s
Epoch: 123 cost time: 20.415746212005615
[2025-05-29 02:50:02] [32mIntermediate result: 0.2867848  (Index 122)[0m
Epoch: 123, Steps: 485 | Train Loss: 0.1946689 Vali Loss: 0.2289545 Test Loss: 0.2867848
Validation loss decreased (0.232472 --> 0.228954).  Saving model ...
Updating learning rate to 9.402906962492352e-05
	iters: 100, epoch: 124 | loss: 0.1842556
	speed: 0.2016s/iter; left time: 17286.0271s
	iters: 200, epoch: 124 | loss: 0.1864277
	speed: 0.0408s/iter; left time: 3497.9520s
	iters: 300, epoch: 124 | loss: 0.1911358
	speed: 0.0402s/iter; left time: 3434.7297s
	iters: 400, epoch: 124 | loss: 0.2124977
	speed: 0.0404s/iter; left time: 3454.9882s
Epoch: 124 cost time: 20.326144456863403
[2025-05-29 02:50:34] [32mIntermediate result: 0.29115576  (Index 123)[0m
Epoch: 124, Steps: 485 | Train Loss: 0.1943813 Vali Loss: 0.2351374 Test Loss: 0.2911558
EarlyStopping counter: 1 out of 20
Updating learning rate to 9.366968426590212e-05
	iters: 100, epoch: 125 | loss: 0.1937198
	speed: 0.2023s/iter; left time: 17250.5616s
	iters: 200, epoch: 125 | loss: 0.2047162
	speed: 0.0422s/iter; left time: 3590.4305s
	iters: 300, epoch: 125 | loss: 0.2091933
	speed: 0.0404s/iter; left time: 3433.8746s
	iters: 400, epoch: 125 | loss: 0.1939089
	speed: 0.0407s/iter; left time: 3454.4438s
Epoch: 125 cost time: 20.675487518310547
[2025-05-29 02:51:07] [32mIntermediate result: 0.30159357  (Index 124)[0m
Epoch: 125, Steps: 485 | Train Loss: 0.1924413 Vali Loss: 0.2412108 Test Loss: 0.3015936
EarlyStopping counter: 2 out of 20
Updating learning rate to 9.330052583440944e-05
	iters: 100, epoch: 126 | loss: 0.1846736
	speed: 0.1984s/iter; left time: 16821.2426s
	iters: 200, epoch: 126 | loss: 0.2007091
	speed: 0.0406s/iter; left time: 3440.9705s
	iters: 300, epoch: 126 | loss: 0.1818700
	speed: 0.0406s/iter; left time: 3435.7629s
	iters: 400, epoch: 126 | loss: 0.1885654
	speed: 0.0409s/iter; left time: 3455.0295s
Epoch: 126 cost time: 20.36587381362915
[2025-05-29 02:51:39] [32mIntermediate result: 0.28910908  (Index 125)[0m
Epoch: 126, Steps: 485 | Train Loss: 0.1929195 Vali Loss: 0.2281408 Test Loss: 0.2891091
Validation loss decreased (0.228954 --> 0.228141).  Saving model ...
Updating learning rate to 9.292167694676586e-05
	iters: 100, epoch: 127 | loss: 0.1977748
	speed: 0.2046s/iter; left time: 17247.6420s
	iters: 200, epoch: 127 | loss: 0.1836989
	speed: 0.0411s/iter; left time: 3457.4356s
	iters: 300, epoch: 127 | loss: 0.1744886
	speed: 0.0412s/iter; left time: 3462.9326s
	iters: 400, epoch: 127 | loss: 0.1948991
	speed: 0.0411s/iter; left time: 3454.4392s
Epoch: 127 cost time: 20.717057943344116
[2025-05-29 02:52:12] [32mIntermediate result: 0.29024714  (Index 126)[0m
Epoch: 127, Steps: 485 | Train Loss: 0.1903660 Vali Loss: 0.2350809 Test Loss: 0.2902471
EarlyStopping counter: 1 out of 20
Updating learning rate to 9.253322238798082e-05
	iters: 100, epoch: 128 | loss: 0.1787644
	speed: 0.2067s/iter; left time: 17324.9479s
	iters: 200, epoch: 128 | loss: 0.1920344
	speed: 0.0410s/iter; left time: 3432.4832s
	iters: 300, epoch: 128 | loss: 0.1739050
	speed: 0.0405s/iter; left time: 3387.7014s
	iters: 400, epoch: 128 | loss: 0.2025620
	speed: 0.0406s/iter; left time: 3390.7268s
Epoch: 128 cost time: 20.432666301727295
[2025-05-29 02:52:45] [32mIntermediate result: 0.28794065  (Index 127)[0m
Epoch: 128, Steps: 485 | Train Loss: 0.1905088 Vali Loss: 0.2293237 Test Loss: 0.2879407
EarlyStopping counter: 2 out of 20
Updating learning rate to 9.213524909277814e-05
	iters: 100, epoch: 129 | loss: 0.1919216
	speed: 0.2023s/iter; left time: 16852.7608s
	iters: 200, epoch: 129 | loss: 0.2033367
	speed: 0.0411s/iter; left time: 3417.2877s
	iters: 300, epoch: 129 | loss: 0.1764792
	speed: 0.0411s/iter; left time: 3414.3327s
	iters: 400, epoch: 129 | loss: 0.1826871
	speed: 0.0409s/iter; left time: 3393.7180s
Epoch: 129 cost time: 20.51018762588501
[2025-05-29 02:53:17] [32mIntermediate result: 0.2885144  (Index 128)[0m
Epoch: 129, Steps: 485 | Train Loss: 0.1902443 Vali Loss: 0.2315085 Test Loss: 0.2885144
EarlyStopping counter: 3 out of 20
Updating learning rate to 9.172784612614042e-05
	iters: 100, epoch: 130 | loss: 0.1941692
	speed: 0.2017s/iter; left time: 16710.9464s
	iters: 200, epoch: 130 | loss: 0.1873076
	speed: 0.0405s/iter; left time: 3350.4635s
	iters: 300, epoch: 130 | loss: 0.1928438
	speed: 0.0406s/iter; left time: 3356.4909s
	iters: 400, epoch: 130 | loss: 0.1948671
	speed: 0.0409s/iter; left time: 3376.2286s
Epoch: 130 cost time: 20.42475175857544
[2025-05-29 02:53:49] [32mIntermediate result: 0.30253288  (Index 129)[0m
Epoch: 130, Steps: 485 | Train Loss: 0.1889659 Vali Loss: 0.2387566 Test Loss: 0.3025329
EarlyStopping counter: 4 out of 20
Updating learning rate to 9.131110466337658e-05
	iters: 100, epoch: 131 | loss: 0.2281072
	speed: 0.2024s/iter; left time: 16665.0035s
	iters: 200, epoch: 131 | loss: 0.2003484
	speed: 0.0408s/iter; left time: 3356.9189s
	iters: 300, epoch: 131 | loss: 0.1830250
	speed: 0.0406s/iter; left time: 3333.9914s
	iters: 400, epoch: 131 | loss: 0.1883367
	speed: 0.0406s/iter; left time: 3328.8614s
Epoch: 131 cost time: 20.424965858459473
[2025-05-29 02:54:22] [32mIntermediate result: 0.2852209  (Index 130)[0m
Epoch: 131, Steps: 485 | Train Loss: 0.1889937 Vali Loss: 0.2282721 Test Loss: 0.2852209
EarlyStopping counter: 5 out of 20
Updating learning rate to 9.088511796971712e-05
	iters: 100, epoch: 132 | loss: 0.1683436
	speed: 0.1992s/iter; left time: 16309.6382s
	iters: 200, epoch: 132 | loss: 0.1909977
	speed: 0.0409s/iter; left time: 3344.7333s
	iters: 300, epoch: 132 | loss: 0.1880024
	speed: 0.0410s/iter; left time: 3346.5927s
	iters: 400, epoch: 132 | loss: 0.2004909
	speed: 0.0409s/iter; left time: 3339.9226s
Epoch: 132 cost time: 20.4726083278656
[2025-05-29 02:54:54] [32mIntermediate result: 0.29170144  (Index 131)[0m
Epoch: 132, Steps: 485 | Train Loss: 0.1878798 Vali Loss: 0.2348693 Test Loss: 0.2917014
EarlyStopping counter: 6 out of 20
Updating learning rate to 9.044998137944181e-05
	iters: 100, epoch: 133 | loss: 0.1784316
	speed: 0.2025s/iter; left time: 16477.6626s
	iters: 200, epoch: 133 | loss: 0.2045311
	speed: 0.0405s/iter; left time: 3293.3337s
	iters: 300, epoch: 133 | loss: 0.1931722
	speed: 0.0405s/iter; left time: 3288.8774s
	iters: 400, epoch: 133 | loss: 0.1896514
	speed: 0.0404s/iter; left time: 3275.1261s
Epoch: 133 cost time: 20.32948350906372
[2025-05-29 02:55:27] [32mIntermediate result: 0.29231116  (Index 132)[0m
Epoch: 133, Steps: 485 | Train Loss: 0.1867701 Vali Loss: 0.2321092 Test Loss: 0.2923112
EarlyStopping counter: 7 out of 20
Updating learning rate to 9.00057922745441e-05
	iters: 100, epoch: 134 | loss: 0.1859828
	speed: 0.2014s/iter; left time: 16295.1497s
	iters: 200, epoch: 134 | loss: 0.1664005
	speed: 0.0403s/iter; left time: 3256.6368s
	iters: 300, epoch: 134 | loss: 0.1866015
	speed: 0.0404s/iter; left time: 3260.9466s
	iters: 400, epoch: 134 | loss: 0.1907712
	speed: 0.0406s/iter; left time: 3272.7133s
Epoch: 134 cost time: 20.288237810134888
[2025-05-29 02:55:59] [32mIntermediate result: 0.28612152  (Index 133)[0m
Epoch: 134, Steps: 485 | Train Loss: 0.1872591 Vali Loss: 0.2269870 Test Loss: 0.2861215
Validation loss decreased (0.228141 --> 0.226987).  Saving model ...
Updating learning rate to 8.955265006293747e-05
	iters: 100, epoch: 135 | loss: 0.1711555
	speed: 0.2029s/iter; left time: 16318.5462s
	iters: 200, epoch: 135 | loss: 0.1859832
	speed: 0.0408s/iter; left time: 3276.6958s
	iters: 300, epoch: 135 | loss: 0.1985786
	speed: 0.0407s/iter; left time: 3261.9342s
	iters: 400, epoch: 135 | loss: 0.1950801
	speed: 0.0405s/iter; left time: 3244.7376s
Epoch: 135 cost time: 20.379820823669434
[2025-05-29 02:56:31] [32mIntermediate result: 0.29290685  (Index 134)[0m
Epoch: 135, Steps: 485 | Train Loss: 0.1862698 Vali Loss: 0.2350207 Test Loss: 0.2929069
EarlyStopping counter: 1 out of 20
Updating learning rate to 8.909065615620825e-05
	iters: 100, epoch: 136 | loss: 0.1736953
	speed: 0.2028s/iter; left time: 16210.5578s
	iters: 200, epoch: 136 | loss: 0.1899758
	speed: 0.0409s/iter; left time: 3264.2724s
	iters: 300, epoch: 136 | loss: 0.1782768
	speed: 0.0410s/iter; left time: 3271.3446s
	iters: 400, epoch: 136 | loss: 0.1851351
	speed: 0.0408s/iter; left time: 3252.5870s
Epoch: 136 cost time: 20.519850492477417
[2025-05-29 02:57:04] [32mIntermediate result: 0.28560737  (Index 135)[0m
Epoch: 136, Steps: 485 | Train Loss: 0.1853498 Vali Loss: 0.2265392 Test Loss: 0.2856074
Validation loss decreased (0.226987 --> 0.226539).  Saving model ...
Updating learning rate to 8.86199139469201e-05
	iters: 100, epoch: 137 | loss: 0.1863175
	speed: 0.2032s/iter; left time: 16142.1920s
	iters: 200, epoch: 137 | loss: 0.1859983
	speed: 0.0411s/iter; left time: 3257.2424s
	iters: 300, epoch: 137 | loss: 0.1899920
	speed: 0.0412s/iter; left time: 3267.6157s
	iters: 400, epoch: 137 | loss: 0.1783924
	speed: 0.0415s/iter; left time: 3280.7686s
Epoch: 137 cost time: 20.63343358039856
[2025-05-29 02:57:37] [32mIntermediate result: 0.2893729  (Index 136)[0m
Epoch: 137, Steps: 485 | Train Loss: 0.1841602 Vali Loss: 0.2301219 Test Loss: 0.2893729
EarlyStopping counter: 1 out of 20
Updating learning rate to 8.81405287854751e-05
	iters: 100, epoch: 138 | loss: 0.1833266
	speed: 0.2050s/iter; left time: 16189.9094s
	iters: 200, epoch: 138 | loss: 0.1706166
	speed: 0.0421s/iter; left time: 3318.6718s
	iters: 300, epoch: 138 | loss: 0.1760158
	speed: 0.0423s/iter; left time: 3334.2494s
	iters: 400, epoch: 138 | loss: 0.1698042
	speed: 0.0409s/iter; left time: 3214.8983s
Epoch: 138 cost time: 20.82790517807007
[2025-05-29 02:58:10] [32mIntermediate result: 0.2994513  (Index 137)[0m
Epoch: 138, Steps: 485 | Train Loss: 0.1841470 Vali Loss: 0.2363130 Test Loss: 0.2994513
EarlyStopping counter: 2 out of 20
Updating learning rate to 8.765260795653676e-05
	iters: 100, epoch: 139 | loss: 0.1925107
	speed: 0.2021s/iter; left time: 15860.7904s
	iters: 200, epoch: 139 | loss: 0.1584795
	speed: 0.0411s/iter; left time: 3219.8030s
	iters: 300, epoch: 139 | loss: 0.1885222
	speed: 0.0418s/iter; left time: 3273.0354s
	iters: 400, epoch: 139 | loss: 0.1863710
	speed: 0.0412s/iter; left time: 3219.4693s
Epoch: 139 cost time: 20.531606197357178
[2025-05-29 02:58:42] [32mIntermediate result: 0.28590277  (Index 138)[0m
Epoch: 139, Steps: 485 | Train Loss: 0.1833856 Vali Loss: 0.2259257 Test Loss: 0.2859028
Validation loss decreased (0.226539 --> 0.225926).  Saving model ...
Updating learning rate to 8.715626065502007e-05
	iters: 100, epoch: 140 | loss: 0.1843196
	speed: 0.2019s/iter; left time: 15744.3028s
	iters: 200, epoch: 140 | loss: 0.1758215
	speed: 0.0410s/iter; left time: 3196.5420s
	iters: 300, epoch: 140 | loss: 0.1708978
	speed: 0.0417s/iter; left time: 3246.4357s
	iters: 400, epoch: 140 | loss: 0.1756532
	speed: 0.0419s/iter; left time: 3255.3733s
Epoch: 140 cost time: 20.657713890075684
[2025-05-29 02:59:15] [32mIntermediate result: 0.3008679  (Index 139)[0m
Epoch: 140, Steps: 485 | Train Loss: 0.1819885 Vali Loss: 0.2400981 Test Loss: 0.3008679
EarlyStopping counter: 1 out of 20
Updating learning rate to 8.665159796165404e-05
	iters: 100, epoch: 141 | loss: 0.1961624
	speed: 0.2043s/iter; left time: 15833.7106s
	iters: 200, epoch: 141 | loss: 0.1580857
	speed: 0.0410s/iter; left time: 3174.3675s
	iters: 300, epoch: 141 | loss: 0.1894195
	speed: 0.0408s/iter; left time: 3151.5057s
	iters: 400, epoch: 141 | loss: 0.1731432
	speed: 0.0405s/iter; left time: 3123.2291s
Epoch: 141 cost time: 20.517462015151978
[2025-05-29 02:59:47] [32mIntermediate result: 0.286365  (Index 140)[0m
Epoch: 141, Steps: 485 | Train Loss: 0.1822840 Vali Loss: 0.2253984 Test Loss: 0.2863650
Validation loss decreased (0.225926 --> 0.225398).  Saving model ...
Updating learning rate to 8.61387328181223e-05
	iters: 100, epoch: 142 | loss: 0.1725661
	speed: 0.2014s/iter; left time: 15509.5928s
	iters: 200, epoch: 142 | loss: 0.1841458
	speed: 0.0407s/iter; left time: 3128.5569s
	iters: 300, epoch: 142 | loss: 0.1870469
	speed: 0.0415s/iter; left time: 3186.5650s
	iters: 400, epoch: 142 | loss: 0.1794288
	speed: 0.0409s/iter; left time: 3136.1968s
Epoch: 142 cost time: 20.5680148601532
[2025-05-29 03:00:20] [32mIntermediate result: 0.2884884  (Index 141)[0m
Epoch: 142, Steps: 485 | Train Loss: 0.1813148 Vali Loss: 0.2270909 Test Loss: 0.2884884
EarlyStopping counter: 1 out of 20
Updating learning rate to 8.56177800017871e-05
	iters: 100, epoch: 143 | loss: 0.1659094
	speed: 0.2011s/iter; left time: 15392.6825s
	iters: 200, epoch: 143 | loss: 0.1969451
	speed: 0.0403s/iter; left time: 3083.0492s
	iters: 300, epoch: 143 | loss: 0.1664662
	speed: 0.0405s/iter; left time: 3090.6300s
	iters: 400, epoch: 143 | loss: 0.1718896
	speed: 0.0406s/iter; left time: 3093.6611s
Epoch: 143 cost time: 20.342205047607422
[2025-05-29 03:00:52] [32mIntermediate result: 0.28562248  (Index 142)[0m
Epoch: 143, Steps: 485 | Train Loss: 0.1805317 Vali Loss: 0.2276070 Test Loss: 0.2856225
EarlyStopping counter: 2 out of 20
Updating learning rate to 8.508885610000261e-05
	iters: 100, epoch: 144 | loss: 0.1875095
	speed: 0.2012s/iter; left time: 15299.5051s
	iters: 200, epoch: 144 | loss: 0.1775665
	speed: 0.0403s/iter; left time: 3062.8087s
	iters: 300, epoch: 144 | loss: 0.1726356
	speed: 0.0406s/iter; left time: 3082.1445s
	iters: 400, epoch: 144 | loss: 0.1874236
	speed: 0.0404s/iter; left time: 3060.6944s
Epoch: 144 cost time: 20.282381057739258
[2025-05-29 03:01:25] [32mIntermediate result: 0.29003897  (Index 143)[0m
Epoch: 144, Steps: 485 | Train Loss: 0.1806067 Vali Loss: 0.2333817 Test Loss: 0.2900390
EarlyStopping counter: 3 out of 20
Updating learning rate to 8.455207948402307e-05
	iters: 100, epoch: 145 | loss: 0.1819675
	speed: 0.2044s/iter; left time: 15442.6426s
	iters: 200, epoch: 145 | loss: 0.1577673
	speed: 0.0406s/iter; left time: 3066.2469s
	iters: 300, epoch: 145 | loss: 0.1726083
	speed: 0.0409s/iter; left time: 3085.3119s
	iters: 400, epoch: 145 | loss: 0.1754107
	speed: 0.0404s/iter; left time: 3043.1925s
Epoch: 145 cost time: 20.378495931625366
[2025-05-29 03:01:57] [32mIntermediate result: 0.29491046  (Index 144)[0m
Epoch: 145, Steps: 485 | Train Loss: 0.1807750 Vali Loss: 0.2345635 Test Loss: 0.2949105
EarlyStopping counter: 4 out of 20
Updating learning rate to 8.400757028251171e-05
	iters: 100, epoch: 146 | loss: 0.1635806
	speed: 0.2011s/iter; left time: 15099.5844s
	iters: 200, epoch: 146 | loss: 0.1729417
	speed: 0.0407s/iter; left time: 3048.1212s
	iters: 300, epoch: 146 | loss: 0.1789386
	speed: 0.0405s/iter; left time: 3036.1096s
	iters: 400, epoch: 146 | loss: 0.1728663
	speed: 0.0407s/iter; left time: 3042.4982s
Epoch: 146 cost time: 20.403380155563354
[2025-05-29 03:02:29] [32mIntermediate result: 0.28195608  (Index 145)[0m
Epoch: 146, Steps: 485 | Train Loss: 0.1788227 Vali Loss: 0.2239856 Test Loss: 0.2819561
Validation loss decreased (0.225398 --> 0.223986).  Saving model ...
Updating learning rate to 8.345545035465639e-05
	iters: 100, epoch: 147 | loss: 0.1791403
	speed: 0.2027s/iter; left time: 15122.8409s
	iters: 200, epoch: 147 | loss: 0.1818010
	speed: 0.0408s/iter; left time: 3039.3294s
	iters: 300, epoch: 147 | loss: 0.1808357
	speed: 0.0408s/iter; left time: 3036.4649s
	iters: 400, epoch: 147 | loss: 0.1902252
	speed: 0.0408s/iter; left time: 3029.0153s
Epoch: 147 cost time: 20.476284742355347
[2025-05-29 03:03:02] [32mIntermediate result: 0.28688923  (Index 146)[0m
Epoch: 147, Steps: 485 | Train Loss: 0.1783874 Vali Loss: 0.2258727 Test Loss: 0.2868892
EarlyStopping counter: 1 out of 20
Updating learning rate to 8.2895843262898e-05
	iters: 100, epoch: 148 | loss: 0.1689485
	speed: 0.2030s/iter; left time: 15047.0334s
	iters: 200, epoch: 148 | loss: 0.1843896
	speed: 0.0403s/iter; left time: 2982.0405s
	iters: 300, epoch: 148 | loss: 0.1681027
	speed: 0.0402s/iter; left time: 2968.2504s
	iters: 400, epoch: 148 | loss: 0.2069306
	speed: 0.0402s/iter; left time: 2968.2601s
Epoch: 148 cost time: 20.209367275238037
[2025-05-29 03:03:34] [32mIntermediate result: 0.2924894  (Index 147)[0m
Epoch: 148, Steps: 485 | Train Loss: 0.1784561 Vali Loss: 0.2286504 Test Loss: 0.2924894
EarlyStopping counter: 2 out of 20
Updating learning rate to 8.232887424527759e-05
	iters: 100, epoch: 149 | loss: 0.1581142
	speed: 0.2011s/iter; left time: 14806.0859s
	iters: 200, epoch: 149 | loss: 0.1766926
	speed: 0.0403s/iter; left time: 2963.4400s
	iters: 300, epoch: 149 | loss: 0.1786151
	speed: 0.0413s/iter; left time: 3030.6857s
	iters: 400, epoch: 149 | loss: 0.1816821
	speed: 0.0408s/iter; left time: 2990.8547s
Epoch: 149 cost time: 20.431284189224243
[2025-05-29 03:04:07] [32mIntermediate result: 0.28725475  (Index 148)[0m
Epoch: 149, Steps: 485 | Train Loss: 0.1775699 Vali Loss: 0.2253158 Test Loss: 0.2872548
EarlyStopping counter: 3 out of 20
Updating learning rate to 8.175467018740857e-05
	iters: 100, epoch: 150 | loss: 0.1658573
	speed: 0.1999s/iter; left time: 14619.8937s
	iters: 200, epoch: 150 | loss: 0.1690893
	speed: 0.0402s/iter; left time: 2937.2271s
	iters: 300, epoch: 150 | loss: 0.1673682
	speed: 0.0402s/iter; left time: 2934.1600s
	iters: 400, epoch: 150 | loss: 0.2174451
	speed: 0.0403s/iter; left time: 2934.0396s
Epoch: 150 cost time: 20.16409659385681
[2025-05-29 03:04:39] [32mIntermediate result: 0.29230157  (Index 149)[0m
Epoch: 150, Steps: 485 | Train Loss: 0.1764698 Vali Loss: 0.2301839 Test Loss: 0.2923016
EarlyStopping counter: 4 out of 20
Updating learning rate to 8.117335959408016e-05
	iters: 100, epoch: 151 | loss: 0.1762124
	speed: 0.2017s/iter; left time: 14654.2868s
	iters: 200, epoch: 151 | loss: 0.1638829
	speed: 0.0407s/iter; left time: 2949.6720s
	iters: 300, epoch: 151 | loss: 0.1880164
	speed: 0.0405s/iter; left time: 2931.7663s
	iters: 400, epoch: 151 | loss: 0.1899276
	speed: 0.0404s/iter; left time: 2920.2753s
Epoch: 151 cost time: 20.330113887786865
[2025-05-29 03:05:11] [32mIntermediate result: 0.29881215  (Index 150)[0m
Epoch: 151, Steps: 485 | Train Loss: 0.1768998 Vali Loss: 0.2451560 Test Loss: 0.2988122
EarlyStopping counter: 5 out of 20
Updating learning rate to 8.058507256049846e-05
	iters: 100, epoch: 152 | loss: 0.1681014
	speed: 0.2041s/iter; left time: 14726.6867s
	iters: 200, epoch: 152 | loss: 0.1649796
	speed: 0.0408s/iter; left time: 2939.8448s
	iters: 300, epoch: 152 | loss: 0.1838152
	speed: 0.0408s/iter; left time: 2933.3259s
	iters: 400, epoch: 152 | loss: 0.1912940
	speed: 0.0407s/iter; left time: 2925.1576s
Epoch: 152 cost time: 20.525610208511353
[2025-05-29 03:05:44] [32mIntermediate result: 0.29536122  (Index 151)[0m
Epoch: 152, Steps: 485 | Train Loss: 0.1762812 Vali Loss: 0.2378298 Test Loss: 0.2953612
EarlyStopping counter: 6 out of 20
Updating learning rate to 7.998994074317169e-05
	iters: 100, epoch: 153 | loss: 0.1638886
	speed: 0.2029s/iter; left time: 14545.4822s
	iters: 200, epoch: 153 | loss: 0.1622035
	speed: 0.0406s/iter; left time: 2904.1164s
	iters: 300, epoch: 153 | loss: 0.1695504
	speed: 0.0411s/iter; left time: 2939.7166s
	iters: 400, epoch: 153 | loss: 0.1730842
	speed: 0.0416s/iter; left time: 2968.1743s
Epoch: 153 cost time: 20.530006170272827
[2025-05-29 03:06:16] [32mIntermediate result: 0.28299233  (Index 152)[0m
Epoch: 153, Steps: 485 | Train Loss: 0.1756837 Vali Loss: 0.2225381 Test Loss: 0.2829923
Validation loss decreased (0.223986 --> 0.222538).  Saving model ...
Updating learning rate to 7.938809733044585e-05
	iters: 100, epoch: 154 | loss: 0.1651394
	speed: 0.2004s/iter; left time: 14265.2672s
	iters: 200, epoch: 154 | loss: 0.1595491
	speed: 0.0403s/iter; left time: 2862.5674s
	iters: 300, epoch: 154 | loss: 0.1829721
	speed: 0.0406s/iter; left time: 2879.3946s
	iters: 400, epoch: 154 | loss: 0.1767210
	speed: 0.0409s/iter; left time: 2902.5327s
Epoch: 154 cost time: 20.361255884170532
[2025-05-29 03:06:49] [32mIntermediate result: 0.28732073  (Index 153)[0m
Epoch: 154, Steps: 485 | Train Loss: 0.1746903 Vali Loss: 0.2292140 Test Loss: 0.2873207
EarlyStopping counter: 1 out of 20
Updating learning rate to 7.877967701269772e-05
	iters: 100, epoch: 155 | loss: 0.1626436
	speed: 0.2026s/iter; left time: 14323.6079s
	iters: 200, epoch: 155 | loss: 0.1784640
	speed: 0.0407s/iter; left time: 2874.8084s
	iters: 300, epoch: 155 | loss: 0.1637224
	speed: 0.0410s/iter; left time: 2889.6578s
	iters: 400, epoch: 155 | loss: 0.1756993
	speed: 0.0408s/iter; left time: 2874.9066s
Epoch: 155 cost time: 20.469324350357056
[2025-05-29 03:07:21] [32mIntermediate result: 0.28291652  (Index 154)[0m
Epoch: 155, Steps: 485 | Train Loss: 0.1742578 Vali Loss: 0.2230710 Test Loss: 0.2829165
EarlyStopping counter: 2 out of 20
Updating learning rate to 7.816481595219162e-05
	iters: 100, epoch: 156 | loss: 0.1787209
	speed: 0.2017s/iter; left time: 14166.8123s
	iters: 200, epoch: 156 | loss: 0.1755710
	speed: 0.0402s/iter; left time: 2821.3337s
	iters: 300, epoch: 156 | loss: 0.1800772
	speed: 0.0407s/iter; left time: 2848.5198s
	iters: 400, epoch: 156 | loss: 0.1610463
	speed: 0.0407s/iter; left time: 2845.6502s
Epoch: 156 cost time: 20.332749128341675
[2025-05-29 03:07:53] [32mIntermediate result: 0.2904646  (Index 155)[0m
Epoch: 156, Steps: 485 | Train Loss: 0.1740938 Vali Loss: 0.2248905 Test Loss: 0.2904646
EarlyStopping counter: 3 out of 20
Updating learning rate to 7.754365175260669e-05
	iters: 100, epoch: 157 | loss: 0.1535451
	speed: 0.2031s/iter; left time: 14163.8264s
	iters: 200, epoch: 157 | loss: 0.1860629
	speed: 0.0414s/iter; left time: 2880.7429s
	iters: 300, epoch: 157 | loss: 0.1593123
	speed: 0.0413s/iter; left time: 2875.1357s
	iters: 400, epoch: 157 | loss: 0.1659873
	speed: 0.0408s/iter; left time: 2831.4116s
Epoch: 157 cost time: 20.51206135749817
[2025-05-29 03:08:26] [32mIntermediate result: 0.28877434  (Index 156)[0m
Epoch: 157, Steps: 485 | Train Loss: 0.1732332 Vali Loss: 0.2266175 Test Loss: 0.2887743
EarlyStopping counter: 4 out of 20
Updating learning rate to 7.69163234282419e-05
	iters: 100, epoch: 158 | loss: 0.1819078
	speed: 0.2025s/iter; left time: 14023.0029s
	iters: 200, epoch: 158 | loss: 0.1682365
	speed: 0.0406s/iter; left time: 2807.6640s
	iters: 300, epoch: 158 | loss: 0.1790660
	speed: 0.0415s/iter; left time: 2864.9439s
	iters: 400, epoch: 158 | loss: 0.1610634
	speed: 0.0407s/iter; left time: 2808.0445s
Epoch: 158 cost time: 20.459306240081787
[2025-05-29 03:08:59] [32mIntermediate result: 0.2838343  (Index 157)[0m
Epoch: 158, Steps: 485 | Train Loss: 0.1720413 Vali Loss: 0.2219003 Test Loss: 0.2838343
Validation loss decreased (0.222538 --> 0.221900).  Saving model ...
Updating learning rate to 7.628297137290495e-05
	iters: 100, epoch: 159 | loss: 0.1694462
	speed: 0.2033s/iter; left time: 13980.3223s
	iters: 200, epoch: 159 | loss: 0.1703001
	speed: 0.0410s/iter; left time: 2815.6771s
	iters: 300, epoch: 159 | loss: 0.1687463
	speed: 0.0404s/iter; left time: 2772.0095s
	iters: 400, epoch: 159 | loss: 0.1670705
	speed: 0.0401s/iter; left time: 2745.2439s
Epoch: 159 cost time: 20.27665376663208
[2025-05-29 03:09:31] [32mIntermediate result: 0.28378227  (Index 158)[0m
Epoch: 159, Steps: 485 | Train Loss: 0.1723623 Vali Loss: 0.2236122 Test Loss: 0.2837823
EarlyStopping counter: 1 out of 20
Updating learning rate to 7.564373732849277e-05
	iters: 100, epoch: 160 | loss: 0.1487267
	speed: 0.2021s/iter; left time: 13803.9906s
	iters: 200, epoch: 160 | loss: 0.1756023
	speed: 0.0411s/iter; left time: 2804.6997s
	iters: 300, epoch: 160 | loss: 0.1823706
	speed: 0.0413s/iter; left time: 2810.1995s
	iters: 400, epoch: 160 | loss: 0.1618447
	speed: 0.0405s/iter; left time: 2752.3147s
Epoch: 160 cost time: 20.586496591567993
[2025-05-29 03:10:03] [32mIntermediate result: 0.28184214  (Index 159)[0m
Epoch: 160, Steps: 485 | Train Loss: 0.1719537 Vali Loss: 0.2224523 Test Loss: 0.2818421
EarlyStopping counter: 2 out of 20
Updating learning rate to 7.499876435327007e-05
	iters: 100, epoch: 161 | loss: 0.1634957
	speed: 0.2008s/iter; left time: 13613.1555s
	iters: 200, epoch: 161 | loss: 0.1654717
	speed: 0.0403s/iter; left time: 2727.2130s
	iters: 300, epoch: 161 | loss: 0.1775970
	speed: 0.0408s/iter; left time: 2759.7923s
	iters: 400, epoch: 161 | loss: 0.1672689
	speed: 0.0407s/iter; left time: 2744.1193s
Epoch: 161 cost time: 20.33668828010559
[2025-05-29 03:10:36] [32mIntermediate result: 0.2865326  (Index 160)[0m
Epoch: 161, Steps: 485 | Train Loss: 0.1715832 Vali Loss: 0.2264231 Test Loss: 0.2865326
EarlyStopping counter: 3 out of 20
Updating learning rate to 7.43481967898536e-05
	iters: 100, epoch: 162 | loss: 0.1690702
	speed: 0.2008s/iter; left time: 13520.0562s
	iters: 200, epoch: 162 | loss: 0.1692912
	speed: 0.0410s/iter; left time: 2753.9045s
	iters: 300, epoch: 162 | loss: 0.1874123
	speed: 0.0409s/iter; left time: 2747.1146s
	iters: 400, epoch: 162 | loss: 0.1639937
	speed: 0.0406s/iter; left time: 2719.1982s
Epoch: 162 cost time: 20.419803857803345
[2025-05-29 03:11:08] [32mIntermediate result: 0.2844232  (Index 161)[0m
Epoch: 162, Steps: 485 | Train Loss: 0.1707587 Vali Loss: 0.2227349 Test Loss: 0.2844232
EarlyStopping counter: 4 out of 20
Updating learning rate to 7.369218023290862e-05
	iters: 100, epoch: 163 | loss: 0.1535045
	speed: 0.2019s/iter; left time: 13491.6228s
	iters: 200, epoch: 163 | loss: 0.1573076
	speed: 0.0406s/iter; left time: 2712.1958s
	iters: 300, epoch: 163 | loss: 0.1653404
	speed: 0.0405s/iter; left time: 2700.8963s
	iters: 400, epoch: 163 | loss: 0.1635234
	speed: 0.0408s/iter; left time: 2714.9892s
Epoch: 163 cost time: 20.402628183364868
[2025-05-29 03:11:40] [32mIntermediate result: 0.28377786  (Index 162)[0m
Epoch: 163, Steps: 485 | Train Loss: 0.1710856 Vali Loss: 0.2254611 Test Loss: 0.2837779
EarlyStopping counter: 5 out of 20
Updating learning rate to 7.303086149656543e-05
	iters: 100, epoch: 164 | loss: 0.1678977
	speed: 0.2014s/iter; left time: 13364.2957s
	iters: 200, epoch: 164 | loss: 0.1787063
	speed: 0.0412s/iter; left time: 2728.4244s
	iters: 300, epoch: 164 | loss: 0.1765641
	speed: 0.0407s/iter; left time: 2691.0258s
	iters: 400, epoch: 164 | loss: 0.1645848
	speed: 0.0405s/iter; left time: 2675.7602s
Epoch: 164 cost time: 20.415708303451538
[2025-05-29 03:12:13] [32mIntermediate result: 0.28704187  (Index 163)[0m
Epoch: 164, Steps: 485 | Train Loss: 0.1700037 Vali Loss: 0.2240617 Test Loss: 0.2870419
EarlyStopping counter: 6 out of 20
Updating learning rate to 7.236438858156291e-05
	iters: 100, epoch: 165 | loss: 0.1708577
	speed: 0.2002s/iter; left time: 13182.7183s
	iters: 200, epoch: 165 | loss: 0.1789131
	speed: 0.0414s/iter; left time: 2724.5327s
	iters: 300, epoch: 165 | loss: 0.1614400
	speed: 0.0410s/iter; left time: 2692.1085s
	iters: 400, epoch: 165 | loss: 0.1534692
	speed: 0.0409s/iter; left time: 2684.3844s
Epoch: 165 cost time: 20.568747520446777
[2025-05-29 03:12:45] [32mIntermediate result: 0.2902279  (Index 164)[0m
Epoch: 165, Steps: 485 | Train Loss: 0.1695001 Vali Loss: 0.2272916 Test Loss: 0.2902279
EarlyStopping counter: 7 out of 20
Updating learning rate to 7.169291064212643e-05
	iters: 100, epoch: 166 | loss: 0.1844536
	speed: 0.2023s/iter; left time: 13223.3895s
	iters: 200, epoch: 166 | loss: 0.1728008
	speed: 0.0403s/iter; left time: 2632.0418s
	iters: 300, epoch: 166 | loss: 0.1686401
	speed: 0.0404s/iter; left time: 2631.2241s
	iters: 400, epoch: 166 | loss: 0.1686207
	speed: 0.0405s/iter; left time: 2633.7211s
Epoch: 166 cost time: 20.338134288787842
[2025-05-29 03:13:17] [32mIntermediate result: 0.28334963  (Index 165)[0m
Epoch: 166, Steps: 485 | Train Loss: 0.1689179 Vali Loss: 0.2225679 Test Loss: 0.2833496
EarlyStopping counter: 8 out of 20
Updating learning rate to 7.101657795258771e-05
	iters: 100, epoch: 167 | loss: 0.1810213
	speed: 0.2000s/iter; left time: 12981.2025s
	iters: 200, epoch: 167 | loss: 0.1619115
	speed: 0.0411s/iter; left time: 2660.4707s
	iters: 300, epoch: 167 | loss: 0.1972879
	speed: 0.0411s/iter; left time: 2660.6489s
	iters: 400, epoch: 167 | loss: 0.1632203
	speed: 0.0414s/iter; left time: 2672.2745s
Epoch: 167 cost time: 20.587769031524658
[2025-05-29 03:13:50] [32mIntermediate result: 0.28447217  (Index 166)[0m
Epoch: 167, Steps: 485 | Train Loss: 0.1684081 Vali Loss: 0.2249177 Test Loss: 0.2844722
EarlyStopping counter: 9 out of 20
Updating learning rate to 7.033554187375397e-05
	iters: 100, epoch: 168 | loss: 0.1498470
	speed: 0.2039s/iter; left time: 13131.0640s
	iters: 200, epoch: 168 | loss: 0.1704478
	speed: 0.0403s/iter; left time: 2591.3283s
	iters: 300, epoch: 168 | loss: 0.1709127
	speed: 0.0405s/iter; left time: 2601.2486s
	iters: 400, epoch: 168 | loss: 0.1736083
	speed: 0.0406s/iter; left time: 2601.3928s
Epoch: 168 cost time: 20.321508169174194
[2025-05-29 03:14:22] [32mIntermediate result: 0.28300792  (Index 167)[0m
Epoch: 168, Steps: 485 | Train Loss: 0.1683370 Vali Loss: 0.2219769 Test Loss: 0.2830079
EarlyStopping counter: 10 out of 20
Updating learning rate to 6.964995481903395e-05
	iters: 100, epoch: 169 | loss: 0.1791574
	speed: 0.2009s/iter; left time: 12839.6981s
	iters: 200, epoch: 169 | loss: 0.1523275
	speed: 0.0406s/iter; left time: 2589.9804s
	iters: 300, epoch: 169 | loss: 0.1605723
	speed: 0.0403s/iter; left time: 2570.9963s
	iters: 400, epoch: 169 | loss: 0.1743232
	speed: 0.0408s/iter; left time: 2595.1268s
Epoch: 169 cost time: 20.35767412185669
[2025-05-29 03:14:55] [32mIntermediate result: 0.28310555  (Index 168)[0m
Epoch: 169, Steps: 485 | Train Loss: 0.1677917 Vali Loss: 0.2255359 Test Loss: 0.2831056
EarlyStopping counter: 11 out of 20
Updating learning rate to 6.895997022032829e-05
	iters: 100, epoch: 170 | loss: 0.1660348
	speed: 0.2015s/iter; left time: 12784.7207s
	iters: 200, epoch: 170 | loss: 0.1707632
	speed: 0.0406s/iter; left time: 2568.5294s
	iters: 300, epoch: 170 | loss: 0.1773091
	speed: 0.0407s/iter; left time: 2571.8797s
	iters: 400, epoch: 170 | loss: 0.1706669
	speed: 0.0405s/iter; left time: 2555.5314s
Epoch: 170 cost time: 20.4417507648468
[2025-05-29 03:15:27] [32mIntermediate result: 0.28226793  (Index 169)[0m
Epoch: 170, Steps: 485 | Train Loss: 0.1679262 Vali Loss: 0.2242554 Test Loss: 0.2822679
EarlyStopping counter: 12 out of 20
Updating learning rate to 6.826574249369204e-05
	iters: 100, epoch: 171 | loss: 0.1624939
	speed: 0.2022s/iter; left time: 12727.4391s
	iters: 200, epoch: 171 | loss: 0.1658974
	speed: 0.0406s/iter; left time: 2550.1126s
	iters: 300, epoch: 171 | loss: 0.1774242
	speed: 0.0403s/iter; left time: 2526.5828s
	iters: 400, epoch: 171 | loss: 0.1553576
	speed: 0.0403s/iter; left time: 2527.3546s
Epoch: 171 cost time: 20.3218092918396
[2025-05-29 03:15:59] [32mIntermediate result: 0.28574234  (Index 170)[0m
Epoch: 171, Steps: 485 | Train Loss: 0.1669152 Vali Loss: 0.2244833 Test Loss: 0.2857423
EarlyStopping counter: 13 out of 20
Updating learning rate to 6.756742700477698e-05
	iters: 100, epoch: 172 | loss: 0.1679192
	speed: 0.2030s/iter; left time: 12680.5223s
	iters: 200, epoch: 172 | loss: 0.1702051
	speed: 0.0419s/iter; left time: 2615.5435s
	iters: 300, epoch: 172 | loss: 0.1571726
	speed: 0.0415s/iter; left time: 2587.0041s
	iters: 400, epoch: 172 | loss: 0.1777275
	speed: 0.0415s/iter; left time: 2582.5140s
Epoch: 172 cost time: 20.80281114578247
[2025-05-29 03:16:32] [32mIntermediate result: 0.28472564  (Index 171)[0m
Epoch: 172, Steps: 485 | Train Loss: 0.1667752 Vali Loss: 0.2222432 Test Loss: 0.2847256
EarlyStopping counter: 14 out of 20
Updating learning rate to 6.68651800340612e-05
	iters: 100, epoch: 173 | loss: 0.1606777
	speed: 0.2042s/iter; left time: 12657.3528s
	iters: 200, epoch: 173 | loss: 0.1500685
	speed: 0.0409s/iter; left time: 2532.8859s
	iters: 300, epoch: 173 | loss: 0.1656923
	speed: 0.0412s/iter; left time: 2543.3848s
	iters: 400, epoch: 173 | loss: 0.1583606
	speed: 0.0416s/iter; left time: 2565.7632s
Epoch: 173 cost time: 20.630519151687622
[2025-05-29 03:17:05] [32mIntermediate result: 0.2816943  (Index 172)[0m
Epoch: 173, Steps: 485 | Train Loss: 0.1658860 Vali Loss: 0.2193631 Test Loss: 0.2816943
Validation loss decreased (0.221900 --> 0.219363).  Saving model ...
Updating learning rate to 6.615915874187426e-05
	iters: 100, epoch: 174 | loss: 0.1578203
	speed: 0.2042s/iter; left time: 12555.4668s
	iters: 200, epoch: 174 | loss: 0.1762566
	speed: 0.0421s/iter; left time: 2586.9789s
	iters: 300, epoch: 174 | loss: 0.1645073
	speed: 0.0415s/iter; left time: 2544.0473s
	iters: 400, epoch: 174 | loss: 0.1742291
	speed: 0.0417s/iter; left time: 2552.7333s
Epoch: 174 cost time: 20.961551427841187
[2025-05-29 03:17:38] [32mIntermediate result: 0.2805891  (Index 173)[0m
Epoch: 174, Steps: 485 | Train Loss: 0.1663649 Vali Loss: 0.2207205 Test Loss: 0.2805891
EarlyStopping counter: 1 out of 20
Updating learning rate to 6.544952113322516e-05
	iters: 100, epoch: 175 | loss: 0.1527697
	speed: 0.2049s/iter; left time: 12498.1385s
	iters: 200, epoch: 175 | loss: 0.1631694
	speed: 0.0400s/iter; left time: 2439.4759s
	iters: 300, epoch: 175 | loss: 0.1529045
	speed: 0.0402s/iter; left time: 2443.0314s
	iters: 400, epoch: 175 | loss: 0.1673113
	speed: 0.0405s/iter; left time: 2461.6931s
Epoch: 175 cost time: 20.228129148483276
[2025-05-29 03:18:10] [32mIntermediate result: 0.28580466  (Index 174)[0m
Epoch: 175, Steps: 485 | Train Loss: 0.1651780 Vali Loss: 0.2264245 Test Loss: 0.2858047
EarlyStopping counter: 2 out of 20
Updating learning rate to 6.473642602244142e-05
	iters: 100, epoch: 176 | loss: 0.1506335
	speed: 0.2009s/iter; left time: 12162.2502s
	iters: 200, epoch: 176 | loss: 0.1573149
	speed: 0.0405s/iter; left time: 2449.4759s
	iters: 300, epoch: 176 | loss: 0.1636335
	speed: 0.0404s/iter; left time: 2438.2387s
	iters: 400, epoch: 176 | loss: 0.1727611
	speed: 0.0407s/iter; left time: 2453.4465s
Epoch: 176 cost time: 20.42434310913086
[2025-05-29 03:18:43] [32mIntermediate result: 0.28555426  (Index 175)[0m
Epoch: 176, Steps: 485 | Train Loss: 0.1653185 Vali Loss: 0.2214777 Test Loss: 0.2855543
EarlyStopping counter: 3 out of 20
Updating learning rate to 6.402003299762706e-05
	iters: 100, epoch: 177 | loss: 0.1831717
	speed: 0.2003s/iter; left time: 12024.6422s
	iters: 200, epoch: 177 | loss: 0.1709730
	speed: 0.0404s/iter; left time: 2424.2108s
	iters: 300, epoch: 177 | loss: 0.1858030
	speed: 0.0407s/iter; left time: 2432.8333s
	iters: 400, epoch: 177 | loss: 0.1629755
	speed: 0.0409s/iter; left time: 2440.4457s
Epoch: 177 cost time: 20.358285665512085
[2025-05-29 03:19:15] [32mIntermediate result: 0.28150818  (Index 176)[0m
Epoch: 177, Steps: 485 | Train Loss: 0.1647944 Vali Loss: 0.2196357 Test Loss: 0.2815082
EarlyStopping counter: 4 out of 20
Updating learning rate to 6.330050238494729e-05
	iters: 100, epoch: 178 | loss: 0.1655828
	speed: 0.2024s/iter; left time: 12054.0538s
	iters: 200, epoch: 178 | loss: 0.1567181
	speed: 0.0412s/iter; left time: 2446.7135s
	iters: 300, epoch: 178 | loss: 0.1707936
	speed: 0.0407s/iter; left time: 2417.0468s
	iters: 400, epoch: 178 | loss: 0.1660672
	speed: 0.0405s/iter; left time: 2402.7862s
Epoch: 178 cost time: 20.502067804336548
[2025-05-29 03:19:48] [32mIntermediate result: 0.28337574  (Index 177)[0m
Epoch: 178, Steps: 485 | Train Loss: 0.1644538 Vali Loss: 0.2230986 Test Loss: 0.2833757
EarlyStopping counter: 5 out of 20
Updating learning rate to 6.257799521274813e-05
	iters: 100, epoch: 179 | loss: 0.1424569
	speed: 0.2035s/iter; left time: 12020.0154s
	iters: 200, epoch: 179 | loss: 0.1505651
	speed: 0.0409s/iter; left time: 2412.1188s
	iters: 300, epoch: 179 | loss: 0.1693539
	speed: 0.0411s/iter; left time: 2417.2316s
	iters: 400, epoch: 179 | loss: 0.1760704
	speed: 0.0411s/iter; left time: 2412.9723s
Epoch: 179 cost time: 20.534423351287842
[2025-05-29 03:20:20] [32mIntermediate result: 0.2781422  (Index 178)[0m
Epoch: 179, Steps: 485 | Train Loss: 0.1641914 Vali Loss: 0.2186514 Test Loss: 0.2781422
Validation loss decreased (0.219363 --> 0.218651).  Saving model ...
Updating learning rate to 6.185267317551884e-05
	iters: 100, epoch: 180 | loss: 0.1557936
	speed: 0.2035s/iter; left time: 11924.6874s
	iters: 200, epoch: 180 | loss: 0.1460620
	speed: 0.0412s/iter; left time: 2409.7143s
	iters: 300, epoch: 180 | loss: 0.1552828
	speed: 0.0419s/iter; left time: 2446.2050s
	iters: 400, epoch: 180 | loss: 0.1469024
	speed: 0.0440s/iter; left time: 2561.8955s
Epoch: 180 cost time: 20.928911209106445
[2025-05-29 03:20:53] [32mIntermediate result: 0.27987456  (Index 179)[0m
Epoch: 180, Steps: 485 | Train Loss: 0.1636129 Vali Loss: 0.2179656 Test Loss: 0.2798746
Validation loss decreased (0.218651 --> 0.217966).  Saving model ...
Updating learning rate to 6.112469859770534e-05
	iters: 100, epoch: 181 | loss: 0.1692750
	speed: 0.2045s/iter; left time: 11883.8852s
	iters: 200, epoch: 181 | loss: 0.1561638
	speed: 0.0407s/iter; left time: 2360.8838s
	iters: 300, epoch: 181 | loss: 0.1415091
	speed: 0.0407s/iter; left time: 2353.9527s
	iters: 400, epoch: 181 | loss: 0.1550872
	speed: 0.0405s/iter; left time: 2340.5758s
Epoch: 181 cost time: 20.43737006187439
[2025-05-29 03:21:26] [32mIntermediate result: 0.28149796  (Index 180)[0m
Epoch: 181, Steps: 485 | Train Loss: 0.1629295 Vali Loss: 0.2218591 Test Loss: 0.2814980
EarlyStopping counter: 1 out of 20
Updating learning rate to 6.039423439738242e-05
	iters: 100, epoch: 182 | loss: 0.1590476
	speed: 0.2022s/iter; left time: 11647.7355s
	iters: 200, epoch: 182 | loss: 0.1555629
	speed: 0.0413s/iter; left time: 2373.8687s
	iters: 300, epoch: 182 | loss: 0.1591258
	speed: 0.0409s/iter; left time: 2349.2033s
	iters: 400, epoch: 182 | loss: 0.1606107
	speed: 0.0405s/iter; left time: 2319.5979s
Epoch: 182 cost time: 20.449933767318726
[2025-05-29 03:21:58] [32mIntermediate result: 0.28055674  (Index 181)[0m
Epoch: 182, Steps: 485 | Train Loss: 0.1633724 Vali Loss: 0.2198016 Test Loss: 0.2805567
EarlyStopping counter: 2 out of 20
Updating learning rate to 5.966144404979346e-05
	iters: 100, epoch: 183 | loss: 0.1521585
	speed: 0.2020s/iter; left time: 11537.7142s
	iters: 200, epoch: 183 | loss: 0.1676878
	speed: 0.0406s/iter; left time: 2316.2437s
	iters: 300, epoch: 183 | loss: 0.1610380
	speed: 0.0405s/iter; left time: 2308.3209s
	iters: 400, epoch: 183 | loss: 0.1703999
	speed: 0.0405s/iter; left time: 2301.7952s
Epoch: 183 cost time: 20.400116443634033
[2025-05-29 03:22:31] [32mIntermediate result: 0.29105863  (Index 182)[0m
Epoch: 183, Steps: 485 | Train Loss: 0.1624056 Vali Loss: 0.2256546 Test Loss: 0.2910586
EarlyStopping counter: 3 out of 20
Updating learning rate to 5.8926491550765143e-05
	iters: 100, epoch: 184 | loss: 0.1664934
	speed: 0.2052s/iter; left time: 11621.2657s
	iters: 200, epoch: 184 | loss: 0.1587203
	speed: 0.0406s/iter; left time: 2293.1838s
	iters: 300, epoch: 184 | loss: 0.1545993
	speed: 0.0405s/iter; left time: 2287.4308s
	iters: 400, epoch: 184 | loss: 0.1521994
	speed: 0.0406s/iter; left time: 2286.6388s
Epoch: 184 cost time: 20.443771600723267
[2025-05-29 03:23:03] [32mIntermediate result: 0.28367504  (Index 183)[0m
Epoch: 184, Steps: 485 | Train Loss: 0.1624303 Vali Loss: 0.2209460 Test Loss: 0.2836750
EarlyStopping counter: 4 out of 20
Updating learning rate to 5.818954138000581e-05
	iters: 100, epoch: 185 | loss: 0.1509901
	speed: 0.2038s/iter; left time: 11445.5746s
	iters: 200, epoch: 185 | loss: 0.1627281
	speed: 0.0408s/iter; left time: 2286.1357s
	iters: 300, epoch: 185 | loss: 0.1707328
	speed: 0.0404s/iter; left time: 2262.1573s
	iters: 400, epoch: 185 | loss: 0.1700783
	speed: 0.0413s/iter; left time: 2307.0519s
Epoch: 185 cost time: 20.54710364341736
[2025-05-29 03:23:36] [32mIntermediate result: 0.2866912  (Index 184)[0m
Epoch: 185, Steps: 485 | Train Loss: 0.1625437 Vali Loss: 0.2241856 Test Loss: 0.2866912
EarlyStopping counter: 5 out of 20
Updating learning rate to 5.745075846429554e-05
	iters: 100, epoch: 186 | loss: 0.1599191
	speed: 0.2045s/iter; left time: 11384.7607s
	iters: 200, epoch: 186 | loss: 0.1504425
	speed: 0.0419s/iter; left time: 2329.8955s
	iters: 300, epoch: 186 | loss: 0.1431492
	speed: 0.0410s/iter; left time: 2276.6444s
	iters: 400, epoch: 186 | loss: 0.1570029
	speed: 0.0405s/iter; left time: 2244.1693s
Epoch: 186 cost time: 20.653235912322998
[2025-05-29 03:24:09] [32mIntermediate result: 0.28302723  (Index 185)[0m
Epoch: 186, Steps: 485 | Train Loss: 0.1615846 Vali Loss: 0.2217097 Test Loss: 0.2830272
EarlyStopping counter: 6 out of 20
Updating learning rate to 5.6710308140576055e-05
	iters: 100, epoch: 187 | loss: 0.1587101
	speed: 0.2022s/iter; left time: 11161.3348s
	iters: 200, epoch: 187 | loss: 0.2051621
	speed: 0.0408s/iter; left time: 2246.6502s
	iters: 300, epoch: 187 | loss: 0.1529293
	speed: 0.0408s/iter; left time: 2243.0121s
	iters: 400, epoch: 187 | loss: 0.1483235
	speed: 0.0404s/iter; left time: 2218.4729s
Epoch: 187 cost time: 20.384001970291138
[2025-05-29 03:24:41] [32mIntermediate result: 0.27932128  (Index 186)[0m
Epoch: 187, Steps: 485 | Train Loss: 0.1611471 Vali Loss: 0.2181556 Test Loss: 0.2793213
EarlyStopping counter: 7 out of 20
Updating learning rate to 5.5968356118948956e-05
	iters: 100, epoch: 188 | loss: 0.1459164
	speed: 0.2018s/iter; left time: 11038.5679s
	iters: 200, epoch: 188 | loss: 0.1609718
	speed: 0.0420s/iter; left time: 2292.1449s
	iters: 300, epoch: 188 | loss: 0.1693545
	speed: 0.0412s/iter; left time: 2247.3207s
	iters: 400, epoch: 188 | loss: 0.1536087
	speed: 0.0411s/iter; left time: 2235.2699s
Epoch: 188 cost time: 20.69920539855957
[2025-05-29 03:25:14] [32mIntermediate result: 0.2786716  (Index 187)[0m
Epoch: 188, Steps: 485 | Train Loss: 0.1613963 Vali Loss: 0.2179368 Test Loss: 0.2786716
Validation loss decreased (0.217966 --> 0.217937).  Saving model ...
Updating learning rate to 5.5225068445590444e-05
	iters: 100, epoch: 189 | loss: 0.1510870
	speed: 0.2036s/iter; left time: 11038.0308s
	iters: 200, epoch: 189 | loss: 0.1574439
	speed: 0.0413s/iter; left time: 2236.4624s
	iters: 300, epoch: 189 | loss: 0.1586940
	speed: 0.0403s/iter; left time: 2178.9500s
	iters: 400, epoch: 189 | loss: 0.1573473
	speed: 0.0401s/iter; left time: 2162.2957s
Epoch: 189 cost time: 20.463753938674927
[2025-05-29 03:25:46] [32mIntermediate result: 0.2840901  (Index 188)[0m
Epoch: 189, Steps: 485 | Train Loss: 0.1608545 Vali Loss: 0.2226389 Test Loss: 0.2840901
EarlyStopping counter: 1 out of 20
Updating learning rate to 5.448061146559068e-05
	iters: 100, epoch: 190 | loss: 0.1520787
	speed: 0.2020s/iter; left time: 10856.4923s
	iters: 200, epoch: 190 | loss: 0.1614619
	speed: 0.0407s/iter; left time: 2181.5579s
	iters: 300, epoch: 190 | loss: 0.1592168
	speed: 0.0404s/iter; left time: 2162.2683s
	iters: 400, epoch: 190 | loss: 0.1536541
	speed: 0.0410s/iter; left time: 2193.2513s
Epoch: 190 cost time: 20.419763565063477
[2025-05-29 03:26:19] [32mIntermediate result: 0.27993765  (Index 189)[0m
Epoch: 190, Steps: 485 | Train Loss: 0.1607099 Vali Loss: 0.2204866 Test Loss: 0.2799377
EarlyStopping counter: 2 out of 20
Updating learning rate to 5.373515178572645e-05
	iters: 100, epoch: 191 | loss: 0.1697805
	speed: 0.2019s/iter; left time: 10750.7979s
	iters: 200, epoch: 191 | loss: 0.1636010
	speed: 0.0412s/iter; left time: 2188.4528s
	iters: 300, epoch: 191 | loss: 0.1971815
	speed: 0.0409s/iter; left time: 2167.7137s
	iters: 400, epoch: 191 | loss: 0.1476437
	speed: 0.0406s/iter; left time: 2151.1311s
Epoch: 191 cost time: 20.510829210281372
[2025-05-29 03:26:51] [32mIntermediate result: 0.28168985  (Index 190)[0m
Epoch: 191, Steps: 485 | Train Loss: 0.1596773 Vali Loss: 0.2194294 Test Loss: 0.2816899
EarlyStopping counter: 3 out of 20
Updating learning rate to 5.2988856237175144e-05
	iters: 100, epoch: 192 | loss: 0.1461919
	speed: 0.2034s/iter; left time: 10734.3048s
	iters: 200, epoch: 192 | loss: 0.1571103
	speed: 0.0410s/iter; left time: 2159.0791s
	iters: 300, epoch: 192 | loss: 0.1458218
	speed: 0.0405s/iter; left time: 2127.2359s
	iters: 400, epoch: 192 | loss: 0.1527785
	speed: 0.0405s/iter; left time: 2124.5668s
Epoch: 192 cost time: 20.505976676940918
[2025-05-29 03:27:24] [32mIntermediate result: 0.28417563  (Index 191)[0m
Epoch: 192, Steps: 485 | Train Loss: 0.1595784 Vali Loss: 0.2219115 Test Loss: 0.2841756
EarlyStopping counter: 4 out of 20
Updating learning rate to 5.224189183817855e-05
	iters: 100, epoch: 193 | loss: 0.1532694
	speed: 0.2025s/iter; left time: 10587.1239s
	iters: 200, epoch: 193 | loss: 0.1541820
	speed: 0.0406s/iter; left time: 2119.1761s
	iters: 300, epoch: 193 | loss: 0.1480055
	speed: 0.0408s/iter; left time: 2127.1159s
	iters: 400, epoch: 193 | loss: 0.1516683
	speed: 0.0404s/iter; left time: 2100.7197s
Epoch: 193 cost time: 20.475574254989624
[2025-05-29 03:27:56] [32mIntermediate result: 0.28459007  (Index 192)[0m
Epoch: 193, Steps: 485 | Train Loss: 0.1591142 Vali Loss: 0.2211325 Test Loss: 0.2845901
EarlyStopping counter: 5 out of 20
Updating learning rate to 5.149442575666469e-05
	iters: 100, epoch: 194 | loss: 0.1572449
	speed: 0.2039s/iter; left time: 10558.6745s
	iters: 200, epoch: 194 | loss: 0.1424074
	speed: 0.0405s/iter; left time: 2093.6830s
	iters: 300, epoch: 194 | loss: 0.1718342
	speed: 0.0406s/iter; left time: 2095.8122s
	iters: 400, epoch: 194 | loss: 0.1604937
	speed: 0.0403s/iter; left time: 2077.0003s
Epoch: 194 cost time: 20.342568397521973
[2025-05-29 03:28:29] [32mIntermediate result: 0.288003  (Index 193)[0m
Epoch: 194, Steps: 485 | Train Loss: 0.1592643 Vali Loss: 0.2233183 Test Loss: 0.2880030
EarlyStopping counter: 6 out of 20
Updating learning rate to 5.0746625272836415e-05
	iters: 100, epoch: 195 | loss: 0.1618730
	speed: 0.2040s/iter; left time: 10469.6617s
	iters: 200, epoch: 195 | loss: 0.1565312
	speed: 0.0409s/iter; left time: 2092.0142s
	iters: 300, epoch: 195 | loss: 0.1555078
	speed: 0.0409s/iter; left time: 2091.0043s
	iters: 400, epoch: 195 | loss: 0.1670446
	speed: 0.0405s/iter; left time: 2067.4557s
Epoch: 195 cost time: 20.398321390151978
[2025-05-29 03:29:01] [32mIntermediate result: 0.28188875  (Index 194)[0m
Epoch: 195, Steps: 485 | Train Loss: 0.1589899 Vali Loss: 0.2201643 Test Loss: 0.2818888
EarlyStopping counter: 7 out of 20
Updating learning rate to 4.999865774173455e-05
	iters: 100, epoch: 196 | loss: 0.1704143
	speed: 0.2041s/iter; left time: 10374.4918s
	iters: 200, epoch: 196 | loss: 0.1542045
	speed: 0.0410s/iter; left time: 2077.3754s
	iters: 300, epoch: 196 | loss: 0.1448102
	speed: 0.0411s/iter; left time: 2078.4416s
	iters: 400, epoch: 196 | loss: 0.1439967
	speed: 0.0406s/iter; left time: 2050.5922s
Epoch: 196 cost time: 20.59214472770691
[2025-05-29 03:29:34] [32mIntermediate result: 0.2823098  (Index 195)[0m
Epoch: 196, Steps: 485 | Train Loss: 0.1584362 Vali Loss: 0.2202197 Test Loss: 0.2823098
EarlyStopping counter: 8 out of 20
Updating learning rate to 4.92506905557845e-05
	iters: 100, epoch: 197 | loss: 0.1666801
	speed: 0.1979s/iter; left time: 9961.3580s
	iters: 200, epoch: 197 | loss: 0.1548064
	speed: 0.0409s/iter; left time: 2052.3739s
	iters: 300, epoch: 197 | loss: 0.1666153
	speed: 0.0403s/iter; left time: 2018.9949s
	iters: 400, epoch: 197 | loss: 0.1725515
	speed: 0.0403s/iter; left time: 2016.1615s
Epoch: 197 cost time: 20.26210379600525
[2025-05-29 03:30:06] [32mIntermediate result: 0.27882615  (Index 196)[0m
Epoch: 197, Steps: 485 | Train Loss: 0.1581977 Vali Loss: 0.2179669 Test Loss: 0.2788261
EarlyStopping counter: 9 out of 20
Updating learning rate to 4.850289110733444e-05
	iters: 100, epoch: 198 | loss: 0.1608927
	speed: 0.2019s/iter; left time: 10063.4880s
	iters: 200, epoch: 198 | loss: 0.1528769
	speed: 0.0413s/iter; left time: 2057.3516s
	iters: 300, epoch: 198 | loss: 0.1560353
	speed: 0.0411s/iter; left time: 2041.1664s
	iters: 400, epoch: 198 | loss: 0.1550877
	speed: 0.0410s/iter; left time: 2033.3443s
Epoch: 198 cost time: 20.470706701278687
[2025-05-29 03:30:38] [32mIntermediate result: 0.2783313  (Index 197)[0m
Epoch: 198, Steps: 485 | Train Loss: 0.1574391 Vali Loss: 0.2187545 Test Loss: 0.2783313
EarlyStopping counter: 10 out of 20
Updating learning rate to 4.775542675119347e-05
	iters: 100, epoch: 199 | loss: 0.1709600
	speed: 0.2018s/iter; left time: 9965.3998s
	iters: 200, epoch: 199 | loss: 0.1389669
	speed: 0.0414s/iter; left time: 2038.6613s
	iters: 300, epoch: 199 | loss: 0.1668627
	speed: 0.0408s/iter; left time: 2006.5142s
	iters: 400, epoch: 199 | loss: 0.1456674
	speed: 0.0406s/iter; left time: 1994.4781s
Epoch: 199 cost time: 20.46272349357605
[2025-05-29 03:31:11] [32mIntermediate result: 0.27987888  (Index 198)[0m
Epoch: 199, Steps: 485 | Train Loss: 0.1573732 Vali Loss: 0.2194343 Test Loss: 0.2798789
EarlyStopping counter: 11 out of 20
Updating learning rate to 4.700846476717828e-05
	iters: 100, epoch: 200 | loss: 0.1561692
	speed: 0.2026s/iter; left time: 9905.9653s
	iters: 200, epoch: 200 | loss: 0.1478450
	speed: 0.0406s/iter; left time: 1978.8009s
	iters: 300, epoch: 200 | loss: 0.1518580
	speed: 0.0405s/iter; left time: 1973.2893s
	iters: 400, epoch: 200 | loss: 0.1683162
	speed: 0.0405s/iter; left time: 1968.1132s
Epoch: 200 cost time: 20.429256677627563
[2025-05-29 03:31:43] [32mIntermediate result: 0.27783573  (Index 199)[0m
Epoch: 200, Steps: 485 | Train Loss: 0.1577477 Vali Loss: 0.2160833 Test Loss: 0.2778357
Validation loss decreased (0.217937 --> 0.216083).  Saving model ...
Updating learning rate to 4.626217232267649e-05
	iters: 100, epoch: 201 | loss: 0.1582706
	speed: 0.2024s/iter; left time: 9794.7602s
	iters: 200, epoch: 201 | loss: 0.1408546
	speed: 0.0403s/iter; left time: 1948.4501s
	iters: 300, epoch: 201 | loss: 0.1633838
	speed: 0.0404s/iter; left time: 1946.4886s
	iters: 400, epoch: 201 | loss: 0.1466355
	speed: 0.0405s/iter; left time: 1946.9101s
Epoch: 201 cost time: 20.29655122756958
[2025-05-29 03:32:16] [32mIntermediate result: 0.2811626  (Index 200)[0m
Epoch: 201, Steps: 485 | Train Loss: 0.1567952 Vali Loss: 0.2191246 Test Loss: 0.2811626
EarlyStopping counter: 1 out of 20
Updating learning rate to 4.551671643523514e-05
	iters: 100, epoch: 202 | loss: 0.1580966
	speed: 0.2011s/iter; left time: 9636.9704s
	iters: 200, epoch: 202 | loss: 0.1528575
	speed: 0.0407s/iter; left time: 1944.0908s
	iters: 300, epoch: 202 | loss: 0.1670628
	speed: 0.0404s/iter; left time: 1927.5171s
	iters: 400, epoch: 202 | loss: 0.1652608
	speed: 0.0406s/iter; left time: 1933.6728s
Epoch: 202 cost time: 20.398072242736816
[2025-05-29 03:32:48] [32mIntermediate result: 0.28144342  (Index 201)[0m
Epoch: 202, Steps: 485 | Train Loss: 0.1569206 Vali Loss: 0.2173477 Test Loss: 0.2814434
EarlyStopping counter: 2 out of 20
Updating learning rate to 4.477226393518296e-05
	iters: 100, epoch: 203 | loss: 0.1547835
	speed: 0.2021s/iter; left time: 9585.5182s
	iters: 200, epoch: 203 | loss: 0.1634334
	speed: 0.0409s/iter; left time: 1936.6195s
	iters: 300, epoch: 203 | loss: 0.1629846
	speed: 0.0406s/iter; left time: 1919.4499s
	iters: 400, epoch: 203 | loss: 0.1394748
	speed: 0.0407s/iter; left time: 1916.2673s
Epoch: 203 cost time: 20.421161651611328
[2025-05-29 03:33:20] [32mIntermediate result: 0.28116977  (Index 202)[0m
Epoch: 203, Steps: 485 | Train Loss: 0.1569142 Vali Loss: 0.2205898 Test Loss: 0.2811698
EarlyStopping counter: 3 out of 20
Updating learning rate to 4.4028981428294095e-05
	iters: 100, epoch: 204 | loss: 0.1670418
	speed: 0.2034s/iter; left time: 9548.7823s
	iters: 200, epoch: 204 | loss: 0.1564002
	speed: 0.0415s/iter; left time: 1943.9665s
	iters: 300, epoch: 204 | loss: 0.1360458
	speed: 0.0408s/iter; left time: 1909.3531s
	iters: 400, epoch: 204 | loss: 0.1449668
	speed: 0.0404s/iter; left time: 1884.0312s
Epoch: 204 cost time: 20.534489154815674
[2025-05-29 03:33:53] [32mIntermediate result: 0.28039697  (Index 203)[0m
Epoch: 204, Steps: 485 | Train Loss: 0.1563193 Vali Loss: 0.2169980 Test Loss: 0.2803970
EarlyStopping counter: 4 out of 20
Updating learning rate to 4.32870352585025e-05
	iters: 100, epoch: 205 | loss: 0.1613934
	speed: 0.2023s/iter; left time: 9398.0487s
	iters: 200, epoch: 205 | loss: 0.1564635
	speed: 0.0405s/iter; left time: 1875.7900s
	iters: 300, epoch: 205 | loss: 0.1523707
	speed: 0.0406s/iter; left time: 1879.4098s
	iters: 400, epoch: 205 | loss: 0.1428535
	speed: 0.0406s/iter; left time: 1871.9527s
Epoch: 205 cost time: 20.345679759979248
[2025-05-29 03:34:25] [32mIntermediate result: 0.2820688  (Index 204)[0m
Epoch: 205, Steps: 485 | Train Loss: 0.1556608 Vali Loss: 0.2192745 Test Loss: 0.2820688
EarlyStopping counter: 5 out of 20
Updating learning rate to 4.254659147067472e-05
	iters: 100, epoch: 206 | loss: 0.1626976
	speed: 0.2012s/iter; left time: 9248.8950s
	iters: 200, epoch: 206 | loss: 0.1647067
	speed: 0.0410s/iter; left time: 1880.9149s
	iters: 300, epoch: 206 | loss: 0.1640439
	speed: 0.0411s/iter; left time: 1879.3646s
	iters: 400, epoch: 206 | loss: 0.1709416
	speed: 0.0406s/iter; left time: 1852.6708s
Epoch: 206 cost time: 20.421119451522827
[2025-05-29 03:34:58] [32mIntermediate result: 0.2805427  (Index 205)[0m
Epoch: 206, Steps: 485 | Train Loss: 0.1558236 Vali Loss: 0.2193340 Test Loss: 0.2805427
EarlyStopping counter: 6 out of 20
Updating learning rate to 4.1807815773449675e-05
	iters: 100, epoch: 207 | loss: 0.1792933
	speed: 0.2025s/iter; left time: 9210.8462s
	iters: 200, epoch: 207 | loss: 0.1363498
	speed: 0.0406s/iter; left time: 1842.0377s
	iters: 300, epoch: 207 | loss: 0.1509343
	speed: 0.0407s/iter; left time: 1842.7121s
	iters: 400, epoch: 207 | loss: 0.1692543
	speed: 0.0405s/iter; left time: 1829.0251s
Epoch: 207 cost time: 20.33865451812744
[2025-05-29 03:35:30] [32mIntermediate result: 0.28340256  (Index 206)[0m
Epoch: 207, Steps: 485 | Train Loss: 0.1551724 Vali Loss: 0.2210350 Test Loss: 0.2834026
EarlyStopping counter: 7 out of 20
Updating learning rate to 4.107087350215361e-05
	iters: 100, epoch: 208 | loss: 0.1487423
	speed: 0.2013s/iter; left time: 9060.3245s
	iters: 200, epoch: 208 | loss: 0.1456293
	speed: 0.0407s/iter; left time: 1826.9245s
	iters: 300, epoch: 208 | loss: 0.1546191
	speed: 0.0408s/iter; left time: 1826.4344s
	iters: 400, epoch: 208 | loss: 0.1816110
	speed: 0.0405s/iter; left time: 1809.6858s
Epoch: 208 cost time: 20.469613075256348
[2025-05-29 03:36:03] [32mIntermediate result: 0.28448465  (Index 207)[0m
Epoch: 208, Steps: 485 | Train Loss: 0.1551896 Vali Loss: 0.2213239 Test Loss: 0.2844847
EarlyStopping counter: 8 out of 20
Updating learning rate to 4.03359295817987e-05
	iters: 100, epoch: 209 | loss: 0.1519612
	speed: 0.2043s/iter; left time: 9097.3634s
	iters: 200, epoch: 209 | loss: 0.1627514
	speed: 0.0411s/iter; left time: 1823.8222s
	iters: 300, epoch: 209 | loss: 0.1595403
	speed: 0.0404s/iter; left time: 1791.1140s
	iters: 400, epoch: 209 | loss: 0.1458841
	speed: 0.0406s/iter; left time: 1796.5710s
Epoch: 209 cost time: 20.454429149627686
[2025-05-29 03:36:35] [32mIntermediate result: 0.28184244  (Index 208)[0m
Epoch: 209, Steps: 485 | Train Loss: 0.1549556 Vali Loss: 0.2188271 Test Loss: 0.2818424
EarlyStopping counter: 9 out of 20
Updating learning rate to 3.9603148490173465e-05
	iters: 100, epoch: 210 | loss: 0.1510880
	speed: 0.2019s/iter; left time: 8889.6042s
	iters: 200, epoch: 210 | loss: 0.1385646
	speed: 0.0415s/iter; left time: 1824.8895s
	iters: 300, epoch: 210 | loss: 0.1675180
	speed: 0.0411s/iter; left time: 1803.7442s
	iters: 400, epoch: 210 | loss: 0.1556555
	speed: 0.0403s/iter; left time: 1763.6413s
Epoch: 210 cost time: 20.475000619888306
[2025-05-29 03:37:08] [32mIntermediate result: 0.28419942  (Index 209)[0m
Epoch: 210, Steps: 485 | Train Loss: 0.1547772 Vali Loss: 0.2197656 Test Loss: 0.2841994
EarlyStopping counter: 10 out of 20
Updating learning rate to 3.8872694221033114e-05
	iters: 100, epoch: 211 | loss: 0.1618712
	speed: 0.2014s/iter; left time: 8772.0923s
	iters: 200, epoch: 211 | loss: 0.1555034
	speed: 0.0409s/iter; left time: 1777.8402s
	iters: 300, epoch: 211 | loss: 0.1538504
	speed: 0.0411s/iter; left time: 1782.7796s
	iters: 400, epoch: 211 | loss: 0.1549743
	speed: 0.0410s/iter; left time: 1773.1658s
Epoch: 211 cost time: 20.50648856163025
[2025-05-29 03:37:40] [32mIntermediate result: 0.27897736  (Index 210)[0m
Epoch: 211, Steps: 485 | Train Loss: 0.1546165 Vali Loss: 0.2170621 Test Loss: 0.2789774
EarlyStopping counter: 11 out of 20
Updating learning rate to 3.814473024739844e-05
	iters: 100, epoch: 212 | loss: 0.1443928
	speed: 0.2028s/iter; left time: 8732.8227s
	iters: 200, epoch: 212 | loss: 0.1621121
	speed: 0.0408s/iter; left time: 1751.0762s
	iters: 300, epoch: 212 | loss: 0.1366229
	speed: 0.0404s/iter; left time: 1732.3502s
	iters: 400, epoch: 212 | loss: 0.1596444
	speed: 0.0403s/iter; left time: 1724.5995s
Epoch: 212 cost time: 20.506232500076294
[2025-05-29 03:38:13] [32mIntermediate result: 0.2802941  (Index 211)[0m
Epoch: 212, Steps: 485 | Train Loss: 0.1547394 Vali Loss: 0.2180098 Test Loss: 0.2802941
EarlyStopping counter: 12 out of 20
Updating learning rate to 3.741941948497112e-05
	iters: 100, epoch: 213 | loss: 0.1626680
	speed: 0.2025s/iter; left time: 8623.4605s
	iters: 200, epoch: 213 | loss: 0.1479490
	speed: 0.0408s/iter; left time: 1734.8631s
	iters: 300, epoch: 213 | loss: 0.1459498
	speed: 0.0402s/iter; left time: 1705.3301s
	iters: 400, epoch: 213 | loss: 0.1444336
	speed: 0.0401s/iter; left time: 1695.2446s
Epoch: 213 cost time: 20.302446126937866
[2025-05-29 03:38:45] [32mIntermediate result: 0.283898  (Index 212)[0m
Epoch: 213, Steps: 485 | Train Loss: 0.1539624 Vali Loss: 0.2193839 Test Loss: 0.2838980
EarlyStopping counter: 13 out of 20
Updating learning rate to 3.669692425567374e-05
	iters: 100, epoch: 214 | loss: 0.1611851
	speed: 0.2020s/iter; left time: 8501.8808s
	iters: 200, epoch: 214 | loss: 0.1477457
	speed: 0.0405s/iter; left time: 1700.1060s
	iters: 300, epoch: 214 | loss: 0.1436483
	speed: 0.0408s/iter; left time: 1710.1630s
	iters: 400, epoch: 214 | loss: 0.1556175
	speed: 0.0413s/iter; left time: 1726.1304s
Epoch: 214 cost time: 20.408111810684204
[2025-05-29 03:39:17] [32mIntermediate result: 0.28225973  (Index 213)[0m
Epoch: 214, Steps: 485 | Train Loss: 0.1536311 Vali Loss: 0.2189662 Test Loss: 0.2822597
EarlyStopping counter: 14 out of 20
Updating learning rate to 3.597740625132283e-05
	iters: 100, epoch: 215 | loss: 0.1650089
	speed: 0.2010s/iter; left time: 8364.5217s
	iters: 200, epoch: 215 | loss: 0.1628320
	speed: 0.0408s/iter; left time: 1695.2650s
	iters: 300, epoch: 215 | loss: 0.1572642
	speed: 0.0408s/iter; left time: 1689.2600s
	iters: 400, epoch: 215 | loss: 0.1381331
	speed: 0.0414s/iter; left time: 1708.6127s
Epoch: 215 cost time: 20.59198784828186
[2025-05-29 03:39:50] [32mIntermediate result: 0.28148222  (Index 214)[0m
Epoch: 215, Steps: 485 | Train Loss: 0.1534948 Vali Loss: 0.2181592 Test Loss: 0.2814822
EarlyStopping counter: 15 out of 20
Updating learning rate to 3.526102649744267e-05
	iters: 100, epoch: 216 | loss: 0.1476059
	speed: 0.2054s/iter; left time: 8445.3996s
	iters: 200, epoch: 216 | loss: 0.1476629
	speed: 0.0409s/iter; left time: 1677.8719s
	iters: 300, epoch: 216 | loss: 0.1424067
	speed: 0.0410s/iter; left time: 1676.1526s
	iters: 400, epoch: 216 | loss: 0.1602267
	speed: 0.0410s/iter; left time: 1674.5941s
Epoch: 216 cost time: 20.459690809249878
[2025-05-29 03:40:22] [32mIntermediate result: 0.27898893  (Index 215)[0m
Epoch: 216, Steps: 485 | Train Loss: 0.1532878 Vali Loss: 0.2191356 Test Loss: 0.2789889
EarlyStopping counter: 16 out of 20
Updating learning rate to 3.454794531722853e-05
	iters: 100, epoch: 217 | loss: 0.1381375
	speed: 0.2008s/iter; left time: 8161.3439s
	iters: 200, epoch: 217 | loss: 0.1564656
	speed: 0.0410s/iter; left time: 1662.9515s
	iters: 300, epoch: 217 | loss: 0.1467213
	speed: 0.0406s/iter; left time: 1642.6403s
	iters: 400, epoch: 217 | loss: 0.1478794
	speed: 0.0408s/iter; left time: 1645.8125s
Epoch: 217 cost time: 20.51612877845764
[2025-05-29 03:40:55] [32mIntermediate result: 0.28360188  (Index 216)[0m
Epoch: 217, Steps: 485 | Train Loss: 0.1533551 Vali Loss: 0.2191125 Test Loss: 0.2836019
EarlyStopping counter: 17 out of 20
Updating learning rate to 3.3838322295666775e-05
	iters: 100, epoch: 218 | loss: 0.1503896
	speed: 0.2023s/iter; left time: 8122.8692s
	iters: 200, epoch: 218 | loss: 0.1510685
	speed: 0.0411s/iter; left time: 1646.6583s
	iters: 300, epoch: 218 | loss: 0.1666750
	speed: 0.0406s/iter; left time: 1623.8851s
	iters: 400, epoch: 218 | loss: 0.1374040
	speed: 0.0412s/iter; left time: 1640.3939s
Epoch: 218 cost time: 20.536582469940186
[2025-05-29 03:41:27] [32mIntermediate result: 0.27851737  (Index 217)[0m
Epoch: 218, Steps: 485 | Train Loss: 0.1530555 Vali Loss: 0.2176142 Test Loss: 0.2785174
EarlyStopping counter: 18 out of 20
Updating learning rate to 3.3132316243820424e-05
	iters: 100, epoch: 219 | loss: 0.1607779
	speed: 0.2001s/iter; left time: 7936.9683s
	iters: 200, epoch: 219 | loss: 0.1554275
	speed: 0.0397s/iter; left time: 1569.4576s
	iters: 300, epoch: 219 | loss: 0.1590297
	speed: 0.0398s/iter; left time: 1569.1745s
	iters: 400, epoch: 219 | loss: 0.1344405
	speed: 0.0402s/iter; left time: 1584.1602s
Epoch: 219 cost time: 19.995935440063477
[2025-05-29 03:41:59] [32mIntermediate result: 0.28338906  (Index 218)[0m
Epoch: 219, Steps: 485 | Train Loss: 0.1524409 Vali Loss: 0.2200424 Test Loss: 0.2833891
EarlyStopping counter: 19 out of 20
Updating learning rate to 3.2430085163287744e-05
	iters: 100, epoch: 220 | loss: 0.1419388
	speed: 0.2010s/iter; left time: 7877.3062s
	iters: 200, epoch: 220 | loss: 0.1566496
	speed: 0.0408s/iter; left time: 1593.2118s
	iters: 300, epoch: 220 | loss: 0.1537987
	speed: 0.0420s/iter; left time: 1637.0508s
	iters: 400, epoch: 220 | loss: 0.1518650
	speed: 0.0422s/iter; left time: 1641.9937s
Epoch: 220 cost time: 20.75018072128296
[2025-05-29 03:42:32] [32mIntermediate result: 0.28111374  (Index 219)[0m
Epoch: 220, Steps: 485 | Train Loss: 0.1523452 Vali Loss: 0.2167379 Test Loss: 0.2811137
EarlyStopping counter: 20 out of 20
Early stopping
>>>>>>>testing : 96_96_PRNN_TST_PEMS_ftM_sl96_ll18_pl96_dm16_nh4_el3_dl1_df128_fc1_ebtimeF_dtTrue_Exp_0<<<<<<<<<<<<<<<<<<<<<<<<<<<<<<<<<
test 5051
mse:0.2778364419937134, mae:0.35009631514549255, rse:0.5269396901130676
[2025-05-29 03:42:50] [32mFinal result: 0.27783644[0m
