Args in experiment:
Namespace(activation='gelu', affine=1, batch_size=32, c_out=7, checkpoints='./checkpoints/', d_ff=128, d_layers=1, d_model=16, data='PEMS', data_path='PEMS04.npz', dec_in=7, decomposition=0, des='Exp', device_ids=[0, 1], devices='0,1', dis=10, distil=True, do_predict=False, dropout=0.3, dvices='0,1', e_layers=3, embed='timeF', embed_type=0, enc_in=307, factor=1, fc_dropout=0.3, features='M', freq='h', gpu=0, head_dropout=0.0, hidden_size=512, individual=0, is_training=1, itr=1, k=20, kernel_size=25, label_len=18, learning_rate=0.0001, loss='mse', lradj='TST', model='PRNN_TST', model_id='96_12', moving_avg=25, n_heads=4, num_layers=1, num_workers=10, output_attention=False, padding_patch='end', patch_len=16, patience=20, pct_start=0.3, pred_len=12, random_seed=2021, revin=1, rnn_inp=96, root_path='./dataset/', seq_len=96, stride=8, subtract_last=0, target='OT', test_flop=False, top_k=3, train_epochs=300, use_amp=False, use_gpu=True, use_multi_gpu=True)
Use GPU: cuda:0
>>>>>>>start training : 96_12_PRNN_TST_PEMS_ftM_sl96_ll18_pl12_dm16_nh4_el3_dl1_df128_fc1_ebtimeF_dtTrue_Exp_0>>>>>>>>>>>>>>>>>>>>>>>>>>
module.model.revin_layer.affine_weight: 307
module.model.revin_layer.affine_bias: 307
module.model.rnn.weight_ih_l0: 262144
module.model.rnn.weight_hh_l0: 262144
module.model.rnn.bias_ih_l0: 512
module.model.rnn.bias_hh_l0: 512
module.model.embed.weight: 8192
module.model.embed.bias: 512
module.model.fc.weight: 67584
module.model.fc.bias: 12
Total trainable parameters: 602226
train 10088
val 3291
test 3292
	iters: 100, epoch: 1 | loss: 0.3367536
	speed: 0.0502s/iter; left time: 4742.3571s
	iters: 200, epoch: 1 | loss: 0.3087177
	speed: 0.0325s/iter; left time: 3069.3171s
	iters: 300, epoch: 1 | loss: 0.2297866
	speed: 0.0323s/iter; left time: 3042.9996s
Epoch: 1 cost time: 11.40532374382019
[2025-05-29 03:43:12] [32mIntermediate result: 0.25079945  (Index 0)[0m
Epoch: 1, Steps: 315 | Train Loss: 0.4000895 Vali Loss: 0.2769981 Test Loss: 0.2507994
Validation loss decreased (inf --> 0.276998).  Saving model ...
Updating learning rate to 4.02924236579105e-06
	iters: 100, epoch: 2 | loss: 0.2347878
	speed: 0.0861s/iter; left time: 8105.1137s
	iters: 200, epoch: 2 | loss: 0.2060980
	speed: 0.0330s/iter; left time: 3104.4721s
	iters: 300, epoch: 2 | loss: 0.1593861
	speed: 0.0329s/iter; left time: 3090.9815s
Epoch: 2 cost time: 10.758082389831543
[2025-05-29 03:43:28] [32mIntermediate result: 0.19225046  (Index 1)[0m
Epoch: 2, Steps: 315 | Train Loss: 0.2121844 Vali Loss: 0.2102429 Test Loss: 0.1922505
Validation loss decreased (0.276998 --> 0.210243).  Saving model ...
Updating learning rate to 4.116933833332641e-06
	iters: 100, epoch: 3 | loss: 0.2282861
	speed: 0.0862s/iter; left time: 8081.0348s
	iters: 200, epoch: 3 | loss: 0.1939771
	speed: 0.0329s/iter; left time: 3081.1785s
	iters: 300, epoch: 3 | loss: 0.1765942
	speed: 0.0328s/iter; left time: 3064.9302s
Epoch: 3 cost time: 10.64640760421753
[2025-05-29 03:43:43] [32mIntermediate result: 0.16183586  (Index 2)[0m
Epoch: 3, Steps: 315 | Train Loss: 0.1706770 Vali Loss: 0.1765739 Test Loss: 0.1618359
Validation loss decreased (0.210243 --> 0.176574).  Saving model ...
Updating learning rate to 4.262967556542665e-06
	iters: 100, epoch: 4 | loss: 0.1532156
	speed: 0.0877s/iter; left time: 8200.1955s
	iters: 200, epoch: 4 | loss: 0.1349646
	speed: 0.0327s/iter; left time: 3050.1637s
	iters: 300, epoch: 4 | loss: 0.1548795
	speed: 0.0330s/iter; left time: 3075.0531s
Epoch: 4 cost time: 10.721200704574585
[2025-05-29 03:43:58] [32mIntermediate result: 0.14430875  (Index 3)[0m
Epoch: 4, Steps: 315 | Train Loss: 0.1478752 Vali Loss: 0.1560796 Test Loss: 0.1443087
Validation loss decreased (0.176574 --> 0.156080).  Saving model ...
Updating learning rate to 4.467165603273143e-06
	iters: 100, epoch: 5 | loss: 0.1336961
	speed: 0.0871s/iter; left time: 8110.4353s
	iters: 200, epoch: 5 | loss: 0.1404150
	speed: 0.0343s/iter; left time: 3194.8283s
	iters: 300, epoch: 5 | loss: 0.1060695
	speed: 0.0326s/iter; left time: 3031.9391s
Epoch: 5 cost time: 10.810163974761963
[2025-05-29 03:44:14] [32mIntermediate result: 0.13341792  (Index 4)[0m
Epoch: 5, Steps: 315 | Train Loss: 0.1341151 Vali Loss: 0.1435934 Test Loss: 0.1334179
Validation loss decreased (0.156080 --> 0.143593).  Saving model ...
Updating learning rate to 4.729279172108379e-06
	iters: 100, epoch: 6 | loss: 0.1119123
	speed: 0.0875s/iter; left time: 8119.1275s
	iters: 200, epoch: 6 | loss: 0.1520774
	speed: 0.0327s/iter; left time: 3035.4888s
	iters: 300, epoch: 6 | loss: 0.1146382
	speed: 0.0329s/iter; left time: 3048.9717s
Epoch: 6 cost time: 10.676943063735962
[2025-05-29 03:44:29] [32mIntermediate result: 0.12642594  (Index 5)[0m
Epoch: 6, Steps: 315 | Train Loss: 0.1253165 Vali Loss: 0.1354762 Test Loss: 0.1264259
Validation loss decreased (0.143593 --> 0.135476).  Saving model ...
Updating learning rate to 5.048988895512579e-06
	iters: 100, epoch: 7 | loss: 0.1147206
	speed: 0.0884s/iter; left time: 8175.7543s
	iters: 200, epoch: 7 | loss: 0.1620655
	speed: 0.0328s/iter; left time: 3032.7997s
	iters: 300, epoch: 7 | loss: 0.1326677
	speed: 0.0331s/iter; left time: 3057.4044s
Epoch: 7 cost time: 10.752005577087402
[2025-05-29 03:44:45] [32mIntermediate result: 0.12221426  (Index 6)[0m
Epoch: 7, Steps: 315 | Train Loss: 0.1198351 Vali Loss: 0.1306127 Test Loss: 0.1222143
Validation loss decreased (0.135476 --> 0.130613).  Saving model ...
Updating learning rate to 5.42590522895749e-06
	iters: 100, epoch: 8 | loss: 0.1056220
	speed: 0.0889s/iter; left time: 8192.5385s
	iters: 200, epoch: 8 | loss: 0.1130105
	speed: 0.0332s/iter; left time: 3056.8206s
	iters: 300, epoch: 8 | loss: 0.1059660
	speed: 0.0333s/iter; left time: 3063.2656s
Epoch: 8 cost time: 10.780918598175049
[2025-05-29 03:45:00] [32mIntermediate result: 0.119662784  (Index 7)[0m
Epoch: 8, Steps: 315 | Train Loss: 0.1163681 Vali Loss: 0.1274470 Test Loss: 0.1196628
Validation loss decreased (0.130613 --> 0.127447).  Saving model ...
Updating learning rate to 5.859568925555808e-06
	iters: 100, epoch: 9 | loss: 0.1055588
	speed: 0.0875s/iter; left time: 8035.6847s
	iters: 200, epoch: 9 | loss: 0.0849697
	speed: 0.0328s/iter; left time: 3009.5868s
	iters: 300, epoch: 9 | loss: 0.1164514
	speed: 0.0326s/iter; left time: 2984.5181s
Epoch: 9 cost time: 10.679944038391113
[2025-05-29 03:45:15] [32mIntermediate result: 0.117750086  (Index 8)[0m
Epoch: 9, Steps: 315 | Train Loss: 0.1141606 Vali Loss: 0.1247786 Test Loss: 0.1177501
Validation loss decreased (0.127447 --> 0.124779).  Saving model ...
Updating learning rate to 6.349451595622269e-06
	iters: 100, epoch: 10 | loss: 0.1030569
	speed: 0.0864s/iter; left time: 7910.1018s
	iters: 200, epoch: 10 | loss: 0.1135529
	speed: 0.0325s/iter; left time: 2976.0057s
	iters: 300, epoch: 10 | loss: 0.1011338
	speed: 0.0326s/iter; left time: 2982.8284s
Epoch: 10 cost time: 10.621186256408691
[2025-05-29 03:45:30] [32mIntermediate result: 0.1162518  (Index 9)[0m
Epoch: 10, Steps: 315 | Train Loss: 0.1125937 Vali Loss: 0.1229835 Test Loss: 0.1162518
Validation loss decreased (0.124779 --> 0.122984).  Saving model ...
Updating learning rate to 6.894956350480503e-06
	iters: 100, epoch: 11 | loss: 0.0986527
	speed: 0.0877s/iter; left time: 8000.7040s
	iters: 200, epoch: 11 | loss: 0.1202830
	speed: 0.0330s/iter; left time: 3003.7063s
	iters: 300, epoch: 11 | loss: 0.1053934
	speed: 0.0327s/iter; left time: 2981.5040s
Epoch: 11 cost time: 10.748177289962769
[2025-05-29 03:45:46] [32mIntermediate result: 0.115170486  (Index 10)[0m
Epoch: 11, Steps: 315 | Train Loss: 0.1113278 Vali Loss: 0.1216417 Test Loss: 0.1151705
Validation loss decreased (0.122984 --> 0.121642).  Saving model ...
Updating learning rate to 7.495418529731253e-06
	iters: 100, epoch: 12 | loss: 0.0924902
	speed: 0.0888s/iter; left time: 8071.6239s
	iters: 200, epoch: 12 | loss: 0.1258691
	speed: 0.0332s/iter; left time: 3013.1595s
	iters: 300, epoch: 12 | loss: 0.1081196
	speed: 0.0327s/iter; left time: 2968.0491s
Epoch: 12 cost time: 10.860520839691162
[2025-05-29 03:46:01] [32mIntermediate result: 0.11469592  (Index 11)[0m
Epoch: 12, Steps: 315 | Train Loss: 0.1103076 Vali Loss: 0.1206765 Test Loss: 0.1146959
Validation loss decreased (0.121642 --> 0.120676).  Saving model ...
Updating learning rate to 8.150106511095796e-06
	iters: 100, epoch: 13 | loss: 0.1303074
	speed: 0.0877s/iter; left time: 7947.8800s
	iters: 200, epoch: 13 | loss: 0.1258835
	speed: 0.0327s/iter; left time: 2959.1056s
	iters: 300, epoch: 13 | loss: 0.1026481
	speed: 0.0328s/iter; left time: 2964.2521s
Epoch: 13 cost time: 10.648913860321045
[2025-05-29 03:46:17] [32mIntermediate result: 0.11351635  (Index 12)[0m
Epoch: 13, Steps: 315 | Train Loss: 0.1094604 Vali Loss: 0.1196778 Test Loss: 0.1135164
Validation loss decreased (0.120676 --> 0.119678).  Saving model ...
Updating learning rate to 8.858222601847859e-06
	iters: 100, epoch: 14 | loss: 0.0912504
	speed: 0.0870s/iter; left time: 7852.3108s
	iters: 200, epoch: 14 | loss: 0.1084047
	speed: 0.0329s/iter; left time: 2971.5796s
	iters: 300, epoch: 14 | loss: 0.1078072
	speed: 0.0326s/iter; left time: 2939.2090s
Epoch: 14 cost time: 10.69198751449585
[2025-05-29 03:46:32] [32mIntermediate result: 0.11364024  (Index 13)[0m
Epoch: 14, Steps: 315 | Train Loss: 0.1090559 Vali Loss: 0.1199495 Test Loss: 0.1136402
EarlyStopping counter: 1 out of 20
Updating learning rate to 9.618904010747975e-06
	iters: 100, epoch: 15 | loss: 0.1061934
	speed: 0.0872s/iter; left time: 7843.8697s
	iters: 200, epoch: 15 | loss: 0.1074722
	speed: 0.0336s/iter; left time: 3019.2754s
	iters: 300, epoch: 15 | loss: 0.1070694
	speed: 0.0327s/iter; left time: 2937.7315s
Epoch: 15 cost time: 10.816314458847046
[2025-05-29 03:46:47] [32mIntermediate result: 0.11229021  (Index 14)[0m
Epoch: 15, Steps: 315 | Train Loss: 0.1081814 Vali Loss: 0.1183261 Test Loss: 0.1122902
Validation loss decreased (0.119678 --> 0.118326).  Saving model ...
Updating learning rate to 1.0431223899295692e-05
	iters: 100, epoch: 16 | loss: 0.0957959
	speed: 0.0885s/iter; left time: 7938.7665s
	iters: 200, epoch: 16 | loss: 0.1143725
	speed: 0.0326s/iter; left time: 2922.0647s
	iters: 300, epoch: 16 | loss: 0.0994686
	speed: 0.0328s/iter; left time: 2933.7210s
Epoch: 16 cost time: 10.770571947097778
[2025-05-29 03:47:03] [32mIntermediate result: 0.11174947  (Index 15)[0m
Epoch: 16, Steps: 315 | Train Loss: 0.1075713 Vali Loss: 0.1178477 Test Loss: 0.1117495
Validation loss decreased (0.118326 --> 0.117848).  Saving model ...
Updating learning rate to 1.1294192511019377e-05
	iters: 100, epoch: 17 | loss: 0.1047132
	speed: 0.0871s/iter; left time: 7780.5172s
	iters: 200, epoch: 17 | loss: 0.1120877
	speed: 0.0330s/iter; left time: 2948.5511s
	iters: 300, epoch: 17 | loss: 0.1203077
	speed: 0.0330s/iter; left time: 2940.7288s
Epoch: 17 cost time: 10.721085548400879
[2025-05-29 03:47:18] [32mIntermediate result: 0.11212849  (Index 16)[0m
Epoch: 17, Steps: 315 | Train Loss: 0.1070920 Vali Loss: 0.1181219 Test Loss: 0.1121285
EarlyStopping counter: 1 out of 20
Updating learning rate to 1.2206758377426922e-05
	iters: 100, epoch: 18 | loss: 0.1152385
	speed: 0.0869s/iter; left time: 7735.9054s
	iters: 200, epoch: 18 | loss: 0.1101953
	speed: 0.0334s/iter; left time: 2969.5303s
	iters: 300, epoch: 18 | loss: 0.1023615
	speed: 0.0325s/iter; left time: 2886.1766s
Epoch: 18 cost time: 10.705614566802979
[2025-05-29 03:47:33] [32mIntermediate result: 0.110945195  (Index 17)[0m
Epoch: 18, Steps: 315 | Train Loss: 0.1066782 Vali Loss: 0.1164302 Test Loss: 0.1109452
Validation loss decreased (0.117848 --> 0.116430).  Saving model ...
Updating learning rate to 1.3167809599148577e-05
	iters: 100, epoch: 19 | loss: 0.0975703
	speed: 0.0875s/iter; left time: 7768.2600s
	iters: 200, epoch: 19 | loss: 0.0984858
	speed: 0.0327s/iter; left time: 2894.3360s
	iters: 300, epoch: 19 | loss: 0.1143920
	speed: 0.0324s/iter; left time: 2867.7636s
Epoch: 19 cost time: 10.632898807525635
[2025-05-29 03:47:48] [32mIntermediate result: 0.111022376  (Index 18)[0m
Epoch: 19, Steps: 315 | Train Loss: 0.1060356 Vali Loss: 0.1168186 Test Loss: 0.1110224
EarlyStopping counter: 1 out of 20
Updating learning rate to 1.417617520071061e-05
	iters: 100, epoch: 20 | loss: 0.1187579
	speed: 0.0872s/iter; left time: 7708.8699s
	iters: 200, epoch: 20 | loss: 0.1261761
	speed: 0.0332s/iter; left time: 2927.9856s
	iters: 300, epoch: 20 | loss: 0.1136290
	speed: 0.0326s/iter; left time: 2878.7316s
Epoch: 20 cost time: 10.7079017162323
[2025-05-29 03:48:04] [32mIntermediate result: 0.110809006  (Index 19)[0m
Epoch: 20, Steps: 315 | Train Loss: 0.1058272 Vali Loss: 0.1163397 Test Loss: 0.1108090
Validation loss decreased (0.116430 --> 0.116340).  Saving model ...
Updating learning rate to 1.5230626557289208e-05
	iters: 100, epoch: 21 | loss: 0.1056878
	speed: 0.0869s/iter; left time: 7659.8253s
	iters: 200, epoch: 21 | loss: 0.0989881
	speed: 0.0328s/iter; left time: 2888.3108s
	iters: 300, epoch: 21 | loss: 0.0979038
	speed: 0.0335s/iter; left time: 2942.2924s
Epoch: 21 cost time: 10.739421129226685
[2025-05-29 03:48:19] [32mIntermediate result: 0.10955723  (Index 20)[0m
Epoch: 21, Steps: 315 | Train Loss: 0.1051423 Vali Loss: 0.1148189 Test Loss: 0.1095572
Validation loss decreased (0.116340 --> 0.114819).  Saving model ...
Updating learning rate to 1.6329878891706116e-05
	iters: 100, epoch: 22 | loss: 0.1293558
	speed: 0.0875s/iter; left time: 7678.6592s
	iters: 200, epoch: 22 | loss: 0.1007648
	speed: 0.0329s/iter; left time: 2886.0767s
	iters: 300, epoch: 22 | loss: 0.1077027
	speed: 0.0329s/iter; left time: 2885.2705s
Epoch: 22 cost time: 10.783751249313354
[2025-05-29 03:48:34] [32mIntermediate result: 0.10963656  (Index 21)[0m
Epoch: 22, Steps: 315 | Train Loss: 0.1048814 Vali Loss: 0.1149717 Test Loss: 0.1096366
EarlyStopping counter: 1 out of 20
Updating learning rate to 1.7472592839842143e-05
	iters: 100, epoch: 23 | loss: 0.1027905
	speed: 0.0878s/iter; left time: 7678.4791s
	iters: 200, epoch: 23 | loss: 0.0776702
	speed: 0.0322s/iter; left time: 2815.4883s
	iters: 300, epoch: 23 | loss: 0.0941849
	speed: 0.0325s/iter; left time: 2832.5098s
Epoch: 23 cost time: 10.62854790687561
[2025-05-29 03:48:50] [32mIntermediate result: 0.108676165  (Index 22)[0m
Epoch: 23, Steps: 315 | Train Loss: 0.1045418 Vali Loss: 0.1138865 Test Loss: 0.1086762
Validation loss decreased (0.114819 --> 0.113886).  Saving model ...
Updating learning rate to 1.8657376082561246e-05
	iters: 100, epoch: 24 | loss: 0.0915159
	speed: 0.0885s/iter; left time: 7714.4050s
	iters: 200, epoch: 24 | loss: 0.1045138
	speed: 0.0328s/iter; left time: 2859.5190s
	iters: 300, epoch: 24 | loss: 0.1064961
	speed: 0.0327s/iter; left time: 2845.6295s
Epoch: 24 cost time: 10.739097118377686
[2025-05-29 03:49:05] [32mIntermediate result: 0.10889896  (Index 23)[0m
Epoch: 24, Steps: 315 | Train Loss: 0.1039499 Vali Loss: 0.1145162 Test Loss: 0.1088990
EarlyStopping counter: 1 out of 20
Updating learning rate to 1.9882785042156495e-05
	iters: 100, epoch: 25 | loss: 0.0969053
	speed: 0.0868s/iter; left time: 7538.8045s
	iters: 200, epoch: 25 | loss: 0.1148949
	speed: 0.0332s/iter; left time: 2883.1804s
	iters: 300, epoch: 25 | loss: 0.0987541
	speed: 0.0331s/iter; left time: 2864.2858s
Epoch: 25 cost time: 10.750786304473877
[2025-05-29 03:49:20] [32mIntermediate result: 0.10855604  (Index 24)[0m
Epoch: 25, Steps: 315 | Train Loss: 0.1037559 Vali Loss: 0.1133286 Test Loss: 0.1085560
Validation loss decreased (0.113886 --> 0.113329).  Saving model ...
Updating learning rate to 2.114732664125119e-05
	iters: 100, epoch: 26 | loss: 0.0864297
	speed: 0.0876s/iter; left time: 7582.0735s
	iters: 200, epoch: 26 | loss: 0.1172177
	speed: 0.0328s/iter; left time: 2833.2881s
	iters: 300, epoch: 26 | loss: 0.0929314
	speed: 0.0327s/iter; left time: 2823.7936s
Epoch: 26 cost time: 10.636781930923462
[2025-05-29 03:49:36] [32mIntermediate result: 0.10788883  (Index 25)[0m
Epoch: 26, Steps: 315 | Train Loss: 0.1032649 Vali Loss: 0.1131243 Test Loss: 0.1078888
Validation loss decreased (0.113329 --> 0.113124).  Saving model ...
Updating learning rate to 2.2449460122012067e-05
	iters: 100, epoch: 27 | loss: 0.0872744
	speed: 0.0889s/iter; left time: 7666.8116s
	iters: 200, epoch: 27 | loss: 0.0862374
	speed: 0.0338s/iter; left time: 2912.9755s
	iters: 300, epoch: 27 | loss: 0.0915394
	speed: 0.0327s/iter; left time: 2814.7644s
Epoch: 27 cost time: 10.980634689331055
[2025-05-29 03:49:51] [32mIntermediate result: 0.10723044  (Index 26)[0m
Epoch: 27, Steps: 315 | Train Loss: 0.1028980 Vali Loss: 0.1120583 Test Loss: 0.1072304
Validation loss decreased (0.113124 --> 0.112058).  Saving model ...
Updating learning rate to 2.3787598923457725e-05
	iters: 100, epoch: 28 | loss: 0.0941814
	speed: 0.0867s/iter; left time: 7449.9602s
	iters: 200, epoch: 28 | loss: 0.0940709
	speed: 0.0327s/iter; left time: 2803.7040s
	iters: 300, epoch: 28 | loss: 0.1009194
	speed: 0.0330s/iter; left time: 2828.7738s
Epoch: 28 cost time: 10.720840692520142
[2025-05-29 03:50:07] [32mIntermediate result: 0.10738214  (Index 27)[0m
Epoch: 28, Steps: 315 | Train Loss: 0.1022315 Vali Loss: 0.1121920 Test Loss: 0.1073821
EarlyStopping counter: 1 out of 20
Updating learning rate to 2.5160112614575213e-05
	iters: 100, epoch: 29 | loss: 0.0903899
	speed: 0.0886s/iter; left time: 7581.7063s
	iters: 200, epoch: 29 | loss: 0.1055869
	speed: 0.0340s/iter; left time: 2902.9648s
	iters: 300, epoch: 29 | loss: 0.1076721
	speed: 0.0334s/iter; left time: 2849.5820s
Epoch: 29 cost time: 10.92299509048462
[2025-05-29 03:50:22] [32mIntermediate result: 0.109540574  (Index 28)[0m
Epoch: 29, Steps: 315 | Train Loss: 0.1019731 Vali Loss: 0.1138663 Test Loss: 0.1095406
EarlyStopping counter: 2 out of 20
Updating learning rate to 2.6565328880889157e-05
	iters: 100, epoch: 30 | loss: 0.0968627
	speed: 0.0888s/iter; left time: 7574.1801s
	iters: 200, epoch: 30 | loss: 0.1045983
	speed: 0.0340s/iter; left time: 2893.0676s
	iters: 300, epoch: 30 | loss: 0.1002954
	speed: 0.0339s/iter; left time: 2885.5202s
Epoch: 30 cost time: 10.969491481781006
[2025-05-29 03:50:38] [32mIntermediate result: 0.10622069  (Index 29)[0m
Epoch: 30, Steps: 315 | Train Loss: 0.1017952 Vali Loss: 0.1104391 Test Loss: 0.1062207
Validation loss decreased (0.112058 --> 0.110439).  Saving model ...
Updating learning rate to 2.8001535562063114e-05
	iters: 100, epoch: 31 | loss: 0.1037313
	speed: 0.0882s/iter; left time: 7494.8014s
	iters: 200, epoch: 31 | loss: 0.1047775
	speed: 0.0328s/iter; left time: 2780.1106s
	iters: 300, epoch: 31 | loss: 0.1091827
	speed: 0.0328s/iter; left time: 2776.0265s
Epoch: 31 cost time: 10.679061889648438
[2025-05-29 03:50:53] [32mIntermediate result: 0.10546698  (Index 30)[0m
Epoch: 31, Steps: 315 | Train Loss: 0.1011621 Vali Loss: 0.1097703 Test Loss: 0.1054670
Validation loss decreased (0.110439 --> 0.109770).  Saving model ...
Updating learning rate to 2.9466982738050285e-05
	iters: 100, epoch: 32 | loss: 0.0965364
	speed: 0.0879s/iter; left time: 7442.6248s
	iters: 200, epoch: 32 | loss: 0.0961841
	speed: 0.0331s/iter; left time: 2798.5301s
	iters: 300, epoch: 32 | loss: 0.1041282
	speed: 0.0326s/iter; left time: 2750.4575s
Epoch: 32 cost time: 10.686365842819214
[2025-05-29 03:51:08] [32mIntermediate result: 0.108076684  (Index 31)[0m
Epoch: 32, Steps: 315 | Train Loss: 0.1005275 Vali Loss: 0.1118318 Test Loss: 0.1080767
EarlyStopping counter: 1 out of 20
Updating learning rate to 3.0959884861252046e-05
	iters: 100, epoch: 33 | loss: 0.1036994
	speed: 0.0870s/iter; left time: 7339.7071s
	iters: 200, epoch: 33 | loss: 0.1054384
	speed: 0.0329s/iter; left time: 2768.7249s
	iters: 300, epoch: 33 | loss: 0.1184778
	speed: 0.0327s/iter; left time: 2754.0274s
Epoch: 33 cost time: 10.668228387832642
[2025-05-29 03:51:24] [32mIntermediate result: 0.105028294  (Index 32)[0m
Epoch: 33, Steps: 315 | Train Loss: 0.1002850 Vali Loss: 0.1091312 Test Loss: 0.1050283
Validation loss decreased (0.109770 --> 0.109131).  Saving model ...
Updating learning rate to 3.2478422932085996e-05
	iters: 100, epoch: 34 | loss: 0.0985316
	speed: 0.0872s/iter; left time: 7328.2780s
	iters: 200, epoch: 34 | loss: 0.1225301
	speed: 0.0326s/iter; left time: 2732.5009s
	iters: 300, epoch: 34 | loss: 0.1203765
	speed: 0.0324s/iter; left time: 2718.6684s
Epoch: 34 cost time: 10.616442441940308
[2025-05-29 03:51:39] [32mIntermediate result: 0.105186045  (Index 33)[0m
Epoch: 34, Steps: 315 | Train Loss: 0.0996985 Vali Loss: 0.1096885 Test Loss: 0.1051860
EarlyStopping counter: 1 out of 20
Updating learning rate to 3.402074671531323e-05
	iters: 100, epoch: 35 | loss: 0.1069460
	speed: 0.0874s/iter; left time: 7314.8740s
	iters: 200, epoch: 35 | loss: 0.1001455
	speed: 0.0328s/iter; left time: 2741.8507s
	iters: 300, epoch: 35 | loss: 0.0969029
	speed: 0.0331s/iter; left time: 2760.7893s
Epoch: 35 cost time: 10.711020708084106
[2025-05-29 03:51:54] [32mIntermediate result: 0.10519445  (Index 34)[0m
Epoch: 35, Steps: 315 | Train Loss: 0.0991855 Vali Loss: 0.1088855 Test Loss: 0.1051944
Validation loss decreased (0.109131 --> 0.108886).  Saving model ...
Updating learning rate to 3.55849769944238e-05
	iters: 100, epoch: 36 | loss: 0.0864307
	speed: 0.0871s/iter; left time: 7262.3562s
	iters: 200, epoch: 36 | loss: 0.1106042
	speed: 0.0336s/iter; left time: 2800.7753s
	iters: 300, epoch: 36 | loss: 0.1001102
	speed: 0.0330s/iter; left time: 2740.7833s
Epoch: 36 cost time: 10.776260137557983
[2025-05-29 03:52:10] [32mIntermediate result: 0.10476913  (Index 35)[0m
Epoch: 36, Steps: 315 | Train Loss: 0.0989447 Vali Loss: 0.1083576 Test Loss: 0.1047691
Validation loss decreased (0.108886 --> 0.108358).  Saving model ...
Updating learning rate to 3.716920786133426e-05
	iters: 100, epoch: 37 | loss: 0.1169168
	speed: 0.0871s/iter; left time: 7235.8314s
	iters: 200, epoch: 37 | loss: 0.0875776
	speed: 0.0327s/iter; left time: 2710.1289s
	iters: 300, epoch: 37 | loss: 0.1059835
	speed: 0.0329s/iter; left time: 2723.1112s
Epoch: 37 cost time: 10.655061960220337
[2025-05-29 03:52:25] [32mIntermediate result: 0.10386989  (Index 36)[0m
Epoch: 37, Steps: 315 | Train Loss: 0.0984130 Vali Loss: 0.1079918 Test Loss: 0.1038699
Validation loss decreased (0.108358 --> 0.107992).  Saving model ...
Updating learning rate to 3.877150903860681e-05
	iters: 100, epoch: 38 | loss: 0.1077743
	speed: 0.0884s/iter; left time: 7317.9960s
	iters: 200, epoch: 38 | loss: 0.0917732
	speed: 0.0333s/iter; left time: 2749.7019s
	iters: 300, epoch: 38 | loss: 0.0988551
	speed: 0.0334s/iter; left time: 2756.7793s
Epoch: 38 cost time: 10.822575807571411
[2025-05-29 03:52:40] [32mIntermediate result: 0.10333075  (Index 37)[0m
Epoch: 38, Steps: 315 | Train Loss: 0.0982864 Vali Loss: 0.1068746 Test Loss: 0.1033307
Validation loss decreased (0.107992 --> 0.106875).  Saving model ...
Updating learning rate to 4.0389928231360884e-05
	iters: 100, epoch: 39 | loss: 0.1007372
	speed: 0.0878s/iter; left time: 7240.0275s
	iters: 200, epoch: 39 | loss: 0.0971407
	speed: 0.0327s/iter; left time: 2689.9559s
	iters: 300, epoch: 39 | loss: 0.1220653
	speed: 0.0339s/iter; left time: 2787.6037s
Epoch: 39 cost time: 10.732742547988892
[2025-05-29 03:52:56] [32mIntermediate result: 0.11086313  (Index 38)[0m
Epoch: 39, Steps: 315 | Train Loss: 0.0983852 Vali Loss: 0.1151702 Test Loss: 0.1108631
EarlyStopping counter: 1 out of 20
Updating learning rate to 4.202249350601158e-05
	iters: 100, epoch: 40 | loss: 0.0808526
	speed: 0.0880s/iter; left time: 7228.3762s
	iters: 200, epoch: 40 | loss: 0.0864982
	speed: 0.0328s/iter; left time: 2692.2034s
	iters: 300, epoch: 40 | loss: 0.0925456
	speed: 0.0329s/iter; left time: 2691.8197s
Epoch: 40 cost time: 10.704476594924927
[2025-05-29 03:53:11] [32mIntermediate result: 0.10286525  (Index 39)[0m
Epoch: 40, Steps: 315 | Train Loss: 0.0973261 Vali Loss: 0.1059632 Test Loss: 0.1028652
Validation loss decreased (0.106875 --> 0.105963).  Saving model ...
Updating learning rate to 4.3667215692936426e-05
	iters: 100, epoch: 41 | loss: 0.0950645
	speed: 0.0874s/iter; left time: 7145.6631s
	iters: 200, epoch: 41 | loss: 0.1007899
	speed: 0.0330s/iter; left time: 2695.8429s
	iters: 300, epoch: 41 | loss: 0.0902985
	speed: 0.0332s/iter; left time: 2705.2948s
Epoch: 41 cost time: 10.748342514038086
[2025-05-29 03:53:27] [32mIntermediate result: 0.10167908  (Index 40)[0m
Epoch: 41, Steps: 315 | Train Loss: 0.0973557 Vali Loss: 0.1050747 Test Loss: 0.1016791
Validation loss decreased (0.105963 --> 0.105075).  Saving model ...
Updating learning rate to 4.532209081014314e-05
	iters: 100, epoch: 42 | loss: 0.1053413
	speed: 0.0869s/iter; left time: 7079.1058s
	iters: 200, epoch: 42 | loss: 0.1052367
	speed: 0.0326s/iter; left time: 2650.3015s
	iters: 300, epoch: 42 | loss: 0.0977815
	speed: 0.0327s/iter; left time: 2655.1616s
Epoch: 42 cost time: 10.642774105072021
[2025-05-29 03:53:42] [32mIntermediate result: 0.10264118  (Index 41)[0m
Epoch: 42, Steps: 315 | Train Loss: 0.0969388 Vali Loss: 0.1066186 Test Loss: 0.1026412
EarlyStopping counter: 1 out of 20
Updating learning rate to 4.698510250498526e-05
	iters: 100, epoch: 43 | loss: 0.0986020
	speed: 0.0882s/iter; left time: 7161.6120s
	iters: 200, epoch: 43 | loss: 0.0858949
	speed: 0.0343s/iter; left time: 2777.6134s
	iters: 300, epoch: 43 | loss: 0.0815780
	speed: 0.0328s/iter; left time: 2658.6183s
Epoch: 43 cost time: 10.923356533050537
[2025-05-29 03:53:57] [32mIntermediate result: 0.10237018  (Index 42)[0m
Epoch: 43, Steps: 315 | Train Loss: 0.0964700 Vali Loss: 0.1056923 Test Loss: 0.1023702
EarlyStopping counter: 2 out of 20
Updating learning rate to 4.8654224510950424e-05
	iters: 100, epoch: 44 | loss: 0.0908842
	speed: 0.0871s/iter; left time: 7045.3585s
	iters: 200, epoch: 44 | loss: 0.0961273
	speed: 0.0329s/iter; left time: 2654.6332s
	iters: 300, epoch: 44 | loss: 0.1109460
	speed: 0.0330s/iter; left time: 2665.0638s
Epoch: 44 cost time: 10.707170963287354
[2025-05-29 03:54:13] [32mIntermediate result: 0.101328656  (Index 43)[0m
Epoch: 44, Steps: 315 | Train Loss: 0.0962794 Vali Loss: 0.1045496 Test Loss: 0.1013287
Validation loss decreased (0.105075 --> 0.104550).  Saving model ...
Updating learning rate to 5.032742311652834e-05
	iters: 100, epoch: 45 | loss: 0.1020777
	speed: 0.0871s/iter; left time: 7015.2010s
	iters: 200, epoch: 45 | loss: 0.1081374
	speed: 0.0328s/iter; left time: 2638.8319s
	iters: 300, epoch: 45 | loss: 0.0942369
	speed: 0.0327s/iter; left time: 2627.5629s
Epoch: 45 cost time: 10.676110029220581
[2025-05-29 03:54:28] [32mIntermediate result: 0.10215806  (Index 44)[0m
Epoch: 45, Steps: 315 | Train Loss: 0.0958279 Vali Loss: 0.1050780 Test Loss: 0.1021581
EarlyStopping counter: 1 out of 20
Updating learning rate to 5.200265964314958e-05
	iters: 100, epoch: 46 | loss: 0.0962146
	speed: 0.0876s/iter; left time: 7031.3174s
	iters: 200, epoch: 46 | loss: 0.0887313
	speed: 0.0338s/iter; left time: 2705.5116s
	iters: 300, epoch: 46 | loss: 0.0965790
	speed: 0.0328s/iter; left time: 2621.8454s
Epoch: 46 cost time: 10.83857798576355
[2025-05-29 03:54:43] [32mIntermediate result: 0.10207925  (Index 45)[0m
Epoch: 46, Steps: 315 | Train Loss: 0.0956108 Vali Loss: 0.1053117 Test Loss: 0.1020792
EarlyStopping counter: 2 out of 20
Updating learning rate to 5.367789292917675e-05
	iters: 100, epoch: 47 | loss: 0.1057898
	speed: 0.0874s/iter; left time: 6987.7265s
	iters: 200, epoch: 47 | loss: 0.1058153
	speed: 0.0329s/iter; left time: 2629.7122s
	iters: 300, epoch: 47 | loss: 0.0936313
	speed: 0.0327s/iter; left time: 2608.3279s
Epoch: 47 cost time: 10.663002014160156
[2025-05-29 03:54:59] [32mIntermediate result: 0.10241874  (Index 46)[0m
Epoch: 47, Steps: 315 | Train Loss: 0.0955334 Vali Loss: 0.1064345 Test Loss: 0.1024187
EarlyStopping counter: 3 out of 20
Updating learning rate to 5.535108181692088e-05
	iters: 100, epoch: 48 | loss: 0.1062957
	speed: 0.0894s/iter; left time: 7116.1601s
	iters: 200, epoch: 48 | loss: 0.0855865
	speed: 0.0328s/iter; left time: 2611.3436s
	iters: 300, epoch: 48 | loss: 0.0975030
	speed: 0.0328s/iter; left time: 2605.5986s
Epoch: 48 cost time: 10.741896867752075
[2025-05-29 03:55:14] [32mIntermediate result: 0.101583555  (Index 47)[0m
Epoch: 48, Steps: 315 | Train Loss: 0.0951867 Vali Loss: 0.1041039 Test Loss: 0.1015836
Validation loss decreased (0.104550 --> 0.104104).  Saving model ...
Updating learning rate to 5.7020187639653076e-05
	iters: 100, epoch: 49 | loss: 0.0898391
	speed: 0.0888s/iter; left time: 7039.9780s
	iters: 200, epoch: 49 | loss: 0.0821819
	speed: 0.0329s/iter; left time: 2602.9269s
	iters: 300, epoch: 49 | loss: 0.1026423
	speed: 0.0327s/iter; left time: 2583.1315s
Epoch: 49 cost time: 10.762728452682495
[2025-05-29 03:55:30] [32mIntermediate result: 0.1001566  (Index 48)[0m
Epoch: 49, Steps: 315 | Train Loss: 0.0954904 Vali Loss: 0.1032616 Test Loss: 0.1001566
Validation loss decreased (0.104104 --> 0.103262).  Saving model ...
Updating learning rate to 5.8683176705581185e-05
	iters: 100, epoch: 50 | loss: 0.0887300
	speed: 0.0876s/iter; left time: 6918.2673s
	iters: 200, epoch: 50 | loss: 0.0961235
	speed: 0.0330s/iter; left time: 2604.1174s
	iters: 300, epoch: 50 | loss: 0.1058050
	speed: 0.0330s/iter; left time: 2601.3011s
Epoch: 50 cost time: 10.719130039215088
[2025-05-29 03:55:45] [32mIntermediate result: 0.099823646  (Index 49)[0m
Epoch: 50, Steps: 315 | Train Loss: 0.0947339 Vali Loss: 0.1027915 Test Loss: 0.0998236
Validation loss decreased (0.103262 --> 0.102792).  Saving model ...
Updating learning rate to 6.033802277576466e-05
	iters: 100, epoch: 51 | loss: 0.1141798
	speed: 0.0884s/iter; left time: 6952.3459s
	iters: 200, epoch: 51 | loss: 0.0832221
	speed: 0.0332s/iter; left time: 2605.5756s
	iters: 300, epoch: 51 | loss: 0.0900137
	speed: 0.0330s/iter; left time: 2587.2677s
Epoch: 51 cost time: 10.784192323684692
[2025-05-29 03:56:00] [32mIntermediate result: 0.10193694  (Index 50)[0m
Epoch: 51, Steps: 315 | Train Loss: 0.0945510 Vali Loss: 0.1047502 Test Loss: 0.1019369
EarlyStopping counter: 1 out of 20
Updating learning rate to 6.198270953294884e-05
	iters: 100, epoch: 52 | loss: 0.0878277
	speed: 0.0862s/iter; left time: 6755.6720s
	iters: 200, epoch: 52 | loss: 0.1004776
	speed: 0.0331s/iter; left time: 2587.2447s
	iters: 300, epoch: 52 | loss: 0.0822130
	speed: 0.0331s/iter; left time: 2586.7066s
Epoch: 52 cost time: 10.712755680084229
[2025-05-29 03:56:16] [32mIntermediate result: 0.09941857  (Index 51)[0m
Epoch: 52, Steps: 315 | Train Loss: 0.0943181 Vali Loss: 0.1020630 Test Loss: 0.0994186
Validation loss decreased (0.102792 --> 0.102063).  Saving model ...
Updating learning rate to 6.361523303831019e-05
	iters: 100, epoch: 53 | loss: 0.0904487
	speed: 0.0880s/iter; left time: 6868.6044s
	iters: 200, epoch: 53 | loss: 0.0843093
	speed: 0.0329s/iter; left time: 2566.5007s
	iters: 300, epoch: 53 | loss: 0.0906803
	speed: 0.0330s/iter; left time: 2565.3546s
Epoch: 53 cost time: 10.777428388595581
[2025-05-29 03:56:31] [32mIntermediate result: 0.09956048  (Index 52)[0m
Epoch: 53, Steps: 315 | Train Loss: 0.0949457 Vali Loss: 0.1023272 Test Loss: 0.0995605
EarlyStopping counter: 1 out of 20
Updating learning rate to 6.523360417311927e-05
	iters: 100, epoch: 54 | loss: 0.0874417
	speed: 0.0882s/iter; left time: 6855.3821s
	iters: 200, epoch: 54 | loss: 0.1071734
	speed: 0.0327s/iter; left time: 2537.8363s
	iters: 300, epoch: 54 | loss: 0.0945247
	speed: 0.0329s/iter; left time: 2547.7706s
Epoch: 54 cost time: 10.719499349594116
[2025-05-29 03:56:46] [32mIntermediate result: 0.099179424  (Index 53)[0m
Epoch: 54, Steps: 315 | Train Loss: 0.0937821 Vali Loss: 0.1018442 Test Loss: 0.0991794
Validation loss decreased (0.102063 --> 0.101844).  Saving model ...
Updating learning rate to 6.683585106234651e-05
	iters: 100, epoch: 55 | loss: 0.0996729
	speed: 0.0869s/iter; left time: 6726.2110s
	iters: 200, epoch: 55 | loss: 0.1007013
	speed: 0.0329s/iter; left time: 2546.6766s
	iters: 300, epoch: 55 | loss: 0.1043797
	speed: 0.0330s/iter; left time: 2549.2057s
Epoch: 55 cost time: 10.727530241012573
[2025-05-29 03:57:02] [32mIntermediate result: 0.10219878  (Index 54)[0m
Epoch: 55, Steps: 315 | Train Loss: 0.0937158 Vali Loss: 0.1054597 Test Loss: 0.1021988
EarlyStopping counter: 1 out of 20
Updating learning rate to 6.842002147725763e-05
	iters: 100, epoch: 56 | loss: 0.0894427
	speed: 0.0872s/iter; left time: 6718.1432s
	iters: 200, epoch: 56 | loss: 0.0879390
	speed: 0.0329s/iter; left time: 2534.8890s
	iters: 300, epoch: 56 | loss: 0.1046783
	speed: 0.0337s/iter; left time: 2588.1249s
Epoch: 56 cost time: 10.759059190750122
[2025-05-29 03:57:17] [32mIntermediate result: 0.101728186  (Index 55)[0m
Epoch: 56, Steps: 315 | Train Loss: 0.0934408 Vali Loss: 0.1049265 Test Loss: 0.1017282
EarlyStopping counter: 2 out of 20
Updating learning rate to 6.998418521407146e-05
	iters: 100, epoch: 57 | loss: 0.0831318
	speed: 0.0869s/iter; left time: 6673.6758s
	iters: 200, epoch: 57 | loss: 0.0919716
	speed: 0.0331s/iter; left time: 2540.5623s
	iters: 300, epoch: 57 | loss: 0.0849896
	speed: 0.0328s/iter; left time: 2510.0057s
Epoch: 57 cost time: 10.72327995300293
[2025-05-29 03:57:32] [32mIntermediate result: 0.098924845  (Index 56)[0m
Epoch: 57, Steps: 315 | Train Loss: 0.0936176 Vali Loss: 0.1013355 Test Loss: 0.0989248
Validation loss decreased (0.101844 --> 0.101336).  Saving model ...
Updating learning rate to 7.152643644578182e-05
	iters: 100, epoch: 58 | loss: 0.1017142
	speed: 0.0884s/iter; left time: 6760.8236s
	iters: 200, epoch: 58 | loss: 0.1069438
	speed: 0.0328s/iter; left time: 2501.8029s
	iters: 300, epoch: 58 | loss: 0.0973333
	speed: 0.0327s/iter; left time: 2490.7543s
Epoch: 58 cost time: 10.724143743515015
[2025-05-29 03:57:48] [32mIntermediate result: 0.09864426  (Index 57)[0m
Epoch: 58, Steps: 315 | Train Loss: 0.0933342 Vali Loss: 0.1013489 Test Loss: 0.0986443
EarlyStopping counter: 1 out of 20
Updating learning rate to 7.304489604427787e-05
	iters: 100, epoch: 59 | loss: 0.0915863
	speed: 0.0899s/iter; left time: 6845.2377s
	iters: 200, epoch: 59 | loss: 0.1001848
	speed: 0.0340s/iter; left time: 2582.1943s
	iters: 300, epoch: 59 | loss: 0.0907723
	speed: 0.0331s/iter; left time: 2512.6622s
Epoch: 59 cost time: 11.056439399719238
[2025-05-29 03:58:03] [32mIntermediate result: 0.09915739  (Index 58)[0m
Epoch: 59, Steps: 315 | Train Loss: 0.0932678 Vali Loss: 0.1012955 Test Loss: 0.0991574
Validation loss decreased (0.101336 --> 0.101296).  Saving model ...
Updating learning rate to 7.453771386993388e-05
	iters: 100, epoch: 60 | loss: 0.0972135
	speed: 0.0881s/iter; left time: 6676.6706s
	iters: 200, epoch: 60 | loss: 0.0975800
	speed: 0.0326s/iter; left time: 2465.8789s
	iters: 300, epoch: 60 | loss: 0.0775605
	speed: 0.0327s/iter; left time: 2475.1711s
Epoch: 60 cost time: 10.677623271942139
[2025-05-29 03:58:19] [32mIntermediate result: 0.09779168  (Index 59)[0m
Epoch: 60, Steps: 315 | Train Loss: 0.0929523 Vali Loss: 0.1000883 Test Loss: 0.0977917
Validation loss decreased (0.101296 --> 0.100088).  Saving model ...
Updating learning rate to 7.600307102587826e-05
	iters: 100, epoch: 61 | loss: 0.1018678
	speed: 0.0872s/iter; left time: 6583.6824s
	iters: 200, epoch: 61 | loss: 0.0839488
	speed: 0.0331s/iter; left time: 2497.6678s
	iters: 300, epoch: 61 | loss: 0.0922205
	speed: 0.0327s/iter; left time: 2462.3874s
Epoch: 61 cost time: 10.719753980636597
[2025-05-29 03:58:34] [32mIntermediate result: 0.098913476  (Index 60)[0m
Epoch: 61, Steps: 315 | Train Loss: 0.0926117 Vali Loss: 0.1012273 Test Loss: 0.0989135
EarlyStopping counter: 1 out of 20
Updating learning rate to 7.743918207419567e-05
	iters: 100, epoch: 62 | loss: 0.0943032
	speed: 0.0873s/iter; left time: 6567.3828s
	iters: 200, epoch: 62 | loss: 0.0942715
	speed: 0.0330s/iter; left time: 2479.9507s
	iters: 300, epoch: 62 | loss: 0.0948437
	speed: 0.0331s/iter; left time: 2485.6351s
Epoch: 62 cost time: 10.741812467575073
[2025-05-29 03:58:49] [32mIntermediate result: 0.098732054  (Index 61)[0m
Epoch: 62, Steps: 315 | Train Loss: 0.0926914 Vali Loss: 0.1011870 Test Loss: 0.0987321
EarlyStopping counter: 2 out of 20
Updating learning rate to 7.884429721136151e-05
	iters: 100, epoch: 63 | loss: 0.0974865
	speed: 0.0876s/iter; left time: 6555.0499s
	iters: 200, epoch: 63 | loss: 0.1158290
	speed: 0.0329s/iter; left time: 2462.8722s
	iters: 300, epoch: 63 | loss: 0.0858049
	speed: 0.0327s/iter; left time: 2443.0109s
Epoch: 63 cost time: 10.767884492874146
[2025-05-29 03:59:05] [32mIntermediate result: 0.0984088  (Index 62)[0m
Epoch: 63, Steps: 315 | Train Loss: 0.0927293 Vali Loss: 0.1002782 Test Loss: 0.0984088
EarlyStopping counter: 3 out of 20
Updating learning rate to 8.021670440025823e-05
	iters: 100, epoch: 64 | loss: 0.0876172
	speed: 0.0876s/iter; left time: 6533.8141s
	iters: 200, epoch: 64 | loss: 0.0728493
	speed: 0.0327s/iter; left time: 2432.7846s
	iters: 300, epoch: 64 | loss: 0.0916105
	speed: 0.0322s/iter; left time: 2397.9189s
Epoch: 64 cost time: 10.702041387557983
[2025-05-29 03:59:20] [32mIntermediate result: 0.098069586  (Index 63)[0m
Epoch: 64, Steps: 315 | Train Loss: 0.0922178 Vali Loss: 0.1003362 Test Loss: 0.0980696
EarlyStopping counter: 4 out of 20
Updating learning rate to 8.155473145617621e-05
	iters: 100, epoch: 65 | loss: 0.0921450
	speed: 0.0869s/iter; left time: 6450.1420s
	iters: 200, epoch: 65 | loss: 0.0780347
	speed: 0.0323s/iter; left time: 2398.0765s
	iters: 300, epoch: 65 | loss: 0.0939694
	speed: 0.0321s/iter; left time: 2373.1506s
Epoch: 65 cost time: 10.550007343292236
[2025-05-29 03:59:35] [32mIntermediate result: 0.09931367  (Index 64)[0m
Epoch: 65, Steps: 315 | Train Loss: 0.0914585 Vali Loss: 0.1013678 Test Loss: 0.0993137
EarlyStopping counter: 5 out of 20
Updating learning rate to 8.285674808425678e-05
	iters: 100, epoch: 66 | loss: 0.0878495
	speed: 0.0869s/iter; left time: 6424.7846s
	iters: 200, epoch: 66 | loss: 0.0921608
	speed: 0.0328s/iter; left time: 2418.5708s
	iters: 300, epoch: 66 | loss: 0.1157687
	speed: 0.0326s/iter; left time: 2405.5880s
Epoch: 66 cost time: 10.65824556350708
[2025-05-29 03:59:50] [32mIntermediate result: 0.09937653  (Index 65)[0m
Epoch: 66, Steps: 315 | Train Loss: 0.0916853 Vali Loss: 0.1016307 Test Loss: 0.0993765
EarlyStopping counter: 6 out of 20
Updating learning rate to 8.41211678658956e-05
	iters: 100, epoch: 67 | loss: 0.1045442
	speed: 0.0861s/iter; left time: 6337.7285s
	iters: 200, epoch: 67 | loss: 0.0935284
	speed: 0.0333s/iter; left time: 2451.3612s
	iters: 300, epoch: 67 | loss: 0.0928602
	speed: 0.0326s/iter; left time: 2396.6235s
Epoch: 67 cost time: 10.689831972122192
[2025-05-29 04:00:05] [32mIntermediate result: 0.09853569  (Index 66)[0m
Epoch: 67, Steps: 315 | Train Loss: 0.0921590 Vali Loss: 0.1014512 Test Loss: 0.0985357
EarlyStopping counter: 7 out of 20
Updating learning rate to 8.534645019168568e-05
	iters: 100, epoch: 68 | loss: 0.0824954
	speed: 0.0869s/iter; left time: 6370.2803s
	iters: 200, epoch: 68 | loss: 0.0848253
	speed: 0.0331s/iter; left time: 2420.5527s
	iters: 300, epoch: 68 | loss: 0.0920773
	speed: 0.0332s/iter; left time: 2424.0622s
Epoch: 68 cost time: 10.752584218978882
[2025-05-29 04:00:21] [32mIntermediate result: 0.09744095  (Index 67)[0m
Epoch: 68, Steps: 315 | Train Loss: 0.0913263 Vali Loss: 0.0999603 Test Loss: 0.0974410
Validation loss decreased (0.100088 --> 0.099960).  Saving model ...
Updating learning rate to 8.653110213854499e-05
	iters: 100, epoch: 69 | loss: 0.0872096
	speed: 0.0880s/iter; left time: 6420.5532s
	iters: 200, epoch: 69 | loss: 0.0755777
	speed: 0.0326s/iter; left time: 2376.5969s
	iters: 300, epoch: 69 | loss: 0.0952324
	speed: 0.0324s/iter; left time: 2358.3768s
Epoch: 69 cost time: 10.663374662399292
[2025-05-29 04:00:36] [32mIntermediate result: 0.09775943  (Index 68)[0m
Epoch: 69, Steps: 315 | Train Loss: 0.0912504 Vali Loss: 0.0995601 Test Loss: 0.0977594
Validation loss decreased (0.099960 --> 0.099560).  Saving model ...
Updating learning rate to 8.767368028874168e-05
	iters: 100, epoch: 70 | loss: 0.1055421
	speed: 0.0906s/iter; left time: 6581.5786s
	iters: 200, epoch: 70 | loss: 0.0885865
	speed: 0.0326s/iter; left time: 2367.4092s
	iters: 300, epoch: 70 | loss: 0.0878182
	speed: 0.0333s/iter; left time: 2411.1618s
Epoch: 70 cost time: 10.904865503311157
[2025-05-29 04:00:52] [32mIntermediate result: 0.09669691  (Index 69)[0m
Epoch: 70, Steps: 315 | Train Loss: 0.0917753 Vali Loss: 0.0985466 Test Loss: 0.0966969
Validation loss decreased (0.099560 --> 0.098547).  Saving model ...
Updating learning rate to 8.877279248860017e-05
	iters: 100, epoch: 71 | loss: 0.0900651
	speed: 0.0880s/iter; left time: 6364.1715s
	iters: 200, epoch: 71 | loss: 0.0805807
	speed: 0.0326s/iter; left time: 2357.3715s
	iters: 300, epoch: 71 | loss: 0.0891910
	speed: 0.0328s/iter; left time: 2366.7458s
Epoch: 71 cost time: 10.667922496795654
[2025-05-29 04:01:07] [32mIntermediate result: 0.09745712  (Index 70)[0m
Epoch: 71, Steps: 315 | Train Loss: 0.0909031 Vali Loss: 0.0994621 Test Loss: 0.0974571
EarlyStopping counter: 1 out of 20
Updating learning rate to 8.982709954474577e-05
	iters: 100, epoch: 72 | loss: 0.0918984
	speed: 0.0880s/iter; left time: 6342.0652s
	iters: 200, epoch: 72 | loss: 0.0798363
	speed: 0.0331s/iter; left time: 2377.5257s
	iters: 300, epoch: 72 | loss: 0.0765934
	speed: 0.0326s/iter; left time: 2344.7296s
Epoch: 72 cost time: 10.795010566711426
[2025-05-29 04:01:23] [32mIntermediate result: 0.09715313  (Index 71)[0m
Epoch: 72, Steps: 315 | Train Loss: 0.0909029 Vali Loss: 0.0993114 Test Loss: 0.0971531
EarlyStopping counter: 2 out of 20
Updating learning rate to 9.083531685582045e-05
	iters: 100, epoch: 73 | loss: 0.0885843
	speed: 0.0873s/iter; left time: 6262.6857s
	iters: 200, epoch: 73 | loss: 0.0991558
	speed: 0.0336s/iter; left time: 2403.2373s
	iters: 300, epoch: 73 | loss: 0.0997221
	speed: 0.0326s/iter; left time: 2332.2186s
Epoch: 73 cost time: 10.724541187286377
[2025-05-29 04:01:38] [32mIntermediate result: 0.09848585  (Index 72)[0m
Epoch: 73, Steps: 315 | Train Loss: 0.0909328 Vali Loss: 0.1005502 Test Loss: 0.0984858
EarlyStopping counter: 3 out of 20
Updating learning rate to 9.179621597768226e-05
	iters: 100, epoch: 74 | loss: 0.0991158
	speed: 0.0868s/iter; left time: 6196.4960s
	iters: 200, epoch: 74 | loss: 0.0945581
	speed: 0.0320s/iter; left time: 2283.1087s
	iters: 300, epoch: 74 | loss: 0.0925352
	speed: 0.0321s/iter; left time: 2282.8595s
Epoch: 74 cost time: 10.463128566741943
[2025-05-29 04:01:53] [32mIntermediate result: 0.09686005  (Index 73)[0m
Epoch: 74, Steps: 315 | Train Loss: 0.0906590 Vali Loss: 0.0988053 Test Loss: 0.0968601
EarlyStopping counter: 4 out of 20
Updating learning rate to 9.270862612018079e-05
	iters: 100, epoch: 75 | loss: 0.0793946
	speed: 0.0872s/iter; left time: 6198.2055s
	iters: 200, epoch: 75 | loss: 0.0920884
	speed: 0.0328s/iter; left time: 2328.2836s
	iters: 300, epoch: 75 | loss: 0.1050333
	speed: 0.0328s/iter; left time: 2323.8640s
Epoch: 75 cost time: 10.693163871765137
[2025-05-29 04:02:08] [32mIntermediate result: 0.09990345  (Index 74)[0m
Epoch: 75, Steps: 315 | Train Loss: 0.0901365 Vali Loss: 0.1015724 Test Loss: 0.0999034
EarlyStopping counter: 5 out of 20
Updating learning rate to 9.357143557368526e-05
	iters: 100, epoch: 76 | loss: 0.1056094
	speed: 0.0875s/iter; left time: 6191.1221s
	iters: 200, epoch: 76 | loss: 0.0887155
	speed: 0.0326s/iter; left time: 2307.1313s
	iters: 300, epoch: 76 | loss: 0.0951358
	speed: 0.0328s/iter; left time: 2311.7299s
Epoch: 76 cost time: 10.7249174118042
[2025-05-29 04:02:24] [32mIntermediate result: 0.09620396  (Index 75)[0m
Epoch: 76, Steps: 315 | Train Loss: 0.0898180 Vali Loss: 0.0979060 Test Loss: 0.0962040
Validation loss decreased (0.098547 --> 0.097906).  Saving model ...
Updating learning rate to 9.438359306362704e-05
	iters: 100, epoch: 77 | loss: 0.0742649
	speed: 0.0883s/iter; left time: 6221.0242s
	iters: 200, epoch: 77 | loss: 0.0913343
	speed: 0.0331s/iter; left time: 2325.6559s
	iters: 300, epoch: 77 | loss: 0.1060697
	speed: 0.0335s/iter; left time: 2351.4324s
Epoch: 77 cost time: 10.830589771270752
[2025-05-29 04:02:39] [32mIntermediate result: 0.096191734  (Index 76)[0m
Epoch: 77, Steps: 315 | Train Loss: 0.0897642 Vali Loss: 0.0978334 Test Loss: 0.0961917
Validation loss decreased (0.097906 --> 0.097833).  Saving model ...
Updating learning rate to 9.51441090314061e-05
	iters: 100, epoch: 78 | loss: 0.0889798
	speed: 0.0910s/iter; left time: 6382.0258s
	iters: 200, epoch: 78 | loss: 0.0786608
	speed: 0.0331s/iter; left time: 2317.3921s
	iters: 300, epoch: 78 | loss: 0.0911925
	speed: 0.0329s/iter; left time: 2299.1673s
Epoch: 78 cost time: 10.967673778533936
[2025-05-29 04:02:55] [32mIntermediate result: 0.10232544  (Index 77)[0m
Epoch: 78, Steps: 315 | Train Loss: 0.0897644 Vali Loss: 0.1056944 Test Loss: 0.1023254
EarlyStopping counter: 1 out of 20
Updating learning rate to 9.585205684010079e-05
	iters: 100, epoch: 79 | loss: 0.0781058
	speed: 0.0884s/iter; left time: 6171.9036s
	iters: 200, epoch: 79 | loss: 0.1023634
	speed: 0.0337s/iter; left time: 2348.9054s
	iters: 300, epoch: 79 | loss: 0.0970450
	speed: 0.0329s/iter; left time: 2292.1025s
Epoch: 79 cost time: 10.920411825180054
[2025-05-29 04:03:10] [32mIntermediate result: 0.09780403  (Index 78)[0m
Epoch: 79, Steps: 315 | Train Loss: 0.0891848 Vali Loss: 0.0999442 Test Loss: 0.0978040
EarlyStopping counter: 2 out of 20
Updating learning rate to 9.65065739035118e-05
	iters: 100, epoch: 80 | loss: 0.0813328
	speed: 0.0900s/iter; left time: 6256.2862s
	iters: 200, epoch: 80 | loss: 0.0838356
	speed: 0.0327s/iter; left time: 2272.0729s
	iters: 300, epoch: 80 | loss: 0.0952673
	speed: 0.0330s/iter; left time: 2289.3658s
Epoch: 80 cost time: 10.792372465133667
[2025-05-29 04:03:26] [32mIntermediate result: 0.097795814  (Index 79)[0m
Epoch: 80, Steps: 315 | Train Loss: 0.0899819 Vali Loss: 0.0999276 Test Loss: 0.0977958
EarlyStopping counter: 3 out of 20
Updating learning rate to 9.710686273716479e-05
	iters: 100, epoch: 81 | loss: 0.0941735
	speed: 0.0900s/iter; left time: 6224.9008s
	iters: 200, epoch: 81 | loss: 0.0995557
	speed: 0.0334s/iter; left time: 2308.1307s
	iters: 300, epoch: 81 | loss: 0.0950674
	speed: 0.0329s/iter; left time: 2270.2266s
Epoch: 81 cost time: 10.905810594558716
[2025-05-29 04:03:42] [32mIntermediate result: 0.096379675  (Index 80)[0m
Epoch: 81, Steps: 315 | Train Loss: 0.0900183 Vali Loss: 0.0980386 Test Loss: 0.0963797
EarlyStopping counter: 4 out of 20
Updating learning rate to 9.765219192999084e-05
	iters: 100, epoch: 82 | loss: 0.0904960
	speed: 0.0890s/iter; left time: 6133.4924s
	iters: 200, epoch: 82 | loss: 0.0982682
	speed: 0.0333s/iter; left time: 2289.6409s
	iters: 300, epoch: 82 | loss: 0.0946532
	speed: 0.0332s/iter; left time: 2278.1492s
Epoch: 82 cost time: 10.809988260269165
[2025-05-29 04:03:57] [32mIntermediate result: 0.095294066  (Index 81)[0m
Epoch: 82, Steps: 315 | Train Loss: 0.0888945 Vali Loss: 0.0969281 Test Loss: 0.0952941
Validation loss decreased (0.097833 --> 0.096928).  Saving model ...
Updating learning rate to 9.814189703550106e-05
	iters: 100, epoch: 83 | loss: 0.0839045
	speed: 0.0879s/iter; left time: 6030.2545s
	iters: 200, epoch: 83 | loss: 0.0942004
	speed: 0.0345s/iter; left time: 2364.1757s
	iters: 300, epoch: 83 | loss: 0.0902363
	speed: 0.0334s/iter; left time: 2283.3295s
Epoch: 83 cost time: 11.029572010040283
[2025-05-29 04:04:13] [32mIntermediate result: 0.09741131  (Index 82)[0m
Epoch: 83, Steps: 315 | Train Loss: 0.0888875 Vali Loss: 0.0995870 Test Loss: 0.0974113
EarlyStopping counter: 1 out of 20
Updating learning rate to 9.857538138136941e-05
	iters: 100, epoch: 84 | loss: 0.1002365
	speed: 0.0875s/iter; left time: 5975.3227s
	iters: 200, epoch: 84 | loss: 0.0822945
	speed: 0.0334s/iter; left time: 2276.9726s
	iters: 300, epoch: 84 | loss: 0.0957091
	speed: 0.0331s/iter; left time: 2249.2745s
Epoch: 84 cost time: 10.805150985717773
[2025-05-29 04:04:28] [32mIntermediate result: 0.09575532  (Index 83)[0m
Epoch: 84, Steps: 315 | Train Loss: 0.0885054 Vali Loss: 0.0971174 Test Loss: 0.0957553
EarlyStopping counter: 2 out of 20
Updating learning rate to 9.895211679643729e-05
	iters: 100, epoch: 85 | loss: 0.0869363
	speed: 0.0875s/iter; left time: 5946.7316s
	iters: 200, epoch: 85 | loss: 0.1038511
	speed: 0.0329s/iter; left time: 2229.9530s
	iters: 300, epoch: 85 | loss: 0.0942009
	speed: 0.0327s/iter; left time: 2213.1156s
Epoch: 85 cost time: 10.70742917060852
[2025-05-29 04:04:43] [32mIntermediate result: 0.09504127  (Index 84)[0m
Epoch: 85, Steps: 315 | Train Loss: 0.0884761 Vali Loss: 0.0963616 Test Loss: 0.0950413
Validation loss decreased (0.096928 --> 0.096362).  Saving model ...
Updating learning rate to 9.92716442542541e-05
	iters: 100, epoch: 86 | loss: 0.0902510
	speed: 0.0886s/iter; left time: 5991.5352s
	iters: 200, epoch: 86 | loss: 0.0847186
	speed: 0.0338s/iter; left time: 2282.5745s
	iters: 300, epoch: 86 | loss: 0.0879808
	speed: 0.0337s/iter; left time: 2270.3878s
Epoch: 86 cost time: 10.911033391952515
[2025-05-29 04:04:59] [32mIntermediate result: 0.09518813  (Index 85)[0m
Epoch: 86, Steps: 315 | Train Loss: 0.0885884 Vali Loss: 0.0966443 Test Loss: 0.0951881
EarlyStopping counter: 1 out of 20
Updating learning rate to 9.953357443236979e-05
	iters: 100, epoch: 87 | loss: 0.0910657
	speed: 0.0873s/iter; left time: 5873.5414s
	iters: 200, epoch: 87 | loss: 0.0907674
	speed: 0.0331s/iter; left time: 2223.7787s
	iters: 300, epoch: 87 | loss: 0.0776021
	speed: 0.0331s/iter; left time: 2220.5569s
Epoch: 87 cost time: 10.760212659835815
[2025-05-29 04:05:14] [32mIntermediate result: 0.09616858  (Index 86)[0m
Epoch: 87, Steps: 315 | Train Loss: 0.0881724 Vali Loss: 0.0972056 Test Loss: 0.0961686
EarlyStopping counter: 2 out of 20
Updating learning rate to 9.97375881866977e-05
	iters: 100, epoch: 88 | loss: 0.0919078
	speed: 0.0872s/iter; left time: 5841.2478s
	iters: 200, epoch: 88 | loss: 0.0841578
	speed: 0.0331s/iter; left time: 2211.4408s
	iters: 300, epoch: 88 | loss: 0.0702642
	speed: 0.0335s/iter; left time: 2238.2189s
Epoch: 88 cost time: 10.815503358840942
[2025-05-29 04:05:30] [32mIntermediate result: 0.09669329  (Index 87)[0m
Epoch: 88, Steps: 315 | Train Loss: 0.0881767 Vali Loss: 0.0981566 Test Loss: 0.0966933
EarlyStopping counter: 3 out of 20
Updating learning rate to 9.988343694036985e-05
	iters: 100, epoch: 89 | loss: 0.0973014
	speed: 0.0890s/iter; left time: 5936.4432s
	iters: 200, epoch: 89 | loss: 0.0908279
	speed: 0.0327s/iter; left time: 2179.7003s
	iters: 300, epoch: 89 | loss: 0.0920140
	speed: 0.0328s/iter; left time: 2179.3040s
Epoch: 89 cost time: 10.735261917114258
[2025-05-29 04:05:45] [32mIntermediate result: 0.09435833  (Index 88)[0m
Epoch: 89, Steps: 315 | Train Loss: 0.0878239 Vali Loss: 0.0955936 Test Loss: 0.0943583
Validation loss decreased (0.096362 --> 0.095594).  Saving model ...
Updating learning rate to 9.997094298661106e-05
	iters: 100, epoch: 90 | loss: 0.0823483
	speed: 0.0876s/iter; left time: 5813.4622s
	iters: 200, epoch: 90 | loss: 0.0924213
	speed: 0.0326s/iter; left time: 2157.3758s
	iters: 300, epoch: 90 | loss: 0.0792827
	speed: 0.0327s/iter; left time: 2166.4163s
Epoch: 90 cost time: 10.675832986831665
[2025-05-29 04:06:00] [32mIntermediate result: 0.095060505  (Index 89)[0m
Epoch: 90, Steps: 315 | Train Loss: 0.0877619 Vali Loss: 0.0964079 Test Loss: 0.0950605
EarlyStopping counter: 1 out of 20
Updating learning rate to 9.999999994361309e-05
	iters: 100, epoch: 91 | loss: 0.0897790
	speed: 0.0875s/iter; left time: 5779.0127s
	iters: 200, epoch: 91 | loss: 0.1005310
	speed: 0.0345s/iter; left time: 2274.1122s
	iters: 300, epoch: 91 | loss: 0.1078080
	speed: 0.0331s/iter; left time: 2178.5711s
Epoch: 91 cost time: 10.910207271575928
[2025-05-29 04:06:16] [32mIntermediate result: 0.101485446  (Index 90)[0m
Epoch: 91, Steps: 315 | Train Loss: 0.0877566 Vali Loss: 0.1040962 Test Loss: 0.1014854
EarlyStopping counter: 2 out of 20
Updating learning rate to 9.99943695340825e-05
	iters: 100, epoch: 92 | loss: 0.1007578
	speed: 0.0897s/iter; left time: 5898.0787s
	iters: 200, epoch: 92 | loss: 0.0910039
	speed: 0.0350s/iter; left time: 2294.2844s
	iters: 300, epoch: 92 | loss: 0.0779875
	speed: 0.0333s/iter; left time: 2179.3422s
Epoch: 92 cost time: 11.138906478881836
[2025-05-29 04:06:32] [32mIntermediate result: 0.094069  (Index 91)[0m
Epoch: 92, Steps: 315 | Train Loss: 0.0873483 Vali Loss: 0.0957521 Test Loss: 0.0940690
EarlyStopping counter: 3 out of 20
Updating learning rate to 9.99775506104164e-05
	iters: 100, epoch: 93 | loss: 0.0863045
	speed: 0.0877s/iter; left time: 5737.2119s
	iters: 200, epoch: 93 | loss: 0.0903545
	speed: 0.0329s/iter; left time: 2150.4248s
	iters: 300, epoch: 93 | loss: 0.0959829
	speed: 0.0330s/iter; left time: 2153.8263s
Epoch: 93 cost time: 10.748865365982056
[2025-05-29 04:06:47] [32mIntermediate result: 0.09562738  (Index 92)[0m
Epoch: 93, Steps: 315 | Train Loss: 0.0870133 Vali Loss: 0.0965152 Test Loss: 0.0956274
EarlyStopping counter: 4 out of 20
Updating learning rate to 9.994954693662902e-05
	iters: 100, epoch: 94 | loss: 0.1013512
	speed: 0.0882s/iter; left time: 5739.2566s
	iters: 200, epoch: 94 | loss: 0.0863982
	speed: 0.0330s/iter; left time: 2147.0324s
	iters: 300, epoch: 94 | loss: 0.0750355
	speed: 0.0329s/iter; left time: 2137.1582s
Epoch: 94 cost time: 10.792950868606567
[2025-05-29 04:07:02] [32mIntermediate result: 0.09378247  (Index 93)[0m
Epoch: 94, Steps: 315 | Train Loss: 0.0866019 Vali Loss: 0.0951768 Test Loss: 0.0937825
Validation loss decreased (0.095594 --> 0.095177).  Saving model ...
Updating learning rate to 9.991036477984119e-05
	iters: 100, epoch: 95 | loss: 0.0809918
	speed: 0.0870s/iter; left time: 5637.5185s
	iters: 200, epoch: 95 | loss: 0.0960726
	speed: 0.0330s/iter; left time: 2135.3504s
	iters: 300, epoch: 95 | loss: 0.0877591
	speed: 0.0332s/iter; left time: 2144.5254s
Epoch: 95 cost time: 10.718760013580322
[2025-05-29 04:07:18] [32mIntermediate result: 0.09372293  (Index 94)[0m
Epoch: 95, Steps: 315 | Train Loss: 0.0869142 Vali Loss: 0.0949388 Test Loss: 0.0937229
Validation loss decreased (0.095177 --> 0.094939).  Saving model ...
Updating learning rate to 9.986001290887771e-05
	iters: 100, epoch: 96 | loss: 0.0880716
	speed: 0.0871s/iter; left time: 5616.2235s
	iters: 200, epoch: 96 | loss: 0.0688556
	speed: 0.0328s/iter; left time: 2113.3471s
	iters: 300, epoch: 96 | loss: 0.0839313
	speed: 0.0328s/iter; left time: 2109.7814s
Epoch: 96 cost time: 10.734733581542969
[2025-05-29 04:07:33] [32mIntermediate result: 0.09457262  (Index 95)[0m
Epoch: 96, Steps: 315 | Train Loss: 0.0865572 Vali Loss: 0.0957598 Test Loss: 0.0945726
EarlyStopping counter: 1 out of 20
Updating learning rate to 9.979850259230501e-05
	iters: 100, epoch: 97 | loss: 0.0839314
	speed: 0.0869s/iter; left time: 5574.5533s
	iters: 200, epoch: 97 | loss: 0.0882800
	speed: 0.0330s/iter; left time: 2112.6515s
	iters: 300, epoch: 97 | loss: 0.0896131
	speed: 0.0325s/iter; left time: 2079.3370s
Epoch: 97 cost time: 10.648423194885254
[2025-05-29 04:07:48] [32mIntermediate result: 0.09580685  (Index 96)[0m
Epoch: 97, Steps: 315 | Train Loss: 0.0864618 Vali Loss: 0.0969303 Test Loss: 0.0958069
EarlyStopping counter: 2 out of 20
Updating learning rate to 9.972584759590924e-05
	iters: 100, epoch: 98 | loss: 0.0914827
	speed: 0.0867s/iter; left time: 5533.9779s
	iters: 200, epoch: 98 | loss: 0.0812887
	speed: 0.0336s/iter; left time: 2141.6538s
	iters: 300, epoch: 98 | loss: 0.1034752
	speed: 0.0341s/iter; left time: 2170.5361s
Epoch: 98 cost time: 10.922627449035645
[2025-05-29 04:08:04] [32mIntermediate result: 0.09367957  (Index 97)[0m
Epoch: 98, Steps: 315 | Train Loss: 0.0860561 Vali Loss: 0.0945134 Test Loss: 0.0936796
Validation loss decreased (0.094939 --> 0.094513).  Saving model ...
Updating learning rate to 9.964206417961555e-05
	iters: 100, epoch: 99 | loss: 0.0895436
	speed: 0.0877s/iter; left time: 5574.0713s
	iters: 200, epoch: 99 | loss: 0.0871067
	speed: 0.0330s/iter; left time: 2096.1723s
	iters: 300, epoch: 99 | loss: 0.0886911
	speed: 0.0331s/iter; left time: 2094.0834s
Epoch: 99 cost time: 10.719891548156738
[2025-05-29 04:08:19] [32mIntermediate result: 0.09711033  (Index 98)[0m
Epoch: 99, Steps: 315 | Train Loss: 0.0859087 Vali Loss: 0.0986819 Test Loss: 0.0971103
EarlyStopping counter: 1 out of 20
Updating learning rate to 9.954717109384915e-05
	iters: 100, epoch: 100 | loss: 0.0827943
	speed: 0.0872s/iter; left time: 5512.5761s
	iters: 200, epoch: 100 | loss: 0.0775109
	speed: 0.0328s/iter; left time: 2070.4212s
	iters: 300, epoch: 100 | loss: 0.0916463
	speed: 0.0332s/iter; left time: 2089.9899s
Epoch: 100 cost time: 10.720289707183838
[2025-05-29 04:08:34] [32mIntermediate result: 0.092624635  (Index 99)[0m
Epoch: 100, Steps: 315 | Train Loss: 0.0856524 Vali Loss: 0.0934696 Test Loss: 0.0926246
Validation loss decreased (0.094513 --> 0.093470).  Saving model ...
Updating learning rate to 9.944118957533907e-05
	iters: 100, epoch: 101 | loss: 0.0763576
	speed: 0.0873s/iter; left time: 5489.5844s
	iters: 200, epoch: 101 | loss: 0.0817597
	speed: 0.0330s/iter; left time: 2069.5092s
	iters: 300, epoch: 101 | loss: 0.0808450
	speed: 0.0329s/iter; left time: 2065.9101s
Epoch: 101 cost time: 10.721054792404175
[2025-05-29 04:08:50] [32mIntermediate result: 0.0933151  (Index 100)[0m
Epoch: 101, Steps: 315 | Train Loss: 0.0854267 Vali Loss: 0.0943855 Test Loss: 0.0933151
EarlyStopping counter: 1 out of 20
Updating learning rate to 9.932414334236543e-05
	iters: 100, epoch: 102 | loss: 0.0825976
	speed: 0.0874s/iter; left time: 5468.5920s
	iters: 200, epoch: 102 | loss: 0.0823361
	speed: 0.0322s/iter; left time: 2011.9951s
	iters: 300, epoch: 102 | loss: 0.0813048
	speed: 0.0328s/iter; left time: 2046.8345s
Epoch: 102 cost time: 10.615315198898315
[2025-05-29 04:09:05] [32mIntermediate result: 0.09387284  (Index 101)[0m
Epoch: 102, Steps: 315 | Train Loss: 0.0853331 Vali Loss: 0.0947700 Test Loss: 0.0938728
EarlyStopping counter: 2 out of 20
Updating learning rate to 9.919605858945144e-05
	iters: 100, epoch: 103 | loss: 0.0779128
	speed: 0.0876s/iter; left time: 5456.4513s
	iters: 200, epoch: 103 | loss: 0.0775480
	speed: 0.0329s/iter; left time: 2044.5911s
	iters: 300, epoch: 103 | loss: 0.0966254
	speed: 0.0329s/iter; left time: 2045.0811s
Epoch: 103 cost time: 10.726485013961792
[2025-05-29 04:09:20] [32mIntermediate result: 0.092975885  (Index 102)[0m
Epoch: 103, Steps: 315 | Train Loss: 0.0851945 Vali Loss: 0.0936368 Test Loss: 0.0929759
EarlyStopping counter: 3 out of 20
Updating learning rate to 9.905696398150104e-05
	iters: 100, epoch: 104 | loss: 0.0936253
	speed: 0.0880s/iter; left time: 5454.0813s
	iters: 200, epoch: 104 | loss: 0.0858140
	speed: 0.0327s/iter; left time: 2025.1290s
	iters: 300, epoch: 104 | loss: 0.0907143
	speed: 0.0325s/iter; left time: 2009.7960s
Epoch: 104 cost time: 10.712425470352173
[2025-05-29 04:09:36] [32mIntermediate result: 0.094233006  (Index 103)[0m
Epoch: 104, Steps: 315 | Train Loss: 0.0850305 Vali Loss: 0.0948381 Test Loss: 0.0942330
EarlyStopping counter: 4 out of 20
Updating learning rate to 9.890689064738388e-05
	iters: 100, epoch: 105 | loss: 0.0823940
	speed: 0.0896s/iter; left time: 5521.9013s
	iters: 200, epoch: 105 | loss: 0.0993345
	speed: 0.0339s/iter; left time: 2084.4143s
	iters: 300, epoch: 105 | loss: 0.0827687
	speed: 0.0333s/iter; left time: 2046.8047s
Epoch: 105 cost time: 10.935283422470093
[2025-05-29 04:09:51] [32mIntermediate result: 0.09429883  (Index 104)[0m
Epoch: 105, Steps: 315 | Train Loss: 0.0846130 Vali Loss: 0.0950394 Test Loss: 0.0942988
EarlyStopping counter: 5 out of 20
Updating learning rate to 9.874587217296879e-05
	iters: 100, epoch: 106 | loss: 0.0960902
	speed: 0.0882s/iter; left time: 5411.0563s
	iters: 200, epoch: 106 | loss: 0.0808060
	speed: 0.0334s/iter; left time: 2043.0330s
	iters: 300, epoch: 106 | loss: 0.0785185
	speed: 0.0329s/iter; left time: 2010.5758s
Epoch: 106 cost time: 10.799975156784058
[2025-05-29 04:10:07] [32mIntermediate result: 0.09304184  (Index 105)[0m
Epoch: 106, Steps: 315 | Train Loss: 0.0849191 Vali Loss: 0.0942103 Test Loss: 0.0930418
EarlyStopping counter: 6 out of 20
Updating learning rate to 9.857394459360739e-05
	iters: 100, epoch: 107 | loss: 0.0748992
	speed: 0.0874s/iter; left time: 5333.0518s
	iters: 200, epoch: 107 | loss: 0.0913379
	speed: 0.0330s/iter; left time: 2008.3496s
	iters: 300, epoch: 107 | loss: 0.0785179
	speed: 0.0341s/iter; left time: 2074.5967s
Epoch: 107 cost time: 10.841675281524658
[2025-05-29 04:10:22] [32mIntermediate result: 0.09282941  (Index 106)[0m
Epoch: 107, Steps: 315 | Train Loss: 0.0847331 Vali Loss: 0.0936180 Test Loss: 0.0928294
EarlyStopping counter: 7 out of 20
Updating learning rate to 9.839114638606947e-05
	iters: 100, epoch: 108 | loss: 0.0738583
	speed: 0.0872s/iter; left time: 5291.6548s
	iters: 200, epoch: 108 | loss: 0.0697572
	speed: 0.0332s/iter; left time: 2012.9723s
	iters: 300, epoch: 108 | loss: 0.0677727
	speed: 0.0331s/iter; left time: 2004.3287s
Epoch: 108 cost time: 10.782098531723022
[2025-05-29 04:10:38] [32mIntermediate result: 0.09580118  (Index 107)[0m
Epoch: 108, Steps: 315 | Train Loss: 0.0841902 Vali Loss: 0.0974637 Test Loss: 0.0958012
EarlyStopping counter: 8 out of 20
Updating learning rate to 9.819751845993202e-05
	iters: 100, epoch: 109 | loss: 0.0865406
	speed: 0.0872s/iter; left time: 5267.3734s
	iters: 200, epoch: 109 | loss: 0.0856804
	speed: 0.0327s/iter; left time: 1973.3754s
	iters: 300, epoch: 109 | loss: 0.0700821
	speed: 0.0327s/iter; left time: 1967.3049s
Epoch: 109 cost time: 10.646018266677856
[2025-05-29 04:10:53] [32mIntermediate result: 0.09254338  (Index 108)[0m
Epoch: 109, Steps: 315 | Train Loss: 0.0841754 Vali Loss: 0.0932646 Test Loss: 0.0925434
Validation loss decreased (0.093470 --> 0.093265).  Saving model ...
Updating learning rate to 9.799310414842388e-05
	iters: 100, epoch: 110 | loss: 0.0814397
	speed: 0.0881s/iter; left time: 5290.8092s
	iters: 200, epoch: 110 | loss: 0.0934083
	speed: 0.0325s/iter; left time: 1948.3699s
	iters: 300, epoch: 110 | loss: 0.0767657
	speed: 0.0327s/iter; left time: 1957.2762s
Epoch: 110 cost time: 10.661858320236206
[2025-05-29 04:11:08] [32mIntermediate result: 0.09317717  (Index 109)[0m
Epoch: 110, Steps: 315 | Train Loss: 0.0839804 Vali Loss: 0.0946351 Test Loss: 0.0931772
EarlyStopping counter: 1 out of 20
Updating learning rate to 9.777794919872789e-05
	iters: 100, epoch: 111 | loss: 0.0684522
	speed: 0.0874s/iter; left time: 5223.0004s
	iters: 200, epoch: 111 | loss: 0.0810760
	speed: 0.0331s/iter; left time: 1973.4753s
	iters: 300, epoch: 111 | loss: 0.0840446
	speed: 0.0329s/iter; left time: 1958.9468s
Epoch: 111 cost time: 10.722165584564209
[2025-05-29 04:11:23] [32mIntermediate result: 0.093948245  (Index 110)[0m
Epoch: 111, Steps: 315 | Train Loss: 0.0839186 Vali Loss: 0.0946402 Test Loss: 0.0939482
EarlyStopping counter: 2 out of 20
Updating learning rate to 9.755210176174281e-05
	iters: 100, epoch: 112 | loss: 0.0792460
	speed: 0.0880s/iter; left time: 5230.5726s
	iters: 200, epoch: 112 | loss: 0.0860126
	speed: 0.0331s/iter; left time: 1965.1413s
	iters: 300, epoch: 112 | loss: 0.0828708
	speed: 0.0332s/iter; left time: 1963.8758s
Epoch: 112 cost time: 10.829730749130249
[2025-05-29 04:11:39] [32mIntermediate result: 0.09638874  (Index 111)[0m
Epoch: 112, Steps: 315 | Train Loss: 0.0838127 Vali Loss: 0.0977663 Test Loss: 0.0963887
EarlyStopping counter: 3 out of 20
Updating learning rate to 9.731561238130732e-05
	iters: 100, epoch: 113 | loss: 0.0945957
	speed: 0.0889s/iter; left time: 5254.3158s
	iters: 200, epoch: 113 | loss: 0.0900249
	speed: 0.0329s/iter; left time: 1942.4542s
	iters: 300, epoch: 113 | loss: 0.0865740
	speed: 0.0334s/iter; left time: 1968.0216s
Epoch: 113 cost time: 10.851629495620728
[2025-05-29 04:11:54] [32mIntermediate result: 0.09205485  (Index 112)[0m
Epoch: 113, Steps: 315 | Train Loss: 0.0834452 Vali Loss: 0.0931366 Test Loss: 0.0920549
Validation loss decreased (0.093265 --> 0.093137).  Saving model ...
Updating learning rate to 9.706853398288856e-05
	iters: 100, epoch: 114 | loss: 0.0912993
	speed: 0.0886s/iter; left time: 5207.4027s
	iters: 200, epoch: 114 | loss: 0.0865275
	speed: 0.0328s/iter; left time: 1926.5284s
	iters: 300, epoch: 114 | loss: 0.0850313
	speed: 0.0325s/iter; left time: 1904.3433s
Epoch: 114 cost time: 10.67656946182251
[2025-05-29 04:12:10] [32mIntermediate result: 0.092146225  (Index 113)[0m
Epoch: 114, Steps: 315 | Train Loss: 0.0831858 Vali Loss: 0.0925967 Test Loss: 0.0921462
Validation loss decreased (0.093137 --> 0.092597).  Saving model ...
Updating learning rate to 9.681092186173754e-05
	iters: 100, epoch: 115 | loss: 0.0899990
	speed: 0.0883s/iter; left time: 5162.7038s
	iters: 200, epoch: 115 | loss: 0.0951135
	speed: 0.0329s/iter; left time: 1920.1569s
	iters: 300, epoch: 115 | loss: 0.0953574
	speed: 0.0330s/iter; left time: 1922.0773s
Epoch: 115 cost time: 10.757234334945679
[2025-05-29 04:12:25] [32mIntermediate result: 0.09232911  (Index 114)[0m
Epoch: 115, Steps: 315 | Train Loss: 0.0832120 Vali Loss: 0.0928379 Test Loss: 0.0923291
EarlyStopping counter: 1 out of 20
Updating learning rate to 9.654283367051428e-05
	iters: 100, epoch: 116 | loss: 0.0939455
	speed: 0.0905s/iter; left time: 5266.1732s
	iters: 200, epoch: 116 | loss: 0.0878650
	speed: 0.0338s/iter; left time: 1963.8080s
	iters: 300, epoch: 116 | loss: 0.0932135
	speed: 0.0332s/iter; left time: 1926.2841s
Epoch: 116 cost time: 10.967700958251953
[2025-05-29 04:12:41] [32mIntermediate result: 0.09648329  (Index 115)[0m
Epoch: 116, Steps: 315 | Train Loss: 0.0830630 Vali Loss: 0.0966307 Test Loss: 0.0964833
EarlyStopping counter: 2 out of 20
Updating learning rate to 9.626432940638533e-05
	iters: 100, epoch: 117 | loss: 0.0872451
	speed: 0.0883s/iter; left time: 5109.7371s
	iters: 200, epoch: 117 | loss: 0.0802027
	speed: 0.0326s/iter; left time: 1885.1269s
	iters: 300, epoch: 117 | loss: 0.0750546
	speed: 0.0329s/iter; left time: 1899.5695s
Epoch: 117 cost time: 10.756738901138306
[2025-05-29 04:12:56] [32mIntermediate result: 0.09214628  (Index 116)[0m
Epoch: 117, Steps: 315 | Train Loss: 0.0830688 Vali Loss: 0.0926646 Test Loss: 0.0921463
EarlyStopping counter: 3 out of 20
Updating learning rate to 9.59754713975967e-05
	iters: 100, epoch: 118 | loss: 0.0864233
	speed: 0.0874s/iter; left time: 5031.8259s
	iters: 200, epoch: 118 | loss: 0.0785666
	speed: 0.0331s/iter; left time: 1902.3623s
	iters: 300, epoch: 118 | loss: 0.0837436
	speed: 0.0331s/iter; left time: 1898.9411s
Epoch: 118 cost time: 10.770894289016724
[2025-05-29 04:13:12] [32mIntermediate result: 0.09179086  (Index 117)[0m
Epoch: 118, Steps: 315 | Train Loss: 0.0824810 Vali Loss: 0.0923422 Test Loss: 0.0917909
Validation loss decreased (0.092597 --> 0.092342).  Saving model ...
Updating learning rate to 9.567632428952489e-05
	iters: 100, epoch: 119 | loss: 0.0779801
	speed: 0.0884s/iter; left time: 5058.7537s
	iters: 200, epoch: 119 | loss: 0.0943138
	speed: 0.0329s/iter; left time: 1877.8400s
	iters: 300, epoch: 119 | loss: 0.0615362
	speed: 0.0326s/iter; left time: 1857.1528s
Epoch: 119 cost time: 10.663916110992432
[2025-05-29 04:13:27] [32mIntermediate result: 0.09192323  (Index 118)[0m
Epoch: 119, Steps: 315 | Train Loss: 0.0824186 Vali Loss: 0.0920238 Test Loss: 0.0919232
Validation loss decreased (0.092342 --> 0.092024).  Saving model ...
Updating learning rate to 9.536695503020964e-05
	iters: 100, epoch: 120 | loss: 0.0693299
	speed: 0.0863s/iter; left time: 4910.2834s
	iters: 200, epoch: 120 | loss: 0.0849785
	speed: 0.0327s/iter; left time: 1857.7141s
	iters: 300, epoch: 120 | loss: 0.0787706
	speed: 0.0328s/iter; left time: 1858.0004s
Epoch: 120 cost time: 10.663794994354248
[2025-05-29 04:13:42] [32mIntermediate result: 0.09175931  (Index 119)[0m
Epoch: 120, Steps: 315 | Train Loss: 0.0823056 Vali Loss: 0.0922057 Test Loss: 0.0917593
EarlyStopping counter: 1 out of 20
Updating learning rate to 9.50474328553711e-05
	iters: 100, epoch: 121 | loss: 0.0603098
	speed: 0.0866s/iter; left time: 4901.6742s
	iters: 200, epoch: 121 | loss: 0.0907210
	speed: 0.0330s/iter; left time: 1862.8740s
	iters: 300, epoch: 121 | loss: 0.0769728
	speed: 0.0330s/iter; left time: 1862.4220s
Epoch: 121 cost time: 10.732998609542847
[2025-05-29 04:13:57] [32mIntermediate result: 0.09142146  (Index 120)[0m
Epoch: 121, Steps: 315 | Train Loss: 0.0821725 Vali Loss: 0.0920813 Test Loss: 0.0914215
EarlyStopping counter: 2 out of 20
Updating learning rate to 9.471782927291512e-05
	iters: 100, epoch: 122 | loss: 0.0832658
	speed: 0.0874s/iter; left time: 4918.4432s
	iters: 200, epoch: 122 | loss: 0.0673553
	speed: 0.0328s/iter; left time: 1842.0358s
	iters: 300, epoch: 122 | loss: 0.0831550
	speed: 0.0328s/iter; left time: 1837.7809s
Epoch: 122 cost time: 10.715197324752808
[2025-05-29 04:14:13] [32mIntermediate result: 0.09185847  (Index 121)[0m
Epoch: 122, Steps: 315 | Train Loss: 0.0819057 Vali Loss: 0.0927260 Test Loss: 0.0918585
EarlyStopping counter: 3 out of 20
Updating learning rate to 9.437821804693013e-05
	iters: 100, epoch: 123 | loss: 0.0761803
	speed: 0.0876s/iter; left time: 4903.4850s
	iters: 200, epoch: 123 | loss: 0.0937810
	speed: 0.0326s/iter; left time: 1823.8263s
	iters: 300, epoch: 123 | loss: 0.0775753
	speed: 0.0331s/iter; left time: 1843.4116s
Epoch: 123 cost time: 10.715190410614014
[2025-05-29 04:14:28] [32mIntermediate result: 0.0911161  (Index 122)[0m
Epoch: 123, Steps: 315 | Train Loss: 0.0822086 Vali Loss: 0.0918582 Test Loss: 0.0911161
Validation loss decreased (0.092024 --> 0.091858).  Saving model ...
Updating learning rate to 9.402867518117895e-05
	iters: 100, epoch: 124 | loss: 0.0783413
	speed: 0.0871s/iter; left time: 4844.8789s
	iters: 200, epoch: 124 | loss: 0.0868679
	speed: 0.0328s/iter; left time: 1822.5556s
	iters: 300, epoch: 124 | loss: 0.0665065
	speed: 0.0326s/iter; left time: 1810.2713s
Epoch: 124 cost time: 10.664300680160522
[2025-05-29 04:14:44] [32mIntermediate result: 0.091540106  (Index 123)[0m
Epoch: 124, Steps: 315 | Train Loss: 0.0824033 Vali Loss: 0.0921588 Test Loss: 0.0915401
EarlyStopping counter: 1 out of 20
Updating learning rate to 9.366927890208936e-05
	iters: 100, epoch: 125 | loss: 0.0847344
	speed: 0.0886s/iter; left time: 4904.3791s
	iters: 200, epoch: 125 | loss: 0.0947126
	speed: 0.0325s/iter; left time: 1797.3467s
	iters: 300, epoch: 125 | loss: 0.0831639
	speed: 0.0326s/iter; left time: 1799.9334s
Epoch: 125 cost time: 10.660237550735474
[2025-05-29 04:14:59] [32mIntermediate result: 0.091181725  (Index 124)[0m
Epoch: 125, Steps: 315 | Train Loss: 0.0816311 Vali Loss: 0.0910368 Test Loss: 0.0911817
Validation loss decreased (0.091858 --> 0.091037).  Saving model ...
Updating learning rate to 9.330010964124743e-05
	iters: 100, epoch: 126 | loss: 0.0971848
	speed: 0.0888s/iter; left time: 4885.0032s
	iters: 200, epoch: 126 | loss: 0.0825242
	speed: 0.0329s/iter; left time: 1805.0497s
	iters: 300, epoch: 126 | loss: 0.0889295
	speed: 0.0331s/iter; left time: 1816.7269s
Epoch: 126 cost time: 10.804819822311401
[2025-05-29 04:15:14] [32mIntermediate result: 0.090870716  (Index 125)[0m
Epoch: 126, Steps: 315 | Train Loss: 0.0813809 Vali Loss: 0.0910419 Test Loss: 0.0908707
EarlyStopping counter: 1 out of 20
Updating learning rate to 9.292125001739715e-05
	iters: 100, epoch: 127 | loss: 0.0878342
	speed: 0.0876s/iter; left time: 4791.1530s
	iters: 200, epoch: 127 | loss: 0.0715299
	speed: 0.0328s/iter; left time: 1790.3977s
	iters: 300, epoch: 127 | loss: 0.0788213
	speed: 0.0328s/iter; left time: 1790.6617s
Epoch: 127 cost time: 10.670429229736328
[2025-05-29 04:15:30] [32mIntermediate result: 0.091154724  (Index 126)[0m
Epoch: 127, Steps: 315 | Train Loss: 0.0812375 Vali Loss: 0.0913571 Test Loss: 0.0911547
EarlyStopping counter: 2 out of 20
Updating learning rate to 9.253278481795065e-05
	iters: 100, epoch: 128 | loss: 0.0723865
	speed: 0.0867s/iter; left time: 4717.6070s
	iters: 200, epoch: 128 | loss: 0.0668927
	speed: 0.0326s/iter; left time: 1772.6162s
	iters: 300, epoch: 128 | loss: 0.0820023
	speed: 0.0324s/iter; left time: 1758.5272s
Epoch: 128 cost time: 10.654813289642334
[2025-05-29 04:15:45] [32mIntermediate result: 0.09290974  (Index 127)[0m
Epoch: 128, Steps: 315 | Train Loss: 0.0811764 Vali Loss: 0.0933531 Test Loss: 0.0929097
EarlyStopping counter: 3 out of 20
Updating learning rate to 9.213480098001309e-05
	iters: 100, epoch: 129 | loss: 0.0840777
	speed: 0.0876s/iter; left time: 4736.2930s
	iters: 200, epoch: 129 | loss: 0.0807570
	speed: 0.0328s/iter; left time: 1768.2943s
	iters: 300, epoch: 129 | loss: 0.0893344
	speed: 0.0329s/iter; left time: 1774.1301s
Epoch: 129 cost time: 10.690468549728394
[2025-05-29 04:16:00] [32mIntermediate result: 0.09077477  (Index 128)[0m
Epoch: 129, Steps: 315 | Train Loss: 0.0817816 Vali Loss: 0.0908172 Test Loss: 0.0907748
Validation loss decreased (0.091037 --> 0.090817).  Saving model ...
Updating learning rate to 9.172738757092652e-05
	iters: 100, epoch: 130 | loss: 0.0803991
	speed: 0.0874s/iter; left time: 4698.9724s
	iters: 200, epoch: 130 | loss: 0.0690237
	speed: 0.0329s/iter; left time: 1765.6988s
	iters: 300, epoch: 130 | loss: 0.0642001
	speed: 0.0326s/iter; left time: 1745.8655s
Epoch: 130 cost time: 10.728942394256592
[2025-05-29 04:16:15] [32mIntermediate result: 0.09106686  (Index 129)[0m
Epoch: 130, Steps: 315 | Train Loss: 0.0808556 Vali Loss: 0.0913269 Test Loss: 0.0910669
EarlyStopping counter: 1 out of 20
Updating learning rate to 9.13106357683368e-05
	iters: 100, epoch: 131 | loss: 0.0848642
	speed: 0.0878s/iter; left time: 4694.0507s
	iters: 200, epoch: 131 | loss: 0.0830194
	speed: 0.0328s/iter; left time: 1750.2721s
	iters: 300, epoch: 131 | loss: 0.0881909
	speed: 0.0335s/iter; left time: 1786.3584s
Epoch: 131 cost time: 10.787795305252075
[2025-05-29 04:16:31] [32mIntermediate result: 0.09171813  (Index 130)[0m
Epoch: 131, Steps: 315 | Train Loss: 0.0806825 Vali Loss: 0.0921636 Test Loss: 0.0917181
EarlyStopping counter: 2 out of 20
Updating learning rate to 9.088463883978849e-05
	iters: 100, epoch: 132 | loss: 0.0657787
	speed: 0.0897s/iter; left time: 4767.2264s
	iters: 200, epoch: 132 | loss: 0.0875476
	speed: 0.0335s/iter; left time: 1775.3332s
	iters: 300, epoch: 132 | loss: 0.0733207
	speed: 0.0333s/iter; left time: 1764.8556s
Epoch: 132 cost time: 11.08104133605957
[2025-05-29 04:16:46] [32mIntermediate result: 0.0908707  (Index 131)[0m
Epoch: 132, Steps: 315 | Train Loss: 0.0806401 Vali Loss: 0.0908910 Test Loss: 0.0908707
EarlyStopping counter: 3 out of 20
Updating learning rate to 9.044949212185187e-05
	iters: 100, epoch: 133 | loss: 0.0981352
	speed: 0.0881s/iter; left time: 4654.0744s
	iters: 200, epoch: 133 | loss: 0.0697570
	speed: 0.0335s/iter; left time: 1764.1100s
	iters: 300, epoch: 133 | loss: 0.0907198
	speed: 0.0329s/iter; left time: 1733.0705s
Epoch: 133 cost time: 10.863282203674316
[2025-05-29 04:17:02] [32mIntermediate result: 0.09074596  (Index 132)[0m
Epoch: 133, Steps: 315 | Train Loss: 0.0804417 Vali Loss: 0.0908093 Test Loss: 0.0907460
Validation loss decreased (0.090817 --> 0.090809).  Saving model ...
Updating learning rate to 9.000529299878692e-05
	iters: 100, epoch: 134 | loss: 0.0754575
	speed: 0.0889s/iter; left time: 4665.4100s
	iters: 200, epoch: 134 | loss: 0.0838793
	speed: 0.0328s/iter; left time: 1717.6477s
	iters: 300, epoch: 134 | loss: 0.0968906
	speed: 0.0330s/iter; left time: 1724.4299s
Epoch: 134 cost time: 10.741896390914917
[2025-05-29 04:17:17] [32mIntermediate result: 0.091160215  (Index 133)[0m
Epoch: 134, Steps: 315 | Train Loss: 0.0804266 Vali Loss: 0.0911913 Test Loss: 0.0911602
EarlyStopping counter: 1 out of 20
Updating learning rate to 8.955214088074916e-05
	iters: 100, epoch: 135 | loss: 0.0936891
	speed: 0.0870s/iter; left time: 4540.4831s
	iters: 200, epoch: 135 | loss: 0.0857921
	speed: 0.0326s/iter; left time: 1698.5125s
	iters: 300, epoch: 135 | loss: 0.1020449
	speed: 0.0327s/iter; left time: 1698.1566s
Epoch: 135 cost time: 10.637710571289062
[2025-05-29 04:17:33] [32mIntermediate result: 0.09123418  (Index 134)[0m
Epoch: 135, Steps: 315 | Train Loss: 0.0805681 Vali Loss: 0.0910798 Test Loss: 0.0912342
EarlyStopping counter: 2 out of 20
Updating learning rate to 8.909013718154197e-05
	iters: 100, epoch: 136 | loss: 0.0907524
	speed: 0.0876s/iter; left time: 4543.4604s
	iters: 200, epoch: 136 | loss: 0.0917289
	speed: 0.0327s/iter; left time: 1693.4900s
	iters: 300, epoch: 136 | loss: 0.0903077
	speed: 0.0326s/iter; left time: 1686.2342s
Epoch: 136 cost time: 10.640325784683228
[2025-05-29 04:17:48] [32mIntermediate result: 0.094044305  (Index 135)[0m
Epoch: 136, Steps: 315 | Train Loss: 0.0799653 Vali Loss: 0.0940185 Test Loss: 0.0940443
EarlyStopping counter: 3 out of 20
Updating learning rate to 8.861938529592045e-05
	iters: 100, epoch: 137 | loss: 0.0856744
	speed: 0.0872s/iter; left time: 4494.1496s
	iters: 200, epoch: 137 | loss: 0.0733474
	speed: 0.0330s/iter; left time: 1697.1031s
	iters: 300, epoch: 137 | loss: 0.0695108
	speed: 0.0330s/iter; left time: 1695.2429s
Epoch: 137 cost time: 10.717306137084961
[2025-05-29 04:18:03] [32mIntermediate result: 0.09126383  (Index 136)[0m
Epoch: 137, Steps: 315 | Train Loss: 0.0800927 Vali Loss: 0.0912958 Test Loss: 0.0912638
EarlyStopping counter: 4 out of 20
Updating learning rate to 8.81399905764523e-05
	iters: 100, epoch: 138 | loss: 0.0732968
	speed: 0.0872s/iter; left time: 4470.3929s
	iters: 200, epoch: 138 | loss: 0.0874852
	speed: 0.0329s/iter; left time: 1685.2133s
	iters: 300, epoch: 138 | loss: 0.0814305
	speed: 0.0329s/iter; left time: 1679.3132s
Epoch: 138 cost time: 10.701147317886353
[2025-05-29 04:18:18] [32mIntermediate result: 0.09017187  (Index 137)[0m
Epoch: 138, Steps: 315 | Train Loss: 0.0796676 Vali Loss: 0.0902723 Test Loss: 0.0901719
Validation loss decreased (0.090809 --> 0.090272).  Saving model ...
Updating learning rate to 8.765206030994005e-05
	iters: 100, epoch: 139 | loss: 0.0823281
	speed: 0.0871s/iter; left time: 4434.3761s
	iters: 200, epoch: 139 | loss: 0.0743383
	speed: 0.0330s/iter; left time: 1676.8558s
	iters: 300, epoch: 139 | loss: 0.0624393
	speed: 0.0330s/iter; left time: 1672.7615s
Epoch: 139 cost time: 10.73833179473877
[2025-05-29 04:18:34] [32mIntermediate result: 0.090678446  (Index 138)[0m
Epoch: 139, Steps: 315 | Train Loss: 0.0797827 Vali Loss: 0.0904980 Test Loss: 0.0906784
EarlyStopping counter: 1 out of 20
Updating learning rate to 8.715570369341073e-05
	iters: 100, epoch: 140 | loss: 0.0761114
	speed: 0.0893s/iter; left time: 4519.0190s
	iters: 200, epoch: 140 | loss: 0.0960891
	speed: 0.0341s/iter; left time: 1723.4220s
	iters: 300, epoch: 140 | loss: 0.0822716
	speed: 0.0331s/iter; left time: 1669.8602s
Epoch: 140 cost time: 11.009634494781494
[2025-05-29 04:18:49] [32mIntermediate result: 0.09054018  (Index 139)[0m
Epoch: 140, Steps: 315 | Train Loss: 0.0794819 Vali Loss: 0.0906145 Test Loss: 0.0905402
EarlyStopping counter: 2 out of 20
Updating learning rate to 8.665103180967808e-05
	iters: 100, epoch: 141 | loss: 0.0790935
	speed: 0.0875s/iter; left time: 4400.5857s
	iters: 200, epoch: 141 | loss: 0.0732796
	speed: 0.0334s/iter; left time: 1675.4672s
	iters: 300, epoch: 141 | loss: 0.0696411
	speed: 0.0331s/iter; left time: 1658.2860s
Epoch: 141 cost time: 10.818104267120361
[2025-05-29 04:19:05] [32mIntermediate result: 0.090632804  (Index 140)[0m
Epoch: 141, Steps: 315 | Train Loss: 0.0793132 Vali Loss: 0.0902920 Test Loss: 0.0906328
EarlyStopping counter: 3 out of 20
Updating learning rate to 8.613815760248246e-05
	iters: 100, epoch: 142 | loss: 0.0769278
	speed: 0.0875s/iter; left time: 4375.9247s
	iters: 200, epoch: 142 | loss: 0.0773073
	speed: 0.0329s/iter; left time: 1643.6972s
	iters: 300, epoch: 142 | loss: 0.0722504
	speed: 0.0327s/iter; left time: 1629.7354s
Epoch: 142 cost time: 10.673030614852905
[2025-05-29 04:19:20] [32mIntermediate result: 0.09122074  (Index 141)[0m
Epoch: 142, Steps: 315 | Train Loss: 0.0794776 Vali Loss: 0.0910385 Test Loss: 0.0912207
EarlyStopping counter: 4 out of 20
Updating learning rate to 8.561719585121459e-05
	iters: 100, epoch: 143 | loss: 0.0895411
	speed: 0.0870s/iter; left time: 4322.6430s
	iters: 200, epoch: 143 | loss: 0.0818849
	speed: 0.0329s/iter; left time: 1633.2838s
	iters: 300, epoch: 143 | loss: 0.0657623
	speed: 0.0334s/iter; left time: 1649.9712s
Epoch: 143 cost time: 10.730154275894165
[2025-05-29 04:19:35] [32mIntermediate result: 0.0905381  (Index 142)[0m
Epoch: 143, Steps: 315 | Train Loss: 0.0789910 Vali Loss: 0.0904065 Test Loss: 0.0905381
EarlyStopping counter: 5 out of 20
Updating learning rate to 8.508826314522822e-05
	iters: 100, epoch: 144 | loss: 0.0764644
	speed: 0.0868s/iter; left time: 4282.1192s
	iters: 200, epoch: 144 | loss: 0.0718379
	speed: 0.0330s/iter; left time: 1625.0853s
	iters: 300, epoch: 144 | loss: 0.0844710
	speed: 0.0334s/iter; left time: 1640.8618s
Epoch: 144 cost time: 10.759999990463257
[2025-05-29 04:19:51] [32mIntermediate result: 0.0909593  (Index 143)[0m
Epoch: 144, Steps: 315 | Train Loss: 0.0790986 Vali Loss: 0.0907715 Test Loss: 0.0909593
EarlyStopping counter: 6 out of 20
Updating learning rate to 8.455147785774792e-05
	iters: 100, epoch: 145 | loss: 0.0981726
	speed: 0.0891s/iter; left time: 4368.6111s
	iters: 200, epoch: 145 | loss: 0.0774313
	speed: 0.0333s/iter; left time: 1627.4230s
	iters: 300, epoch: 145 | loss: 0.0802039
	speed: 0.0327s/iter; left time: 1595.2022s
Epoch: 145 cost time: 10.952200651168823
[2025-05-29 04:20:06] [32mIntermediate result: 0.09147267  (Index 144)[0m
Epoch: 145, Steps: 315 | Train Loss: 0.0790164 Vali Loss: 0.0911902 Test Loss: 0.0914727
EarlyStopping counter: 7 out of 20
Updating learning rate to 8.400696011937757e-05
	iters: 100, epoch: 146 | loss: 0.0704050
	speed: 0.0880s/iter; left time: 4288.8243s
	iters: 200, epoch: 146 | loss: 0.0837522
	speed: 0.0330s/iter; left time: 1603.5243s
	iters: 300, epoch: 146 | loss: 0.0803457
	speed: 0.0325s/iter; left time: 1578.6707s
Epoch: 146 cost time: 10.698889017105103
[2025-05-29 04:20:22] [32mIntermediate result: 0.09073489  (Index 145)[0m
Epoch: 146, Steps: 315 | Train Loss: 0.0787456 Vali Loss: 0.0905660 Test Loss: 0.0907349
EarlyStopping counter: 8 out of 20
Updating learning rate to 8.345483179121558e-05
	iters: 100, epoch: 147 | loss: 0.0774283
	speed: 0.0894s/iter; left time: 4327.9710s
	iters: 200, epoch: 147 | loss: 0.0755772
	speed: 0.0333s/iter; left time: 1609.3230s
	iters: 300, epoch: 147 | loss: 0.0770013
	speed: 0.0329s/iter; left time: 1585.6614s
Epoch: 147 cost time: 10.928271293640137
[2025-05-29 04:20:37] [32mIntermediate result: 0.09196961  (Index 146)[0m
Epoch: 147, Steps: 315 | Train Loss: 0.0786905 Vali Loss: 0.0923180 Test Loss: 0.0919696
EarlyStopping counter: 9 out of 20
Updating learning rate to 8.289521643758277e-05
	iters: 100, epoch: 148 | loss: 0.0753430
	speed: 0.0881s/iter; left time: 4237.1649s
	iters: 200, epoch: 148 | loss: 0.0797262
	speed: 0.0331s/iter; left time: 1589.1827s
	iters: 300, epoch: 148 | loss: 0.0684535
	speed: 0.0340s/iter; left time: 1627.4188s
Epoch: 148 cost time: 10.869362831115723
[2025-05-29 04:20:53] [32mIntermediate result: 0.08982955  (Index 147)[0m
Epoch: 148, Steps: 315 | Train Loss: 0.0786280 Vali Loss: 0.0897530 Test Loss: 0.0898295
Validation loss decreased (0.090272 --> 0.089753).  Saving model ...
Updating learning rate to 8.232823929836917e-05
	iters: 100, epoch: 149 | loss: 0.0629223
	speed: 0.0897s/iter; left time: 4284.3814s
	iters: 200, epoch: 149 | loss: 0.0803662
	speed: 0.0327s/iter; left time: 1559.2849s
	iters: 300, epoch: 149 | loss: 0.0853656
	speed: 0.0349s/iter; left time: 1658.5039s
Epoch: 149 cost time: 11.044043064117432
[2025-05-29 04:21:09] [32mIntermediate result: 0.09259388  (Index 148)[0m
Epoch: 149, Steps: 315 | Train Loss: 0.0787106 Vali Loss: 0.0921786 Test Loss: 0.0925939
EarlyStopping counter: 1 out of 20
Updating learning rate to 8.175402726100578e-05
	iters: 100, epoch: 150 | loss: 0.0734977
	speed: 0.0891s/iter; left time: 4228.3204s
	iters: 200, epoch: 150 | loss: 0.0782053
	speed: 0.0329s/iter; left time: 1556.5144s
	iters: 300, epoch: 150 | loss: 0.0780435
	speed: 0.0329s/iter; left time: 1556.4054s
Epoch: 150 cost time: 10.758543252944946
[2025-05-29 04:21:24] [32mIntermediate result: 0.090475455  (Index 149)[0m
Epoch: 150, Steps: 315 | Train Loss: 0.0784520 Vali Loss: 0.0902130 Test Loss: 0.0904755
EarlyStopping counter: 2 out of 20
Updating learning rate to 8.11727088320676e-05
	iters: 100, epoch: 151 | loss: 0.0782542
	speed: 0.0889s/iter; left time: 4190.7168s
	iters: 200, epoch: 151 | loss: 0.0770649
	speed: 0.0325s/iter; left time: 1530.6096s
	iters: 300, epoch: 151 | loss: 0.0801991
	speed: 0.0325s/iter; left time: 1528.1017s
Epoch: 151 cost time: 10.692294836044312
[2025-05-29 04:21:39] [32mIntermediate result: 0.09094898  (Index 150)[0m
Epoch: 151, Steps: 315 | Train Loss: 0.0781098 Vali Loss: 0.0904559 Test Loss: 0.0909490
EarlyStopping counter: 3 out of 20
Updating learning rate to 8.058441410851432e-05
	iters: 100, epoch: 152 | loss: 0.0903078
	speed: 0.0882s/iter; left time: 4128.6498s
	iters: 200, epoch: 152 | loss: 0.0865653
	speed: 0.0335s/iter; left time: 1565.7467s
	iters: 300, epoch: 152 | loss: 0.0717306
	speed: 0.0333s/iter; left time: 1554.7747s
Epoch: 152 cost time: 10.88692307472229
[2025-05-29 04:21:55] [32mIntermediate result: 0.09050068  (Index 151)[0m
Epoch: 152, Steps: 315 | Train Loss: 0.0779784 Vali Loss: 0.0901515 Test Loss: 0.0905007
EarlyStopping counter: 4 out of 20
Updating learning rate to 7.998927474857514e-05
	iters: 100, epoch: 153 | loss: 0.0933009
	speed: 0.0872s/iter; left time: 4054.3923s
	iters: 200, epoch: 153 | loss: 0.0711769
	speed: 0.0332s/iter; left time: 1542.9624s
	iters: 300, epoch: 153 | loss: 0.0722258
	speed: 0.0329s/iter; left time: 1523.3926s
Epoch: 153 cost time: 10.717628240585327
[2025-05-29 04:22:10] [32mIntermediate result: 0.08985934  (Index 152)[0m
Epoch: 153, Steps: 315 | Train Loss: 0.0779418 Vali Loss: 0.0893232 Test Loss: 0.0898593
Validation loss decreased (0.089753 --> 0.089323).  Saving model ...
Updating learning rate to 7.938742394228409e-05
	iters: 100, epoch: 154 | loss: 0.0803396
	speed: 0.0884s/iter; left time: 4083.6758s
	iters: 200, epoch: 154 | loss: 0.0742206
	speed: 0.0326s/iter; left time: 1504.6033s
	iters: 300, epoch: 154 | loss: 0.0746152
	speed: 0.0329s/iter; left time: 1514.0566s
Epoch: 154 cost time: 10.7769193649292
[2025-05-29 04:22:25] [32mIntermediate result: 0.090644225  (Index 153)[0m
Epoch: 154, Steps: 315 | Train Loss: 0.0777364 Vali Loss: 0.0903574 Test Loss: 0.0906442
EarlyStopping counter: 1 out of 20
Updating learning rate to 7.877899638167256e-05
	iters: 100, epoch: 155 | loss: 0.0706534
	speed: 0.0873s/iter; left time: 4004.5138s
	iters: 200, epoch: 155 | loss: 0.0865066
	speed: 0.0337s/iter; left time: 1541.0044s
	iters: 300, epoch: 155 | loss: 0.0908953
	speed: 0.0345s/iter; left time: 1577.9234s
Epoch: 155 cost time: 11.128215312957764
[2025-05-29 04:22:41] [32mIntermediate result: 0.090336874  (Index 154)[0m
Epoch: 155, Steps: 315 | Train Loss: 0.0778476 Vali Loss: 0.0904083 Test Loss: 0.0903369
EarlyStopping counter: 2 out of 20
Updating learning rate to 7.816412823062579e-05
	iters: 100, epoch: 156 | loss: 0.0675714
	speed: 0.0898s/iter; left time: 4092.4040s
	iters: 200, epoch: 156 | loss: 0.0890083
	speed: 0.0337s/iter; left time: 1533.1673s
	iters: 300, epoch: 156 | loss: 0.0753042
	speed: 0.0329s/iter; left time: 1492.8320s
Epoch: 156 cost time: 10.901496887207031
[2025-05-29 04:22:57] [32mIntermediate result: 0.09043867  (Index 155)[0m
Epoch: 156, Steps: 315 | Train Loss: 0.0775331 Vali Loss: 0.0899554 Test Loss: 0.0904387
EarlyStopping counter: 3 out of 20
Updating learning rate to 7.754295709440983e-05
	iters: 100, epoch: 157 | loss: 0.0845556
	speed: 0.0880s/iter; left time: 3981.4573s
	iters: 200, epoch: 157 | loss: 0.0727642
	speed: 0.0331s/iter; left time: 1492.8531s
	iters: 300, epoch: 157 | loss: 0.0792042
	speed: 0.0329s/iter; left time: 1482.4458s
Epoch: 157 cost time: 10.750816106796265
[2025-05-29 04:23:12] [32mIntermediate result: 0.089873105  (Index 156)[0m
Epoch: 157, Steps: 315 | Train Loss: 0.0774882 Vali Loss: 0.0892320 Test Loss: 0.0898731
Validation loss decreased (0.089323 --> 0.089232).  Saving model ...
Updating learning rate to 7.691562198887599e-05
	iters: 100, epoch: 158 | loss: 0.0774739
	speed: 0.0885s/iter; left time: 3977.5539s
	iters: 200, epoch: 158 | loss: 0.0848232
	speed: 0.0326s/iter; left time: 1463.1584s
	iters: 300, epoch: 158 | loss: 0.0780664
	speed: 0.0328s/iter; left time: 1466.2686s
Epoch: 158 cost time: 10.777223825454712
[2025-05-29 04:23:28] [32mIntermediate result: 0.08994213  (Index 157)[0m
Epoch: 158, Steps: 315 | Train Loss: 0.0773816 Vali Loss: 0.0894702 Test Loss: 0.0899421
EarlyStopping counter: 1 out of 20
Updating learning rate to 7.628226330934958e-05
	iters: 100, epoch: 159 | loss: 0.0742085
	speed: 0.0878s/iter; left time: 3918.7284s
	iters: 200, epoch: 159 | loss: 0.0833196
	speed: 0.0335s/iter; left time: 1491.7519s
	iters: 300, epoch: 159 | loss: 0.0740045
	speed: 0.0326s/iter; left time: 1450.6391s
Epoch: 159 cost time: 10.813505411148071
[2025-05-29 04:23:43] [32mIntermediate result: 0.0903291  (Index 158)[0m
Epoch: 159, Steps: 315 | Train Loss: 0.0775087 Vali Loss: 0.0903015 Test Loss: 0.0903291
EarlyStopping counter: 2 out of 20
Updating learning rate to 7.564302279920998e-05
	iters: 100, epoch: 160 | loss: 0.0748584
	speed: 0.0876s/iter; left time: 3880.4172s
	iters: 200, epoch: 160 | loss: 0.0707823
	speed: 0.0330s/iter; left time: 1460.6021s
	iters: 300, epoch: 160 | loss: 0.0731846
	speed: 0.0330s/iter; left time: 1457.9289s
Epoch: 160 cost time: 10.765217781066895
[2025-05-29 04:23:58] [32mIntermediate result: 0.090048134  (Index 159)[0m
Epoch: 160, Steps: 315 | Train Loss: 0.0771945 Vali Loss: 0.0896021 Test Loss: 0.0900481
EarlyStopping counter: 3 out of 20
Updating learning rate to 7.499804351816896e-05
	iters: 100, epoch: 161 | loss: 0.0660821
	speed: 0.0883s/iter; left time: 3883.6573s
	iters: 200, epoch: 161 | loss: 0.0751541
	speed: 0.0340s/iter; left time: 1491.4161s
	iters: 300, epoch: 161 | loss: 0.0859040
	speed: 0.0332s/iter; left time: 1455.1927s
Epoch: 161 cost time: 10.93570852279663
[2025-05-29 04:24:14] [32mIntermediate result: 0.089423805  (Index 160)[0m
Epoch: 161, Steps: 315 | Train Loss: 0.0771080 Vali Loss: 0.0889313 Test Loss: 0.0894238
Validation loss decreased (0.089232 --> 0.088931).  Saving model ...
Updating learning rate to 7.434746981025443e-05
	iters: 100, epoch: 162 | loss: 0.0720840
	speed: 0.0867s/iter; left time: 3788.6768s
	iters: 200, epoch: 162 | loss: 0.0852560
	speed: 0.0330s/iter; left time: 1436.7409s
	iters: 300, epoch: 162 | loss: 0.0761659
	speed: 0.0331s/iter; left time: 1438.8903s
Epoch: 162 cost time: 10.745798587799072
[2025-05-29 04:24:29] [32mIntermediate result: 0.09015942  (Index 161)[0m
Epoch: 162, Steps: 315 | Train Loss: 0.0768856 Vali Loss: 0.0898219 Test Loss: 0.0901594
EarlyStopping counter: 1 out of 20
Updating learning rate to 7.36914472715068e-05
	iters: 100, epoch: 163 | loss: 0.0772091
	speed: 0.0885s/iter; left time: 3837.3658s
	iters: 200, epoch: 163 | loss: 0.0784219
	speed: 0.0333s/iter; left time: 1441.1019s
	iters: 300, epoch: 163 | loss: 0.0786711
	speed: 0.0327s/iter; left time: 1412.1091s
Epoch: 163 cost time: 10.911953926086426
[2025-05-29 04:24:45] [32mIntermediate result: 0.08984562  (Index 162)[0m
Epoch: 163, Steps: 315 | Train Loss: 0.0766961 Vali Loss: 0.0891751 Test Loss: 0.0898456
EarlyStopping counter: 2 out of 20
Updating learning rate to 7.303012271739507e-05
	iters: 100, epoch: 164 | loss: 0.0721473
	speed: 0.0870s/iter; left time: 3745.7473s
	iters: 200, epoch: 164 | loss: 0.0901964
	speed: 0.0328s/iter; left time: 1409.0044s
	iters: 300, epoch: 164 | loss: 0.0844181
	speed: 0.0327s/iter; left time: 1402.2633s
Epoch: 164 cost time: 10.673924684524536
[2025-05-29 04:25:00] [32mIntermediate result: 0.09019157  (Index 163)[0m
Epoch: 164, Steps: 315 | Train Loss: 0.0769333 Vali Loss: 0.0895184 Test Loss: 0.0901916
EarlyStopping counter: 3 out of 20
Updating learning rate to 7.236364414996011e-05
	iters: 100, epoch: 165 | loss: 0.0849812
	speed: 0.0874s/iter; left time: 3733.6340s
	iters: 200, epoch: 165 | loss: 0.0769403
	speed: 0.0329s/iter; left time: 1402.2096s
	iters: 300, epoch: 165 | loss: 0.0609504
	speed: 0.0331s/iter; left time: 1409.9050s
Epoch: 165 cost time: 10.721954584121704
[2025-05-29 04:25:15] [32mIntermediate result: 0.09001054  (Index 164)[0m
Epoch: 165, Steps: 315 | Train Loss: 0.0765296 Vali Loss: 0.0892246 Test Loss: 0.0900105
EarlyStopping counter: 4 out of 20
Updating learning rate to 7.169216072469227e-05
	iters: 100, epoch: 166 | loss: 0.0631404
	speed: 0.0880s/iter; left time: 3734.8988s
	iters: 200, epoch: 166 | loss: 0.0892455
	speed: 0.0327s/iter; left time: 1385.8810s
	iters: 300, epoch: 166 | loss: 0.0791112
	speed: 0.0325s/iter; left time: 1373.1147s
Epoch: 166 cost time: 10.673264980316162
[2025-05-29 04:25:30] [32mIntermediate result: 0.09057969  (Index 165)[0m
Epoch: 166, Steps: 315 | Train Loss: 0.0765807 Vali Loss: 0.0903997 Test Loss: 0.0905797
EarlyStopping counter: 5 out of 20
Updating learning rate to 7.101582271715102e-05
	iters: 100, epoch: 167 | loss: 0.0811029
	speed: 0.0886s/iter; left time: 3731.4193s
	iters: 200, epoch: 167 | loss: 0.0807392
	speed: 0.0333s/iter; left time: 1397.3743s
	iters: 300, epoch: 167 | loss: 0.0822632
	speed: 0.0333s/iter; left time: 1396.6908s
Epoch: 167 cost time: 10.987931966781616
[2025-05-29 04:25:46] [32mIntermediate result: 0.089712836  (Index 166)[0m
Epoch: 167, Steps: 315 | Train Loss: 0.0763772 Vali Loss: 0.0894951 Test Loss: 0.0897128
EarlyStopping counter: 6 out of 20
Updating learning rate to 7.03347814893337e-05
	iters: 100, epoch: 168 | loss: 0.0801436
	speed: 0.0878s/iter; left time: 3671.0205s
	iters: 200, epoch: 168 | loss: 0.0684212
	speed: 0.0331s/iter; left time: 1379.8907s
	iters: 300, epoch: 168 | loss: 0.0762407
	speed: 0.0326s/iter; left time: 1354.2177s
Epoch: 168 cost time: 10.693278312683105
[2025-05-29 04:26:01] [32mIntermediate result: 0.08999784  (Index 167)[0m
Epoch: 168, Steps: 315 | Train Loss: 0.0763503 Vali Loss: 0.0898939 Test Loss: 0.0899978
EarlyStopping counter: 7 out of 20
Updating learning rate to 6.964918945580139e-05
	iters: 100, epoch: 169 | loss: 0.0641339
	speed: 0.0877s/iter; left time: 3635.9505s
	iters: 200, epoch: 169 | loss: 0.0665385
	speed: 0.0340s/iter; left time: 1408.9697s
	iters: 300, epoch: 169 | loss: 0.0842614
	speed: 0.0328s/iter; left time: 1353.8030s
Epoch: 169 cost time: 10.91182565689087
[2025-05-29 04:26:17] [32mIntermediate result: 0.089856654  (Index 168)[0m
Epoch: 169, Steps: 315 | Train Loss: 0.0763083 Vali Loss: 0.0893629 Test Loss: 0.0898567
EarlyStopping counter: 8 out of 20
Updating learning rate to 6.895920004956895e-05
	iters: 100, epoch: 170 | loss: 0.0782569
	speed: 0.0888s/iter; left time: 3654.3063s
	iters: 200, epoch: 170 | loss: 0.0720319
	speed: 0.0342s/iter; left time: 1405.6650s
	iters: 300, epoch: 170 | loss: 0.0708940
	speed: 0.0330s/iter; left time: 1350.5841s
Epoch: 170 cost time: 10.894895792007446
[2025-05-29 04:26:32] [32mIntermediate result: 0.09085427  (Index 169)[0m
Epoch: 170, Steps: 315 | Train Loss: 0.0762786 Vali Loss: 0.0901409 Test Loss: 0.0908543
EarlyStopping counter: 9 out of 20
Updating learning rate to 6.826496768776738e-05
	iters: 100, epoch: 171 | loss: 0.0732271
	speed: 0.0880s/iter; left time: 3593.9169s
	iters: 200, epoch: 171 | loss: 0.0926997
	speed: 0.0328s/iter; left time: 1336.5450s
	iters: 300, epoch: 171 | loss: 0.0750092
	speed: 0.0330s/iter; left time: 1343.2805s
Epoch: 171 cost time: 10.849776983261108
[2025-05-29 04:26:48] [32mIntermediate result: 0.08986963  (Index 170)[0m
Epoch: 171, Steps: 315 | Train Loss: 0.0760376 Vali Loss: 0.0892516 Test Loss: 0.0898696
EarlyStopping counter: 10 out of 20
Updating learning rate to 6.756664773708571e-05
	iters: 100, epoch: 172 | loss: 0.0780513
	speed: 0.0883s/iter; left time: 3578.1979s
	iters: 200, epoch: 172 | loss: 0.0753955
	speed: 0.0327s/iter; left time: 1324.0019s
	iters: 300, epoch: 172 | loss: 0.0936826
	speed: 0.0331s/iter; left time: 1335.5894s
Epoch: 172 cost time: 10.756245613098145
[2025-05-29 04:27:03] [32mIntermediate result: 0.09077747  (Index 171)[0m
Epoch: 172, Steps: 315 | Train Loss: 0.0758362 Vali Loss: 0.0900894 Test Loss: 0.0907775
EarlyStopping counter: 11 out of 20
Updating learning rate to 6.686439647900063e-05
	iters: 100, epoch: 173 | loss: 0.0841956
	speed: 0.0880s/iter; left time: 3538.1361s
	iters: 200, epoch: 173 | loss: 0.0770508
	speed: 0.0329s/iter; left time: 1321.4040s
	iters: 300, epoch: 173 | loss: 0.0846133
	speed: 0.0328s/iter; left time: 1313.2228s
Epoch: 173 cost time: 10.730444192886353
[2025-05-29 04:27:19] [32mIntermediate result: 0.08998445  (Index 172)[0m
Epoch: 173, Steps: 315 | Train Loss: 0.0759398 Vali Loss: 0.0897821 Test Loss: 0.0899844
EarlyStopping counter: 12 out of 20
Updating learning rate to 6.615837107480118e-05
	iters: 100, epoch: 174 | loss: 0.0740250
	speed: 0.0873s/iter; left time: 3481.8798s
	iters: 200, epoch: 174 | loss: 0.0731351
	speed: 0.0331s/iter; left time: 1318.6836s
	iters: 300, epoch: 174 | loss: 0.0719296
	speed: 0.0333s/iter; left time: 1322.9172s
Epoch: 174 cost time: 10.756720542907715
[2025-05-29 04:27:34] [32mIntermediate result: 0.089915164  (Index 173)[0m
Epoch: 174, Steps: 315 | Train Loss: 0.0757545 Vali Loss: 0.0890457 Test Loss: 0.0899152
EarlyStopping counter: 13 out of 20
Updating learning rate to 6.54487295304166e-05
	iters: 100, epoch: 175 | loss: 0.0767723
	speed: 0.0881s/iter; left time: 3487.4694s
	iters: 200, epoch: 175 | loss: 0.0805033
	speed: 0.0338s/iter; left time: 1335.9602s
	iters: 300, epoch: 175 | loss: 0.0806875
	speed: 0.0334s/iter; left time: 1314.1429s
Epoch: 175 cost time: 10.863752365112305
[2025-05-29 04:27:49] [32mIntermediate result: 0.09078025  (Index 174)[0m
Epoch: 175, Steps: 315 | Train Loss: 0.0754827 Vali Loss: 0.0899343 Test Loss: 0.0907803
EarlyStopping counter: 14 out of 20
Updating learning rate to 6.473563066105522e-05
	iters: 100, epoch: 176 | loss: 0.0848531
	speed: 0.0877s/iter; left time: 3444.2239s
	iters: 200, epoch: 176 | loss: 0.0698849
	speed: 0.0338s/iter; left time: 1325.9528s
	iters: 300, epoch: 176 | loss: 0.0703947
	speed: 0.0331s/iter; left time: 1292.7413s
Epoch: 176 cost time: 10.887306928634644
[2025-05-29 04:28:05] [32mIntermediate result: 0.08999682  (Index 175)[0m
Epoch: 176, Steps: 315 | Train Loss: 0.0754860 Vali Loss: 0.0898957 Test Loss: 0.0899968
EarlyStopping counter: 15 out of 20
Updating learning rate to 6.401923405566222e-05
	iters: 100, epoch: 177 | loss: 0.0683404
	speed: 0.0883s/iter; left time: 3440.9803s
	iters: 200, epoch: 177 | loss: 0.0734963
	speed: 0.0328s/iter; left time: 1274.3169s
	iters: 300, epoch: 177 | loss: 0.0826157
	speed: 0.0331s/iter; left time: 1284.6338s
Epoch: 177 cost time: 10.775035858154297
[2025-05-29 04:28:20] [32mIntermediate result: 0.0897257  (Index 176)[0m
Epoch: 177, Steps: 315 | Train Loss: 0.0754669 Vali Loss: 0.0893907 Test Loss: 0.0897257
EarlyStopping counter: 16 out of 20
Updating learning rate to 6.329970004120414e-05
	iters: 100, epoch: 178 | loss: 0.0778638
	speed: 0.0904s/iter; left time: 3493.7392s
	iters: 200, epoch: 178 | loss: 0.0782648
	speed: 0.0329s/iter; left time: 1268.4498s
	iters: 300, epoch: 178 | loss: 0.0862829
	speed: 0.0331s/iter; left time: 1271.2347s
Epoch: 178 cost time: 10.967166423797607
[2025-05-29 04:28:36] [32mIntermediate result: 0.09085368  (Index 177)[0m
Epoch: 178, Steps: 315 | Train Loss: 0.0755485 Vali Loss: 0.0906145 Test Loss: 0.0908537
EarlyStopping counter: 17 out of 20
Updating learning rate to 6.257718964678828e-05
	iters: 100, epoch: 179 | loss: 0.0769485
	speed: 0.0873s/iter; left time: 3345.0351s
	iters: 200, epoch: 179 | loss: 0.0671364
	speed: 0.0324s/iter; left time: 1240.2800s
	iters: 300, epoch: 179 | loss: 0.0691070
	speed: 0.0323s/iter; left time: 1233.4314s
Epoch: 179 cost time: 10.543148517608643
[2025-05-29 04:28:51] [32mIntermediate result: 0.08931555  (Index 178)[0m
Epoch: 179, Steps: 315 | Train Loss: 0.0753774 Vali Loss: 0.0884461 Test Loss: 0.0893155
Validation loss decreased (0.088931 --> 0.088446).  Saving model ...
Updating learning rate to 6.185186456762507e-05
	iters: 100, epoch: 180 | loss: 0.0682432
	speed: 0.0873s/iter; left time: 3319.4091s
	iters: 200, epoch: 180 | loss: 0.0685266
	speed: 0.0335s/iter; left time: 1268.7878s
	iters: 300, epoch: 180 | loss: 0.0889121
	speed: 0.0328s/iter; left time: 1239.1995s
Epoch: 180 cost time: 10.70538067817688
[2025-05-29 04:29:07] [32mIntermediate result: 0.09054708  (Index 179)[0m
Epoch: 180, Steps: 315 | Train Loss: 0.0751743 Vali Loss: 0.0897868 Test Loss: 0.0905471
EarlyStopping counter: 1 out of 20
Updating learning rate to 6.112388712884112e-05
	iters: 100, epoch: 181 | loss: 0.0848042
	speed: 0.0871s/iter; left time: 3285.2659s
	iters: 200, epoch: 181 | loss: 0.0703191
	speed: 0.0337s/iter; left time: 1267.0003s
	iters: 300, epoch: 181 | loss: 0.0725476
	speed: 0.0330s/iter; left time: 1236.7224s
Epoch: 181 cost time: 10.827072143554688
[2025-05-29 04:29:22] [32mIntermediate result: 0.08977506  (Index 180)[0m
Epoch: 181, Steps: 315 | Train Loss: 0.0750970 Vali Loss: 0.0888779 Test Loss: 0.0897751
EarlyStopping counter: 2 out of 20
Updating learning rate to 6.0393420249151575e-05
	iters: 100, epoch: 182 | loss: 0.0682142
	speed: 0.0882s/iter; left time: 3298.5984s
	iters: 200, epoch: 182 | loss: 0.0788231
	speed: 0.0323s/iter; left time: 1205.8446s
	iters: 300, epoch: 182 | loss: 0.0734624
	speed: 0.0324s/iter; left time: 1205.7283s
Epoch: 182 cost time: 10.624858856201172
[2025-05-29 04:29:37] [32mIntermediate result: 0.08936421  (Index 181)[0m
Epoch: 182, Steps: 315 | Train Loss: 0.0752713 Vali Loss: 0.0885401 Test Loss: 0.0893642
EarlyStopping counter: 3 out of 20
Updating learning rate to 5.966062740439941e-05
	iters: 100, epoch: 183 | loss: 0.0671007
	speed: 0.0877s/iter; left time: 3250.3260s
	iters: 200, epoch: 183 | loss: 0.0767149
	speed: 0.0335s/iter; left time: 1240.3132s
	iters: 300, epoch: 183 | loss: 0.0813031
	speed: 0.0330s/iter; left time: 1217.5352s
Epoch: 183 cost time: 10.779366254806519
[2025-05-29 04:29:53] [32mIntermediate result: 0.08949787  (Index 182)[0m
Epoch: 183, Steps: 315 | Train Loss: 0.0749115 Vali Loss: 0.0886288 Test Loss: 0.0894979
EarlyStopping counter: 4 out of 20
Updating learning rate to 5.8925672590970165e-05
	iters: 100, epoch: 184 | loss: 0.0646183
	speed: 0.0873s/iter; left time: 3209.9063s
	iters: 200, epoch: 184 | loss: 0.0803773
	speed: 0.0328s/iter; left time: 1201.6914s
	iters: 300, epoch: 184 | loss: 0.0753728
	speed: 0.0328s/iter; left time: 1200.6477s
Epoch: 184 cost time: 10.68061113357544
[2025-05-29 04:30:08] [32mIntermediate result: 0.08975199  (Index 183)[0m
Epoch: 184, Steps: 315 | Train Loss: 0.0748867 Vali Loss: 0.0888852 Test Loss: 0.0897520
EarlyStopping counter: 5 out of 20
Updating learning rate to 5.818872028909016e-05
	iters: 100, epoch: 185 | loss: 0.0768780
	speed: 0.0876s/iter; left time: 3192.4645s
	iters: 200, epoch: 185 | loss: 0.0705362
	speed: 0.0330s/iter; left time: 1199.7224s
	iters: 300, epoch: 185 | loss: 0.0673766
	speed: 0.0329s/iter; left time: 1190.5515s
Epoch: 185 cost time: 10.766330003738403
[2025-05-29 04:30:23] [32mIntermediate result: 0.08890471  (Index 184)[0m
Epoch: 185, Steps: 315 | Train Loss: 0.0748776 Vali Loss: 0.0882595 Test Loss: 0.0889047
Validation loss decreased (0.088446 --> 0.088260).  Saving model ...
Updating learning rate to 5.744993542601637e-05
	iters: 100, epoch: 186 | loss: 0.0796086
	speed: 0.0879s/iter; left time: 3176.9159s
	iters: 200, epoch: 186 | loss: 0.0763275
	speed: 0.0331s/iter; left time: 1192.9490s
	iters: 300, epoch: 186 | loss: 0.0629220
	speed: 0.0329s/iter; left time: 1182.9944s
Epoch: 186 cost time: 10.753661155700684
[2025-05-29 04:30:39] [32mIntermediate result: 0.08907561  (Index 185)[0m
Epoch: 186, Steps: 315 | Train Loss: 0.0745636 Vali Loss: 0.0882624 Test Loss: 0.0890756
EarlyStopping counter: 1 out of 20
Updating learning rate to 5.6709483339126354e-05
	iters: 100, epoch: 187 | loss: 0.0862791
	speed: 0.0873s/iter; left time: 3126.8941s
	iters: 200, epoch: 187 | loss: 0.0669841
	speed: 0.0327s/iter; left time: 1166.5957s
	iters: 300, epoch: 187 | loss: 0.0701020
	speed: 0.0327s/iter; left time: 1164.6946s
Epoch: 187 cost time: 10.665708065032959
[2025-05-29 04:30:54] [32mIntermediate result: 0.08972187  (Index 186)[0m
Epoch: 187, Steps: 315 | Train Loss: 0.0745378 Vali Loss: 0.0891148 Test Loss: 0.0897219
EarlyStopping counter: 2 out of 20
Updating learning rate to 5.596752973891632e-05
	iters: 100, epoch: 188 | loss: 0.0750626
	speed: 0.0890s/iter; left time: 3160.2522s
	iters: 200, epoch: 188 | loss: 0.0650444
	speed: 0.0335s/iter; left time: 1184.6111s
	iters: 300, epoch: 188 | loss: 0.0705568
	speed: 0.0328s/iter; left time: 1155.9562s
Epoch: 188 cost time: 10.788887739181519
[2025-05-29 04:31:10] [32mIntermediate result: 0.0900821  (Index 187)[0m
Epoch: 188, Steps: 315 | Train Loss: 0.0746723 Vali Loss: 0.0897804 Test Loss: 0.0900821
EarlyStopping counter: 3 out of 20
Updating learning rate to 5.5224240671915704e-05
	iters: 100, epoch: 189 | loss: 0.0744582
	speed: 0.0884s/iter; left time: 3110.3279s
	iters: 200, epoch: 189 | loss: 0.0649814
	speed: 0.0331s/iter; left time: 1161.4189s
	iters: 300, epoch: 189 | loss: 0.0679386
	speed: 0.0335s/iter; left time: 1170.4399s
Epoch: 189 cost time: 10.804332971572876
[2025-05-29 04:31:25] [32mIntermediate result: 0.089073285  (Index 188)[0m
Epoch: 189, Steps: 315 | Train Loss: 0.0744677 Vali Loss: 0.0881517 Test Loss: 0.0890733
Validation loss decreased (0.088260 --> 0.088152).  Saving model ...
Updating learning rate to 5.44797824835266e-05
	iters: 100, epoch: 190 | loss: 0.0694597
	speed: 0.0879s/iter; left time: 3063.0782s
	iters: 200, epoch: 190 | loss: 0.0731597
	speed: 0.0327s/iter; left time: 1137.1533s
	iters: 300, epoch: 190 | loss: 0.0826632
	speed: 0.0330s/iter; left time: 1144.9236s
Epoch: 190 cost time: 10.742103099822998
[2025-05-29 04:31:40] [32mIntermediate result: 0.0899867  (Index 189)[0m
Epoch: 190, Steps: 315 | Train Loss: 0.0743227 Vali Loss: 0.0890949 Test Loss: 0.0899867
EarlyStopping counter: 1 out of 20
Updating learning rate to 5.373432178079623e-05
	iters: 100, epoch: 191 | loss: 0.0893233
	speed: 0.0900s/iter; left time: 3109.0301s
	iters: 200, epoch: 191 | loss: 0.0815871
	speed: 0.0331s/iter; left time: 1141.2299s
	iters: 300, epoch: 191 | loss: 0.0835917
	speed: 0.0338s/iter; left time: 1162.6880s
Epoch: 191 cost time: 10.945337772369385
[2025-05-29 04:31:56] [32mIntermediate result: 0.08900213  (Index 190)[0m
Epoch: 191, Steps: 315 | Train Loss: 0.0742573 Vali Loss: 0.0880805 Test Loss: 0.0890021
Validation loss decreased (0.088152 --> 0.088081).  Saving model ...
Updating learning rate to 5.2988025395130865e-05
	iters: 100, epoch: 192 | loss: 0.0702367
	speed: 0.0888s/iter; left time: 3039.3008s
	iters: 200, epoch: 192 | loss: 0.0749769
	speed: 0.0327s/iter; left time: 1117.6345s
	iters: 300, epoch: 192 | loss: 0.0747126
	speed: 0.0328s/iter; left time: 1115.3126s
Epoch: 192 cost time: 10.739777326583862
[2025-05-29 04:32:12] [32mIntermediate result: 0.089567915  (Index 191)[0m
Epoch: 192, Steps: 315 | Train Loss: 0.0741932 Vali Loss: 0.0891276 Test Loss: 0.0895679
EarlyStopping counter: 1 out of 20
Updating learning rate to 5.2241060344959644e-05
	iters: 100, epoch: 193 | loss: 0.0627157
	speed: 0.0886s/iter; left time: 3006.5199s
	iters: 200, epoch: 193 | loss: 0.0804624
	speed: 0.0328s/iter; left time: 1108.1482s
	iters: 300, epoch: 193 | loss: 0.0699589
	speed: 0.0330s/iter; left time: 1112.8717s
Epoch: 193 cost time: 10.774180889129639
[2025-05-29 04:32:27] [32mIntermediate result: 0.08915981  (Index 192)[0m
Epoch: 193, Steps: 315 | Train Loss: 0.0741007 Vali Loss: 0.0888399 Test Loss: 0.0891598
EarlyStopping counter: 2 out of 20
Updating learning rate to 5.149359379835637e-05
	iters: 100, epoch: 194 | loss: 0.0793790
	speed: 0.0903s/iter; left time: 3034.1731s
	iters: 200, epoch: 194 | loss: 0.0757354
	speed: 0.0344s/iter; left time: 1153.2281s
	iters: 300, epoch: 194 | loss: 0.0766254
	speed: 0.0329s/iter; left time: 1100.4275s
Epoch: 194 cost time: 11.05929160118103
[2025-05-29 04:32:43] [32mIntermediate result: 0.08906475  (Index 193)[0m
Epoch: 194, Steps: 315 | Train Loss: 0.0739376 Vali Loss: 0.0882142 Test Loss: 0.0890647
EarlyStopping counter: 3 out of 20
Updating learning rate to 5.0745793035627905e-05
	iters: 100, epoch: 195 | loss: 0.0722883
	speed: 0.0875s/iter; left time: 2911.9310s
	iters: 200, epoch: 195 | loss: 0.0774433
	speed: 0.0330s/iter; left time: 1094.4256s
	iters: 300, epoch: 195 | loss: 0.0731567
	speed: 0.0330s/iter; left time: 1092.7765s
Epoch: 195 cost time: 10.733295679092407
[2025-05-29 04:32:58] [32mIntermediate result: 0.08973806  (Index 194)[0m
Epoch: 195, Steps: 315 | Train Loss: 0.0738176 Vali Loss: 0.0889458 Test Loss: 0.0897381
EarlyStopping counter: 4 out of 20
Updating learning rate to 4.999782541187753e-05
	iters: 100, epoch: 196 | loss: 0.0790578
	speed: 0.0875s/iter; left time: 2884.0494s
	iters: 200, epoch: 196 | loss: 0.0704448
	speed: 0.0328s/iter; left time: 1079.4771s
	iters: 300, epoch: 196 | loss: 0.0633960
	speed: 0.0330s/iter; left time: 1083.0165s
Epoch: 196 cost time: 10.729765892028809
[2025-05-29 04:33:13] [32mIntermediate result: 0.08935515  (Index 195)[0m
Epoch: 196, Steps: 315 | Train Loss: 0.0738907 Vali Loss: 0.0885702 Test Loss: 0.0893551
EarlyStopping counter: 5 out of 20
Updating learning rate to 4.9249858319551375e-05
	iters: 100, epoch: 197 | loss: 0.0714710
	speed: 0.0880s/iter; left time: 2875.2637s
	iters: 200, epoch: 197 | loss: 0.0747786
	speed: 0.0330s/iter; left time: 1073.1292s
	iters: 300, epoch: 197 | loss: 0.0674146
	speed: 0.0330s/iter; left time: 1071.4035s
Epoch: 197 cost time: 10.785730123519897
[2025-05-29 04:33:29] [32mIntermediate result: 0.08962188  (Index 196)[0m
Epoch: 197, Steps: 315 | Train Loss: 0.0737294 Vali Loss: 0.0887604 Test Loss: 0.0896219
EarlyStopping counter: 6 out of 20
Updating learning rate to 4.850205915097666e-05
	iters: 100, epoch: 198 | loss: 0.0844048
	speed: 0.0875s/iter; left time: 2830.6508s
	iters: 200, epoch: 198 | loss: 0.0589096
	speed: 0.0328s/iter; left time: 1057.9608s
	iters: 300, epoch: 198 | loss: 0.0889552
	speed: 0.0327s/iter; left time: 1052.6326s
Epoch: 198 cost time: 10.667269229888916
[2025-05-29 04:33:44] [32mIntermediate result: 0.0891928  (Index 197)[0m
Epoch: 198, Steps: 315 | Train Loss: 0.0736863 Vali Loss: 0.0886263 Test Loss: 0.0891928
EarlyStopping counter: 7 out of 20
Updating learning rate to 4.7754595260899875e-05
	iters: 100, epoch: 199 | loss: 0.0704424
	speed: 0.0867s/iter; left time: 2777.0796s
	iters: 200, epoch: 199 | loss: 0.0637882
	speed: 0.0333s/iter; left time: 1064.6609s
	iters: 300, epoch: 199 | loss: 0.0651170
	speed: 0.0332s/iter; left time: 1056.2532s
Epoch: 199 cost time: 10.785528421401978
[2025-05-29 04:33:59] [32mIntermediate result: 0.090008326  (Index 198)[0m
Epoch: 199, Steps: 315 | Train Loss: 0.0737329 Vali Loss: 0.0885237 Test Loss: 0.0900083
EarlyStopping counter: 8 out of 20
Updating learning rate to 4.700763392903337e-05
	iters: 100, epoch: 200 | loss: 0.0749779
	speed: 0.0879s/iter; left time: 2789.1612s
	iters: 200, epoch: 200 | loss: 0.0725995
	speed: 0.0337s/iter; left time: 1066.3538s
	iters: 300, epoch: 200 | loss: 0.0791207
	speed: 0.0332s/iter; left time: 1045.8870s
Epoch: 200 cost time: 10.844019889831543
[2025-05-29 04:34:15] [32mIntermediate result: 0.088993415  (Index 199)[0m
Epoch: 200, Steps: 315 | Train Loss: 0.0734796 Vali Loss: 0.0880524 Test Loss: 0.0889934
Validation loss decreased (0.088081 --> 0.088052).  Saving model ...
Updating learning rate to 4.626134232261882e-05
	iters: 100, epoch: 201 | loss: 0.0679406
	speed: 0.0879s/iter; left time: 2761.0095s
	iters: 200, epoch: 201 | loss: 0.0553776
	speed: 0.0330s/iter; left time: 1031.7346s
	iters: 300, epoch: 201 | loss: 0.0673262
	speed: 0.0330s/iter; left time: 1028.6591s
Epoch: 201 cost time: 10.740009069442749
[2025-05-29 04:34:30] [32mIntermediate result: 0.08919771  (Index 200)[0m
Epoch: 201, Steps: 315 | Train Loss: 0.0734184 Vali Loss: 0.0882149 Test Loss: 0.0891977
EarlyStopping counter: 1 out of 20
Updating learning rate to 4.5515887459015774e-05
	iters: 100, epoch: 202 | loss: 0.0658979
	speed: 0.0874s/iter; left time: 2715.5557s
	iters: 200, epoch: 202 | loss: 0.0760822
	speed: 0.0333s/iter; left time: 1030.3404s
	iters: 300, epoch: 202 | loss: 0.0790315
	speed: 0.0328s/iter; left time: 1013.7076s
Epoch: 202 cost time: 10.74299955368042
[2025-05-29 04:34:46] [32mIntermediate result: 0.08942084  (Index 201)[0m
Epoch: 202, Steps: 315 | Train Loss: 0.0734210 Vali Loss: 0.0885964 Test Loss: 0.0894208
EarlyStopping counter: 2 out of 20
Updating learning rate to 4.477143616832373e-05
	iters: 100, epoch: 203 | loss: 0.0804674
	speed: 0.0880s/iter; left time: 2707.2433s
	iters: 200, epoch: 203 | loss: 0.0749820
	speed: 0.0329s/iter; left time: 1009.4177s
	iters: 300, epoch: 203 | loss: 0.0851186
	speed: 0.0328s/iter; left time: 1001.6096s
Epoch: 203 cost time: 10.734065294265747
[2025-05-29 04:35:01] [32mIntermediate result: 0.08963401  (Index 202)[0m
Epoch: 203, Steps: 315 | Train Loss: 0.0734078 Vali Loss: 0.0889230 Test Loss: 0.0896340
EarlyStopping counter: 3 out of 20
Updating learning rate to 4.4028155056046235e-05
	iters: 100, epoch: 204 | loss: 0.0673942
	speed: 0.0873s/iter; left time: 2657.6709s
	iters: 200, epoch: 204 | loss: 0.0756208
	speed: 0.0329s/iter; left time: 997.3345s
	iters: 300, epoch: 204 | loss: 0.0797699
	speed: 0.0333s/iter; left time: 1008.3959s
Epoch: 204 cost time: 10.772369623184204
[2025-05-29 04:35:16] [32mIntermediate result: 0.08908341  (Index 203)[0m
Epoch: 204, Steps: 315 | Train Loss: 0.0731987 Vali Loss: 0.0883119 Test Loss: 0.0890834
EarlyStopping counter: 4 out of 20
Updating learning rate to 4.3286210465805135e-05
	iters: 100, epoch: 205 | loss: 0.0759181
	speed: 0.0889s/iter; left time: 2680.3598s
	iters: 200, epoch: 205 | loss: 0.0701633
	speed: 0.0332s/iter; left time: 996.3307s
	iters: 300, epoch: 205 | loss: 0.0818543
	speed: 0.0329s/iter; left time: 985.8232s
Epoch: 205 cost time: 10.75626540184021
[2025-05-29 04:35:32] [32mIntermediate result: 0.08896937  (Index 204)[0m
Epoch: 205, Steps: 315 | Train Loss: 0.0733181 Vali Loss: 0.0880100 Test Loss: 0.0889694
Validation loss decreased (0.088052 --> 0.088010).  Saving model ...
Updating learning rate to 4.254576844211346e-05
	iters: 100, epoch: 206 | loss: 0.0763179
	speed: 0.0876s/iter; left time: 2613.0442s
	iters: 200, epoch: 206 | loss: 0.0784521
	speed: 0.0336s/iter; left time: 998.0865s
	iters: 300, epoch: 206 | loss: 0.0658081
	speed: 0.0349s/iter; left time: 1034.9474s
Epoch: 206 cost time: 11.007421493530273
[2025-05-29 04:35:47] [32mIntermediate result: 0.08899465  (Index 205)[0m
Epoch: 206, Steps: 315 | Train Loss: 0.0730837 Vali Loss: 0.0880769 Test Loss: 0.0889947
EarlyStopping counter: 1 out of 20
Updating learning rate to 4.180699469321531e-05
	iters: 100, epoch: 207 | loss: 0.0711512
	speed: 0.0879s/iter; left time: 2594.3922s
	iters: 200, epoch: 207 | loss: 0.0837254
	speed: 0.0328s/iter; left time: 966.0951s
	iters: 300, epoch: 207 | loss: 0.0843938
	speed: 0.0331s/iter; left time: 971.1321s
Epoch: 207 cost time: 10.745655536651611
[2025-05-29 04:36:03] [32mIntermediate result: 0.08919642  (Index 206)[0m
Epoch: 207, Steps: 315 | Train Loss: 0.0730674 Vali Loss: 0.0886660 Test Loss: 0.0891964
EarlyStopping counter: 2 out of 20
Updating learning rate to 4.1070054554000956e-05
	iters: 100, epoch: 208 | loss: 0.0830332
	speed: 0.0875s/iter; left time: 2553.8179s
	iters: 200, epoch: 208 | loss: 0.0708024
	speed: 0.0329s/iter; left time: 958.5253s
	iters: 300, epoch: 208 | loss: 0.0733447
	speed: 0.0334s/iter; left time: 968.3357s
Epoch: 208 cost time: 10.771625518798828
[2025-05-29 04:36:18] [32mIntermediate result: 0.08890529  (Index 207)[0m
Epoch: 208, Steps: 315 | Train Loss: 0.0730199 Vali Loss: 0.0882569 Test Loss: 0.0889053
EarlyStopping counter: 3 out of 20
Updating learning rate to 4.0335112949005406e-05
	iters: 100, epoch: 209 | loss: 0.0714233
	speed: 0.0877s/iter; left time: 2534.1414s
	iters: 200, epoch: 209 | loss: 0.0742114
	speed: 0.0333s/iter; left time: 958.2206s
	iters: 300, epoch: 209 | loss: 0.0810309
	speed: 0.0333s/iter; left time: 956.3062s
Epoch: 209 cost time: 10.84908938407898
[2025-05-29 04:36:34] [32mIntermediate result: 0.08920091  (Index 208)[0m
Epoch: 209, Steps: 315 | Train Loss: 0.0728879 Vali Loss: 0.0881111 Test Loss: 0.0892009
EarlyStopping counter: 4 out of 20
Updating learning rate to 3.960233435549897e-05
	iters: 100, epoch: 210 | loss: 0.0756005
	speed: 0.0880s/iter; left time: 2514.7147s
	iters: 200, epoch: 210 | loss: 0.0793672
	speed: 0.0336s/iter; left time: 957.5505s
	iters: 300, epoch: 210 | loss: 0.0683425
	speed: 0.0333s/iter; left time: 945.8038s
Epoch: 210 cost time: 10.875476837158203
[2025-05-29 04:36:49] [32mIntermediate result: 0.08875129  (Index 209)[0m
Epoch: 210, Steps: 315 | Train Loss: 0.0727899 Vali Loss: 0.0878197 Test Loss: 0.0887513
Validation loss decreased (0.088010 --> 0.087820).  Saving model ...
Updating learning rate to 3.887188276667781e-05
	iters: 100, epoch: 211 | loss: 0.0652093
	speed: 0.0893s/iter; left time: 2522.5893s
	iters: 200, epoch: 211 | loss: 0.0869649
	speed: 0.0329s/iter; left time: 926.3374s
	iters: 300, epoch: 211 | loss: 0.0761390
	speed: 0.0326s/iter; left time: 914.9681s
Epoch: 211 cost time: 10.760957717895508
[2025-05-29 04:37:05] [32mIntermediate result: 0.089681156  (Index 210)[0m
Epoch: 211, Steps: 315 | Train Loss: 0.0726972 Vali Loss: 0.0887118 Test Loss: 0.0896812
EarlyStopping counter: 1 out of 20
Updating learning rate to 3.8143921654962877e-05
	iters: 100, epoch: 212 | loss: 0.0747044
	speed: 0.0874s/iter; left time: 2442.0784s
	iters: 200, epoch: 212 | loss: 0.0657107
	speed: 0.0328s/iter; left time: 914.3267s
	iters: 300, epoch: 212 | loss: 0.0587534
	speed: 0.0327s/iter; left time: 906.3494s
Epoch: 212 cost time: 10.73335862159729
[2025-05-29 04:37:20] [32mIntermediate result: 0.09088915  (Index 211)[0m
Epoch: 212, Steps: 315 | Train Loss: 0.0727433 Vali Loss: 0.0900036 Test Loss: 0.0908891
EarlyStopping counter: 2 out of 20
Updating learning rate to 3.741861393541533e-05
	iters: 100, epoch: 213 | loss: 0.0741973
	speed: 0.0886s/iter; left time: 2447.0939s
	iters: 200, epoch: 213 | loss: 0.0725652
	speed: 0.0329s/iter; left time: 906.1966s
	iters: 300, epoch: 213 | loss: 0.0825933
	speed: 0.0334s/iter; left time: 917.1930s
Epoch: 213 cost time: 10.765117645263672
[2025-05-29 04:37:35] [32mIntermediate result: 0.088831685  (Index 212)[0m
Epoch: 213, Steps: 315 | Train Loss: 0.0727276 Vali Loss: 0.0879380 Test Loss: 0.0888317
EarlyStopping counter: 3 out of 20
Updating learning rate to 3.669612192927684e-05
	iters: 100, epoch: 214 | loss: 0.0753564
	speed: 0.0886s/iter; left time: 2420.3526s
	iters: 200, epoch: 214 | loss: 0.0678247
	speed: 0.0352s/iter; left time: 958.8738s
	iters: 300, epoch: 214 | loss: 0.0726152
	speed: 0.0336s/iter; left time: 911.3587s
Epoch: 214 cost time: 11.065613746643066
[2025-05-29 04:37:51] [32mIntermediate result: 0.089002326  (Index 213)[0m
Epoch: 214, Steps: 315 | Train Loss: 0.0725315 Vali Loss: 0.0881108 Test Loss: 0.0890023
EarlyStopping counter: 4 out of 20
Updating learning rate to 3.597660732764254e-05
	iters: 100, epoch: 215 | loss: 0.0702503
	speed: 0.0870s/iter; left time: 2346.9889s
	iters: 200, epoch: 215 | loss: 0.0754771
	speed: 0.0327s/iter; left time: 879.5433s
	iters: 300, epoch: 215 | loss: 0.0848813
	speed: 0.0326s/iter; left time: 872.8441s
Epoch: 215 cost time: 10.619118213653564
[2025-05-29 04:38:06] [32mIntermediate result: 0.089182645  (Index 214)[0m
Epoch: 215, Steps: 315 | Train Loss: 0.0725358 Vali Loss: 0.0879956 Test Loss: 0.0891826
EarlyStopping counter: 5 out of 20
Updating learning rate to 3.526023115527523e-05
	iters: 100, epoch: 216 | loss: 0.0736909
	speed: 0.0874s/iter; left time: 2331.3201s
	iters: 200, epoch: 216 | loss: 0.0723979
	speed: 0.0329s/iter; left time: 875.0378s
	iters: 300, epoch: 216 | loss: 0.0690044
	speed: 0.0334s/iter; left time: 883.7330s
Epoch: 216 cost time: 10.785804510116577
[2025-05-29 04:38:22] [32mIntermediate result: 0.08949407  (Index 215)[0m
Epoch: 216, Steps: 315 | Train Loss: 0.0724504 Vali Loss: 0.0884269 Test Loss: 0.0894941
EarlyStopping counter: 6 out of 20
Updating learning rate to 3.454715373456863e-05
	iters: 100, epoch: 217 | loss: 0.0756818
	speed: 0.0882s/iter; left time: 2326.2022s
	iters: 200, epoch: 217 | loss: 0.0580681
	speed: 0.0334s/iter; left time: 876.0291s
	iters: 300, epoch: 217 | loss: 0.0848555
	speed: 0.0334s/iter; left time: 873.0512s
Epoch: 217 cost time: 10.864769220352173
[2025-05-29 04:38:37] [32mIntermediate result: 0.08881257  (Index 216)[0m
Epoch: 217, Steps: 315 | Train Loss: 0.0724073 Vali Loss: 0.0877122 Test Loss: 0.0888126
Validation loss decreased (0.087820 --> 0.087712).  Saving model ...
Updating learning rate to 3.383753464966775e-05
	iters: 100, epoch: 218 | loss: 0.0794209
	speed: 0.0873s/iter; left time: 2273.1931s
	iters: 200, epoch: 218 | loss: 0.0583133
	speed: 0.0333s/iter; left time: 864.7199s
	iters: 300, epoch: 218 | loss: 0.0765089
	speed: 0.0329s/iter; left time: 850.6381s
Epoch: 218 cost time: 10.76808786392212
[2025-05-29 04:38:53] [32mIntermediate result: 0.089095175  (Index 217)[0m
Epoch: 218, Steps: 315 | Train Loss: 0.0723817 Vali Loss: 0.0881108 Test Loss: 0.0890952
EarlyStopping counter: 1 out of 20
Updating learning rate to 3.3131532710754596e-05
	iters: 100, epoch: 219 | loss: 0.0685136
	speed: 0.0892s/iter; left time: 2295.8815s
	iters: 200, epoch: 219 | loss: 0.0717884
	speed: 0.0334s/iter; left time: 855.7511s
	iters: 300, epoch: 219 | loss: 0.0724213
	speed: 0.0333s/iter; left time: 850.5074s
Epoch: 219 cost time: 11.002208709716797
[2025-05-29 04:39:08] [32mIntermediate result: 0.08918231  (Index 218)[0m
Epoch: 219, Steps: 315 | Train Loss: 0.0723204 Vali Loss: 0.0884030 Test Loss: 0.0891823
EarlyStopping counter: 2 out of 20
Updating learning rate to 3.242930591850695e-05
	iters: 100, epoch: 220 | loss: 0.0743864
	speed: 0.0889s/iter; left time: 2259.6651s
	iters: 200, epoch: 220 | loss: 0.0666306
	speed: 0.0334s/iter; left time: 846.5499s
	iters: 300, epoch: 220 | loss: 0.0843667
	speed: 0.0328s/iter; left time: 827.5493s
Epoch: 220 cost time: 10.855984449386597
[2025-05-29 04:39:24] [32mIntermediate result: 0.088776745  (Index 219)[0m
Epoch: 220, Steps: 315 | Train Loss: 0.0723977 Vali Loss: 0.0878542 Test Loss: 0.0887767
EarlyStopping counter: 3 out of 20
Updating learning rate to 3.1731011428738515e-05
	iters: 100, epoch: 221 | loss: 0.0612811
	speed: 0.0878s/iter; left time: 2204.1216s
	iters: 200, epoch: 221 | loss: 0.0755418
	speed: 0.0332s/iter; left time: 830.5074s
	iters: 300, epoch: 221 | loss: 0.0766349
	speed: 0.0341s/iter; left time: 848.0202s
Epoch: 221 cost time: 10.95076608657837
[2025-05-29 04:39:39] [32mIntermediate result: 0.089525566  (Index 220)[0m
Epoch: 221, Steps: 315 | Train Loss: 0.0722338 Vali Loss: 0.0884635 Test Loss: 0.0895256
EarlyStopping counter: 4 out of 20
Updating learning rate to 3.1036805517227884e-05
	iters: 100, epoch: 222 | loss: 0.0597760
	speed: 0.0892s/iter; left time: 2211.8999s
	iters: 200, epoch: 222 | loss: 0.0789819
	speed: 0.0337s/iter; left time: 832.0322s
	iters: 300, epoch: 222 | loss: 0.0795485
	speed: 0.0330s/iter; left time: 810.9923s
Epoch: 222 cost time: 10.879612684249878
[2025-05-29 04:39:55] [32mIntermediate result: 0.08888464  (Index 221)[0m
Epoch: 222, Steps: 315 | Train Loss: 0.0722093 Vali Loss: 0.0880482 Test Loss: 0.0888846
EarlyStopping counter: 5 out of 20
Updating learning rate to 3.034684354474464e-05
	iters: 100, epoch: 223 | loss: 0.0609195
	speed: 0.0867s/iter; left time: 2122.6146s
	iters: 200, epoch: 223 | loss: 0.0802284
	speed: 0.0328s/iter; left time: 798.8730s
	iters: 300, epoch: 223 | loss: 0.0645065
	speed: 0.0335s/iter; left time: 812.6373s
Epoch: 223 cost time: 10.75381088256836
[2025-05-29 04:40:10] [32mIntermediate result: 0.08916456  (Index 222)[0m
Epoch: 223, Steps: 315 | Train Loss: 0.0720191 Vali Loss: 0.0882611 Test Loss: 0.0891646
EarlyStopping counter: 6 out of 20
Updating learning rate to 2.966127992228018e-05
	iters: 100, epoch: 224 | loss: 0.0635089
	speed: 0.0880s/iter; left time: 2125.3034s
	iters: 200, epoch: 224 | loss: 0.0711621
	speed: 0.0340s/iter; left time: 818.8933s
	iters: 300, epoch: 224 | loss: 0.0583976
	speed: 0.0334s/iter; left time: 799.1315s
Epoch: 224 cost time: 10.909713506698608
[2025-05-29 04:40:26] [32mIntermediate result: 0.08891661  (Index 223)[0m
Epoch: 224, Steps: 315 | Train Loss: 0.0719677 Vali Loss: 0.0878722 Test Loss: 0.0889166
EarlyStopping counter: 7 out of 20
Updating learning rate to 2.89802680764911e-05
	iters: 100, epoch: 225 | loss: 0.0659028
	speed: 0.0879s/iter; left time: 2094.6279s
	iters: 200, epoch: 225 | loss: 0.0802466
	speed: 0.0329s/iter; left time: 781.6056s
	iters: 300, epoch: 225 | loss: 0.0625333
	speed: 0.0339s/iter; left time: 802.0688s
Epoch: 225 cost time: 10.791607856750488
[2025-05-29 04:40:41] [32mIntermediate result: 0.08888644  (Index 224)[0m
Epoch: 225, Steps: 315 | Train Loss: 0.0719586 Vali Loss: 0.0878614 Test Loss: 0.0888864
EarlyStopping counter: 8 out of 20
Updating learning rate to 2.830396041536285e-05
	iters: 100, epoch: 226 | loss: 0.0725668
	speed: 0.0882s/iter; left time: 2075.9992s
	iters: 200, epoch: 226 | loss: 0.0657133
	speed: 0.0333s/iter; left time: 780.4646s
	iters: 300, epoch: 226 | loss: 0.0728574
	speed: 0.0332s/iter; left time: 774.4085s
Epoch: 226 cost time: 10.803768157958984
[2025-05-29 04:40:57] [32mIntermediate result: 0.0890185  (Index 225)[0m
Epoch: 226, Steps: 315 | Train Loss: 0.0718322 Vali Loss: 0.0881273 Test Loss: 0.0890185
EarlyStopping counter: 9 out of 20
Updating learning rate to 2.7632508294101385e-05
	iters: 100, epoch: 227 | loss: 0.0684190
	speed: 0.0872s/iter; left time: 2024.4765s
	iters: 200, epoch: 227 | loss: 0.0737568
	speed: 0.0327s/iter; left time: 756.1329s
	iters: 300, epoch: 227 | loss: 0.0884582
	speed: 0.0327s/iter; left time: 753.5686s
Epoch: 227 cost time: 10.669800281524658
[2025-05-29 04:41:12] [32mIntermediate result: 0.08896292  (Index 226)[0m
Epoch: 227, Steps: 315 | Train Loss: 0.0719506 Vali Loss: 0.0879129 Test Loss: 0.0889629
EarlyStopping counter: 10 out of 20
Updating learning rate to 2.6966061981260428e-05
	iters: 100, epoch: 228 | loss: 0.0740070
	speed: 0.0888s/iter; left time: 2032.5945s
	iters: 200, epoch: 228 | loss: 0.0840688
	speed: 0.0328s/iter; left time: 748.2067s
	iters: 300, epoch: 228 | loss: 0.0652866
	speed: 0.0328s/iter; left time: 745.4190s
Epoch: 228 cost time: 10.850883722305298
[2025-05-29 04:41:27] [32mIntermediate result: 0.08884682  (Index 227)[0m
Epoch: 228, Steps: 315 | Train Loss: 0.0717733 Vali Loss: 0.0877789 Test Loss: 0.0888468
EarlyStopping counter: 11 out of 20
Updating learning rate to 2.6304770625111905e-05
	iters: 100, epoch: 229 | loss: 0.0789530
	speed: 0.0889s/iter; left time: 2008.3912s
	iters: 200, epoch: 229 | loss: 0.0849915
	speed: 0.0330s/iter; left time: 741.3203s
	iters: 300, epoch: 229 | loss: 0.0694869
	speed: 0.0329s/iter; left time: 735.5163s
Epoch: 229 cost time: 10.857171058654785
[2025-05-29 04:41:43] [32mIntermediate result: 0.08894709  (Index 228)[0m
Epoch: 229, Steps: 315 | Train Loss: 0.0717490 Vali Loss: 0.0877215 Test Loss: 0.0889471
EarlyStopping counter: 12 out of 20
Updating learning rate to 2.5648782220267057e-05
	iters: 100, epoch: 230 | loss: 0.0703386
	speed: 0.0896s/iter; left time: 1994.8995s
	iters: 200, epoch: 230 | loss: 0.0802796
	speed: 0.0348s/iter; left time: 770.6767s
	iters: 300, epoch: 230 | loss: 0.0663884
	speed: 0.0334s/iter; left time: 735.9752s
Epoch: 230 cost time: 11.130961894989014
[2025-05-29 04:41:59] [32mIntermediate result: 0.08923616  (Index 229)[0m
Epoch: 230, Steps: 315 | Train Loss: 0.0716842 Vali Loss: 0.0881691 Test Loss: 0.0892362
EarlyStopping counter: 13 out of 20
Updating learning rate to 2.499824357455588e-05
	iters: 100, epoch: 231 | loss: 0.0555555
	speed: 0.0872s/iter; left time: 1914.8318s
	iters: 200, epoch: 231 | loss: 0.0808439
	speed: 0.0328s/iter; left time: 716.9363s
	iters: 300, epoch: 231 | loss: 0.0647543
	speed: 0.0330s/iter; left time: 718.8490s
Epoch: 231 cost time: 10.751676559448242
[2025-05-29 04:42:14] [32mIntermediate result: 0.088952765  (Index 230)[0m
Epoch: 231, Steps: 315 | Train Loss: 0.0716813 Vali Loss: 0.0878471 Test Loss: 0.0889528
EarlyStopping counter: 14 out of 20
Updating learning rate to 2.4353300276171948e-05
	iters: 100, epoch: 232 | loss: 0.0770178
	speed: 0.0879s/iter; left time: 1900.7422s
	iters: 200, epoch: 232 | loss: 0.0613032
	speed: 0.0345s/iter; left time: 742.3128s
	iters: 300, epoch: 232 | loss: 0.0613415
	speed: 0.0340s/iter; left time: 728.9430s
Epoch: 232 cost time: 10.992126703262329
[2025-05-29 04:42:30] [32mIntermediate result: 0.08934058  (Index 231)[0m
Epoch: 232, Steps: 315 | Train Loss: 0.0716163 Vali Loss: 0.0882097 Test Loss: 0.0893406
EarlyStopping counter: 15 out of 20
Updating learning rate to 2.3714096661090404e-05
	iters: 100, epoch: 233 | loss: 0.0720082
	speed: 0.0900s/iter; left time: 1918.9730s
	iters: 200, epoch: 233 | loss: 0.0693005
	speed: 0.0342s/iter; left time: 726.2114s
	iters: 300, epoch: 233 | loss: 0.0708172
	speed: 0.0328s/iter; left time: 691.9162s
Epoch: 233 cost time: 11.038935899734497
[2025-05-29 04:42:45] [32mIntermediate result: 0.08875294  (Index 232)[0m
Epoch: 233, Steps: 315 | Train Loss: 0.0716150 Vali Loss: 0.0877659 Test Loss: 0.0887529
EarlyStopping counter: 16 out of 20
Updating learning rate to 2.3080775780766042e-05
	iters: 100, epoch: 234 | loss: 0.0818444
	speed: 0.0902s/iter; left time: 1893.7410s
	iters: 200, epoch: 234 | loss: 0.0697091
	speed: 0.0349s/iter; left time: 729.4066s
	iters: 300, epoch: 234 | loss: 0.0653045
	speed: 0.0338s/iter; left time: 702.3524s
Epoch: 234 cost time: 11.216029405593872
[2025-05-29 04:43:01] [32mIntermediate result: 0.08880539  (Index 233)[0m
Epoch: 234, Steps: 315 | Train Loss: 0.0715143 Vali Loss: 0.0877997 Test Loss: 0.0888054
EarlyStopping counter: 17 out of 20
Updating learning rate to 2.2453479370118927e-05
	iters: 100, epoch: 235 | loss: 0.0698856
	speed: 0.0871s/iter; left time: 1803.1736s
	iters: 200, epoch: 235 | loss: 0.0715594
	speed: 0.0329s/iter; left time: 676.7273s
	iters: 300, epoch: 235 | loss: 0.0923934
	speed: 0.0328s/iter; left time: 672.0886s
Epoch: 235 cost time: 10.723414421081543
[2025-05-29 04:43:16] [32mIntermediate result: 0.08892188  (Index 234)[0m
Epoch: 235, Steps: 315 | Train Loss: 0.0715205 Vali Loss: 0.0877432 Test Loss: 0.0889219
EarlyStopping counter: 18 out of 20
Updating learning rate to 2.1832347815814572e-05
	iters: 100, epoch: 236 | loss: 0.0731654
	speed: 0.0871s/iter; left time: 1774.6672s
	iters: 200, epoch: 236 | loss: 0.0595537
	speed: 0.0333s/iter; left time: 674.6660s
	iters: 300, epoch: 236 | loss: 0.0738327
	speed: 0.0330s/iter; left time: 665.0152s
Epoch: 236 cost time: 10.720563650131226
[2025-05-29 04:43:32] [32mIntermediate result: 0.08897495  (Index 235)[0m
Epoch: 236, Steps: 315 | Train Loss: 0.0714021 Vali Loss: 0.0878616 Test Loss: 0.0889750
EarlyStopping counter: 19 out of 20
Updating learning rate to 2.121752012484603e-05
	iters: 100, epoch: 237 | loss: 0.0620653
	speed: 0.0882s/iter; left time: 1769.7572s
	iters: 200, epoch: 237 | loss: 0.0718750
	speed: 0.0339s/iter; left time: 676.3034s
	iters: 300, epoch: 237 | loss: 0.0699960
	speed: 0.0340s/iter; left time: 675.4374s
Epoch: 237 cost time: 10.975330352783203
[2025-05-29 04:43:47] [32mIntermediate result: 0.08898923  (Index 236)[0m
Epoch: 237, Steps: 315 | Train Loss: 0.0714276 Vali Loss: 0.0880130 Test Loss: 0.0889892
EarlyStopping counter: 20 out of 20
Early stopping
>>>>>>>testing : 96_12_PRNN_TST_PEMS_ftM_sl96_ll18_pl12_dm16_nh4_el3_dl1_df128_fc1_ebtimeF_dtTrue_Exp_0<<<<<<<<<<<<<<<<<<<<<<<<<<<<<<<<<
test 3292
mse:0.08881255239248276, mae:0.1944783478975296, rse:0.29212087392807007
[2025-05-29 04:43:53] [32mFinal result: 0.08881255[0m
