Args in experiment:
Namespace(activation='gelu', affine=1, batch_size=32, c_out=7, checkpoints='./checkpoints/', d_ff=128, d_layers=1, d_model=16, data='PEMS', data_path='PEMS07.npz', dec_in=7, decomposition=0, des='Exp', device_ids=[0, 1], devices='0,1', dis=10, distil=True, do_predict=False, dropout=0.3, dvices='0,1', e_layers=3, embed='timeF', embed_type=0, enc_in=883, factor=1, fc_dropout=0.3, features='M', freq='h', gpu=0, head_dropout=0.0, hidden_size=512, individual=0, is_training=1, itr=1, k=20, kernel_size=25, label_len=18, learning_rate=0.0001, loss='mse', lradj='TST', model='PRNN_TST', model_id='96_96', moving_avg=25, n_heads=4, num_layers=1, num_workers=10, output_attention=False, padding_patch='end', patch_len=16, patience=20, pct_start=0.3, pred_len=96, random_seed=2021, revin=1, rnn_inp=96, root_path='./dataset/', seq_len=96, stride=8, subtract_last=0, target='OT', test_flop=False, top_k=3, train_epochs=300, use_amp=False, use_gpu=True, use_multi_gpu=True)
Use GPU: cuda:0
>>>>>>>start training : 96_96_PRNN_TST_PEMS_ftM_sl96_ll18_pl96_dm16_nh4_el3_dl1_df128_fc1_ebtimeF_dtTrue_Exp_0>>>>>>>>>>>>>>>>>>>>>>>>>>
module.model.revin_layer.affine_weight: 883
module.model.revin_layer.affine_bias: 883
module.model.rnn.weight_ih_l0: 262144
module.model.rnn.weight_hh_l0: 262144
module.model.rnn.bias_ih_l0: 512
module.model.rnn.bias_hh_l0: 512
module.model.embed.weight: 8192
module.model.embed.bias: 512
module.model.fc.weight: 540672
module.model.fc.bias: 96
Total trainable parameters: 1076550
train 16743
val 5454
test 5454
	iters: 100, epoch: 1 | loss: 1.3026279
	speed: 0.1088s/iter; left time: 17060.6974s
	iters: 200, epoch: 1 | loss: 1.5537703
	speed: 0.0893s/iter; left time: 13997.8386s
	iters: 300, epoch: 1 | loss: 1.4062972
	speed: 0.0884s/iter; left time: 13836.3626s
	iters: 400, epoch: 1 | loss: 1.2518929
	speed: 0.0884s/iter; left time: 13842.1657s
	iters: 500, epoch: 1 | loss: 1.0249202
	speed: 0.0886s/iter; left time: 13864.7499s
Epoch: 1 cost time: 47.809200286865234
[2025-05-29 21:24:32] [32mIntermediate result: 1.185765  (Index 0)[0m
Epoch: 1, Steps: 523 | Train Loss: 1.4092024 Vali Loss: 1.1473260 Test Loss: 1.1857650
Validation loss decreased (inf --> 1.147326).  Saving model ...
Updating learning rate to 4.029241545414636e-06
	iters: 100, epoch: 2 | loss: 1.1291730
	speed: 0.3352s/iter; left time: 52379.0463s
	iters: 200, epoch: 2 | loss: 1.2276069
	speed: 0.0892s/iter; left time: 13928.1607s
	iters: 300, epoch: 2 | loss: 1.0001924
	speed: 0.0893s/iter; left time: 13938.3300s
	iters: 400, epoch: 2 | loss: 1.0816679
	speed: 0.0890s/iter; left time: 13885.3500s
	iters: 500, epoch: 2 | loss: 1.0083112
	speed: 0.0894s/iter; left time: 13934.2587s
Epoch: 2 cost time: 47.562073707580566
[2025-05-29 21:25:44] [32mIntermediate result: 0.99178267  (Index 1)[0m
Epoch: 2, Steps: 523 | Train Loss: 1.1153630 Vali Loss: 0.9666938 Test Loss: 0.9917827
Validation loss decreased (1.147326 --> 0.966694).  Saving model ...
Updating learning rate to 4.116930553826133e-06
	iters: 100, epoch: 3 | loss: 0.9299303
	speed: 0.3636s/iter; left time: 56638.3072s
	iters: 200, epoch: 3 | loss: 0.9829310
	speed: 0.0893s/iter; left time: 13907.3270s
	iters: 300, epoch: 3 | loss: 0.8249516
	speed: 0.0894s/iter; left time: 13903.4665s
	iters: 400, epoch: 3 | loss: 0.8255371
	speed: 0.0895s/iter; left time: 13914.9909s
	iters: 500, epoch: 3 | loss: 0.9000021
	speed: 0.0895s/iter; left time: 13904.2759s
Epoch: 3 cost time: 47.76285457611084
[2025-05-29 21:26:57] [32mIntermediate result: 0.8895494  (Index 2)[0m
Epoch: 3, Steps: 523 | Train Loss: 0.9689319 Vali Loss: 0.8736553 Test Loss: 0.8895494
Validation loss decreased (0.966694 --> 0.873655).  Saving model ...
Updating learning rate to 4.262960185146068e-06
	iters: 100, epoch: 4 | loss: 0.9127204
	speed: 0.3723s/iter; left time: 57793.4358s
	iters: 200, epoch: 4 | loss: 1.0037924
	speed: 0.0911s/iter; left time: 14139.8150s
	iters: 300, epoch: 4 | loss: 0.8175788
	speed: 0.0890s/iter; left time: 13793.4792s
	iters: 400, epoch: 4 | loss: 0.8194762
	speed: 0.0891s/iter; left time: 13806.4357s
	iters: 500, epoch: 4 | loss: 0.9633349
	speed: 0.0891s/iter; left time: 13797.6381s
Epoch: 4 cost time: 47.746417760849
[2025-05-29 21:28:09] [32mIntermediate result: 0.82642806  (Index 3)[0m
Epoch: 4, Steps: 523 | Train Loss: 0.8863124 Vali Loss: 0.8189433 Test Loss: 0.8264281
Validation loss decreased (0.873655 --> 0.818943).  Saving model ...
Updating learning rate to 4.467152517203778e-06
	iters: 100, epoch: 5 | loss: 0.9868572
	speed: 0.3623s/iter; left time: 56051.8291s
	iters: 200, epoch: 5 | loss: 0.8674952
	speed: 0.0892s/iter; left time: 13786.4673s
	iters: 300, epoch: 5 | loss: 0.8516569
	speed: 0.0891s/iter; left time: 13764.7381s
	iters: 400, epoch: 5 | loss: 0.7413446
	speed: 0.0890s/iter; left time: 13746.5530s
	iters: 500, epoch: 5 | loss: 0.8734462
	speed: 0.0893s/iter; left time: 13777.7924s
Epoch: 5 cost time: 47.619868993759155
[2025-05-29 21:29:21] [32mIntermediate result: 0.78165644  (Index 4)[0m
Epoch: 5, Steps: 523 | Train Loss: 0.8306652 Vali Loss: 0.7771017 Test Loss: 0.7816564
Validation loss decreased (0.818943 --> 0.777102).  Saving model ...
Updating learning rate to 4.7292587625263e-06
	iters: 100, epoch: 6 | loss: 0.7012165
	speed: 0.3603s/iter; left time: 55554.5947s
	iters: 200, epoch: 6 | loss: 0.8008345
	speed: 0.0891s/iter; left time: 13731.7438s
	iters: 300, epoch: 6 | loss: 0.7855377
	speed: 0.0890s/iter; left time: 13698.9193s
	iters: 400, epoch: 6 | loss: 0.7838559
	speed: 0.0889s/iter; left time: 13680.1357s
	iters: 500, epoch: 6 | loss: 0.7270593
	speed: 0.0890s/iter; left time: 13681.5537s
Epoch: 6 cost time: 47.55443215370178
[2025-05-29 21:30:33] [32mIntermediate result: 0.7480366  (Index 5)[0m
Epoch: 6, Steps: 523 | Train Loss: 0.7907567 Vali Loss: 0.7481251 Test Loss: 0.7480366
Validation loss decreased (0.777102 --> 0.748125).  Saving model ...
Updating learning rate to 5.048959571460441e-06
	iters: 100, epoch: 7 | loss: 0.8048372
	speed: 0.3692s/iter; left time: 56736.7431s
	iters: 200, epoch: 7 | loss: 0.7731658
	speed: 0.0891s/iter; left time: 13684.4057s
	iters: 300, epoch: 7 | loss: 0.7410472
	speed: 0.0893s/iter; left time: 13697.8657s
	iters: 400, epoch: 7 | loss: 0.7842383
	speed: 0.0895s/iter; left time: 13720.8238s
	iters: 500, epoch: 7 | loss: 0.7021188
	speed: 0.0898s/iter; left time: 13761.3165s
Epoch: 7 cost time: 47.602656841278076
[2025-05-29 21:31:45] [32mIntermediate result: 0.72437066  (Index 6)[0m
Epoch: 7, Steps: 523 | Train Loss: 0.7597312 Vali Loss: 0.7249128 Test Loss: 0.7243707
Validation loss decreased (0.748125 --> 0.724913).  Saving model ...
Updating learning rate to 5.425865421267726e-06
	iters: 100, epoch: 8 | loss: 0.9126458
	speed: 0.3636s/iter; left time: 55689.2635s
	iters: 200, epoch: 8 | loss: 0.8224385
	speed: 0.0892s/iter; left time: 13648.0663s
	iters: 300, epoch: 8 | loss: 0.6962866
	speed: 0.0893s/iter; left time: 13652.6946s
	iters: 400, epoch: 8 | loss: 0.7501088
	speed: 0.0895s/iter; left time: 13672.1617s
	iters: 500, epoch: 8 | loss: 0.8284994
	speed: 0.0894s/iter; left time: 13657.1964s
Epoch: 8 cost time: 47.73268365859985
[2025-05-29 21:32:57] [32mIntermediate result: 0.7036214  (Index 7)[0m
Epoch: 8, Steps: 523 | Train Loss: 0.7353043 Vali Loss: 0.7047260 Test Loss: 0.7036214
Validation loss decreased (0.724913 --> 0.704726).  Saving model ...
Updating learning rate to 5.859517090718022e-06
	iters: 100, epoch: 9 | loss: 0.6068128
	speed: 0.3616s/iter; left time: 55193.5719s
	iters: 200, epoch: 9 | loss: 0.6842079
	speed: 0.0888s/iter; left time: 13551.1100s
	iters: 300, epoch: 9 | loss: 0.6889049
	speed: 0.0883s/iter; left time: 13455.7926s
	iters: 400, epoch: 9 | loss: 0.7781718
	speed: 0.0890s/iter; left time: 13560.5405s
	iters: 500, epoch: 9 | loss: 0.7318307
	speed: 0.0895s/iter; left time: 13622.4584s
Epoch: 9 cost time: 47.52108550071716
[2025-05-29 21:34:10] [32mIntermediate result: 0.68556607  (Index 8)[0m
Epoch: 9, Steps: 523 | Train Loss: 0.7137967 Vali Loss: 0.6902061 Test Loss: 0.6855661
Validation loss decreased (0.704726 --> 0.690206).  Saving model ...
Updating learning rate to 6.349386219603529e-06
	iters: 100, epoch: 10 | loss: 0.7471862
	speed: 0.3702s/iter; left time: 56308.7307s
	iters: 200, epoch: 10 | loss: 0.7091928
	speed: 0.0886s/iter; left time: 13472.4885s
	iters: 300, epoch: 10 | loss: 0.7197070
	speed: 0.0890s/iter; left time: 13516.0054s
	iters: 400, epoch: 10 | loss: 0.7078730
	speed: 0.0889s/iter; left time: 13495.3919s
	iters: 500, epoch: 10 | loss: 0.6909886
	speed: 0.0892s/iter; left time: 13529.9512s
Epoch: 10 cost time: 47.48812794685364
[2025-05-29 21:35:22] [32mIntermediate result: 0.66767657  (Index 9)[0m
Epoch: 10, Steps: 523 | Train Loss: 0.6960703 Vali Loss: 0.6697884 Test Loss: 0.6676766
Validation loss decreased (0.690206 --> 0.669788).  Saving model ...
Updating learning rate to 6.894875952491753e-06
	iters: 100, epoch: 11 | loss: 0.8117846
	speed: 0.3643s/iter; left time: 55220.5071s
	iters: 200, epoch: 11 | loss: 0.6831355
	speed: 0.0884s/iter; left time: 13391.9315s
	iters: 300, epoch: 11 | loss: 0.6641982
	speed: 0.0886s/iter; left time: 13412.4546s
	iters: 400, epoch: 11 | loss: 0.5700972
	speed: 0.0885s/iter; left time: 13392.1185s
	iters: 500, epoch: 11 | loss: 0.6680479
	speed: 0.0886s/iter; left time: 13387.2607s
Epoch: 11 cost time: 47.36356997489929
[2025-05-29 21:36:33] [32mIntermediate result: 0.654282  (Index 10)[0m
Epoch: 11, Steps: 523 | Train Loss: 0.6776818 Vali Loss: 0.6573666 Test Loss: 0.6542820
Validation loss decreased (0.669788 --> 0.657367).  Saving model ...
Updating learning rate to 7.495321665932817e-06
	iters: 100, epoch: 12 | loss: 0.6267033
	speed: 0.3596s/iter; left time: 54313.1026s
	iters: 200, epoch: 12 | loss: 0.7591484
	speed: 0.0891s/iter; left time: 13445.9317s
	iters: 300, epoch: 12 | loss: 0.5980243
	speed: 0.0892s/iter; left time: 13448.9519s
	iters: 400, epoch: 12 | loss: 0.6117600
	speed: 0.0891s/iter; left time: 13434.3447s
	iters: 500, epoch: 12 | loss: 0.6650676
	speed: 0.0889s/iter; left time: 13394.1202s
Epoch: 12 cost time: 47.55503034591675
[2025-05-29 21:37:46] [32mIntermediate result: 0.64503336  (Index 11)[0m
Epoch: 12, Steps: 523 | Train Loss: 0.6615687 Vali Loss: 0.6483943 Test Loss: 0.6450334
Validation loss decreased (0.657367 --> 0.648394).  Saving model ...
Updating learning rate to 8.149991778235132e-06
	iters: 100, epoch: 13 | loss: 0.5715957
	speed: 0.3688s/iter; left time: 55519.7387s
	iters: 200, epoch: 13 | loss: 0.5965931
	speed: 0.0885s/iter; left time: 13317.6229s
	iters: 300, epoch: 13 | loss: 0.6602630
	speed: 0.0889s/iter; left time: 13361.0935s
	iters: 400, epoch: 13 | loss: 0.6498522
	speed: 0.0888s/iter; left time: 13344.5661s
	iters: 500, epoch: 13 | loss: 0.6239046
	speed: 0.0889s/iter; left time: 13353.4161s
Epoch: 13 cost time: 47.530707359313965
[2025-05-29 21:38:57] [32mIntermediate result: 0.62544763  (Index 12)[0m
Epoch: 13, Steps: 523 | Train Loss: 0.6460435 Vali Loss: 0.6282250 Test Loss: 0.6254476
Validation loss decreased (0.648394 --> 0.628225).  Saving model ...
Updating learning rate to 8.858088640822806e-06
	iters: 100, epoch: 14 | loss: 0.6346865
	speed: 0.3591s/iter; left time: 53873.0183s
	iters: 200, epoch: 14 | loss: 0.6659727
	speed: 0.0890s/iter; left time: 13340.5519s
	iters: 300, epoch: 14 | loss: 0.5492130
	speed: 0.0892s/iter; left time: 13357.5423s
	iters: 400, epoch: 14 | loss: 0.6011405
	speed: 0.0891s/iter; left time: 13333.1117s
	iters: 500, epoch: 14 | loss: 0.5879759
	speed: 0.0892s/iter; left time: 13350.3373s
Epoch: 14 cost time: 47.442803621292114
[2025-05-29 21:40:09] [32mIntermediate result: 0.6117173  (Index 13)[0m
Epoch: 14, Steps: 523 | Train Loss: 0.6315874 Vali Loss: 0.6127549 Test Loss: 0.6117173
Validation loss decreased (0.628225 --> 0.612755).  Saving model ...
Updating learning rate to 9.618749510088991e-06
	iters: 100, epoch: 15 | loss: 0.6277654
	speed: 0.3620s/iter; left time: 54114.1373s
	iters: 200, epoch: 15 | loss: 0.6645573
	speed: 0.0891s/iter; left time: 13310.7371s
	iters: 300, epoch: 15 | loss: 0.6538883
	speed: 0.0891s/iter; left time: 13296.7914s
	iters: 400, epoch: 15 | loss: 0.6403077
	speed: 0.0890s/iter; left time: 13282.5009s
	iters: 500, epoch: 15 | loss: 0.5807191
	speed: 0.0890s/iter; left time: 13270.8081s
Epoch: 15 cost time: 47.616353273391724
[2025-05-29 21:41:21] [32mIntermediate result: 0.5985017  (Index 14)[0m
Epoch: 15, Steps: 523 | Train Loss: 0.6170002 Vali Loss: 0.5982401 Test Loss: 0.5985017
Validation loss decreased (0.612755 --> 0.598240).  Saving model ...
Updating learning rate to 1.0431047598560573e-05
	iters: 100, epoch: 16 | loss: 0.5533622
	speed: 0.3661s/iter; left time: 54535.7490s
	iters: 200, epoch: 16 | loss: 0.5402226
	speed: 0.0888s/iter; left time: 13216.4727s
	iters: 300, epoch: 16 | loss: 0.5977790
	speed: 0.0889s/iter; left time: 13229.6551s
	iters: 400, epoch: 16 | loss: 0.6000780
	speed: 0.0889s/iter; left time: 13219.0858s
	iters: 500, epoch: 16 | loss: 0.6131628
	speed: 0.0892s/iter; left time: 13254.8647s
Epoch: 16 cost time: 47.44343304634094
[2025-05-29 21:42:33] [32mIntermediate result: 0.5985617  (Index 15)[0m
Epoch: 16, Steps: 523 | Train Loss: 0.6036774 Vali Loss: 0.6024987 Test Loss: 0.5985617
EarlyStopping counter: 1 out of 20
Updating learning rate to 1.129399320409407e-05
	iters: 100, epoch: 17 | loss: 0.6045902
	speed: 0.3621s/iter; left time: 53748.8704s
	iters: 200, epoch: 17 | loss: 0.5062377
	speed: 0.0891s/iter; left time: 13210.4410s
	iters: 300, epoch: 17 | loss: 0.5616719
	speed: 0.0890s/iter; left time: 13197.3665s
	iters: 400, epoch: 17 | loss: 0.6237103
	speed: 0.0889s/iter; left time: 13168.8208s
	iters: 500, epoch: 17 | loss: 0.5464997
	speed: 0.0892s/iter; left time: 13198.4947s
Epoch: 17 cost time: 47.55908823013306
[2025-05-29 21:43:45] [32mIntermediate result: 0.5722906  (Index 16)[0m
Epoch: 17, Steps: 523 | Train Loss: 0.5888124 Vali Loss: 0.5716439 Test Loss: 0.5722906
Validation loss decreased (0.598240 --> 0.571644).  Saving model ...
Updating learning rate to 1.2206534915726335e-05
	iters: 100, epoch: 18 | loss: 0.5324547
	speed: 0.3597s/iter; left time: 53199.6043s
	iters: 200, epoch: 18 | loss: 0.5888506
	speed: 0.0891s/iter; left time: 13174.4873s
	iters: 300, epoch: 18 | loss: 0.5675344
	speed: 0.0891s/iter; left time: 13161.2964s
	iters: 400, epoch: 18 | loss: 0.7042973
	speed: 0.0890s/iter; left time: 13134.9262s
	iters: 500, epoch: 18 | loss: 0.5512432
	speed: 0.0890s/iter; left time: 13132.2900s
Epoch: 18 cost time: 47.60403823852539
[2025-05-29 21:44:57] [32mIntermediate result: 0.56145746  (Index 17)[0m
Epoch: 18, Steps: 523 | Train Loss: 0.5737441 Vali Loss: 0.5617367 Test Loss: 0.5614575
Validation loss decreased (0.571644 --> 0.561737).  Saving model ...
Updating learning rate to 1.3167560894711459e-05
	iters: 100, epoch: 19 | loss: 0.6158973
	speed: 0.3718s/iter; left time: 54801.6837s
	iters: 200, epoch: 19 | loss: 0.5570344
	speed: 0.0883s/iter; left time: 12999.1446s
	iters: 300, epoch: 19 | loss: 0.5498545
	speed: 0.0888s/iter; left time: 13071.6509s
	iters: 400, epoch: 19 | loss: 0.5620850
	speed: 0.0892s/iter; left time: 13121.7372s
	iters: 500, epoch: 19 | loss: 0.5811213
	speed: 0.0891s/iter; left time: 13094.0008s
Epoch: 19 cost time: 47.54768490791321
[2025-05-29 21:46:10] [32mIntermediate result: 0.55241567  (Index 18)[0m
Epoch: 19, Steps: 523 | Train Loss: 0.5607430 Vali Loss: 0.5538312 Test Loss: 0.5524157
Validation loss decreased (0.561737 --> 0.553831).  Saving model ...
Updating learning rate to 1.4175900229182329e-05
	iters: 100, epoch: 20 | loss: 0.5233389
	speed: 0.3662s/iter; left time: 53788.0604s
	iters: 200, epoch: 20 | loss: 0.6098076
	speed: 0.0888s/iter; left time: 13039.6686s
	iters: 300, epoch: 20 | loss: 0.5519301
	speed: 0.0890s/iter; left time: 13052.4765s
	iters: 400, epoch: 20 | loss: 0.5612575
	speed: 0.0886s/iter; left time: 12987.4488s
	iters: 500, epoch: 20 | loss: 0.4797338
	speed: 0.0895s/iter; left time: 13107.9439s
Epoch: 20 cost time: 47.5809440612793
[2025-05-29 21:47:21] [32mIntermediate result: 0.54062754  (Index 19)[0m
Epoch: 20, Steps: 523 | Train Loss: 0.5471635 Vali Loss: 0.5410740 Test Loss: 0.5406275
Validation loss decreased (0.553831 --> 0.541074).  Saving model ...
Updating learning rate to 1.5230324360787214e-05
	iters: 100, epoch: 21 | loss: 0.5250412
	speed: 0.3605s/iter; left time: 52759.6288s
	iters: 200, epoch: 21 | loss: 0.5736614
	speed: 0.0888s/iter; left time: 12984.6794s
	iters: 300, epoch: 21 | loss: 0.5302925
	speed: 0.0892s/iter; left time: 13038.2630s
	iters: 400, epoch: 21 | loss: 0.5673178
	speed: 0.0891s/iter; left time: 13005.3842s
	iters: 500, epoch: 21 | loss: 0.5067724
	speed: 0.0895s/iter; left time: 13067.2398s
Epoch: 21 cost time: 47.54467535018921
[2025-05-29 21:48:34] [32mIntermediate result: 0.5300356  (Index 20)[0m
Epoch: 21, Steps: 523 | Train Loss: 0.5350812 Vali Loss: 0.5305358 Test Loss: 0.5300356
Validation loss decreased (0.541074 --> 0.530536).  Saving model ...
Updating learning rate to 1.6329548581562337e-05
	iters: 100, epoch: 22 | loss: 0.5468564
	speed: 0.3686s/iter; left time: 53754.5448s
	iters: 200, epoch: 22 | loss: 0.4871968
	speed: 0.0888s/iter; left time: 12945.9148s
	iters: 300, epoch: 22 | loss: 0.5297309
	speed: 0.0892s/iter; left time: 12983.0914s
	iters: 400, epoch: 22 | loss: 0.4993109
	speed: 0.0889s/iter; left time: 12942.0841s
	iters: 500, epoch: 22 | loss: 0.4679476
	speed: 0.0891s/iter; left time: 12962.3293s
Epoch: 22 cost time: 47.48946690559387
[2025-05-29 21:49:46] [32mIntermediate result: 0.51655996  (Index 21)[0m
Epoch: 22, Steps: 523 | Train Loss: 0.5227197 Vali Loss: 0.5146009 Test Loss: 0.5165600
Validation loss decreased (0.530536 --> 0.514601).  Saving model ...
Updating learning rate to 1.747223359921717e-05
	iters: 100, epoch: 23 | loss: 0.4823536
	speed: 0.3627s/iter; left time: 52699.1848s
	iters: 200, epoch: 23 | loss: 0.4568880
	speed: 0.0888s/iter; left time: 12892.4161s
	iters: 300, epoch: 23 | loss: 0.4938721
	speed: 0.0893s/iter; left time: 12953.9515s
	iters: 400, epoch: 23 | loss: 0.5331782
	speed: 0.0892s/iter; left time: 12935.7334s
	iters: 500, epoch: 23 | loss: 0.4933450
	speed: 0.0891s/iter; left time: 12906.0468s
Epoch: 23 cost time: 47.59693002700806
[2025-05-29 21:50:58] [32mIntermediate result: 0.51286703  (Index 22)[0m
Epoch: 23, Steps: 523 | Train Loss: 0.5149351 Vali Loss: 0.5135526 Test Loss: 0.5128670
Validation loss decreased (0.514601 --> 0.513553).  Saving model ...
Updating learning rate to 1.8656987168925087e-05
	iters: 100, epoch: 24 | loss: 0.5991809
	speed: 0.3626s/iter; left time: 52489.2971s
	iters: 200, epoch: 24 | loss: 0.5237440
	speed: 0.0890s/iter; left time: 12874.2449s
	iters: 300, epoch: 24 | loss: 0.4944339
	speed: 0.0888s/iter; left time: 12842.7732s
	iters: 400, epoch: 24 | loss: 0.4847367
	speed: 0.0889s/iter; left time: 12836.5084s
	iters: 500, epoch: 24 | loss: 0.4921568
	speed: 0.0890s/iter; left time: 12845.7610s
Epoch: 24 cost time: 47.460418462753296
[2025-05-29 21:52:10] [32mIntermediate result: 0.51191556  (Index 23)[0m
Epoch: 24, Steps: 523 | Train Loss: 0.5044584 Vali Loss: 0.5129578 Test Loss: 0.5119156
Validation loss decreased (0.513553 --> 0.512958).  Saving model ...
Updating learning rate to 1.9882365789631383e-05
	iters: 100, epoch: 25 | loss: 0.4580732
	speed: 0.3696s/iter; left time: 53319.1634s
	iters: 200, epoch: 25 | loss: 0.4700530
	speed: 0.0886s/iter; left time: 12778.6064s
	iters: 300, epoch: 25 | loss: 0.4992169
	speed: 0.0890s/iter; left time: 12820.4243s
	iters: 400, epoch: 25 | loss: 0.4787480
	speed: 0.0893s/iter; left time: 12853.2620s
	iters: 500, epoch: 25 | loss: 0.4916950
	speed: 0.0890s/iter; left time: 12805.1114s
Epoch: 25 cost time: 47.55391883850098
[2025-05-29 21:53:22] [32mIntermediate result: 0.49671572  (Index 24)[0m
Epoch: 25, Steps: 523 | Train Loss: 0.4981732 Vali Loss: 0.4948897 Test Loss: 0.4967157
Validation loss decreased (0.512958 --> 0.494890).  Saving model ...
Updating learning rate to 2.1146876462811565e-05
	iters: 100, epoch: 26 | loss: 0.4458390
	speed: 0.3639s/iter; left time: 52295.0227s
	iters: 200, epoch: 26 | loss: 0.5147473
	speed: 0.0891s/iter; left time: 12792.0509s
	iters: 300, epoch: 26 | loss: 0.4627803
	speed: 0.0890s/iter; left time: 12772.7653s
	iters: 400, epoch: 26 | loss: 0.5024629
	speed: 0.0890s/iter; left time: 12758.8886s
	iters: 500, epoch: 26 | loss: 0.4703331
	speed: 0.0892s/iter; left time: 12786.6428s
Epoch: 26 cost time: 47.58055067062378
[2025-05-29 21:54:34] [32mIntermediate result: 0.50370485  (Index 25)[0m
Epoch: 26, Steps: 523 | Train Loss: 0.4884086 Vali Loss: 0.4998687 Test Loss: 0.5037048
EarlyStopping counter: 1 out of 20
Updating learning rate to 2.2448978511537435e-05
	iters: 100, epoch: 27 | loss: 0.4801558
	speed: 0.3595s/iter; left time: 51484.9413s
	iters: 200, epoch: 27 | loss: 0.4582874
	speed: 0.0892s/iter; left time: 12761.3056s
	iters: 300, epoch: 27 | loss: 0.4746182
	speed: 0.0892s/iter; left time: 12754.4770s
	iters: 400, epoch: 27 | loss: 0.4671977
	speed: 0.0891s/iter; left time: 12734.1882s
	iters: 500, epoch: 27 | loss: 0.5473145
	speed: 0.0892s/iter; left time: 12736.5862s
Epoch: 27 cost time: 47.63326287269592
[2025-05-29 21:55:46] [32mIntermediate result: 0.48338515  (Index 26)[0m
Epoch: 27, Steps: 523 | Train Loss: 0.4819437 Vali Loss: 0.4827862 Test Loss: 0.4833851
Validation loss decreased (0.494890 --> 0.482786).  Saving model ...
Updating learning rate to 2.3787085457634277e-05
	iters: 100, epoch: 28 | loss: 0.5268584
	speed: 0.3700s/iter; left time: 52787.5968s
	iters: 200, epoch: 28 | loss: 0.4844165
	speed: 0.0891s/iter; left time: 12707.9577s
	iters: 300, epoch: 28 | loss: 0.4756766
	speed: 0.0892s/iter; left time: 12714.5321s
	iters: 400, epoch: 28 | loss: 0.4700889
	speed: 0.0893s/iter; left time: 12721.0130s
	iters: 500, epoch: 28 | loss: 0.4988003
	speed: 0.0894s/iter; left time: 12716.0043s
Epoch: 28 cost time: 47.67715764045715
[2025-05-29 21:56:58] [32mIntermediate result: 0.47705454  (Index 27)[0m
Epoch: 28, Steps: 523 | Train Loss: 0.4783548 Vali Loss: 0.4756481 Test Loss: 0.4770545
Validation loss decreased (0.482786 --> 0.475648).  Saving model ...
Updating learning rate to 2.515956695464238e-05
	iters: 100, epoch: 29 | loss: 0.5739874
	speed: 0.3642s/iter; left time: 51775.7331s
	iters: 200, epoch: 29 | loss: 0.4611705
	speed: 0.0890s/iter; left time: 12636.4443s
	iters: 300, epoch: 29 | loss: 0.4479886
	speed: 0.0890s/iter; left time: 12634.7593s
	iters: 400, epoch: 29 | loss: 0.4782886
	speed: 0.0889s/iter; left time: 12607.9502s
	iters: 500, epoch: 29 | loss: 0.4601607
	speed: 0.0894s/iter; left time: 12667.3050s
Epoch: 29 cost time: 47.59792399406433
[2025-05-29 21:58:10] [32mIntermediate result: 0.4702731  (Index 28)[0m
Epoch: 29, Steps: 523 | Train Loss: 0.4694953 Vali Loss: 0.4702088 Test Loss: 0.4702731
Validation loss decreased (0.475648 --> 0.470209).  Saving model ...
Updating learning rate to 2.656475077422733e-05
	iters: 100, epoch: 30 | loss: 0.4415237
	speed: 0.3625s/iter; left time: 51337.7055s
	iters: 200, epoch: 30 | loss: 0.4361162
	speed: 0.0888s/iter; left time: 12570.3031s
	iters: 300, epoch: 30 | loss: 0.4689448
	speed: 0.0888s/iter; left time: 12558.4913s
	iters: 400, epoch: 30 | loss: 0.4482961
	speed: 0.0890s/iter; left time: 12583.0589s
	iters: 500, epoch: 30 | loss: 0.4762656
	speed: 0.0891s/iter; left time: 12582.3804s
Epoch: 30 cost time: 47.515578746795654
[2025-05-29 21:59:23] [32mIntermediate result: 0.46834105  (Index 29)[0m
Epoch: 30, Steps: 523 | Train Loss: 0.4649860 Vali Loss: 0.4683053 Test Loss: 0.4683411
Validation loss decreased (0.470209 --> 0.468305).  Saving model ...
Updating learning rate to 2.8000924843619293e-05
	iters: 100, epoch: 31 | loss: 0.4597490
	speed: 0.3691s/iter; left time: 52086.2574s
	iters: 200, epoch: 31 | loss: 0.4614288
	speed: 0.0890s/iter; left time: 12552.5238s
	iters: 300, epoch: 31 | loss: 0.4698611
	speed: 0.0892s/iter; left time: 12576.0981s
	iters: 400, epoch: 31 | loss: 0.4196843
	speed: 0.0890s/iter; left time: 12526.1926s
	iters: 500, epoch: 31 | loss: 0.4161857
	speed: 0.0889s/iter; left time: 12511.0720s
Epoch: 31 cost time: 47.50623154640198
[2025-05-29 22:00:35] [32mIntermediate result: 0.4636883  (Index 30)[0m
Epoch: 31, Steps: 523 | Train Loss: 0.4583218 Vali Loss: 0.4668095 Test Loss: 0.4636883
Validation loss decreased (0.468305 --> 0.466809).  Saving model ...
Updating learning rate to 2.9466339331598524e-05
	iters: 100, epoch: 32 | loss: 0.4510976
	speed: 0.3627s/iter; left time: 50994.0855s
	iters: 200, epoch: 32 | loss: 0.4378627
	speed: 0.0890s/iter; left time: 12507.7721s
	iters: 300, epoch: 32 | loss: 0.4689531
	speed: 0.0889s/iter; left time: 12487.3372s
	iters: 400, epoch: 32 | loss: 0.4287178
	speed: 0.0892s/iter; left time: 12510.7463s
	iters: 500, epoch: 32 | loss: 0.5048042
	speed: 0.0894s/iter; left time: 12532.8210s
Epoch: 32 cost time: 47.61583495140076
[2025-05-29 22:01:46] [32mIntermediate result: 0.46088758  (Index 31)[0m
Epoch: 32, Steps: 523 | Train Loss: 0.4544358 Vali Loss: 0.4597104 Test Loss: 0.4608876
Validation loss decreased (0.466809 --> 0.459710).  Saving model ...
Updating learning rate to 3.0959208780485806e-05
	iters: 100, epoch: 33 | loss: 0.4762633
	speed: 0.3639s/iter; left time: 50972.1448s
	iters: 200, epoch: 33 | loss: 0.3889962
	speed: 0.0893s/iter; left time: 12492.2156s
	iters: 300, epoch: 33 | loss: 0.4382382
	speed: 0.0890s/iter; left time: 12448.5694s
	iters: 400, epoch: 33 | loss: 0.4401039
	speed: 0.0889s/iter; left time: 12420.8783s
	iters: 500, epoch: 33 | loss: 0.4264081
	speed: 0.0888s/iter; left time: 12402.4659s
Epoch: 33 cost time: 47.72766828536987
[2025-05-29 22:02:59] [32mIntermediate result: 0.46381256  (Index 32)[0m
Epoch: 33, Steps: 523 | Train Loss: 0.4499016 Vali Loss: 0.4647858 Test Loss: 0.4638126
EarlyStopping counter: 1 out of 20
Updating learning rate to 3.247771428153998e-05
	iters: 100, epoch: 34 | loss: 0.4648846
	speed: 0.3711s/iter; left time: 51788.8189s
	iters: 200, epoch: 34 | loss: 0.4219399
	speed: 0.0888s/iter; left time: 12382.0146s
	iters: 300, epoch: 34 | loss: 0.4270762
	speed: 0.0888s/iter; left time: 12379.0424s
	iters: 400, epoch: 34 | loss: 0.3952372
	speed: 0.0893s/iter; left time: 12428.3640s
	iters: 500, epoch: 34 | loss: 0.3922015
	speed: 0.0887s/iter; left time: 12345.4535s
Epoch: 34 cost time: 47.55221700668335
[2025-05-29 22:04:11] [32mIntermediate result: 0.4474059  (Index 33)[0m
Epoch: 34, Steps: 523 | Train Loss: 0.4433773 Vali Loss: 0.4501324 Test Loss: 0.4474059
Validation loss decreased (0.459710 --> 0.450132).  Saving model ...
Updating learning rate to 3.402000569111223e-05
	iters: 100, epoch: 35 | loss: 0.4813871
	speed: 0.3649s/iter; left time: 50723.4512s
	iters: 200, epoch: 35 | loss: 0.4447945
	speed: 0.0893s/iter; left time: 12399.7551s
	iters: 300, epoch: 35 | loss: 0.4670081
	speed: 0.0891s/iter; left time: 12363.0141s
	iters: 400, epoch: 35 | loss: 0.4657415
	speed: 0.0894s/iter; left time: 12403.4138s
	iters: 500, epoch: 35 | loss: 0.4096502
	speed: 0.0890s/iter; left time: 12343.5053s
Epoch: 35 cost time: 47.67093753814697
[2025-05-29 22:05:23] [32mIntermediate result: 0.45104557  (Index 34)[0m
Epoch: 35, Steps: 523 | Train Loss: 0.4406085 Vali Loss: 0.4500423 Test Loss: 0.4510456
Validation loss decreased (0.450132 --> 0.450042).  Saving model ...
Updating learning rate to 3.5584203884856904e-05
	iters: 100, epoch: 36 | loss: 0.3910004
	speed: 0.3651s/iter; left time: 50560.3672s
	iters: 200, epoch: 36 | loss: 0.4542728
	speed: 0.0888s/iter; left time: 12288.2857s
	iters: 300, epoch: 36 | loss: 0.4468741
	speed: 0.0892s/iter; left time: 12331.3239s
	iters: 400, epoch: 36 | loss: 0.4545018
	speed: 0.0890s/iter; left time: 12304.4642s
	iters: 500, epoch: 36 | loss: 0.4181637
	speed: 0.0891s/iter; left time: 12310.7421s
Epoch: 36 cost time: 47.6994845867157
[2025-05-29 22:06:36] [32mIntermediate result: 0.44542882  (Index 35)[0m
Epoch: 36, Steps: 523 | Train Loss: 0.4324758 Vali Loss: 0.4487717 Test Loss: 0.4454288
Validation loss decreased (0.450042 --> 0.448772).  Saving model ...
Updating learning rate to 3.716840304725236e-05
	iters: 100, epoch: 37 | loss: 0.4054271
	speed: 0.3708s/iter; left time: 51157.9827s
	iters: 200, epoch: 37 | loss: 0.4228278
	speed: 0.0891s/iter; left time: 12278.9278s
	iters: 300, epoch: 37 | loss: 0.4752476
	speed: 0.0890s/iter; left time: 12262.5083s
	iters: 400, epoch: 37 | loss: 0.4315720
	speed: 0.0891s/iter; left time: 12268.0223s
	iters: 500, epoch: 37 | loss: 0.4437996
	speed: 0.0893s/iter; left time: 12284.1295s
Epoch: 37 cost time: 47.583505392074585
[2025-05-29 22:07:48] [32mIntermediate result: 0.44083056  (Index 36)[0m
Epoch: 37, Steps: 523 | Train Loss: 0.4292303 Vali Loss: 0.4406090 Test Loss: 0.4408306
Validation loss decreased (0.448772 --> 0.440609).  Saving model ...
Updating learning rate to 3.877067299364219e-05
	iters: 100, epoch: 38 | loss: 0.4355195
	speed: 0.3620s/iter; left time: 49756.2204s
	iters: 200, epoch: 38 | loss: 0.4464543
	speed: 0.0888s/iter; left time: 12196.6998s
	iters: 300, epoch: 38 | loss: 0.4315468
	speed: 0.0891s/iter; left time: 12224.3317s
	iters: 400, epoch: 38 | loss: 0.4272187
	speed: 0.0891s/iter; left time: 12213.3464s
	iters: 500, epoch: 38 | loss: 0.3853293
	speed: 0.0891s/iter; left time: 12215.2908s
Epoch: 38 cost time: 47.66182518005371
[2025-05-29 22:09:00] [32mIntermediate result: 0.44018096  (Index 37)[0m
Epoch: 38, Steps: 523 | Train Loss: 0.4240751 Vali Loss: 0.4433219 Test Loss: 0.4401810
EarlyStopping counter: 1 out of 20
Updating learning rate to 4.038906152196792e-05
	iters: 100, epoch: 39 | loss: 0.4340737
	speed: 0.3616s/iter; left time: 49519.0961s
	iters: 200, epoch: 39 | loss: 0.3710212
	speed: 0.0894s/iter; left time: 12227.6966s
	iters: 300, epoch: 39 | loss: 0.3859976
	speed: 0.0895s/iter; left time: 12240.5265s
	iters: 400, epoch: 39 | loss: 0.4151870
	speed: 0.0892s/iter; left time: 12187.2956s
	iters: 500, epoch: 39 | loss: 0.3976578
	speed: 0.0887s/iter; left time: 12115.2297s
Epoch: 39 cost time: 47.64300346374512
[2025-05-29 22:10:12] [32mIntermediate result: 0.42697483  (Index 38)[0m
Epoch: 39, Steps: 523 | Train Loss: 0.4169319 Vali Loss: 0.4296323 Test Loss: 0.4269748
Validation loss decreased (0.440609 --> 0.429632).  Saving model ...
Updating learning rate to 4.20215967913275e-05
	iters: 100, epoch: 40 | loss: 0.4187943
	speed: 0.3668s/iter; left time: 50027.1966s
	iters: 200, epoch: 40 | loss: 0.3928620
	speed: 0.0889s/iter; left time: 12119.5381s
	iters: 300, epoch: 40 | loss: 0.4364512
	speed: 0.0889s/iter; left time: 12110.1818s
	iters: 400, epoch: 40 | loss: 0.4524611
	speed: 0.0891s/iter; left time: 12124.6619s
	iters: 500, epoch: 40 | loss: 0.4128774
	speed: 0.0890s/iter; left time: 12100.4884s
Epoch: 40 cost time: 47.42279410362244
[2025-05-29 22:11:24] [32mIntermediate result: 0.44166884  (Index 39)[0m
Epoch: 40, Steps: 523 | Train Loss: 0.4156469 Vali Loss: 0.4416375 Test Loss: 0.4416688
EarlyStopping counter: 1 out of 20
Updating learning rate to 4.366628972446173e-05
	iters: 100, epoch: 41 | loss: 0.3828094
	speed: 0.3632s/iter; left time: 49356.8496s
	iters: 200, epoch: 41 | loss: 0.4348758
	speed: 0.0891s/iter; left time: 12097.5336s
	iters: 300, epoch: 41 | loss: 0.4205263
	speed: 0.0887s/iter; left time: 12040.0293s
	iters: 400, epoch: 41 | loss: 0.4133527
	speed: 0.0891s/iter; left time: 12083.6306s
	iters: 500, epoch: 41 | loss: 0.4161865
	speed: 0.0889s/iter; left time: 12041.1039s
Epoch: 41 cost time: 47.5369770526886
[2025-05-29 22:12:36] [32mIntermediate result: 0.41939086  (Index 40)[0m
Epoch: 41, Steps: 523 | Train Loss: 0.4084544 Vali Loss: 0.4207278 Test Loss: 0.4193909
Validation loss decreased (0.429632 --> 0.420728).  Saving model ...
Updating learning rate to 4.5321136431241584e-05
	iters: 100, epoch: 42 | loss: 0.4128262
	speed: 0.3662s/iter; left time: 49574.0317s
	iters: 200, epoch: 42 | loss: 0.4242699
	speed: 0.0885s/iter; left time: 11966.1232s
	iters: 300, epoch: 42 | loss: 0.3755140
	speed: 0.0890s/iter; left time: 12025.7969s
	iters: 400, epoch: 42 | loss: 0.4012479
	speed: 0.0889s/iter; left time: 12003.2029s
	iters: 500, epoch: 42 | loss: 0.3979744
	speed: 0.0889s/iter; left time: 11997.0884s
Epoch: 42 cost time: 47.60770845413208
[2025-05-29 22:13:49] [32mIntermediate result: 0.43209475  (Index 41)[0m
Epoch: 42, Steps: 523 | Train Loss: 0.4041746 Vali Loss: 0.4307057 Test Loss: 0.4320948
EarlyStopping counter: 1 out of 20
Updating learning rate to 4.698412065020326e-05
	iters: 100, epoch: 43 | loss: 0.3748505
	speed: 0.3680s/iter; left time: 49623.0019s
	iters: 200, epoch: 43 | loss: 0.4503355
	speed: 0.0886s/iter; left time: 11941.7113s
	iters: 300, epoch: 43 | loss: 0.4422797
	speed: 0.0890s/iter; left time: 11986.5234s
	iters: 400, epoch: 43 | loss: 0.4339714
	speed: 0.0886s/iter; left time: 11923.9123s
	iters: 500, epoch: 43 | loss: 0.4289531
	speed: 0.0888s/iter; left time: 11939.1448s
Epoch: 43 cost time: 47.30790686607361
[2025-05-29 22:15:01] [32mIntermediate result: 0.41336328  (Index 42)[0m
Epoch: 43, Steps: 523 | Train Loss: 0.4003234 Vali Loss: 0.4153064 Test Loss: 0.4133633
Validation loss decreased (0.420728 --> 0.415306).  Saving model ...
Updating learning rate to 4.865321620515665e-05
	iters: 100, epoch: 44 | loss: 0.4135324
	speed: 0.3629s/iter; left time: 48745.5912s
	iters: 200, epoch: 44 | loss: 0.4565441
	speed: 0.0887s/iter; left time: 11899.8364s
	iters: 300, epoch: 44 | loss: 0.3691376
	speed: 0.0887s/iter; left time: 11891.8704s
	iters: 400, epoch: 44 | loss: 0.3810661
	speed: 0.0885s/iter; left time: 11864.7449s
	iters: 500, epoch: 44 | loss: 0.4195032
	speed: 0.0890s/iter; left time: 11923.5140s
Epoch: 44 cost time: 47.414878606796265
[2025-05-29 22:16:12] [32mIntermediate result: 0.40656608  (Index 43)[0m
Epoch: 44, Steps: 523 | Train Loss: 0.3984367 Vali Loss: 0.4076023 Test Loss: 0.4065661
Validation loss decreased (0.415306 --> 0.407602).  Saving model ...
Updating learning rate to 5.0326389473873805e-05
	iters: 100, epoch: 45 | loss: 0.3781888
	speed: 0.3625s/iter; left time: 48496.5010s
	iters: 200, epoch: 45 | loss: 0.3673371
	speed: 0.0889s/iter; left time: 11891.6282s
	iters: 300, epoch: 45 | loss: 0.4189523
	speed: 0.0890s/iter; left time: 11890.4050s
	iters: 400, epoch: 45 | loss: 0.3880157
	speed: 0.0889s/iter; left time: 11864.4536s
	iters: 500, epoch: 45 | loss: 0.3833752
	speed: 0.0887s/iter; left time: 11833.2324s
Epoch: 45 cost time: 47.53877854347229
[2025-05-29 22:17:25] [32mIntermediate result: 0.41853485  (Index 44)[0m
Epoch: 45, Steps: 523 | Train Loss: 0.3927781 Vali Loss: 0.4179947 Test Loss: 0.4185348
EarlyStopping counter: 1 out of 20
Updating learning rate to 5.2001601865849537e-05
	iters: 100, epoch: 46 | loss: 0.3473031
	speed: 0.3698s/iter; left time: 49287.4234s
	iters: 200, epoch: 46 | loss: 0.4155032
	speed: 0.0883s/iter; left time: 11761.8133s
	iters: 300, epoch: 46 | loss: 0.4214051
	speed: 0.0885s/iter; left time: 11780.3545s
	iters: 400, epoch: 46 | loss: 0.3897620
	speed: 0.0889s/iter; left time: 11814.6051s
	iters: 500, epoch: 46 | loss: 0.3786148
	speed: 0.0889s/iter; left time: 11815.9544s
Epoch: 46 cost time: 47.37070178985596
[2025-05-29 22:18:36] [32mIntermediate result: 0.403271  (Index 45)[0m
Epoch: 46, Steps: 523 | Train Loss: 0.3890731 Vali Loss: 0.4036264 Test Loss: 0.4032710
Validation loss decreased (0.407602 --> 0.403626).  Saving model ...
Updating learning rate to 5.367681230611557e-05
	iters: 100, epoch: 47 | loss: 0.3524386
	speed: 0.3603s/iter; left time: 47828.4257s
	iters: 200, epoch: 47 | loss: 0.3606773
	speed: 0.0880s/iter; left time: 11677.0038s
	iters: 300, epoch: 47 | loss: 0.4295636
	speed: 0.0881s/iter; left time: 11674.3942s
	iters: 400, epoch: 47 | loss: 0.4115810
	speed: 0.0885s/iter; left time: 11720.0765s
	iters: 500, epoch: 47 | loss: 0.3831874
	speed: 0.0880s/iter; left time: 11644.3463s
Epoch: 47 cost time: 47.14391469955444
[2025-05-29 22:19:48] [32mIntermediate result: 0.39931703  (Index 46)[0m
Epoch: 47, Steps: 523 | Train Loss: 0.3850821 Vali Loss: 0.4009522 Test Loss: 0.3993170
Validation loss decreased (0.403626 --> 0.400952).  Saving model ...
Updating learning rate to 5.5349979722081553e-05
	iters: 100, epoch: 48 | loss: 0.3608947
	speed: 0.3614s/iter; left time: 47790.1063s
	iters: 200, epoch: 48 | loss: 0.3688588
	speed: 0.0890s/iter; left time: 11757.9572s
	iters: 300, epoch: 48 | loss: 0.3924630
	speed: 0.0889s/iter; left time: 11732.1853s
	iters: 400, epoch: 48 | loss: 0.3747718
	speed: 0.0890s/iter; left time: 11741.1207s
	iters: 500, epoch: 48 | loss: 0.3463046
	speed: 0.0889s/iter; left time: 11723.2823s
Epoch: 48 cost time: 47.56913137435913
[2025-05-29 22:21:01] [32mIntermediate result: 0.3995653  (Index 47)[0m
Epoch: 48, Steps: 523 | Train Loss: 0.3814173 Vali Loss: 0.3995591 Test Loss: 0.3995653
Validation loss decreased (0.400952 --> 0.399559).  Saving model ...
Updating learning rate to 5.701906553037331e-05
	iters: 100, epoch: 49 | loss: 0.3981572
	speed: 0.3747s/iter; left time: 49343.4836s
	iters: 200, epoch: 49 | loss: 0.3623371
	speed: 0.0886s/iter; left time: 11663.4913s
	iters: 300, epoch: 49 | loss: 0.3341800
	speed: 0.0890s/iter; left time: 11698.8069s
	iters: 400, epoch: 49 | loss: 0.4134221
	speed: 0.0888s/iter; left time: 11662.4383s
	iters: 500, epoch: 49 | loss: 0.3565185
	speed: 0.0887s/iter; left time: 11651.6768s
Epoch: 49 cost time: 47.75407958030701
[2025-05-29 22:22:12] [32mIntermediate result: 0.39897335  (Index 48)[0m
Epoch: 49, Steps: 523 | Train Loss: 0.3784723 Vali Loss: 0.3984019 Test Loss: 0.3989733
Validation loss decreased (0.399559 --> 0.398402).  Saving model ...
Updating learning rate to 5.868203612063818e-05
	iters: 100, epoch: 50 | loss: 0.3926695
	speed: 0.3623s/iter; left time: 47520.2148s
	iters: 200, epoch: 50 | loss: 0.3774975
	speed: 0.0891s/iter; left time: 11677.3872s
	iters: 300, epoch: 50 | loss: 0.3884027
	speed: 0.0891s/iter; left time: 11663.8358s
	iters: 400, epoch: 50 | loss: 0.3720748
	speed: 0.0889s/iter; left time: 11631.4112s
	iters: 500, epoch: 50 | loss: 0.3521157
	speed: 0.0891s/iter; left time: 11645.6071s
Epoch: 50 cost time: 47.576274156570435
[2025-05-29 22:23:24] [32mIntermediate result: 0.39763367  (Index 49)[0m
Epoch: 50, Steps: 523 | Train Loss: 0.3745223 Vali Loss: 0.4030440 Test Loss: 0.3976337
EarlyStopping counter: 1 out of 20
Updating learning rate to 6.0336865333291214e-05
	iters: 100, epoch: 51 | loss: 0.3505664
	speed: 0.3596s/iter; left time: 46985.6878s
	iters: 200, epoch: 51 | loss: 0.3677637
	speed: 0.0890s/iter; left time: 11616.0651s
	iters: 300, epoch: 51 | loss: 0.3737237
	speed: 0.0885s/iter; left time: 11541.9008s
	iters: 400, epoch: 51 | loss: 0.3795815
	speed: 0.0883s/iter; left time: 11506.8826s
	iters: 500, epoch: 51 | loss: 0.4026737
	speed: 0.0884s/iter; left time: 11516.4866s
Epoch: 51 cost time: 47.33081126213074
[2025-05-29 22:24:36] [32mIntermediate result: 0.400067  (Index 50)[0m
Epoch: 51, Steps: 523 | Train Loss: 0.3756339 Vali Loss: 0.3971263 Test Loss: 0.4000670
Validation loss decreased (0.398402 --> 0.397126).  Saving model ...
Updating learning rate to 6.198153692818345e-05
	iters: 100, epoch: 52 | loss: 0.3543500
	speed: 0.3681s/iter; left time: 47905.9305s
	iters: 200, epoch: 52 | loss: 0.3617347
	speed: 0.0886s/iter; left time: 11524.1847s
	iters: 300, epoch: 52 | loss: 0.3851562
	speed: 0.0892s/iter; left time: 11583.1112s
	iters: 400, epoch: 52 | loss: 0.3709887
	speed: 0.0891s/iter; left time: 11564.7192s
	iters: 500, epoch: 52 | loss: 0.3748766
	speed: 0.0894s/iter; left time: 11595.5331s
Epoch: 52 cost time: 47.53986954689026
[2025-05-29 22:25:48] [32mIntermediate result: 0.40773767  (Index 51)[0m
Epoch: 52, Steps: 523 | Train Loss: 0.3710918 Vali Loss: 0.4019431 Test Loss: 0.4077377
EarlyStopping counter: 1 out of 20
Updating learning rate to 6.361404704118431e-05
	iters: 100, epoch: 53 | loss: 0.3389358
	speed: 0.3627s/iter; left time: 47004.1969s
	iters: 200, epoch: 53 | loss: 0.3538839
	speed: 0.0887s/iter; left time: 11481.0484s
	iters: 300, epoch: 53 | loss: 0.3674645
	speed: 0.0885s/iter; left time: 11450.7566s
	iters: 400, epoch: 53 | loss: 0.3746408
	speed: 0.0884s/iter; left time: 11427.8080s
	iters: 500, epoch: 53 | loss: 0.3410065
	speed: 0.0885s/iter; left time: 11430.7742s
Epoch: 53 cost time: 47.22566199302673
[2025-05-29 22:26:59] [32mIntermediate result: 0.39019093  (Index 52)[0m
Epoch: 53, Steps: 523 | Train Loss: 0.3649582 Vali Loss: 0.3947176 Test Loss: 0.3901909
Validation loss decreased (0.397126 --> 0.394718).  Saving model ...
Updating learning rate to 6.523240662568504e-05
	iters: 100, epoch: 54 | loss: 0.3237280
	speed: 0.3573s/iter; left time: 46119.1327s
	iters: 200, epoch: 54 | loss: 0.3545322
	speed: 0.0888s/iter; left time: 11452.7164s
	iters: 300, epoch: 54 | loss: 0.3572911
	speed: 0.0891s/iter; left time: 11489.2212s
	iters: 400, epoch: 54 | loss: 0.3727784
	speed: 0.0891s/iter; left time: 11475.3621s
	iters: 500, epoch: 54 | loss: 0.3557348
	speed: 0.0891s/iter; left time: 11460.7876s
Epoch: 54 cost time: 47.515379428863525
[2025-05-29 22:28:12] [32mIntermediate result: 0.37857473  (Index 53)[0m
Epoch: 54, Steps: 523 | Train Loss: 0.3643927 Vali Loss: 0.3801917 Test Loss: 0.3785747
Validation loss decreased (0.394718 --> 0.380192).  Saving model ...
Updating learning rate to 6.683464387604871e-05
	iters: 100, epoch: 55 | loss: 0.3821202
	speed: 0.3685s/iter; left time: 47368.3746s
	iters: 200, epoch: 55 | loss: 0.3702944
	speed: 0.0886s/iter; left time: 11377.1829s
	iters: 300, epoch: 55 | loss: 0.3716699
	speed: 0.0888s/iter; left time: 11392.5342s
	iters: 400, epoch: 55 | loss: 0.3550197
	speed: 0.0887s/iter; left time: 11382.6713s
	iters: 500, epoch: 55 | loss: 0.3252183
	speed: 0.0888s/iter; left time: 11377.2502s
Epoch: 55 cost time: 47.461817502975464
[2025-05-29 22:29:24] [32mIntermediate result: 0.38150114  (Index 54)[0m
Epoch: 55, Steps: 523 | Train Loss: 0.3605158 Vali Loss: 0.3811415 Test Loss: 0.3815011
EarlyStopping counter: 1 out of 20
Updating learning rate to 6.841880663005356e-05
	iters: 100, epoch: 56 | loss: 0.3254224
	speed: 0.3639s/iter; left time: 46591.8362s
	iters: 200, epoch: 56 | loss: 0.3035090
	speed: 0.0885s/iter; left time: 11318.1232s
	iters: 300, epoch: 56 | loss: 0.4065011
	speed: 0.0887s/iter; left time: 11334.2152s
	iters: 400, epoch: 56 | loss: 0.3230868
	speed: 0.0888s/iter; left time: 11343.1704s
	iters: 500, epoch: 56 | loss: 0.3378999
	speed: 0.0889s/iter; left time: 11341.5602s
Epoch: 56 cost time: 47.40987038612366
[2025-05-29 22:30:35] [32mIntermediate result: 0.39404207  (Index 55)[0m
Epoch: 56, Steps: 523 | Train Loss: 0.3564915 Vali Loss: 0.3904488 Test Loss: 0.3940421
EarlyStopping counter: 2 out of 20
Updating learning rate to 6.998296474740311e-05
	iters: 100, epoch: 57 | loss: 0.3761468
	speed: 0.3625s/iter; left time: 46221.7786s
	iters: 200, epoch: 57 | loss: 0.3604103
	speed: 0.0888s/iter; left time: 11316.0492s
	iters: 300, epoch: 57 | loss: 0.3188481
	speed: 0.0887s/iter; left time: 11295.2512s
	iters: 400, epoch: 57 | loss: 0.3204901
	speed: 0.0886s/iter; left time: 11272.6779s
	iters: 500, epoch: 57 | loss: 0.4018416
	speed: 0.0890s/iter; left time: 11308.3770s
Epoch: 57 cost time: 47.42132496833801
[2025-05-29 22:31:48] [32mIntermediate result: 0.37892142  (Index 56)[0m
Epoch: 57, Steps: 523 | Train Loss: 0.3561796 Vali Loss: 0.3777396 Test Loss: 0.3789214
Validation loss decreased (0.380192 --> 0.377740).  Saving model ...
Updating learning rate to 7.152521246140472e-05
	iters: 100, epoch: 58 | loss: 0.3320465
	speed: 0.3675s/iter; left time: 46669.9325s
	iters: 200, epoch: 58 | loss: 0.3378650
	speed: 0.0883s/iter; left time: 11206.7373s
	iters: 300, epoch: 58 | loss: 0.3334509
	speed: 0.0886s/iter; left time: 11231.8091s
	iters: 400, epoch: 58 | loss: 0.3524619
	speed: 0.0888s/iter; left time: 11253.6702s
	iters: 500, epoch: 58 | loss: 0.3412559
	speed: 0.0892s/iter; left time: 11288.9995s
Epoch: 58 cost time: 47.29729676246643
[2025-05-29 22:32:59] [32mIntermediate result: 0.3948946  (Index 57)[0m
Epoch: 58, Steps: 523 | Train Loss: 0.3516085 Vali Loss: 0.3891942 Test Loss: 0.3948946
EarlyStopping counter: 1 out of 20
Updating learning rate to 7.304367070095129e-05
	iters: 100, epoch: 59 | loss: 0.3507118
	speed: 0.3605s/iter; left time: 45587.1683s
	iters: 200, epoch: 59 | loss: 0.3465628
	speed: 0.0888s/iter; left time: 11220.6531s
	iters: 300, epoch: 59 | loss: 0.3705218
	speed: 0.0890s/iter; left time: 11234.7458s
	iters: 400, epoch: 59 | loss: 0.3698617
	speed: 0.0888s/iter; left time: 11198.3662s
	iters: 500, epoch: 59 | loss: 0.3395520
	speed: 0.0891s/iter; left time: 11233.5292s
Epoch: 59 cost time: 47.554017782211304
[2025-05-29 22:34:11] [32mIntermediate result: 0.38227332  (Index 58)[0m
Epoch: 59, Steps: 523 | Train Loss: 0.3508110 Vali Loss: 0.3779650 Test Loss: 0.3822733
EarlyStopping counter: 2 out of 20
Updating learning rate to 7.453648937997734e-05
	iters: 100, epoch: 60 | loss: 0.3603857
	speed: 0.3605s/iter; left time: 45396.5680s
	iters: 200, epoch: 60 | loss: 0.3675070
	speed: 0.0887s/iter; left time: 11158.7478s
	iters: 300, epoch: 60 | loss: 0.3351535
	speed: 0.0888s/iter; left time: 11172.3346s
	iters: 400, epoch: 60 | loss: 0.3546455
	speed: 0.0889s/iter; left time: 11168.0613s
	iters: 500, epoch: 60 | loss: 0.3210521
	speed: 0.0890s/iter; left time: 11169.0308s
Epoch: 60 cost time: 47.486037731170654
[2025-05-29 22:35:23] [32mIntermediate result: 0.37141284  (Index 59)[0m
Epoch: 60, Steps: 523 | Train Loss: 0.3465157 Vali Loss: 0.3702543 Test Loss: 0.3714128
Validation loss decreased (0.377740 --> 0.370254).  Saving model ...
Updating learning rate to 7.600184965159959e-05
	iters: 100, epoch: 61 | loss: 0.3165902
	speed: 0.3679s/iter; left time: 46139.1112s
	iters: 200, epoch: 61 | loss: 0.3126254
	speed: 0.0891s/iter; left time: 11167.6642s
	iters: 300, epoch: 61 | loss: 0.3434095
	speed: 0.0890s/iter; left time: 11148.7930s
	iters: 400, epoch: 61 | loss: 0.3294363
	speed: 0.0894s/iter; left time: 11190.5755s
	iters: 500, epoch: 61 | loss: 0.3315856
	speed: 0.0893s/iter; left time: 11158.8405s
Epoch: 61 cost time: 47.5173921585083
[2025-05-29 22:36:35] [32mIntermediate result: 0.37569022  (Index 60)[0m
Epoch: 61, Steps: 523 | Train Loss: 0.3449018 Vali Loss: 0.3731953 Test Loss: 0.3756902
EarlyStopping counter: 1 out of 20
Updating learning rate to 7.74379661241959e-05
	iters: 100, epoch: 62 | loss: 0.3248638
	speed: 0.3591s/iter; left time: 44849.5438s
	iters: 200, epoch: 62 | loss: 0.3197524
	speed: 0.0873s/iter; left time: 10892.1126s
	iters: 300, epoch: 62 | loss: 0.3373510
	speed: 0.0882s/iter; left time: 10998.5354s
	iters: 400, epoch: 62 | loss: 0.3631868
	speed: 0.0888s/iter; left time: 11063.5528s
	iters: 500, epoch: 62 | loss: 0.3236758
	speed: 0.0884s/iter; left time: 11005.7679s
Epoch: 62 cost time: 46.92184138298035
[2025-05-29 22:37:46] [32mIntermediate result: 0.38457504  (Index 61)[0m
Epoch: 62, Steps: 523 | Train Loss: 0.3424135 Vali Loss: 0.3843723 Test Loss: 0.3845750
EarlyStopping counter: 2 out of 20
Updating learning rate to 7.884308903672235e-05
	iters: 100, epoch: 63 | loss: 0.2927888
	speed: 0.3569s/iter; left time: 44390.4141s
	iters: 200, epoch: 63 | loss: 0.3774001
	speed: 0.0876s/iter; left time: 10886.6441s
	iters: 300, epoch: 63 | loss: 0.3493844
	speed: 0.0891s/iter; left time: 11064.0453s
	iters: 400, epoch: 63 | loss: 0.3378053
	speed: 0.0893s/iter; left time: 11075.7674s
	iters: 500, epoch: 63 | loss: 0.4001210
	speed: 0.0892s/iter; left time: 11055.0438s
Epoch: 63 cost time: 47.28986954689026
[2025-05-29 22:38:58] [32mIntermediate result: 0.4110698  (Index 62)[0m
Epoch: 63, Steps: 523 | Train Loss: 0.3410733 Vali Loss: 0.4017463 Test Loss: 0.4110698
EarlyStopping counter: 3 out of 20
Updating learning rate to 8.02155063906181e-05
	iters: 100, epoch: 64 | loss: 0.3328053
	speed: 0.3732s/iter; left time: 46221.8775s
	iters: 200, epoch: 64 | loss: 0.3470248
	speed: 0.0889s/iter; left time: 11005.5517s
	iters: 300, epoch: 64 | loss: 0.3271136
	speed: 0.0892s/iter; left time: 11025.1509s
	iters: 400, epoch: 64 | loss: 0.3625840
	speed: 0.0890s/iter; left time: 10991.4005s
	iters: 500, epoch: 64 | loss: 0.2818502
	speed: 0.0888s/iter; left time: 10962.1495s
Epoch: 64 cost time: 47.498530626297
[2025-05-29 22:40:10] [32mIntermediate result: 0.38480753  (Index 63)[0m
Epoch: 64, Steps: 523 | Train Loss: 0.3365824 Vali Loss: 0.3754251 Test Loss: 0.3848075
EarlyStopping counter: 4 out of 20
Updating learning rate to 8.155354603570059e-05
	iters: 100, epoch: 65 | loss: 0.3303131
	speed: 0.3620s/iter; left time: 44640.4893s
	iters: 200, epoch: 65 | loss: 0.3346892
	speed: 0.0882s/iter; left time: 10864.7627s
	iters: 300, epoch: 65 | loss: 0.3942467
	speed: 0.0887s/iter; left time: 10921.0824s
	iters: 400, epoch: 65 | loss: 0.3195949
	speed: 0.0882s/iter; left time: 10854.7477s
	iters: 500, epoch: 65 | loss: 0.3170874
	speed: 0.0885s/iter; left time: 10883.2791s
Epoch: 65 cost time: 47.308040380477905
[2025-05-29 22:41:22] [32mIntermediate result: 0.3709793  (Index 64)[0m
Epoch: 65, Steps: 523 | Train Loss: 0.3355782 Vali Loss: 0.3646995 Test Loss: 0.3709793
Validation loss decreased (0.370254 --> 0.364700).  Saving model ...
Updating learning rate to 8.285557770750948e-05
	iters: 100, epoch: 66 | loss: 0.3597883
	speed: 0.3586s/iter; left time: 44037.7653s
	iters: 200, epoch: 66 | loss: 0.3438939
	speed: 0.0880s/iter; left time: 10801.2302s
	iters: 300, epoch: 66 | loss: 0.3324096
	speed: 0.0879s/iter; left time: 10778.3848s
	iters: 400, epoch: 66 | loss: 0.3628916
	speed: 0.0879s/iter; left time: 10762.9326s
	iters: 500, epoch: 66 | loss: 0.3148713
	speed: 0.0882s/iter; left time: 10792.6268s
Epoch: 66 cost time: 47.090524196624756
[2025-05-29 22:42:34] [32mIntermediate result: 0.36991563  (Index 65)[0m
Epoch: 66, Steps: 523 | Train Loss: 0.3338535 Vali Loss: 0.3634754 Test Loss: 0.3699156
Validation loss decreased (0.364700 --> 0.363475).  Saving model ...
Updating learning rate to 8.412001501361717e-05
	iters: 100, epoch: 67 | loss: 0.3104126
	speed: 0.3735s/iter; left time: 45673.9231s
	iters: 200, epoch: 67 | loss: 0.3801116
	speed: 0.0883s/iter; left time: 10794.2919s
	iters: 300, epoch: 67 | loss: 0.3603457
	speed: 0.0891s/iter; left time: 10878.2631s
	iters: 400, epoch: 67 | loss: 0.3194388
	speed: 0.0880s/iter; left time: 10738.4592s
	iters: 500, epoch: 67 | loss: 0.3294693
	speed: 0.0879s/iter; left time: 10714.4563s
Epoch: 67 cost time: 47.276870250701904
[2025-05-29 22:43:45] [32mIntermediate result: 0.37013704  (Index 66)[0m
Epoch: 67, Steps: 523 | Train Loss: 0.3306056 Vali Loss: 0.3639013 Test Loss: 0.3701370
EarlyStopping counter: 1 out of 20
Updating learning rate to 8.534531736648569e-05
	iters: 100, epoch: 68 | loss: 0.3273351
	speed: 0.3596s/iter; left time: 43789.3298s
	iters: 200, epoch: 68 | loss: 0.3187467
	speed: 0.0878s/iter; left time: 10686.3910s
	iters: 300, epoch: 68 | loss: 0.3233005
	speed: 0.0880s/iter; left time: 10695.4944s
	iters: 400, epoch: 68 | loss: 0.3349461
	speed: 0.0878s/iter; left time: 10662.9833s
	iters: 500, epoch: 68 | loss: 0.3093354
	speed: 0.0877s/iter; left time: 10644.8460s
Epoch: 68 cost time: 47.0367636680603
[2025-05-29 22:44:56] [32mIntermediate result: 0.36376575  (Index 67)[0m
Epoch: 68, Steps: 523 | Train Loss: 0.3280730 Vali Loss: 0.3610632 Test Loss: 0.3637657
Validation loss decreased (0.363475 --> 0.361063).  Saving model ...
Updating learning rate to 8.652999186051513e-05
	iters: 100, epoch: 69 | loss: 0.3395486
	speed: 0.3546s/iter; left time: 42985.1286s
	iters: 200, epoch: 69 | loss: 0.3246505
	speed: 0.0878s/iter; left time: 10639.6675s
	iters: 300, epoch: 69 | loss: 0.3527986
	speed: 0.0879s/iter; left time: 10643.9400s
	iters: 400, epoch: 69 | loss: 0.3253320
	speed: 0.0880s/iter; left time: 10637.1506s
	iters: 500, epoch: 69 | loss: 0.3271714
	speed: 0.0881s/iter; left time: 10644.7039s
Epoch: 69 cost time: 47.112024545669556
[2025-05-29 22:46:08] [32mIntermediate result: 0.38050818  (Index 68)[0m
Epoch: 69, Steps: 523 | Train Loss: 0.3272731 Vali Loss: 0.3736770 Test Loss: 0.3805082
EarlyStopping counter: 1 out of 20
Updating learning rate to 8.76725950909964e-05
	iters: 100, epoch: 70 | loss: 0.3381526
	speed: 0.3679s/iter; left time: 44407.3311s
	iters: 200, epoch: 70 | loss: 0.3047493
	speed: 0.0883s/iter; left time: 10655.6678s
	iters: 300, epoch: 70 | loss: 0.2906253
	speed: 0.0878s/iter; left time: 10579.8609s
	iters: 400, epoch: 70 | loss: 0.3397819
	speed: 0.0883s/iter; left time: 10633.6221s
	iters: 500, epoch: 70 | loss: 0.2919787
	speed: 0.0885s/iter; left time: 10651.8234s
Epoch: 70 cost time: 47.4213011264801
[2025-05-29 22:47:20] [32mIntermediate result: 0.35551026  (Index 69)[0m
Epoch: 70, Steps: 523 | Train Loss: 0.3252043 Vali Loss: 0.3548739 Test Loss: 0.3555103
Validation loss decreased (0.361063 --> 0.354874).  Saving model ...
Updating learning rate to 8.87717349127522e-05
	iters: 100, epoch: 71 | loss: 0.3047339
	speed: 0.3656s/iter; left time: 43941.7553s
	iters: 200, epoch: 71 | loss: 0.3262911
	speed: 0.0878s/iter; left time: 10545.7329s
	iters: 300, epoch: 71 | loss: 0.3474270
	speed: 0.0887s/iter; left time: 10647.5714s
	iters: 400, epoch: 71 | loss: 0.3347778
	speed: 0.0887s/iter; left time: 10628.4243s
	iters: 500, epoch: 71 | loss: 0.3287582
	speed: 0.0887s/iter; left time: 10627.3346s
Epoch: 71 cost time: 47.5000958442688
[2025-05-29 22:48:31] [32mIntermediate result: 0.3654453  (Index 70)[0m
Epoch: 71, Steps: 523 | Train Loss: 0.3228668 Vali Loss: 0.3583324 Test Loss: 0.3654453
EarlyStopping counter: 1 out of 20
Updating learning rate to 8.982607213632357e-05
	iters: 100, epoch: 72 | loss: 0.3086203
	speed: 0.3625s/iter; left time: 43384.6775s
	iters: 200, epoch: 72 | loss: 0.3543936
	speed: 0.0889s/iter; left time: 10626.8994s
	iters: 300, epoch: 72 | loss: 0.2851121
	speed: 0.0893s/iter; left time: 10668.7870s
	iters: 400, epoch: 72 | loss: 0.3348860
	speed: 0.0893s/iter; left time: 10656.0861s
	iters: 500, epoch: 72 | loss: 0.3245727
	speed: 0.0892s/iter; left time: 10633.6006s
Epoch: 72 cost time: 47.65312719345093
[2025-05-29 22:49:44] [32mIntermediate result: 0.363792  (Index 71)[0m
Epoch: 72, Steps: 523 | Train Loss: 0.3219998 Vali Loss: 0.3611583 Test Loss: 0.3637920
EarlyStopping counter: 2 out of 20
Updating learning rate to 9.083432215963529e-05
	iters: 100, epoch: 73 | loss: 0.3354696
	speed: 0.3697s/iter; left time: 44053.2404s
	iters: 200, epoch: 73 | loss: 0.3060239
	speed: 0.0885s/iter; left time: 10540.7442s
	iters: 300, epoch: 73 | loss: 0.3019775
	speed: 0.0885s/iter; left time: 10530.6979s
	iters: 400, epoch: 73 | loss: 0.3511955
	speed: 0.0888s/iter; left time: 10555.8350s
	iters: 500, epoch: 73 | loss: 0.3460515
	speed: 0.0886s/iter; left time: 10526.3049s
Epoch: 73 cost time: 47.403122901916504
[2025-05-29 22:50:56] [32mIntermediate result: 0.3476851  (Index 72)[0m
Epoch: 73, Steps: 523 | Train Loss: 0.3194035 Vali Loss: 0.3472312 Test Loss: 0.3476851
Validation loss decreased (0.354874 --> 0.347231).  Saving model ...
Updating learning rate to 9.179525653315209e-05
	iters: 100, epoch: 74 | loss: 0.2746113
	speed: 0.3604s/iter; left time: 42755.5782s
	iters: 200, epoch: 74 | loss: 0.3406323
	speed: 0.0888s/iter; left time: 10528.2885s
	iters: 300, epoch: 74 | loss: 0.3412256
	speed: 0.0889s/iter; left time: 10531.9680s
	iters: 400, epoch: 74 | loss: 0.2947269
	speed: 0.0889s/iter; left time: 10524.4846s
	iters: 500, epoch: 74 | loss: 0.3486665
	speed: 0.0894s/iter; left time: 10565.6761s
Epoch: 74 cost time: 47.52747058868408
[2025-05-29 22:52:07] [32mIntermediate result: 0.35179716  (Index 73)[0m
Epoch: 74, Steps: 523 | Train Loss: 0.3172615 Vali Loss: 0.3480363 Test Loss: 0.3517972
EarlyStopping counter: 1 out of 20
Updating learning rate to 9.270770445661883e-05
	iters: 100, epoch: 75 | loss: 0.3171363
	speed: 0.3591s/iter; left time: 42404.8771s
	iters: 200, epoch: 75 | loss: 0.3163237
	speed: 0.0888s/iter; left time: 10475.1382s
	iters: 300, epoch: 75 | loss: 0.3177583
	speed: 0.0890s/iter; left time: 10489.9899s
	iters: 400, epoch: 75 | loss: 0.3546214
	speed: 0.0886s/iter; left time: 10439.3027s
	iters: 500, epoch: 75 | loss: 0.3450485
	speed: 0.0887s/iter; left time: 10437.9318s
Epoch: 75 cost time: 47.385167598724365
[2025-05-29 22:53:20] [32mIntermediate result: 0.36110628  (Index 74)[0m
Epoch: 75, Steps: 523 | Train Loss: 0.3138747 Vali Loss: 0.3523860 Test Loss: 0.3611063
EarlyStopping counter: 2 out of 20
Updating learning rate to 9.357055420556082e-05
	iters: 100, epoch: 76 | loss: 0.3463985
	speed: 0.3687s/iter; left time: 43352.3124s
	iters: 200, epoch: 76 | loss: 0.3299351
	speed: 0.0878s/iter; left time: 10318.3646s
	iters: 300, epoch: 76 | loss: 0.3149295
	speed: 0.0889s/iter; left time: 10435.4454s
	iters: 400, epoch: 76 | loss: 0.2845571
	speed: 0.0890s/iter; left time: 10434.9954s
	iters: 500, epoch: 76 | loss: 0.3272839
	speed: 0.0888s/iter; left time: 10404.2970s
Epoch: 76 cost time: 47.25434732437134
[2025-05-29 22:54:31] [32mIntermediate result: 0.3519898  (Index 75)[0m
Epoch: 76, Steps: 523 | Train Loss: 0.3131444 Vali Loss: 0.3513668 Test Loss: 0.3519898
EarlyStopping counter: 3 out of 20
Updating learning rate to 9.438275448580642e-05
	iters: 100, epoch: 77 | loss: 0.2903642
	speed: 0.3609s/iter; left time: 42245.0349s
	iters: 200, epoch: 77 | loss: 0.3181663
	speed: 0.0890s/iter; left time: 10405.1677s
	iters: 300, epoch: 77 | loss: 0.3315349
	speed: 0.0892s/iter; left time: 10428.8045s
	iters: 400, epoch: 77 | loss: 0.2834209
	speed: 0.0891s/iter; left time: 10405.5002s
	iters: 500, epoch: 77 | loss: 0.3070751
	speed: 0.0891s/iter; left time: 10397.3073s
Epoch: 77 cost time: 47.588616132736206
[2025-05-29 22:55:43] [32mIntermediate result: 0.3561312  (Index 76)[0m
Epoch: 77, Steps: 523 | Train Loss: 0.3125526 Vali Loss: 0.3513057 Test Loss: 0.3561312
EarlyStopping counter: 4 out of 20
Updating learning rate to 9.514331571438144e-05
	iters: 100, epoch: 78 | loss: 0.2905918
	speed: 0.3623s/iter; left time: 42215.3178s
	iters: 200, epoch: 78 | loss: 0.3205581
	speed: 0.0877s/iter; left time: 10206.7571s
	iters: 300, epoch: 78 | loss: 0.3666430
	speed: 0.0879s/iter; left time: 10220.4748s
	iters: 400, epoch: 78 | loss: 0.2711836
	speed: 0.0877s/iter; left time: 10189.8696s
	iters: 500, epoch: 78 | loss: 0.3434043
	speed: 0.0877s/iter; left time: 10184.7956s
Epoch: 78 cost time: 47.002623319625854
[2025-05-29 22:56:54] [32mIntermediate result: 0.34090027  (Index 77)[0m
Epoch: 78, Steps: 523 | Train Loss: 0.3110123 Vali Loss: 0.3386965 Test Loss: 0.3409003
Validation loss decreased (0.347231 --> 0.338697).  Saving model ...
Updating learning rate to 9.585131122521478e-05
	iters: 100, epoch: 79 | loss: 0.3602040
	speed: 0.3642s/iter; left time: 42249.2226s
	iters: 200, epoch: 79 | loss: 0.3247649
	speed: 0.0874s/iter; left time: 10129.7827s
	iters: 300, epoch: 79 | loss: 0.3517827
	speed: 0.0881s/iter; left time: 10197.2717s
	iters: 400, epoch: 79 | loss: 0.2905103
	speed: 0.0884s/iter; left time: 10225.4799s
	iters: 500, epoch: 79 | loss: 0.3472822
	speed: 0.0882s/iter; left time: 10191.7673s
Epoch: 79 cost time: 47.060468435287476
[2025-05-29 22:58:06] [32mIntermediate result: 0.35406458  (Index 78)[0m
Epoch: 79, Steps: 523 | Train Loss: 0.3084530 Vali Loss: 0.3497413 Test Loss: 0.3540646
EarlyStopping counter: 1 out of 20
Updating learning rate to 9.650587839818629e-05
	iters: 100, epoch: 80 | loss: 0.3041157
	speed: 0.3644s/iter; left time: 42086.3100s
	iters: 200, epoch: 80 | loss: 0.3082273
	speed: 0.0888s/iter; left time: 10241.3919s
	iters: 300, epoch: 80 | loss: 0.2790894
	speed: 0.0885s/iter; left time: 10208.1671s
	iters: 400, epoch: 80 | loss: 0.2892914
	speed: 0.0892s/iter; left time: 10278.4210s
	iters: 500, epoch: 80 | loss: 0.3283458
	speed: 0.0891s/iter; left time: 10258.0190s
Epoch: 80 cost time: 47.47642135620117
[2025-05-29 22:59:18] [32mIntermediate result: 0.34876162  (Index 79)[0m
Epoch: 80, Steps: 523 | Train Loss: 0.3059908 Vali Loss: 0.3428874 Test Loss: 0.3487616
EarlyStopping counter: 2 out of 20
Updating learning rate to 9.710621971014117e-05
	iters: 100, epoch: 81 | loss: 0.3198726
	speed: 0.3601s/iter; left time: 41394.2528s
	iters: 200, epoch: 81 | loss: 0.2762292
	speed: 0.0883s/iter; left time: 10139.7602s
	iters: 300, epoch: 81 | loss: 0.2791009
	speed: 0.0887s/iter; left time: 10175.9450s
	iters: 400, epoch: 81 | loss: 0.3252722
	speed: 0.0883s/iter; left time: 10124.7319s
	iters: 500, epoch: 81 | loss: 0.3074187
	speed: 0.0878s/iter; left time: 10059.7193s
Epoch: 81 cost time: 47.24213981628418
[2025-05-29 23:00:29] [32mIntermediate result: 0.3340242  (Index 80)[0m
Epoch: 81, Steps: 523 | Train Loss: 0.3049380 Vali Loss: 0.3336145 Test Loss: 0.3340242
Validation loss decreased (0.338697 --> 0.333614).  Saving model ...
Updating learning rate to 9.765160370659035e-05
	iters: 100, epoch: 82 | loss: 0.2606456
	speed: 0.3661s/iter; left time: 41894.7411s
	iters: 200, epoch: 82 | loss: 0.2919147
	speed: 0.0887s/iter; left time: 10139.9238s
	iters: 300, epoch: 82 | loss: 0.2941354
	speed: 0.0888s/iter; left time: 10147.0898s
	iters: 400, epoch: 82 | loss: 0.3343534
	speed: 0.0887s/iter; left time: 10118.5432s
	iters: 500, epoch: 82 | loss: 0.2998136
	speed: 0.0888s/iter; left time: 10122.6197s
Epoch: 82 cost time: 47.47008228302002
[2025-05-29 23:01:41] [32mIntermediate result: 0.34240198  (Index 81)[0m
Epoch: 82, Steps: 523 | Train Loss: 0.3024314 Vali Loss: 0.3365471 Test Loss: 0.3424020
EarlyStopping counter: 1 out of 20
Updating learning rate to 9.814136589291298e-05
	iters: 100, epoch: 83 | loss: 0.3162888
	speed: 0.3612s/iter; left time: 41150.0110s
	iters: 200, epoch: 83 | loss: 0.2456833
	speed: 0.0878s/iter; left time: 9989.7780s
	iters: 300, epoch: 83 | loss: 0.2596449
	speed: 0.0878s/iter; left time: 9979.5940s
	iters: 400, epoch: 83 | loss: 0.2847809
	speed: 0.0878s/iter; left time: 9978.3412s
	iters: 500, epoch: 83 | loss: 0.3221950
	speed: 0.0878s/iter; left time: 9962.9357s
Epoch: 83 cost time: 46.999022006988525
[2025-05-29 23:02:52] [32mIntermediate result: 0.34235966  (Index 82)[0m
Epoch: 83, Steps: 523 | Train Loss: 0.3030081 Vali Loss: 0.3367845 Test Loss: 0.3423597
EarlyStopping counter: 2 out of 20
Updating learning rate to 9.857490954397515e-05
	iters: 100, epoch: 84 | loss: 0.2853292
	speed: 0.3609s/iter; left time: 40924.0227s
	iters: 200, epoch: 84 | loss: 0.3123893
	speed: 0.0873s/iter; left time: 9887.7035s
	iters: 300, epoch: 84 | loss: 0.3024466
	speed: 0.0876s/iter; left time: 9919.3307s
	iters: 400, epoch: 84 | loss: 0.3047774
	speed: 0.0876s/iter; left time: 9910.1263s
	iters: 500, epoch: 84 | loss: 0.2737928
	speed: 0.0870s/iter; left time: 9827.2025s
Epoch: 84 cost time: 46.80227780342102
[2025-05-29 23:04:04] [32mIntermediate result: 0.32987258  (Index 83)[0m
Epoch: 84, Steps: 523 | Train Loss: 0.3006618 Vali Loss: 0.3274354 Test Loss: 0.3298726
Validation loss decreased (0.333614 --> 0.327435).  Saving model ...
Updating learning rate to 9.895170643117844e-05
	iters: 100, epoch: 85 | loss: 0.2868011
	speed: 0.3637s/iter; left time: 41048.7310s
	iters: 200, epoch: 85 | loss: 0.2970332
	speed: 0.0884s/iter; left time: 9966.9816s
	iters: 300, epoch: 85 | loss: 0.3079567
	speed: 0.0884s/iter; left time: 9964.4156s
	iters: 400, epoch: 85 | loss: 0.2913046
	speed: 0.0888s/iter; left time: 9991.9300s
	iters: 500, epoch: 85 | loss: 0.3329316
	speed: 0.0889s/iter; left time: 9994.0969s
Epoch: 85 cost time: 47.39337515830994
[2025-05-29 23:05:15] [32mIntermediate result: 0.3503145  (Index 84)[0m
Epoch: 85, Steps: 523 | Train Loss: 0.2978627 Vali Loss: 0.3410792 Test Loss: 0.3503145
EarlyStopping counter: 1 out of 20
Updating learning rate to 9.927129746605249e-05
	iters: 100, epoch: 86 | loss: 0.2752388
	speed: 0.3636s/iter; left time: 40851.3492s
	iters: 200, epoch: 86 | loss: 0.2695414
	speed: 0.0887s/iter; left time: 9952.9426s
	iters: 300, epoch: 86 | loss: 0.2957535
	speed: 0.0889s/iter; left time: 9969.3089s
	iters: 400, epoch: 86 | loss: 0.2809347
	speed: 0.0885s/iter; left time: 9921.3132s
	iters: 500, epoch: 86 | loss: 0.3075979
	speed: 0.0888s/iter; left time: 9940.2228s
Epoch: 86 cost time: 47.4520423412323
[2025-05-29 23:06:27] [32mIntermediate result: 0.32885644  (Index 85)[0m
Epoch: 86, Steps: 523 | Train Loss: 0.2960533 Vali Loss: 0.3279798 Test Loss: 0.3288564
EarlyStopping counter: 2 out of 20
Updating learning rate to 9.953329325960726e-05
	iters: 100, epoch: 87 | loss: 0.2728100
	speed: 0.3615s/iter; left time: 40424.0314s
	iters: 200, epoch: 87 | loss: 0.2962415
	speed: 0.0886s/iter; left time: 9899.6467s
	iters: 300, epoch: 87 | loss: 0.3438899
	speed: 0.0888s/iter; left time: 9911.2113s
	iters: 400, epoch: 87 | loss: 0.2942443
	speed: 0.0890s/iter; left time: 9924.5022s
	iters: 500, epoch: 87 | loss: 0.2938679
	speed: 0.0890s/iter; left time: 9912.1275s
Epoch: 87 cost time: 47.51817560195923
[2025-05-29 23:07:40] [32mIntermediate result: 0.3376983  (Index 86)[0m
Epoch: 87, Steps: 523 | Train Loss: 0.2969625 Vali Loss: 0.3308035 Test Loss: 0.3376983
EarlyStopping counter: 3 out of 20
Updating learning rate to 9.973737459676376e-05
	iters: 100, epoch: 88 | loss: 0.2995165
	speed: 0.3701s/iter; left time: 41190.2263s
	iters: 200, epoch: 88 | loss: 0.2945219
	speed: 0.0885s/iter; left time: 9838.1926s
	iters: 300, epoch: 88 | loss: 0.2898247
	speed: 0.0887s/iter; left time: 9856.6617s
	iters: 400, epoch: 88 | loss: 0.2881374
	speed: 0.0884s/iter; left time: 9816.8195s
	iters: 500, epoch: 88 | loss: 0.2885665
	speed: 0.0886s/iter; left time: 9828.9775s
Epoch: 88 cost time: 47.2751042842865
[2025-05-29 23:08:51] [32mIntermediate result: 0.3393626  (Index 87)[0m
Epoch: 88, Steps: 523 | Train Loss: 0.2938322 Vali Loss: 0.3328167 Test Loss: 0.3393626
EarlyStopping counter: 4 out of 20
Updating learning rate to 9.9883292825285e-05
	iters: 100, epoch: 89 | loss: 0.2948387
	speed: 0.3599s/iter; left time: 39872.5097s
	iters: 200, epoch: 89 | loss: 0.2893653
	speed: 0.0887s/iter; left time: 9814.1266s
	iters: 300, epoch: 89 | loss: 0.3023314
	speed: 0.0889s/iter; left time: 9826.4809s
	iters: 400, epoch: 89 | loss: 0.2834971
	speed: 0.0887s/iter; left time: 9799.4399s
	iters: 500, epoch: 89 | loss: 0.2829012
	speed: 0.0890s/iter; left time: 9825.6331s
Epoch: 89 cost time: 47.35448622703552
[2025-05-29 23:10:03] [32mIntermediate result: 0.32014704  (Index 88)[0m
Epoch: 89, Steps: 523 | Train Loss: 0.2916271 Vali Loss: 0.3172652 Test Loss: 0.3201470
Validation loss decreased (0.327435 --> 0.317265).  Saving model ...
Updating learning rate to 9.997087015873316e-05
	iters: 100, epoch: 90 | loss: 0.2911128
	speed: 0.3602s/iter; left time: 39713.7037s
	iters: 200, epoch: 90 | loss: 0.2635601
	speed: 0.0890s/iter; left time: 9806.8907s
	iters: 300, epoch: 90 | loss: 0.3058870
	speed: 0.0888s/iter; left time: 9777.7264s
	iters: 400, epoch: 90 | loss: 0.2980919
	speed: 0.0888s/iter; left time: 9768.2125s
	iters: 500, epoch: 90 | loss: 0.3034120
	speed: 0.0892s/iter; left time: 9795.1632s
Epoch: 90 cost time: 47.519068002700806
[2025-05-29 23:11:15] [32mIntermediate result: 0.32345256  (Index 89)[0m
Epoch: 90, Steps: 523 | Train Loss: 0.2923713 Vali Loss: 0.3201905 Test Loss: 0.3234526
EarlyStopping counter: 1 out of 20
Updating learning rate to 9.999999997954516e-05
	iters: 100, epoch: 91 | loss: 0.3265553
	speed: 0.3709s/iter; left time: 40696.4327s
	iters: 200, epoch: 91 | loss: 0.2886926
	speed: 0.0880s/iter; left time: 9648.9619s
	iters: 300, epoch: 91 | loss: 0.2786756
	speed: 0.0884s/iter; left time: 9679.6476s
	iters: 400, epoch: 91 | loss: 0.3283505
	speed: 0.0883s/iter; left time: 9664.0555s
	iters: 500, epoch: 91 | loss: 0.2933715
	speed: 0.0879s/iter; left time: 9612.8174s
Epoch: 91 cost time: 47.17664313316345
[2025-05-29 23:12:27] [32mIntermediate result: 0.33068937  (Index 90)[0m
Epoch: 91, Steps: 523 | Train Loss: 0.2886116 Vali Loss: 0.3274226 Test Loss: 0.3306894
EarlyStopping counter: 2 out of 20
Updating learning rate to 9.9994383697478e-05
	iters: 100, epoch: 92 | loss: 0.2802931
	speed: 0.3647s/iter; left time: 39824.2685s
	iters: 200, epoch: 92 | loss: 0.3015554
	speed: 0.0880s/iter; left time: 9605.3529s
	iters: 300, epoch: 92 | loss: 0.2868090
	speed: 0.0880s/iter; left time: 9592.6294s
	iters: 400, epoch: 92 | loss: 0.3099770
	speed: 0.0874s/iter; left time: 9517.4611s
	iters: 500, epoch: 92 | loss: 0.3025589
	speed: 0.0888s/iter; left time: 9666.2670s
Epoch: 92 cost time: 47.10765767097473
[2025-05-29 23:13:38] [32mIntermediate result: 0.34814778  (Index 91)[0m
Epoch: 92, Steps: 523 | Train Loss: 0.2890264 Vali Loss: 0.3396693 Test Loss: 0.3481478
EarlyStopping counter: 3 out of 20
Updating learning rate to 9.997757889810564e-05
	iters: 100, epoch: 93 | loss: 0.3208543
	speed: 0.3618s/iter; left time: 39324.8495s
	iters: 200, epoch: 93 | loss: 0.2724776
	speed: 0.0888s/iter; left time: 9646.8533s
	iters: 300, epoch: 93 | loss: 0.2984091
	speed: 0.0888s/iter; left time: 9629.6585s
	iters: 400, epoch: 93 | loss: 0.2727002
	speed: 0.0889s/iter; left time: 9634.2015s
	iters: 500, epoch: 93 | loss: 0.2843796
	speed: 0.0890s/iter; left time: 9642.2804s
Epoch: 93 cost time: 47.55727553367615
[2025-05-29 23:14:51] [32mIntermediate result: 0.3291687  (Index 92)[0m
Epoch: 93, Steps: 523 | Train Loss: 0.2878605 Vali Loss: 0.3234212 Test Loss: 0.3291687
EarlyStopping counter: 4 out of 20
Updating learning rate to 9.994958934228132e-05
	iters: 100, epoch: 94 | loss: 0.2919000
	speed: 0.3699s/iter; left time: 40005.3578s
	iters: 200, epoch: 94 | loss: 0.2713818
	speed: 0.0879s/iter; left time: 9503.8711s
	iters: 300, epoch: 94 | loss: 0.2871588
	speed: 0.0876s/iter; left time: 9454.3332s
	iters: 400, epoch: 94 | loss: 0.3002227
	speed: 0.0876s/iter; left time: 9449.1828s
	iters: 500, epoch: 94 | loss: 0.2988102
	speed: 0.0876s/iter; left time: 9437.2625s
Epoch: 94 cost time: 46.8791389465332
[2025-05-29 23:16:02] [32mIntermediate result: 0.33496982  (Index 93)[0m
Epoch: 94, Steps: 523 | Train Loss: 0.2858989 Vali Loss: 0.3270014 Test Loss: 0.3349698
EarlyStopping counter: 5 out of 20
Updating learning rate to 9.991042129396628e-05
	iters: 100, epoch: 95 | loss: 0.2630736
	speed: 0.3623s/iter; left time: 39002.0856s
	iters: 200, epoch: 95 | loss: 0.2825471
	speed: 0.0888s/iter; left time: 9545.0141s
	iters: 300, epoch: 95 | loss: 0.2789991
	speed: 0.0888s/iter; left time: 9544.4408s
	iters: 400, epoch: 95 | loss: 0.2720042
	speed: 0.0887s/iter; left time: 9524.4335s
	iters: 500, epoch: 95 | loss: 0.2839944
	speed: 0.0891s/iter; left time: 9552.1887s
Epoch: 95 cost time: 47.4678738117218
[2025-05-29 23:17:14] [32mIntermediate result: 0.32145378  (Index 94)[0m
Epoch: 95, Steps: 523 | Train Loss: 0.2836791 Vali Loss: 0.3211718 Test Loss: 0.3214538
EarlyStopping counter: 6 out of 20
Updating learning rate to 9.986008351882796e-05
	iters: 100, epoch: 96 | loss: 0.2622243
	speed: 0.3632s/iter; left time: 38903.0729s
	iters: 200, epoch: 96 | loss: 0.3144302
	speed: 0.0888s/iter; left time: 9497.8027s
	iters: 300, epoch: 96 | loss: 0.3014245
	speed: 0.0891s/iter; left time: 9522.4362s
	iters: 400, epoch: 96 | loss: 0.2770039
	speed: 0.0889s/iter; left time: 9493.7895s
	iters: 500, epoch: 96 | loss: 0.2832639
	speed: 0.0887s/iter; left time: 9469.4744s
Epoch: 96 cost time: 47.50844764709473
[2025-05-29 23:18:27] [32mIntermediate result: 0.3152552  (Index 95)[0m
Epoch: 96, Steps: 523 | Train Loss: 0.2832796 Vali Loss: 0.3130929 Test Loss: 0.3152552
Validation loss decreased (0.317265 --> 0.313093).  Saving model ...
Updating learning rate to 9.979858728227816e-05
	iters: 100, epoch: 97 | loss: 0.3112206
	speed: 0.3721s/iter; left time: 39661.7686s
	iters: 200, epoch: 97 | loss: 0.2864195
	speed: 0.0889s/iter; left time: 9465.9857s
	iters: 300, epoch: 97 | loss: 0.2749789
	speed: 0.0882s/iter; left time: 9384.3721s
	iters: 400, epoch: 97 | loss: 0.3708170
	speed: 0.0881s/iter; left time: 9369.7088s
	iters: 500, epoch: 97 | loss: 0.3005847
	speed: 0.0888s/iter; left time: 9426.2474s
Epoch: 97 cost time: 47.276830434799194
[2025-05-29 23:19:39] [32mIntermediate result: 0.33461654  (Index 96)[0m
Epoch: 97, Steps: 523 | Train Loss: 0.2818024 Vali Loss: 0.3273332 Test Loss: 0.3346165
EarlyStopping counter: 1 out of 20
Updating learning rate to 9.972594634695199e-05
	iters: 100, epoch: 98 | loss: 0.3294297
	speed: 0.3632s/iter; left time: 38522.7571s
	iters: 200, epoch: 98 | loss: 0.2764467
	speed: 0.0874s/iter; left time: 9256.8167s
	iters: 300, epoch: 98 | loss: 0.3043099
	speed: 0.0879s/iter; left time: 9309.0257s
	iters: 400, epoch: 98 | loss: 0.2424223
	speed: 0.0875s/iter; left time: 9250.2052s
	iters: 500, epoch: 98 | loss: 0.2626640
	speed: 0.0873s/iter; left time: 9223.8749s
Epoch: 98 cost time: 46.92654347419739
[2025-05-29 23:20:49] [32mIntermediate result: 0.32246253  (Index 97)[0m
Epoch: 98, Steps: 523 | Train Loss: 0.2810513 Vali Loss: 0.3200393 Test Loss: 0.3224625
EarlyStopping counter: 2 out of 20
Updating learning rate to 9.964217696962776e-05
	iters: 100, epoch: 99 | loss: 0.2753401
	speed: 0.3574s/iter; left time: 37718.4997s
	iters: 200, epoch: 99 | loss: 0.2629808
	speed: 0.0890s/iter; left time: 9384.0729s
	iters: 300, epoch: 99 | loss: 0.2918590
	speed: 0.0893s/iter; left time: 9408.4424s
	iters: 400, epoch: 99 | loss: 0.2637483
	speed: 0.0891s/iter; left time: 9381.1129s
	iters: 500, epoch: 99 | loss: 0.2749740
	speed: 0.0894s/iter; left time: 9402.5502s
Epoch: 99 cost time: 47.55865931510925
[2025-05-29 23:22:02] [32mIntermediate result: 0.32126227  (Index 98)[0m
Epoch: 99, Steps: 523 | Train Loss: 0.2790361 Vali Loss: 0.3169109 Test Loss: 0.3212623
EarlyStopping counter: 3 out of 20
Updating learning rate to 9.954729789758883e-05
	iters: 100, epoch: 100 | loss: 0.2753069
	speed: 0.3665s/iter; left time: 38493.2645s
	iters: 200, epoch: 100 | loss: 0.2838086
	speed: 0.0885s/iter; left time: 9289.0322s
	iters: 300, epoch: 100 | loss: 0.2773972
	speed: 0.0883s/iter; left time: 9253.6801s
	iters: 400, epoch: 100 | loss: 0.2750019
	speed: 0.0886s/iter; left time: 9283.6211s
	iters: 500, epoch: 100 | loss: 0.2994474
	speed: 0.0883s/iter; left time: 9240.3558s
Epoch: 100 cost time: 47.3540940284729
[2025-05-29 23:23:13] [32mIntermediate result: 0.3088494  (Index 99)[0m
Epoch: 100, Steps: 523 | Train Loss: 0.2788833 Vali Loss: 0.3073509 Test Loss: 0.3088494
Validation loss decreased (0.313093 --> 0.307351).  Saving model ...
Updating learning rate to 9.9441330364428e-05
	iters: 100, epoch: 101 | loss: 0.2945675
	speed: 0.3638s/iter; left time: 38013.8814s
	iters: 200, epoch: 101 | loss: 0.2990322
	speed: 0.0888s/iter; left time: 9271.7411s
	iters: 300, epoch: 101 | loss: 0.2348292
	speed: 0.0890s/iter; left time: 9284.5281s
	iters: 400, epoch: 101 | loss: 0.2852310
	speed: 0.0888s/iter; left time: 9250.7333s
	iters: 500, epoch: 101 | loss: 0.2739671
	speed: 0.0887s/iter; left time: 9234.1185s
Epoch: 101 cost time: 47.6023736000061
[2025-05-29 23:24:25] [32mIntermediate result: 0.31453842  (Index 100)[0m
Epoch: 101, Steps: 523 | Train Loss: 0.2764103 Vali Loss: 0.3095941 Test Loss: 0.3145384
EarlyStopping counter: 1 out of 20
Updating learning rate to 9.932429808529554e-05
	iters: 100, epoch: 102 | loss: 0.2802210
	speed: 0.3620s/iter; left time: 37639.2113s
	iters: 200, epoch: 102 | loss: 0.2898598
	speed: 0.0884s/iter; left time: 9181.2813s
	iters: 300, epoch: 102 | loss: 0.2993865
	speed: 0.0885s/iter; left time: 9183.1093s
	iters: 400, epoch: 102 | loss: 0.2671755
	speed: 0.0889s/iter; left time: 9214.8045s
	iters: 500, epoch: 102 | loss: 0.2496380
	speed: 0.0887s/iter; left time: 9192.3895s
Epoch: 102 cost time: 47.41989874839783
[2025-05-29 23:25:37] [32mIntermediate result: 0.3225822  (Index 101)[0m
Epoch: 102, Steps: 523 | Train Loss: 0.2757172 Vali Loss: 0.3179736 Test Loss: 0.3225822
EarlyStopping counter: 2 out of 20
Updating learning rate to 9.919622725159179e-05
	iters: 100, epoch: 103 | loss: 0.3205155
	speed: 0.3692s/iter; left time: 38192.8551s
	iters: 200, epoch: 103 | loss: 0.2708590
	speed: 0.0888s/iter; left time: 9179.1387s
	iters: 300, epoch: 103 | loss: 0.2693584
	speed: 0.0887s/iter; left time: 9162.1826s
	iters: 400, epoch: 103 | loss: 0.2564739
	speed: 0.0888s/iter; left time: 9163.1717s
	iters: 500, epoch: 103 | loss: 0.2515003
	speed: 0.0889s/iter; left time: 9163.9722s
Epoch: 103 cost time: 47.598886489868164
[2025-05-29 23:26:49] [32mIntermediate result: 0.3137871  (Index 102)[0m
Epoch: 103, Steps: 523 | Train Loss: 0.2750553 Vali Loss: 0.3139810 Test Loss: 0.3137871
EarlyStopping counter: 3 out of 20
Updating learning rate to 9.905714652510567e-05
	iters: 100, epoch: 104 | loss: 0.3034996
	speed: 0.3649s/iter; left time: 37556.4386s
	iters: 200, epoch: 104 | loss: 0.2683013
	speed: 0.0887s/iter; left time: 9123.5250s
	iters: 300, epoch: 104 | loss: 0.2607753
	speed: 0.0887s/iter; left time: 9108.3344s
	iters: 400, epoch: 104 | loss: 0.2725240
	speed: 0.0885s/iter; left time: 9078.2570s
	iters: 500, epoch: 104 | loss: 0.2972586
	speed: 0.0886s/iter; left time: 9081.0198s
Epoch: 104 cost time: 47.46336889266968
[2025-05-29 23:28:01] [32mIntermediate result: 0.31084165  (Index 103)[0m
Epoch: 104, Steps: 523 | Train Loss: 0.2737557 Vali Loss: 0.3105753 Test Loss: 0.3108416
EarlyStopping counter: 4 out of 20
Updating learning rate to 9.89070870316002e-05
	iters: 100, epoch: 105 | loss: 0.2958967
	speed: 0.3580s/iter; left time: 36667.5362s
	iters: 200, epoch: 105 | loss: 0.2692092
	speed: 0.0876s/iter; left time: 8965.2706s
	iters: 300, epoch: 105 | loss: 0.2508240
	speed: 0.0878s/iter; left time: 8977.7721s
	iters: 400, epoch: 105 | loss: 0.2723146
	speed: 0.0878s/iter; left time: 8965.0054s
	iters: 500, epoch: 105 | loss: 0.2596024
	speed: 0.0876s/iter; left time: 8939.2484s
Epoch: 105 cost time: 46.94100069999695
[2025-05-29 23:29:13] [32mIntermediate result: 0.31136733  (Index 104)[0m
Epoch: 105, Steps: 523 | Train Loss: 0.2732837 Vali Loss: 0.3086410 Test Loss: 0.3113673
EarlyStopping counter: 5 out of 20
Updating learning rate to 9.874608235384673e-05
	iters: 100, epoch: 106 | loss: 0.2671559
	speed: 0.3672s/iter; left time: 37410.1718s
	iters: 200, epoch: 106 | loss: 0.2598345
	speed: 0.0884s/iter; left time: 8996.7150s
	iters: 300, epoch: 106 | loss: 0.2737658
	speed: 0.0883s/iter; left time: 8978.4284s
	iters: 400, epoch: 106 | loss: 0.2646538
	speed: 0.0881s/iter; left time: 8954.8057s
	iters: 500, epoch: 106 | loss: 0.2732641
	speed: 0.0885s/iter; left time: 8978.8588s
Epoch: 106 cost time: 47.191728830337524
[2025-05-29 23:30:24] [32mIntermediate result: 0.3080464  (Index 105)[0m
Epoch: 106, Steps: 523 | Train Loss: 0.2714696 Vali Loss: 0.3056081 Test Loss: 0.3080464
Validation loss decreased (0.307351 --> 0.305608).  Saving model ...
Updating learning rate to 9.857416852410923e-05
	iters: 100, epoch: 107 | loss: 0.2613074
	speed: 0.3604s/iter; left time: 36528.5004s
	iters: 200, epoch: 107 | loss: 0.3238532
	speed: 0.0890s/iter; left time: 9009.9798s
	iters: 300, epoch: 107 | loss: 0.2674110
	speed: 0.0892s/iter; left time: 9024.4411s
	iters: 400, epoch: 107 | loss: 0.2935434
	speed: 0.0890s/iter; left time: 8993.7336s
	iters: 500, epoch: 107 | loss: 0.2885991
	speed: 0.0890s/iter; left time: 8982.7595s
Epoch: 107 cost time: 47.53172540664673
[2025-05-29 23:31:36] [32mIntermediate result: 0.30502516  (Index 106)[0m
Epoch: 107, Steps: 523 | Train Loss: 0.2707849 Vali Loss: 0.3022044 Test Loss: 0.3050252
Validation loss decreased (0.305608 --> 0.302204).  Saving model ...
Updating learning rate to 9.839138401608033e-05
	iters: 100, epoch: 108 | loss: 0.2838641
	speed: 0.3629s/iter; left time: 36595.7565s
	iters: 200, epoch: 108 | loss: 0.3232305
	speed: 0.0874s/iter; left time: 8805.1436s
	iters: 300, epoch: 108 | loss: 0.2698181
	speed: 0.0882s/iter; left time: 8874.0149s
	iters: 400, epoch: 108 | loss: 0.2855268
	speed: 0.0879s/iter; left time: 8834.9445s
	iters: 500, epoch: 108 | loss: 0.2942039
	speed: 0.0882s/iter; left time: 8859.8132s
Epoch: 108 cost time: 46.933388471603394
[2025-05-29 23:32:48] [32mIntermediate result: 0.3158789  (Index 107)[0m
Epoch: 108, Steps: 523 | Train Loss: 0.2696612 Vali Loss: 0.3079571 Test Loss: 0.3158789
EarlyStopping counter: 1 out of 20
Updating learning rate to 9.81977697362712e-05
	iters: 100, epoch: 109 | loss: 0.2489117
	speed: 0.3685s/iter; left time: 36969.2930s
	iters: 200, epoch: 109 | loss: 0.2582706
	speed: 0.0889s/iter; left time: 8912.1414s
	iters: 300, epoch: 109 | loss: 0.2654178
	speed: 0.0887s/iter; left time: 8883.8413s
	iters: 400, epoch: 109 | loss: 0.2679095
	speed: 0.0886s/iter; left time: 8865.6541s
	iters: 500, epoch: 109 | loss: 0.2585910
	speed: 0.0887s/iter; left time: 8867.4956s
Epoch: 109 cost time: 47.41510057449341
[2025-05-29 23:34:00] [32mIntermediate result: 0.32566914  (Index 108)[0m
Epoch: 109, Steps: 523 | Train Loss: 0.2683616 Vali Loss: 0.3201705 Test Loss: 0.3256691
EarlyStopping counter: 2 out of 20
Updating learning rate to 9.799336901485666e-05
	iters: 100, epoch: 110 | loss: 0.3002608
	speed: 0.3623s/iter; left time: 36154.3112s
	iters: 200, epoch: 110 | loss: 0.2352599
	speed: 0.0887s/iter; left time: 8845.3175s
	iters: 300, epoch: 110 | loss: 0.3086127
	speed: 0.0887s/iter; left time: 8831.5856s
	iters: 400, epoch: 110 | loss: 0.2615074
	speed: 0.0889s/iter; left time: 8840.5709s
	iters: 500, epoch: 110 | loss: 0.2961447
	speed: 0.0890s/iter; left time: 8847.9996s
Epoch: 110 cost time: 47.438108682632446
[2025-05-29 23:35:11] [32mIntermediate result: 0.315866  (Index 109)[0m
Epoch: 110, Steps: 523 | Train Loss: 0.2680650 Vali Loss: 0.3094870 Test Loss: 0.3158660
EarlyStopping counter: 3 out of 20
Updating learning rate to 9.77782275959781e-05
	iters: 100, epoch: 111 | loss: 0.2511762
	speed: 0.3611s/iter; left time: 35848.6474s
	iters: 200, epoch: 111 | loss: 0.2735306
	speed: 0.0887s/iter; left time: 8796.1794s
	iters: 300, epoch: 111 | loss: 0.2606623
	speed: 0.0890s/iter; left time: 8819.1116s
	iters: 400, epoch: 111 | loss: 0.2968373
	speed: 0.0879s/iter; left time: 8700.6686s
	iters: 500, epoch: 111 | loss: 0.2501798
	speed: 0.0885s/iter; left time: 8746.4023s
Epoch: 111 cost time: 47.33122181892395
[2025-05-29 23:36:24] [32mIntermediate result: 0.31646162  (Index 110)[0m
Epoch: 111, Steps: 523 | Train Loss: 0.2672927 Vali Loss: 0.3098577 Test Loss: 0.3164616
EarlyStopping counter: 4 out of 20
Updating learning rate to 9.755239362750614e-05
	iters: 100, epoch: 112 | loss: 0.2467659
	speed: 0.3701s/iter; left time: 36546.2835s
	iters: 200, epoch: 112 | loss: 0.2772153
	speed: 0.0873s/iter; left time: 8607.7136s
	iters: 300, epoch: 112 | loss: 0.2823577
	speed: 0.0872s/iter; left time: 8597.0063s
	iters: 400, epoch: 112 | loss: 0.2728418
	speed: 0.0874s/iter; left time: 8608.4583s
	iters: 500, epoch: 112 | loss: 0.2578472
	speed: 0.0875s/iter; left time: 8603.7109s
Epoch: 112 cost time: 46.730995893478394
[2025-05-29 23:37:35] [32mIntermediate result: 0.3039208  (Index 111)[0m
Epoch: 112, Steps: 523 | Train Loss: 0.2659510 Vali Loss: 0.3010307 Test Loss: 0.3039208
Validation loss decreased (0.302204 --> 0.301031).  Saving model ...
Updating learning rate to 9.731591765026529e-05
	iters: 100, epoch: 113 | loss: 0.2758348
	speed: 0.3606s/iter; left time: 35418.2739s
	iters: 200, epoch: 113 | loss: 0.2752701
	speed: 0.0879s/iter; left time: 8624.8185s
	iters: 300, epoch: 113 | loss: 0.2586358
	speed: 0.0881s/iter; left time: 8633.4875s
	iters: 400, epoch: 113 | loss: 0.2621479
	speed: 0.0878s/iter; left time: 8601.2435s
	iters: 500, epoch: 113 | loss: 0.2696986
	speed: 0.0882s/iter; left time: 8626.1174s
Epoch: 113 cost time: 47.1508207321167
[2025-05-29 23:38:46] [32mIntermediate result: 0.3057264  (Index 112)[0m
Epoch: 113, Steps: 523 | Train Loss: 0.2651980 Vali Loss: 0.3017625 Test Loss: 0.3057264
EarlyStopping counter: 1 out of 20
Updating learning rate to 9.706885258672308e-05
	iters: 100, epoch: 114 | loss: 0.2484968
	speed: 0.3562s/iter; left time: 34802.7463s
	iters: 200, epoch: 114 | loss: 0.2521869
	speed: 0.0879s/iter; left time: 8578.0918s
	iters: 300, epoch: 114 | loss: 0.2578908
	speed: 0.0878s/iter; left time: 8565.4655s
	iters: 400, epoch: 114 | loss: 0.2587125
	speed: 0.0883s/iter; left time: 8598.7211s
	iters: 500, epoch: 114 | loss: 0.3048688
	speed: 0.0883s/iter; left time: 8590.0545s
Epoch: 114 cost time: 47.14555287361145
[2025-05-29 23:39:58] [32mIntermediate result: 0.31018624  (Index 113)[0m
Epoch: 114, Steps: 523 | Train Loss: 0.2639145 Vali Loss: 0.3061053 Test Loss: 0.3101862
EarlyStopping counter: 2 out of 20
Updating learning rate to 9.681125372914622e-05
	iters: 100, epoch: 115 | loss: 0.2477101
	speed: 0.3715s/iter; left time: 36103.9624s
	iters: 200, epoch: 115 | loss: 0.2586184
	speed: 0.0886s/iter; left time: 8603.8967s
	iters: 300, epoch: 115 | loss: 0.2594168
	speed: 0.0888s/iter; left time: 8610.2671s
	iters: 400, epoch: 115 | loss: 0.2713012
	speed: 0.0889s/iter; left time: 8608.6501s
	iters: 500, epoch: 115 | loss: 0.2596890
	speed: 0.0888s/iter; left time: 8589.9787s
Epoch: 115 cost time: 47.422006368637085
[2025-05-29 23:41:09] [32mIntermediate result: 0.31196174  (Index 114)[0m
Epoch: 115, Steps: 523 | Train Loss: 0.2631886 Vali Loss: 0.3059036 Test Loss: 0.3119617
EarlyStopping counter: 3 out of 20
Updating learning rate to 9.654317872722639e-05
	iters: 100, epoch: 116 | loss: 0.2636911
	speed: 0.3593s/iter; left time: 34726.3248s
	iters: 200, epoch: 116 | loss: 0.2943298
	speed: 0.0884s/iter; left time: 8537.6173s
	iters: 300, epoch: 116 | loss: 0.2779805
	speed: 0.0884s/iter; left time: 8521.9601s
	iters: 400, epoch: 116 | loss: 0.2732125
	speed: 0.0886s/iter; left time: 8534.4610s
	iters: 500, epoch: 116 | loss: 0.2433100
	speed: 0.0885s/iter; left time: 8517.9704s
Epoch: 116 cost time: 47.40481781959534
[2025-05-29 23:42:21] [32mIntermediate result: 0.32198784  (Index 115)[0m
Epoch: 116, Steps: 523 | Train Loss: 0.2628247 Vali Loss: 0.3152778 Test Loss: 0.3219878
EarlyStopping counter: 4 out of 20
Updating learning rate to 9.626468757517845e-05
	iters: 100, epoch: 117 | loss: 0.2385964
	speed: 0.3612s/iter; left time: 34722.4818s
	iters: 200, epoch: 117 | loss: 0.2394923
	speed: 0.0872s/iter; left time: 8371.6648s
	iters: 300, epoch: 117 | loss: 0.2318677
	speed: 0.0871s/iter; left time: 8353.6960s
	iters: 400, epoch: 117 | loss: 0.2924113
	speed: 0.0872s/iter; left time: 8359.0735s
	iters: 500, epoch: 117 | loss: 0.2817187
	speed: 0.0875s/iter; left time: 8376.6368s
Epoch: 117 cost time: 46.80337715148926
[2025-05-29 23:43:32] [32mIntermediate result: 0.2987611  (Index 116)[0m
Epoch: 117, Steps: 523 | Train Loss: 0.2609780 Vali Loss: 0.2982231 Test Loss: 0.2987611
Validation loss decreased (0.301031 --> 0.298223).  Saving model ...
Updating learning rate to 9.597584259831392e-05
	iters: 100, epoch: 118 | loss: 0.2642618
	speed: 0.3662s/iter; left time: 35015.0932s
	iters: 200, epoch: 118 | loss: 0.2755696
	speed: 0.0879s/iter; left time: 8393.2019s
	iters: 300, epoch: 118 | loss: 0.2288561
	speed: 0.0880s/iter; left time: 8398.1254s
	iters: 400, epoch: 118 | loss: 0.2851999
	speed: 0.0880s/iter; left time: 8390.6826s
	iters: 500, epoch: 118 | loss: 0.2693955
	speed: 0.0892s/iter; left time: 8496.4639s
Epoch: 118 cost time: 47.09295868873596
[2025-05-29 23:44:44] [32mIntermediate result: 0.30092275  (Index 117)[0m
Epoch: 118, Steps: 523 | Train Loss: 0.2614954 Vali Loss: 0.3002517 Test Loss: 0.3009228
EarlyStopping counter: 1 out of 20
Updating learning rate to 9.567670843909285e-05
	iters: 100, epoch: 119 | loss: 0.2256414
	speed: 0.3616s/iter; left time: 34383.0120s
	iters: 200, epoch: 119 | loss: 0.2524006
	speed: 0.0890s/iter; left time: 8452.8749s
	iters: 300, epoch: 119 | loss: 0.2564893
	speed: 0.0885s/iter; left time: 8394.0361s
	iters: 400, epoch: 119 | loss: 0.2704864
	speed: 0.0883s/iter; left time: 8373.6457s
	iters: 500, epoch: 119 | loss: 0.2429367
	speed: 0.0883s/iter; left time: 8361.4494s
Epoch: 119 cost time: 47.32579302787781
[2025-05-29 23:45:55] [32mIntermediate result: 0.3012012  (Index 118)[0m
Epoch: 119, Steps: 523 | Train Loss: 0.2592629 Vali Loss: 0.2983246 Test Loss: 0.3012012
EarlyStopping counter: 2 out of 20
Updating learning rate to 9.536735204265705e-05
	iters: 100, epoch: 120 | loss: 0.2530999
	speed: 0.3616s/iter; left time: 34198.1024s
	iters: 200, epoch: 120 | loss: 0.2604387
	speed: 0.0886s/iter; left time: 8366.5804s
	iters: 300, epoch: 120 | loss: 0.2492907
	speed: 0.0886s/iter; left time: 8358.9245s
	iters: 400, epoch: 120 | loss: 0.2513645
	speed: 0.0888s/iter; left time: 8369.8205s
	iters: 500, epoch: 120 | loss: 0.3208930
	speed: 0.0887s/iter; left time: 8350.7871s
Epoch: 120 cost time: 47.39959096908569
[2025-05-29 23:47:08] [32mIntermediate result: 0.30225426  (Index 119)[0m
Epoch: 120, Steps: 523 | Train Loss: 0.2588401 Vali Loss: 0.2994018 Test Loss: 0.3022543
EarlyStopping counter: 3 out of 20
Updating learning rate to 9.504784264184801e-05
	iters: 100, epoch: 121 | loss: 0.2826709
	speed: 0.3660s/iter; left time: 34419.8382s
	iters: 200, epoch: 121 | loss: 0.2522098
	speed: 0.0884s/iter; left time: 8300.3674s
	iters: 300, epoch: 121 | loss: 0.2584057
	speed: 0.0882s/iter; left time: 8276.8914s
	iters: 400, epoch: 121 | loss: 0.2554189
	speed: 0.0884s/iter; left time: 8283.5718s
	iters: 500, epoch: 121 | loss: 0.2652052
	speed: 0.0890s/iter; left time: 8334.6434s
Epoch: 121 cost time: 47.2998788356781
[2025-05-29 23:48:19] [32mIntermediate result: 0.29810077  (Index 120)[0m
Epoch: 121, Steps: 523 | Train Loss: 0.2585376 Vali Loss: 0.2933742 Test Loss: 0.2981008
Validation loss decreased (0.298223 --> 0.293374).  Saving model ...
Updating learning rate to 9.471825174171281e-05
	iters: 100, epoch: 122 | loss: 0.2686258
	speed: 0.3626s/iter; left time: 33910.1334s
	iters: 200, epoch: 122 | loss: 0.2811775
	speed: 0.0888s/iter; left time: 8292.9765s
	iters: 300, epoch: 122 | loss: 0.2643304
	speed: 0.0887s/iter; left time: 8277.4829s
	iters: 400, epoch: 122 | loss: 0.2580802
	speed: 0.0883s/iter; left time: 8233.2256s
	iters: 500, epoch: 122 | loss: 0.2537402
	speed: 0.0888s/iter; left time: 8267.8175s
Epoch: 122 cost time: 47.39336538314819
[2025-05-29 23:49:30] [32mIntermediate result: 0.30120328  (Index 121)[0m
Epoch: 122, Steps: 523 | Train Loss: 0.2572654 Vali Loss: 0.2975740 Test Loss: 0.3012033
EarlyStopping counter: 1 out of 20
Updating learning rate to 9.437865310350163e-05
	iters: 100, epoch: 123 | loss: 0.2619187
	speed: 0.3589s/iter; left time: 33374.4070s
	iters: 200, epoch: 123 | loss: 0.2883349
	speed: 0.0874s/iter; left time: 8117.5867s
	iters: 300, epoch: 123 | loss: 0.2388206
	speed: 0.0874s/iter; left time: 8113.7777s
	iters: 400, epoch: 123 | loss: 0.2280446
	speed: 0.0877s/iter; left time: 8131.6707s
	iters: 500, epoch: 123 | loss: 0.2510341
	speed: 0.0885s/iter; left time: 8193.1246s
Epoch: 123 cost time: 47.12199330329895
[2025-05-29 23:50:42] [32mIntermediate result: 0.29896662  (Index 122)[0m
Epoch: 123, Steps: 523 | Train Loss: 0.2558184 Vali Loss: 0.2968156 Test Loss: 0.2989666
EarlyStopping counter: 2 out of 20
Updating learning rate to 9.402912272816016e-05
	iters: 100, epoch: 124 | loss: 0.2381591
	speed: 0.3675s/iter; left time: 33979.8502s
	iters: 200, epoch: 124 | loss: 0.2580052
	speed: 0.0888s/iter; left time: 8206.5635s
	iters: 300, epoch: 124 | loss: 0.2337643
	speed: 0.0883s/iter; left time: 8151.7404s
	iters: 400, epoch: 124 | loss: 0.2692634
	speed: 0.0889s/iter; left time: 8194.5904s
	iters: 500, epoch: 124 | loss: 0.2371597
	speed: 0.0888s/iter; left time: 8175.4298s
Epoch: 124 cost time: 47.38730764389038
[2025-05-29 23:51:54] [32mIntermediate result: 0.29390952  (Index 123)[0m
Epoch: 124, Steps: 523 | Train Loss: 0.2565218 Vali Loss: 0.2925824 Test Loss: 0.2939095
Validation loss decreased (0.293374 --> 0.292582).  Saving model ...
Updating learning rate to 9.366973883932087e-05
	iters: 100, epoch: 125 | loss: 0.2496670
	speed: 0.3643s/iter; left time: 33495.7390s
	iters: 200, epoch: 125 | loss: 0.2632017
	speed: 0.0888s/iter; left time: 8158.2660s
	iters: 300, epoch: 125 | loss: 0.2552637
	speed: 0.0887s/iter; left time: 8140.5514s
	iters: 400, epoch: 125 | loss: 0.2328608
	speed: 0.0888s/iter; left time: 8137.9866s
	iters: 500, epoch: 125 | loss: 0.2549099
	speed: 0.0887s/iter; left time: 8121.3804s
Epoch: 125 cost time: 47.458184480667114
[2025-05-29 23:53:06] [32mIntermediate result: 0.29553732  (Index 124)[0m
Epoch: 125, Steps: 523 | Train Loss: 0.2550322 Vali Loss: 0.2894166 Test Loss: 0.2955373
Validation loss decreased (0.292582 --> 0.289417).  Saving model ...
Updating learning rate to 9.330058186579698e-05
	iters: 100, epoch: 126 | loss: 0.2652621
	speed: 0.3630s/iter; left time: 33189.1636s
	iters: 200, epoch: 126 | loss: 0.2782154
	speed: 0.0886s/iter; left time: 8088.7324s
	iters: 300, epoch: 126 | loss: 0.2732137
	speed: 0.0887s/iter; left time: 8095.6061s
	iters: 400, epoch: 126 | loss: 0.2825971
	speed: 0.0889s/iter; left time: 8099.4429s
	iters: 500, epoch: 126 | loss: 0.2377303
	speed: 0.0890s/iter; left time: 8103.5568s
Epoch: 126 cost time: 47.48983860015869
[2025-05-29 23:54:18] [32mIntermediate result: 0.29998356  (Index 125)[0m
Epoch: 126, Steps: 523 | Train Loss: 0.2549194 Vali Loss: 0.2979643 Test Loss: 0.2999836
EarlyStopping counter: 1 out of 20
Updating learning rate to 9.292173442358258e-05
	iters: 100, epoch: 127 | loss: 0.2379828
	speed: 0.3696s/iter; left time: 33599.0787s
	iters: 200, epoch: 127 | loss: 0.2617775
	speed: 0.0888s/iter; left time: 8066.9817s
	iters: 300, epoch: 127 | loss: 0.2385401
	speed: 0.0887s/iter; left time: 8047.5447s
	iters: 400, epoch: 127 | loss: 0.2623857
	speed: 0.0889s/iter; left time: 8057.1255s
	iters: 500, epoch: 127 | loss: 0.2317402
	speed: 0.0891s/iter; left time: 8060.6440s
Epoch: 127 cost time: 47.559399366378784
[2025-05-29 23:55:30] [32mIntermediate result: 0.2965277  (Index 126)[0m
Epoch: 127, Steps: 523 | Train Loss: 0.2527142 Vali Loss: 0.2914267 Test Loss: 0.2965277
EarlyStopping counter: 2 out of 20
Updating learning rate to 9.253328129736359e-05
	iters: 100, epoch: 128 | loss: 0.2608571
	speed: 0.3605s/iter; left time: 32582.4793s
	iters: 200, epoch: 128 | loss: 0.2379147
	speed: 0.0886s/iter; left time: 7998.9394s
	iters: 300, epoch: 128 | loss: 0.2594051
	speed: 0.0887s/iter; left time: 8000.7055s
	iters: 400, epoch: 128 | loss: 0.2304202
	speed: 0.0880s/iter; left time: 7927.4162s
	iters: 500, epoch: 128 | loss: 0.2652921
	speed: 0.0879s/iter; left time: 7908.5413s
Epoch: 128 cost time: 47.12889051437378
[2025-05-29 23:56:41] [32mIntermediate result: 0.30211398  (Index 127)[0m
Epoch: 128, Steps: 523 | Train Loss: 0.2552046 Vali Loss: 0.3007251 Test Loss: 0.3021140
EarlyStopping counter: 3 out of 20
Updating learning rate to 9.213530942154328e-05
	iters: 100, epoch: 129 | loss: 0.2448996
	speed: 0.3574s/iter; left time: 32114.5694s
	iters: 200, epoch: 129 | loss: 0.2454165
	speed: 0.0870s/iter; left time: 7811.5471s
	iters: 300, epoch: 129 | loss: 0.2606107
	speed: 0.0870s/iter; left time: 7803.0572s
	iters: 400, epoch: 129 | loss: 0.2370560
	speed: 0.0874s/iter; left time: 7822.8156s
	iters: 500, epoch: 129 | loss: 0.2478359
	speed: 0.0874s/iter; left time: 7821.2435s
Epoch: 129 cost time: 46.65192127227783
[2025-05-29 23:57:53] [32mIntermediate result: 0.2988025  (Index 128)[0m
Epoch: 129, Steps: 523 | Train Loss: 0.2520166 Vali Loss: 0.2927065 Test Loss: 0.2988025
EarlyStopping counter: 4 out of 20
Updating learning rate to 9.172790786078656e-05
	iters: 100, epoch: 130 | loss: 0.2319082
	speed: 0.3673s/iter; left time: 32811.9160s
	iters: 200, epoch: 130 | loss: 0.2667088
	speed: 0.0883s/iter; left time: 7877.3738s
	iters: 300, epoch: 130 | loss: 0.2871087
	speed: 0.0882s/iter; left time: 7859.6292s
	iters: 400, epoch: 130 | loss: 0.2558044
	speed: 0.0881s/iter; left time: 7844.3398s
	iters: 500, epoch: 130 | loss: 0.2408734
	speed: 0.0887s/iter; left time: 7892.5583s
Epoch: 130 cost time: 47.286391496658325
[2025-05-29 23:59:04] [32mIntermediate result: 0.29415205  (Index 129)[0m
Epoch: 130, Steps: 523 | Train Loss: 0.2512855 Vali Loss: 0.2920056 Test Loss: 0.2941521
EarlyStopping counter: 5 out of 20
Updating learning rate to 9.131116779008771e-05
	iters: 100, epoch: 131 | loss: 0.2686360
	speed: 0.3627s/iter; left time: 32209.8410s
	iters: 200, epoch: 131 | loss: 0.2396010
	speed: 0.0881s/iter; left time: 7816.0947s
	iters: 300, epoch: 131 | loss: 0.2774674
	speed: 0.0888s/iter; left time: 7871.1175s
	iters: 400, epoch: 131 | loss: 0.2259000
	speed: 0.0888s/iter; left time: 7856.9734s
	iters: 500, epoch: 131 | loss: 0.2416912
	speed: 0.0883s/iter; left time: 7810.4374s
Epoch: 131 cost time: 47.21473550796509
[2025-05-30 00:00:16] [32mIntermediate result: 0.29497153  (Index 130)[0m
Epoch: 131, Steps: 523 | Train Loss: 0.2510304 Vali Loss: 0.2898131 Test Loss: 0.2949715
EarlyStopping counter: 6 out of 20
Updating learning rate to 9.088518247436573e-05
	iters: 100, epoch: 132 | loss: 0.2462672
	speed: 0.3614s/iter; left time: 31908.1893s
	iters: 200, epoch: 132 | loss: 0.2703354
	speed: 0.0883s/iter; left time: 7789.5575s
	iters: 300, epoch: 132 | loss: 0.2507491
	speed: 0.0887s/iter; left time: 7813.2633s
	iters: 400, epoch: 132 | loss: 0.2388168
	speed: 0.0889s/iter; left time: 7819.0657s
	iters: 500, epoch: 132 | loss: 0.2418307
	speed: 0.0888s/iter; left time: 7805.0817s
Epoch: 132 cost time: 47.44960975646973
[2025-05-30 00:01:29] [32mIntermediate result: 0.28959942  (Index 131)[0m
Epoch: 132, Steps: 523 | Train Loss: 0.2502946 Vali Loss: 0.2874033 Test Loss: 0.2895994
Validation loss decreased (0.289417 --> 0.287403).  Saving model ...
Updating learning rate to 9.0450047247592e-05
	iters: 100, epoch: 133 | loss: 0.2573511
	speed: 0.3726s/iter; left time: 32704.3735s
	iters: 200, epoch: 133 | loss: 0.2451635
	speed: 0.0884s/iter; left time: 7749.7571s
	iters: 300, epoch: 133 | loss: 0.2489628
	speed: 0.0886s/iter; left time: 7757.3873s
	iters: 400, epoch: 133 | loss: 0.2491909
	speed: 0.0886s/iter; left time: 7749.4273s
	iters: 500, epoch: 133 | loss: 0.2448167
	speed: 0.0886s/iter; left time: 7736.8717s
Epoch: 133 cost time: 47.41233491897583
[2025-05-30 00:02:40] [32mIntermediate result: 0.30176273  (Index 132)[0m
Epoch: 133, Steps: 523 | Train Loss: 0.2491971 Vali Loss: 0.2970414 Test Loss: 0.3017627
EarlyStopping counter: 1 out of 20
Updating learning rate to 9.000585949145482e-05
	iters: 100, epoch: 134 | loss: 0.2649744
	speed: 0.3643s/iter; left time: 31784.2489s
	iters: 200, epoch: 134 | loss: 0.2372049
	speed: 0.0886s/iter; left time: 7721.5120s
	iters: 300, epoch: 134 | loss: 0.2865030
	speed: 0.0890s/iter; left time: 7746.3421s
	iters: 400, epoch: 134 | loss: 0.2141719
	speed: 0.0890s/iter; left time: 7737.3889s
	iters: 500, epoch: 134 | loss: 0.2694437
	speed: 0.0890s/iter; left time: 7727.1798s
Epoch: 134 cost time: 47.48603701591492
[2025-05-30 00:03:52] [32mIntermediate result: 0.3017073  (Index 133)[0m
Epoch: 134, Steps: 523 | Train Loss: 0.2493087 Vali Loss: 0.2950365 Test Loss: 0.3017073
EarlyStopping counter: 2 out of 20
Updating learning rate to 8.95527186135658e-05
	iters: 100, epoch: 135 | loss: 0.2466978
	speed: 0.3609s/iter; left time: 31295.5886s
	iters: 200, epoch: 135 | loss: 0.2478759
	speed: 0.0886s/iter; left time: 7672.7216s
	iters: 300, epoch: 135 | loss: 0.2613275
	speed: 0.0892s/iter; left time: 7714.6916s
	iters: 400, epoch: 135 | loss: 0.2497873
	speed: 0.0894s/iter; left time: 7726.6210s
	iters: 500, epoch: 135 | loss: 0.2450246
	speed: 0.0892s/iter; left time: 7697.6512s
Epoch: 135 cost time: 47.62233209609985
[2025-05-30 00:05:05] [32mIntermediate result: 0.2910953  (Index 134)[0m
Epoch: 135, Steps: 523 | Train Loss: 0.2476972 Vali Loss: 0.2862766 Test Loss: 0.2910953
Validation loss decreased (0.287403 --> 0.286277).  Saving model ...
Updating learning rate to 8.909072602521281e-05
	iters: 100, epoch: 136 | loss: 0.2545620
	speed: 0.3720s/iter; left time: 32065.8475s
	iters: 200, epoch: 136 | loss: 0.2882940
	speed: 0.0888s/iter; left time: 7643.0119s
	iters: 300, epoch: 136 | loss: 0.2228032
	speed: 0.0887s/iter; left time: 7625.6552s
	iters: 400, epoch: 136 | loss: 0.2412610
	speed: 0.0885s/iter; left time: 7597.8477s
	iters: 500, epoch: 136 | loss: 0.2315181
	speed: 0.0889s/iter; left time: 7627.7656s
Epoch: 136 cost time: 47.46912455558777
[2025-05-30 00:06:17] [32mIntermediate result: 0.28983122  (Index 135)[0m
Epoch: 136, Steps: 523 | Train Loss: 0.2476109 Vali Loss: 0.2881055 Test Loss: 0.2898312
EarlyStopping counter: 1 out of 20
Updating learning rate to 8.861998511866447e-05
	iters: 100, epoch: 137 | loss: 0.2547303
	speed: 0.3664s/iter; left time: 31394.8075s
	iters: 200, epoch: 137 | loss: 0.2626508
	speed: 0.0891s/iter; left time: 7623.3957s
	iters: 300, epoch: 137 | loss: 0.2648007
	speed: 0.0892s/iter; left time: 7625.2124s
	iters: 400, epoch: 137 | loss: 0.2533057
	speed: 0.0892s/iter; left time: 7618.9436s
	iters: 500, epoch: 137 | loss: 0.2170070
	speed: 0.0892s/iter; left time: 7605.7234s
Epoch: 137 cost time: 47.72436594963074
[2025-05-30 00:07:29] [32mIntermediate result: 0.28944796  (Index 136)[0m
Epoch: 137, Steps: 523 | Train Loss: 0.2460776 Vali Loss: 0.2879095 Test Loss: 0.2894480
EarlyStopping counter: 2 out of 20
Updating learning rate to 8.814060124403131e-05
	iters: 100, epoch: 138 | loss: 0.2536388
	speed: 0.3618s/iter; left time: 30807.2420s
	iters: 200, epoch: 138 | loss: 0.2652202
	speed: 0.0884s/iter; left time: 7519.0232s
	iters: 300, epoch: 138 | loss: 0.2845654
	speed: 0.0887s/iter; left time: 7537.2031s
	iters: 400, epoch: 138 | loss: 0.2596247
	speed: 0.0891s/iter; left time: 7558.5780s
	iters: 500, epoch: 138 | loss: 0.2860730
	speed: 0.0886s/iter; left time: 7511.3029s
Epoch: 138 cost time: 47.47500276565552
[2025-05-30 00:08:41] [32mIntermediate result: 0.2949609  (Index 137)[0m
Epoch: 138, Steps: 523 | Train Loss: 0.2459787 Vali Loss: 0.2917054 Test Loss: 0.2949609
EarlyStopping counter: 3 out of 20
Updating learning rate to 8.765268168568883e-05
	iters: 100, epoch: 139 | loss: 0.2372570
	speed: 0.3698s/iter; left time: 31296.9665s
	iters: 200, epoch: 139 | loss: 0.2310676
	speed: 0.0891s/iter; left time: 7528.5312s
	iters: 300, epoch: 139 | loss: 0.2379937
	speed: 0.0891s/iter; left time: 7521.3657s
	iters: 400, epoch: 139 | loss: 0.2424423
	speed: 0.0890s/iter; left time: 7508.0849s
	iters: 500, epoch: 139 | loss: 0.2533425
	speed: 0.0888s/iter; left time: 7475.7736s
Epoch: 139 cost time: 47.54215455055237
[2025-05-30 00:09:53] [32mIntermediate result: 0.29008636  (Index 138)[0m
Epoch: 139, Steps: 523 | Train Loss: 0.2463747 Vali Loss: 0.2892649 Test Loss: 0.2900864
EarlyStopping counter: 4 out of 20
Updating learning rate to 8.715633563826767e-05
	iters: 100, epoch: 140 | loss: 0.2317137
	speed: 0.3627s/iter; left time: 30501.0871s
	iters: 200, epoch: 140 | loss: 0.2724483
	speed: 0.0890s/iter; left time: 7474.8007s
	iters: 300, epoch: 140 | loss: 0.2774452
	speed: 0.0886s/iter; left time: 7430.3139s
	iters: 400, epoch: 140 | loss: 0.2347166
	speed: 0.0887s/iter; left time: 7437.4430s
	iters: 500, epoch: 140 | loss: 0.2427800
	speed: 0.0887s/iter; left time: 7424.3617s
Epoch: 140 cost time: 47.444072008132935
[2025-05-30 00:11:05] [32mIntermediate result: 0.28845745  (Index 139)[0m
Epoch: 140, Steps: 523 | Train Loss: 0.2457861 Vali Loss: 0.2877562 Test Loss: 0.2884575
EarlyStopping counter: 5 out of 20
Updating learning rate to 8.66516741822162e-05
	iters: 100, epoch: 141 | loss: 0.2530789
	speed: 0.3627s/iter; left time: 30318.3718s
	iters: 200, epoch: 141 | loss: 0.2295678
	speed: 0.0887s/iter; left time: 7405.6085s
	iters: 300, epoch: 141 | loss: 0.2666862
	speed: 0.0889s/iter; left time: 7410.2522s
	iters: 400, epoch: 141 | loss: 0.2356912
	speed: 0.0887s/iter; left time: 7387.2998s
	iters: 500, epoch: 141 | loss: 0.2338268
	speed: 0.0886s/iter; left time: 7371.0334s
Epoch: 141 cost time: 47.418747663497925
[2025-05-30 00:12:17] [32mIntermediate result: 0.28584304  (Index 140)[0m
Epoch: 141, Steps: 523 | Train Loss: 0.2445042 Vali Loss: 0.2828908 Test Loss: 0.2858430
Validation loss decreased (0.286277 --> 0.282891).  Saving model ...
Updating learning rate to 8.613881025894113e-05
	iters: 100, epoch: 142 | loss: 0.2670523
	speed: 0.3674s/iter; left time: 30515.2884s
	iters: 200, epoch: 142 | loss: 0.2508175
	speed: 0.0883s/iter; left time: 7324.0932s
	iters: 300, epoch: 142 | loss: 0.2241683
	speed: 0.0883s/iter; left time: 7320.0474s
	iters: 400, epoch: 142 | loss: 0.2309269
	speed: 0.0889s/iter; left time: 7354.8851s
	iters: 500, epoch: 142 | loss: 0.2357333
	speed: 0.0884s/iter; left time: 7305.7595s
Epoch: 142 cost time: 47.26559591293335
[2025-05-30 00:13:29] [32mIntermediate result: 0.31157053  (Index 141)[0m
Epoch: 142, Steps: 523 | Train Loss: 0.2431577 Vali Loss: 0.3068499 Test Loss: 0.3115705
EarlyStopping counter: 1 out of 20
Updating learning rate to 8.561785864553165e-05
	iters: 100, epoch: 143 | loss: 0.2351001
	speed: 0.3598s/iter; left time: 29696.3423s
	iters: 200, epoch: 143 | loss: 0.2667451
	speed: 0.0877s/iter; left time: 7227.2563s
	iters: 300, epoch: 143 | loss: 0.2549368
	speed: 0.0876s/iter; left time: 7211.7667s
	iters: 400, epoch: 143 | loss: 0.2187176
	speed: 0.0888s/iter; left time: 7306.1976s
	iters: 500, epoch: 143 | loss: 0.2754512
	speed: 0.0887s/iter; left time: 7286.8537s
Epoch: 143 cost time: 47.13720655441284
[2025-05-30 00:14:40] [32mIntermediate result: 0.28576905  (Index 142)[0m
Epoch: 143, Steps: 523 | Train Loss: 0.2445927 Vali Loss: 0.2840845 Test Loss: 0.2857690
EarlyStopping counter: 2 out of 20
Updating learning rate to 8.508893592907268e-05
	iters: 100, epoch: 144 | loss: 0.2553693
	speed: 0.3618s/iter; left time: 29675.3240s
	iters: 200, epoch: 144 | loss: 0.2485657
	speed: 0.0889s/iter; left time: 7281.1039s
	iters: 300, epoch: 144 | loss: 0.2700038
	speed: 0.0889s/iter; left time: 7269.3028s
	iters: 400, epoch: 144 | loss: 0.2261838
	speed: 0.0888s/iter; left time: 7258.4058s
	iters: 500, epoch: 144 | loss: 0.2517308
	speed: 0.0890s/iter; left time: 7259.8945s
Epoch: 144 cost time: 47.51572251319885
[2025-05-30 00:15:53] [32mIntermediate result: 0.28951374  (Index 143)[0m
Epoch: 144, Steps: 523 | Train Loss: 0.2429069 Vali Loss: 0.2853448 Test Loss: 0.2895137
EarlyStopping counter: 3 out of 20
Updating learning rate to 8.45521604805532e-05
	iters: 100, epoch: 145 | loss: 0.2370523
	speed: 0.3707s/iter; left time: 30204.7623s
	iters: 200, epoch: 145 | loss: 0.2383492
	speed: 0.0888s/iter; left time: 7225.9240s
	iters: 300, epoch: 145 | loss: 0.2314110
	speed: 0.0886s/iter; left time: 7199.8257s
	iters: 400, epoch: 145 | loss: 0.2455117
	speed: 0.0886s/iter; left time: 7196.1331s
	iters: 500, epoch: 145 | loss: 0.2420752
	speed: 0.0889s/iter; left time: 7212.1108s
Epoch: 145 cost time: 47.441423654556274
[2025-05-30 00:17:05] [32mIntermediate result: 0.303296  (Index 144)[0m
Epoch: 145, Steps: 523 | Train Loss: 0.2434394 Vali Loss: 0.2970086 Test Loss: 0.3032960
EarlyStopping counter: 4 out of 20
Updating learning rate to 8.400765242837517e-05
	iters: 100, epoch: 146 | loss: 0.2378896
	speed: 0.3649s/iter; left time: 29548.0538s
	iters: 200, epoch: 146 | loss: 0.2684593
	speed: 0.0877s/iter; left time: 7093.7127s
	iters: 300, epoch: 146 | loss: 0.2708279
	speed: 0.0880s/iter; left time: 7108.5408s
	iters: 400, epoch: 146 | loss: 0.2614137
	speed: 0.0887s/iter; left time: 7153.6496s
	iters: 500, epoch: 146 | loss: 0.2388302
	speed: 0.0886s/iter; left time: 7135.3980s
Epoch: 146 cost time: 47.27922463417053
[2025-05-30 00:18:16] [32mIntermediate result: 0.29106885  (Index 145)[0m
Epoch: 146, Steps: 523 | Train Loss: 0.2407693 Vali Loss: 0.2870869 Test Loss: 0.2910689
EarlyStopping counter: 5 out of 20
Updating learning rate to 8.345553363146925e-05
	iters: 100, epoch: 147 | loss: 0.2134353
	speed: 0.3605s/iter; left time: 28998.3430s
	iters: 200, epoch: 147 | loss: 0.2414751
	speed: 0.0879s/iter; left time: 7060.1006s
	iters: 300, epoch: 147 | loss: 0.2333370
	speed: 0.0879s/iter; left time: 7056.7853s
	iters: 400, epoch: 147 | loss: 0.2478950
	speed: 0.0882s/iter; left time: 7072.0813s
	iters: 500, epoch: 147 | loss: 0.2432187
	speed: 0.0889s/iter; left time: 7114.2917s
Epoch: 147 cost time: 47.18567132949829
[2025-05-30 00:19:28] [32mIntermediate result: 0.28706163  (Index 146)[0m
Epoch: 147, Steps: 523 | Train Loss: 0.2419403 Vali Loss: 0.2831757 Test Loss: 0.2870616
EarlyStopping counter: 6 out of 20
Updating learning rate to 8.289592765202319e-05
	iters: 100, epoch: 148 | loss: 0.2440006
	speed: 0.3719s/iter; left time: 29725.7823s
	iters: 200, epoch: 148 | loss: 0.2499938
	speed: 0.0878s/iter; left time: 7007.5048s
	iters: 300, epoch: 148 | loss: 0.2538161
	speed: 0.0886s/iter; left time: 7061.8365s
	iters: 400, epoch: 148 | loss: 0.2593707
	speed: 0.0882s/iter; left time: 7021.5473s
	iters: 500, epoch: 148 | loss: 0.2521109
	speed: 0.0881s/iter; left time: 7009.2421s
Epoch: 148 cost time: 47.30827498435974
[2025-05-30 00:20:40] [32mIntermediate result: 0.2836869  (Index 147)[0m
Epoch: 148, Steps: 523 | Train Loss: 0.2412008 Vali Loss: 0.2821695 Test Loss: 0.2836869
Validation loss decreased (0.282891 --> 0.282170).  Saving model ...
Updating learning rate to 8.232895972782912e-05
	iters: 100, epoch: 149 | loss: 0.2137894
	speed: 0.3626s/iter; left time: 28788.9427s
	iters: 200, epoch: 149 | loss: 0.2341756
	speed: 0.0884s/iter; left time: 7007.5796s
	iters: 300, epoch: 149 | loss: 0.2355667
	speed: 0.0890s/iter; left time: 7051.2776s
	iters: 400, epoch: 149 | loss: 0.2282698
	speed: 0.0889s/iter; left time: 7028.7830s
	iters: 500, epoch: 149 | loss: 0.2334181
	speed: 0.0891s/iter; left time: 7038.3043s
Epoch: 149 cost time: 47.55601191520691
[2025-05-30 00:21:52] [32mIntermediate result: 0.28327793  (Index 148)[0m
Epoch: 149, Steps: 523 | Train Loss: 0.2393853 Vali Loss: 0.2804944 Test Loss: 0.2832779
Validation loss decreased (0.282170 --> 0.280494).  Saving model ...
Updating learning rate to 8.175475674425579e-05
	iters: 100, epoch: 150 | loss: 0.2652210
	speed: 0.3600s/iter; left time: 28396.5733s
	iters: 200, epoch: 150 | loss: 0.2505104
	speed: 0.0882s/iter; left time: 6947.9520s
	iters: 300, epoch: 150 | loss: 0.2436666
	speed: 0.0883s/iter; left time: 6946.7446s
	iters: 400, epoch: 150 | loss: 0.2104866
	speed: 0.0882s/iter; left time: 6932.8824s
	iters: 500, epoch: 150 | loss: 0.2322903
	speed: 0.0887s/iter; left time: 6964.0159s
Epoch: 150 cost time: 47.22058057785034
[2025-05-30 00:23:04] [32mIntermediate result: 0.28920552  (Index 149)[0m
Epoch: 150, Steps: 523 | Train Loss: 0.2402793 Vali Loss: 0.2867343 Test Loss: 0.2892055
EarlyStopping counter: 1 out of 20
Updating learning rate to 8.117344720585192e-05
	iters: 100, epoch: 151 | loss: 0.2356716
	speed: 0.3684s/iter; left time: 28862.1660s
	iters: 200, epoch: 151 | loss: 0.2323404
	speed: 0.0888s/iter; left time: 6952.3635s
	iters: 300, epoch: 151 | loss: 0.2437715
	speed: 0.0887s/iter; left time: 6934.2254s
	iters: 400, epoch: 151 | loss: 0.2303173
	speed: 0.0890s/iter; left time: 6944.4880s
	iters: 500, epoch: 151 | loss: 0.2186508
	speed: 0.0887s/iter; left time: 6916.0025s
Epoch: 151 cost time: 47.514978885650635
[2025-05-30 00:24:16] [32mIntermediate result: 0.29612556  (Index 150)[0m
Epoch: 151, Steps: 523 | Train Loss: 0.2390338 Vali Loss: 0.2904849 Test Loss: 0.2961256
EarlyStopping counter: 2 out of 20
Updating learning rate to 8.058516120758759e-05
	iters: 100, epoch: 152 | loss: 0.2452788
	speed: 0.3628s/iter; left time: 28239.8461s
	iters: 200, epoch: 152 | loss: 0.2199485
	speed: 0.0883s/iter; left time: 6861.9582s
	iters: 300, epoch: 152 | loss: 0.2397575
	speed: 0.0891s/iter; left time: 6913.0558s
	iters: 400, epoch: 152 | loss: 0.2261463
	speed: 0.0892s/iter; left time: 6918.3146s
	iters: 500, epoch: 152 | loss: 0.2097511
	speed: 0.0892s/iter; left time: 6905.4717s
Epoch: 152 cost time: 47.473949670791626
[2025-05-30 00:25:27] [32mIntermediate result: 0.2888551  (Index 151)[0m
Epoch: 152, Steps: 523 | Train Loss: 0.2395917 Vali Loss: 0.2846935 Test Loss: 0.2888551
EarlyStopping counter: 3 out of 20
Updating learning rate to 7.99900304057393e-05
	iters: 100, epoch: 153 | loss: 0.2267501
	speed: 0.3601s/iter; left time: 27838.6472s
	iters: 200, epoch: 153 | loss: 0.2461184
	speed: 0.0887s/iter; left time: 6847.4793s
	iters: 300, epoch: 153 | loss: 0.2228848
	speed: 0.0885s/iter; left time: 6825.5390s
	iters: 400, epoch: 153 | loss: 0.2100323
	speed: 0.0888s/iter; left time: 6835.9774s
	iters: 500, epoch: 153 | loss: 0.2283736
	speed: 0.0887s/iter; left time: 6823.4784s
Epoch: 153 cost time: 47.37937545776367
[2025-05-30 00:26:39] [32mIntermediate result: 0.28716  (Index 152)[0m
Epoch: 153, Steps: 523 | Train Loss: 0.2376258 Vali Loss: 0.2849355 Test Loss: 0.2871600
EarlyStopping counter: 4 out of 20
Updating learning rate to 7.938818798842578e-05
	iters: 100, epoch: 154 | loss: 0.2725590
	speed: 0.3679s/iter; left time: 28251.3623s
	iters: 200, epoch: 154 | loss: 0.2148836
	speed: 0.0888s/iter; left time: 6807.1311s
	iters: 300, epoch: 154 | loss: 0.2478388
	speed: 0.0887s/iter; left time: 6792.5213s
	iters: 400, epoch: 154 | loss: 0.2206608
	speed: 0.0886s/iter; left time: 6773.4527s
	iters: 500, epoch: 154 | loss: 0.2072202
	speed: 0.0886s/iter; left time: 6770.2551s
Epoch: 154 cost time: 47.413106203079224
[2025-05-30 00:27:51] [32mIntermediate result: 0.28103474  (Index 153)[0m
Epoch: 154, Steps: 523 | Train Loss: 0.2373936 Vali Loss: 0.2781491 Test Loss: 0.2810347
Validation loss decreased (0.280494 --> 0.278149).  Saving model ...
Updating learning rate to 7.877976864580102e-05
	iters: 100, epoch: 155 | loss: 0.2348888
	speed: 0.3621s/iter; left time: 27612.8603s
	iters: 200, epoch: 155 | loss: 0.2568787
	speed: 0.0877s/iter; left time: 6677.0816s
	iters: 300, epoch: 155 | loss: 0.2430699
	speed: 0.0879s/iter; left time: 6687.7823s
	iters: 400, epoch: 155 | loss: 0.2477949
	speed: 0.0888s/iter; left time: 6746.8877s
	iters: 500, epoch: 155 | loss: 0.2244455
	speed: 0.0892s/iter; left time: 6768.5724s
Epoch: 155 cost time: 47.149970054626465
[2025-05-30 00:29:03] [32mIntermediate result: 0.3032236  (Index 154)[0m
Epoch: 155, Steps: 523 | Train Loss: 0.2383154 Vali Loss: 0.2987618 Test Loss: 0.3032236
EarlyStopping counter: 1 out of 20
Updating learning rate to 7.816490853991113e-05
	iters: 100, epoch: 156 | loss: 0.2403153
	speed: 0.3631s/iter; left time: 27496.2714s
	iters: 200, epoch: 156 | loss: 0.2283171
	speed: 0.0875s/iter; left time: 6618.7685s
	iters: 300, epoch: 156 | loss: 0.2489792
	speed: 0.0880s/iter; left time: 6648.0299s
	iters: 400, epoch: 156 | loss: 0.2356443
	speed: 0.0873s/iter; left time: 6584.3164s
	iters: 500, epoch: 156 | loss: 0.2329538
	speed: 0.0873s/iter; left time: 6576.6354s
Epoch: 156 cost time: 46.870306968688965
[2025-05-30 00:30:14] [32mIntermediate result: 0.29519558  (Index 155)[0m
Epoch: 156, Steps: 523 | Train Loss: 0.2361788 Vali Loss: 0.2910489 Test Loss: 0.2951956
EarlyStopping counter: 2 out of 20
Updating learning rate to 7.754374527422166e-05
	iters: 100, epoch: 157 | loss: 0.2560149
	speed: 0.3641s/iter; left time: 27382.7640s
	iters: 200, epoch: 157 | loss: 0.2652017
	speed: 0.0873s/iter; left time: 6557.5714s
	iters: 300, epoch: 157 | loss: 0.2155797
	speed: 0.0876s/iter; left time: 6568.9649s
	iters: 400, epoch: 157 | loss: 0.2500854
	speed: 0.0874s/iter; left time: 6545.9940s
	iters: 500, epoch: 157 | loss: 0.2305900
	speed: 0.0873s/iter; left time: 6533.1040s
Epoch: 157 cost time: 46.83936309814453
[2025-05-30 00:31:25] [32mIntermediate result: 0.2927112  (Index 156)[0m
Epoch: 157, Steps: 523 | Train Loss: 0.2364420 Vali Loss: 0.2872850 Test Loss: 0.2927112
EarlyStopping counter: 3 out of 20
Updating learning rate to 7.691641786282249e-05
	iters: 100, epoch: 158 | loss: 0.2492249
	speed: 0.3605s/iter; left time: 26923.8150s
	iters: 200, epoch: 158 | loss: 0.2636503
	speed: 0.0878s/iter; left time: 6550.4732s
	iters: 300, epoch: 158 | loss: 0.2222303
	speed: 0.0884s/iter; left time: 6581.7696s
	iters: 400, epoch: 158 | loss: 0.2326315
	speed: 0.0888s/iter; left time: 6603.1036s
	iters: 500, epoch: 158 | loss: 0.2309597
	speed: 0.0880s/iter; left time: 6535.8729s
Epoch: 158 cost time: 47.12903118133545
[2025-05-30 00:32:36] [32mIntermediate result: 0.28522173  (Index 157)[0m
Epoch: 158, Steps: 523 | Train Loss: 0.2361825 Vali Loss: 0.2813345 Test Loss: 0.2852217
EarlyStopping counter: 4 out of 20
Updating learning rate to 7.628306669931706e-05
	iters: 100, epoch: 159 | loss: 0.2557555
	speed: 0.3544s/iter; left time: 26288.2775s
	iters: 200, epoch: 159 | loss: 0.2304806
	speed: 0.0888s/iter; left time: 6578.4921s
	iters: 300, epoch: 159 | loss: 0.2110890
	speed: 0.0884s/iter; left time: 6539.9521s
	iters: 400, epoch: 159 | loss: 0.2207943
	speed: 0.0888s/iter; left time: 6559.9842s
	iters: 500, epoch: 159 | loss: 0.2530374
	speed: 0.0889s/iter; left time: 6561.0243s
Epoch: 159 cost time: 47.49628496170044
[2025-05-30 00:33:49] [32mIntermediate result: 0.2798514  (Index 158)[0m
Epoch: 159, Steps: 523 | Train Loss: 0.2358794 Vali Loss: 0.2763532 Test Loss: 0.2798514
Validation loss decreased (0.278149 --> 0.276353).  Saving model ...
Updating learning rate to 7.564383352540268e-05
	iters: 100, epoch: 160 | loss: 0.2396310
	speed: 0.3729s/iter; left time: 27461.7364s
	iters: 200, epoch: 160 | loss: 0.2335782
	speed: 0.0887s/iter; left time: 6522.1642s
	iters: 300, epoch: 160 | loss: 0.2392401
	speed: 0.0887s/iter; left time: 6516.8853s
	iters: 400, epoch: 160 | loss: 0.2184530
	speed: 0.0888s/iter; left time: 6515.7672s
	iters: 500, epoch: 160 | loss: 0.2559612
	speed: 0.0889s/iter; left time: 6509.4641s
Epoch: 160 cost time: 47.51263165473938
[2025-05-30 00:35:01] [32mIntermediate result: 0.2812585  (Index 159)[0m
Epoch: 160, Steps: 523 | Train Loss: 0.2359148 Vali Loss: 0.2775673 Test Loss: 0.2812585
EarlyStopping counter: 1 out of 20
Updating learning rate to 7.499886139914926e-05
	iters: 100, epoch: 161 | loss: 0.2544467
	speed: 0.3640s/iter; left time: 26616.1588s
	iters: 200, epoch: 161 | loss: 0.2115900
	speed: 0.0889s/iter; left time: 6491.3328s
	iters: 300, epoch: 161 | loss: 0.2541002
	speed: 0.0888s/iter; left time: 6474.9389s
	iters: 400, epoch: 161 | loss: 0.2141968
	speed: 0.0888s/iter; left time: 6463.0870s
	iters: 500, epoch: 161 | loss: 0.2493008
	speed: 0.0887s/iter; left time: 6452.1116s
Epoch: 161 cost time: 47.50581479072571
[2025-05-30 00:36:12] [32mIntermediate result: 0.28069288  (Index 160)[0m
Epoch: 161, Steps: 523 | Train Loss: 0.2347915 Vali Loss: 0.2781072 Test Loss: 0.2806929
EarlyStopping counter: 2 out of 20
Updating learning rate to 7.434829466298356e-05
	iters: 100, epoch: 162 | loss: 0.2560940
	speed: 0.3607s/iter; left time: 26183.7250s
	iters: 200, epoch: 162 | loss: 0.2391846
	speed: 0.0880s/iter; left time: 6383.2242s
	iters: 300, epoch: 162 | loss: 0.2257864
	speed: 0.0891s/iter; left time: 6454.0129s
	iters: 400, epoch: 162 | loss: 0.2045758
	speed: 0.0889s/iter; left time: 6426.9527s
	iters: 500, epoch: 162 | loss: 0.2194590
	speed: 0.0887s/iter; left time: 6400.7028s
Epoch: 162 cost time: 47.506574392318726
[2025-05-30 00:37:25] [32mIntermediate result: 0.28106156  (Index 161)[0m
Epoch: 162, Steps: 523 | Train Loss: 0.2345470 Vali Loss: 0.2787734 Test Loss: 0.2810616
EarlyStopping counter: 3 out of 20
Updating learning rate to 7.36922789113857e-05
	iters: 100, epoch: 163 | loss: 0.2345382
	speed: 0.3704s/iter; left time: 26699.2093s
	iters: 200, epoch: 163 | loss: 0.2171040
	speed: 0.0880s/iter; left time: 6334.1732s
	iters: 300, epoch: 163 | loss: 0.2383489
	speed: 0.0879s/iter; left time: 6320.1865s
	iters: 400, epoch: 163 | loss: 0.2479145
	speed: 0.0879s/iter; left time: 6308.0849s
	iters: 500, epoch: 163 | loss: 0.2175724
	speed: 0.0878s/iter; left time: 6292.6748s
Epoch: 163 cost time: 47.394333839416504
[2025-05-30 00:38:36] [32mIntermediate result: 0.27918467  (Index 162)[0m
Epoch: 163, Steps: 523 | Train Loss: 0.2335983 Vali Loss: 0.2762716 Test Loss: 0.2791847
Validation loss decreased (0.276353 --> 0.276272).  Saving model ...
Updating learning rate to 7.303096095830575e-05
	iters: 100, epoch: 164 | loss: 0.1968366
	speed: 0.3594s/iter; left time: 25715.3808s
	iters: 200, epoch: 164 | loss: 0.2488519
	speed: 0.0880s/iter; left time: 6288.5717s
	iters: 300, epoch: 164 | loss: 0.2351017
	speed: 0.0878s/iter; left time: 6262.9340s
	iters: 400, epoch: 164 | loss: 0.2433475
	speed: 0.0882s/iter; left time: 6285.7268s
	iters: 500, epoch: 164 | loss: 0.2476535
	speed: 0.0878s/iter; left time: 6247.2446s
Epoch: 164 cost time: 47.18546009063721
[2025-05-30 00:39:47] [32mIntermediate result: 0.27960962  (Index 163)[0m
Epoch: 164, Steps: 523 | Train Loss: 0.2332460 Vali Loss: 0.2760290 Test Loss: 0.2796096
Validation loss decreased (0.276272 --> 0.276029).  Saving model ...
Updating learning rate to 7.236448880430728e-05
	iters: 100, epoch: 165 | loss: 0.2206121
	speed: 0.3609s/iter; left time: 25633.1290s
	iters: 200, epoch: 165 | loss: 0.2246972
	speed: 0.0889s/iter; left time: 6303.2350s
	iters: 300, epoch: 165 | loss: 0.2052769
	speed: 0.0891s/iter; left time: 6308.1909s
	iters: 400, epoch: 165 | loss: 0.2196063
	speed: 0.0887s/iter; left time: 6277.1583s
	iters: 500, epoch: 165 | loss: 0.2251772
	speed: 0.0891s/iter; left time: 6294.0616s
Epoch: 165 cost time: 47.516743183135986
[2025-05-30 00:41:00] [32mIntermediate result: 0.28194994  (Index 164)[0m
Epoch: 165, Steps: 523 | Train Loss: 0.2328897 Vali Loss: 0.2794004 Test Loss: 0.2819499
EarlyStopping counter: 1 out of 20
Updating learning rate to 7.169301160344536e-05
	iters: 100, epoch: 166 | loss: 0.2258746
	speed: 0.3721s/iter; left time: 26236.1103s
	iters: 200, epoch: 166 | loss: 0.2164288
	speed: 0.0893s/iter; left time: 6284.7723s
	iters: 300, epoch: 166 | loss: 0.2054955
	speed: 0.0890s/iter; left time: 6259.3862s
	iters: 400, epoch: 166 | loss: 0.2465260
	speed: 0.0889s/iter; left time: 6238.4582s
	iters: 500, epoch: 166 | loss: 0.2422150
	speed: 0.0891s/iter; left time: 6244.1004s
Epoch: 166 cost time: 47.64639186859131
[2025-05-30 00:42:11] [32mIntermediate result: 0.28063637  (Index 165)[0m
Epoch: 166, Steps: 523 | Train Loss: 0.2329492 Vali Loss: 0.2781766 Test Loss: 0.2806364
EarlyStopping counter: 2 out of 20
Updating learning rate to 7.101667962988641e-05
	iters: 100, epoch: 167 | loss: 0.2457949
	speed: 0.3575s/iter; left time: 25020.9107s
	iters: 200, epoch: 167 | loss: 0.2344413
	speed: 0.0886s/iter; left time: 6192.7780s
	iters: 300, epoch: 167 | loss: 0.2277326
	speed: 0.0890s/iter; left time: 6208.9348s
	iters: 400, epoch: 167 | loss: 0.2041709
	speed: 0.0886s/iter; left time: 6176.0253s
	iters: 500, epoch: 167 | loss: 0.2272910
	speed: 0.0888s/iter; left time: 6176.4667s
Epoch: 167 cost time: 47.42192721366882
[2025-05-30 00:43:23] [32mIntermediate result: 0.27976343  (Index 166)[0m
Epoch: 167, Steps: 523 | Train Loss: 0.2314576 Vali Loss: 0.2778443 Test Loss: 0.2797634
EarlyStopping counter: 3 out of 20
Updating learning rate to 7.033564424427747e-05
	iters: 100, epoch: 168 | loss: 0.2418977
	speed: 0.3604s/iter; left time: 25031.7211s
	iters: 200, epoch: 168 | loss: 0.2662773
	speed: 0.0890s/iter; left time: 6172.5846s
	iters: 300, epoch: 168 | loss: 0.2402940
	speed: 0.0886s/iter; left time: 6135.4453s
	iters: 400, epoch: 168 | loss: 0.2230626
	speed: 0.0889s/iter; left time: 6149.6882s
	iters: 500, epoch: 168 | loss: 0.2102682
	speed: 0.0890s/iter; left time: 6143.2336s
Epoch: 168 cost time: 47.490797996520996
[2025-05-30 00:44:36] [32mIntermediate result: 0.27693835  (Index 167)[0m
Epoch: 168, Steps: 523 | Train Loss: 0.2325430 Vali Loss: 0.2760447 Test Loss: 0.2769383
EarlyStopping counter: 4 out of 20
Updating learning rate to 6.965005785987207e-05
	iters: 100, epoch: 169 | loss: 0.2118605
	speed: 0.3738s/iter; left time: 25767.0469s
	iters: 200, epoch: 169 | loss: 0.2417491
	speed: 0.0886s/iter; left time: 6097.5391s
	iters: 300, epoch: 169 | loss: 0.2316629
	speed: 0.0888s/iter; left time: 6101.2578s
	iters: 400, epoch: 169 | loss: 0.2304134
	speed: 0.0885s/iter; left time: 6071.7278s
	iters: 500, epoch: 169 | loss: 0.2231300
	speed: 0.0891s/iter; left time: 6103.5829s
Epoch: 169 cost time: 47.52378559112549
[2025-05-30 00:45:47] [32mIntermediate result: 0.28409985  (Index 168)[0m
Epoch: 169, Steps: 523 | Train Loss: 0.2310773 Vali Loss: 0.2814355 Test Loss: 0.2840998
EarlyStopping counter: 5 out of 20
Updating learning rate to 6.896007390842088e-05
	iters: 100, epoch: 170 | loss: 0.2527283
	speed: 0.3614s/iter; left time: 24727.4983s
	iters: 200, epoch: 170 | loss: 0.2361386
	speed: 0.0887s/iter; left time: 6056.7096s
	iters: 300, epoch: 170 | loss: 0.2532245
	speed: 0.0884s/iter; left time: 6033.2663s
	iters: 400, epoch: 170 | loss: 0.2488533
	speed: 0.0887s/iter; left time: 6039.4568s
	iters: 500, epoch: 170 | loss: 0.2428733
	speed: 0.0888s/iter; left time: 6038.7451s
Epoch: 170 cost time: 47.38801097869873
[2025-05-30 00:46:59] [32mIntermediate result: 0.28074542  (Index 169)[0m
Epoch: 170, Steps: 523 | Train Loss: 0.2312000 Vali Loss: 0.2785288 Test Loss: 0.2807454
EarlyStopping counter: 6 out of 20
Updating learning rate to 6.826584680583407e-05
	iters: 100, epoch: 171 | loss: 0.2173127
	speed: 0.3589s/iter; left time: 24365.0987s
	iters: 200, epoch: 171 | loss: 0.2190067
	speed: 0.0887s/iter; left time: 6010.9715s
	iters: 300, epoch: 171 | loss: 0.2393698
	speed: 0.0886s/iter; left time: 5998.9991s
	iters: 400, epoch: 171 | loss: 0.2433078
	speed: 0.0883s/iter; left time: 5969.6097s
	iters: 500, epoch: 171 | loss: 0.2254784
	speed: 0.0885s/iter; left time: 5974.4560s
Epoch: 171 cost time: 47.306787967681885
[2025-05-30 00:48:11] [32mIntermediate result: 0.28060585  (Index 170)[0m
Epoch: 171, Steps: 523 | Train Loss: 0.2303913 Vali Loss: 0.2783230 Test Loss: 0.2806059
EarlyStopping counter: 7 out of 20
Updating learning rate to 6.756753191762376e-05
	iters: 100, epoch: 172 | loss: 0.2067430
	speed: 0.3696s/iter; left time: 24900.1150s
	iters: 200, epoch: 172 | loss: 0.2302141
	speed: 0.0882s/iter; left time: 5935.1206s
	iters: 300, epoch: 172 | loss: 0.2253240
	speed: 0.0885s/iter; left time: 5943.8180s
	iters: 400, epoch: 172 | loss: 0.2348723
	speed: 0.0886s/iter; left time: 5943.4408s
	iters: 500, epoch: 172 | loss: 0.2366848
	speed: 0.0885s/iter; left time: 5929.0172s
Epoch: 172 cost time: 47.24847745895386
[2025-05-30 00:49:23] [32mIntermediate result: 0.2837252  (Index 171)[0m
Epoch: 172, Steps: 523 | Train Loss: 0.2304025 Vali Loss: 0.2805548 Test Loss: 0.2837252
EarlyStopping counter: 8 out of 20
Updating learning rate to 6.686528552413364e-05
	iters: 100, epoch: 173 | loss: 0.2169657
	speed: 0.3623s/iter; left time: 24219.8337s
	iters: 200, epoch: 173 | loss: 0.2269005
	speed: 0.0883s/iter; left time: 5890.3282s
	iters: 300, epoch: 173 | loss: 0.2283295
	speed: 0.0882s/iter; left time: 5880.7110s
	iters: 400, epoch: 173 | loss: 0.2368137
	speed: 0.0879s/iter; left time: 5846.6991s
	iters: 500, epoch: 173 | loss: 0.2166118
	speed: 0.0880s/iter; left time: 5844.8228s
Epoch: 173 cost time: 47.12731671333313
[2025-05-30 00:50:33] [32mIntermediate result: 0.27762568  (Index 172)[0m
Epoch: 173, Steps: 523 | Train Loss: 0.2297777 Vali Loss: 0.2757363 Test Loss: 0.2776257
Validation loss decreased (0.276029 --> 0.275736).  Saving model ...
Updating learning rate to 6.615926478556403e-05
	iters: 100, epoch: 174 | loss: 0.2527803
	speed: 0.3544s/iter; left time: 23506.0225s
	iters: 200, epoch: 174 | loss: 0.2655140
	speed: 0.0880s/iter; left time: 5825.3112s
	iters: 300, epoch: 174 | loss: 0.2317082
	speed: 0.0879s/iter; left time: 5813.7114s
	iters: 400, epoch: 174 | loss: 0.2338298
	speed: 0.0881s/iter; left time: 5816.8209s
	iters: 500, epoch: 174 | loss: 0.2277109
	speed: 0.0884s/iter; left time: 5825.3135s
Epoch: 174 cost time: 47.16359496116638
[2025-05-30 00:51:46] [32mIntermediate result: 0.2964913  (Index 173)[0m
Epoch: 174, Steps: 523 | Train Loss: 0.2293214 Vali Loss: 0.2911280 Test Loss: 0.2964913
EarlyStopping counter: 1 out of 20
Updating learning rate to 6.544962770680007e-05
	iters: 100, epoch: 175 | loss: 0.2541537
	speed: 0.3694s/iter; left time: 24307.7826s
	iters: 200, epoch: 175 | loss: 0.2272344
	speed: 0.0887s/iter; left time: 5827.8870s
	iters: 300, epoch: 175 | loss: 0.2057563
	speed: 0.0887s/iter; left time: 5816.9574s
	iters: 400, epoch: 175 | loss: 0.2063277
	speed: 0.0887s/iter; left time: 5806.9094s
	iters: 500, epoch: 175 | loss: 0.2430903
	speed: 0.0886s/iter; left time: 5796.1028s
Epoch: 175 cost time: 47.4806113243103
[2025-05-30 00:52:57] [32mIntermediate result: 0.28307053  (Index 174)[0m
Epoch: 175, Steps: 523 | Train Loss: 0.2295064 Vali Loss: 0.2794469 Test Loss: 0.2830705
EarlyStopping counter: 2 out of 20
Updating learning rate to 6.473653310205072e-05
	iters: 100, epoch: 176 | loss: 0.2490705
	speed: 0.3596s/iter; left time: 23473.5726s
	iters: 200, epoch: 176 | loss: 0.2343110
	speed: 0.0882s/iter; left time: 5748.6747s
	iters: 300, epoch: 176 | loss: 0.2349931
	speed: 0.0883s/iter; left time: 5743.3839s
	iters: 400, epoch: 176 | loss: 0.2150250
	speed: 0.0882s/iter; left time: 5732.8321s
	iters: 500, epoch: 176 | loss: 0.2524014
	speed: 0.0880s/iter; left time: 5708.0363s
Epoch: 176 cost time: 47.097094774246216
[2025-05-30 00:54:08] [32mIntermediate result: 0.281011  (Index 175)[0m
Epoch: 176, Steps: 523 | Train Loss: 0.2291264 Vali Loss: 0.2781515 Test Loss: 0.2810110
EarlyStopping counter: 3 out of 20
Updating learning rate to 6.40201405593067e-05
	iters: 100, epoch: 177 | loss: 0.2163985
	speed: 0.3560s/iter; left time: 23049.8079s
	iters: 200, epoch: 177 | loss: 0.1961723
	speed: 0.0878s/iter; left time: 5675.3238s
	iters: 300, epoch: 177 | loss: 0.2339457
	speed: 0.0876s/iter; left time: 5657.7818s
	iters: 400, epoch: 177 | loss: 0.2328635
	speed: 0.0884s/iter; left time: 5695.3357s
	iters: 500, epoch: 177 | loss: 0.2554855
	speed: 0.0884s/iter; left time: 5691.4625s
Epoch: 177 cost time: 47.16500806808472
[2025-05-30 00:55:19] [32mIntermediate result: 0.28156742  (Index 176)[0m
Epoch: 177, Steps: 523 | Train Loss: 0.2284518 Vali Loss: 0.2772682 Test Loss: 0.2815674
EarlyStopping counter: 4 out of 20
Updating learning rate to 6.330061040462534e-05
	iters: 100, epoch: 178 | loss: 0.2354498
	speed: 0.3624s/iter; left time: 23275.4232s
	iters: 200, epoch: 178 | loss: 0.2503110
	speed: 0.0882s/iter; left time: 5654.1229s
	iters: 300, epoch: 178 | loss: 0.2334459
	speed: 0.0884s/iter; left time: 5658.5164s
	iters: 400, epoch: 178 | loss: 0.2303696
	speed: 0.0887s/iter; left time: 5668.1057s
	iters: 500, epoch: 178 | loss: 0.2336095
	speed: 0.0882s/iter; left time: 5632.4836s
Epoch: 178 cost time: 47.276347160339355
[2025-05-30 00:56:31] [32mIntermediate result: 0.2792396  (Index 177)[0m
Epoch: 178, Steps: 523 | Train Loss: 0.2281217 Vali Loss: 0.2772944 Test Loss: 0.2792396
EarlyStopping counter: 5 out of 20
Updating learning rate to 6.257810366625022e-05
	iters: 100, epoch: 179 | loss: 0.2144946
	speed: 0.3612s/iter; left time: 23010.9913s
	iters: 200, epoch: 179 | loss: 0.2234361
	speed: 0.0883s/iter; left time: 5618.7108s
	iters: 300, epoch: 179 | loss: 0.2200265
	speed: 0.0883s/iter; left time: 5609.9997s
	iters: 400, epoch: 179 | loss: 0.2064194
	speed: 0.0885s/iter; left time: 5612.8304s
	iters: 500, epoch: 179 | loss: 0.2045138
	speed: 0.0884s/iter; left time: 5599.0171s
Epoch: 179 cost time: 47.32263255119324
[2025-05-30 00:57:42] [32mIntermediate result: 0.27904728  (Index 178)[0m
Epoch: 179, Steps: 523 | Train Loss: 0.2281637 Vali Loss: 0.2763448 Test Loss: 0.2790473
EarlyStopping counter: 6 out of 20
Updating learning rate to 6.185278203857347e-05
	iters: 100, epoch: 180 | loss: 0.2535354
	speed: 0.3607s/iter; left time: 22787.4416s
	iters: 200, epoch: 180 | loss: 0.2581351
	speed: 0.0889s/iter; left time: 5605.3443s
	iters: 300, epoch: 180 | loss: 0.2025542
	speed: 0.0889s/iter; left time: 5598.1764s
	iters: 400, epoch: 180 | loss: 0.2434175
	speed: 0.0887s/iter; left time: 5579.5911s
	iters: 500, epoch: 180 | loss: 0.2262929
	speed: 0.0887s/iter; left time: 5571.7778s
Epoch: 180 cost time: 47.387043476104736
[2025-05-30 00:58:54] [32mIntermediate result: 0.2805834  (Index 179)[0m
Epoch: 180, Steps: 523 | Train Loss: 0.2266957 Vali Loss: 0.2778583 Test Loss: 0.2805834
EarlyStopping counter: 7 out of 20
Updating learning rate to 6.112480784594931e-05
	iters: 100, epoch: 181 | loss: 0.2239280
	speed: 0.3647s/iter; left time: 22852.5771s
	iters: 200, epoch: 181 | loss: 0.2323537
	speed: 0.0878s/iter; left time: 5494.6897s
	iters: 300, epoch: 181 | loss: 0.2018531
	speed: 0.0876s/iter; left time: 5474.2375s
	iters: 400, epoch: 181 | loss: 0.2169517
	speed: 0.0875s/iter; left time: 5456.8114s
	iters: 500, epoch: 181 | loss: 0.2482444
	speed: 0.0873s/iter; left time: 5434.0772s
Epoch: 181 cost time: 46.75979399681091
[2025-05-30 01:00:05] [32mIntermediate result: 0.28231147  (Index 180)[0m
Epoch: 181, Steps: 523 | Train Loss: 0.2264786 Vali Loss: 0.2792360 Test Loss: 0.2823115
EarlyStopping counter: 8 out of 20
Updating learning rate to 6.039434400636639e-05
	iters: 100, epoch: 182 | loss: 0.2160265
	speed: 0.3563s/iter; left time: 22136.8049s
	iters: 200, epoch: 182 | loss: 0.2207884
	speed: 0.0888s/iter; left time: 5510.6861s
	iters: 300, epoch: 182 | loss: 0.2175561
	speed: 0.0887s/iter; left time: 5493.7112s
	iters: 400, epoch: 182 | loss: 0.2358925
	speed: 0.0890s/iter; left time: 5501.2071s
	iters: 500, epoch: 182 | loss: 0.2174718
	speed: 0.0890s/iter; left time: 5493.4612s
Epoch: 182 cost time: 47.3746337890625
[2025-05-30 01:01:16] [32mIntermediate result: 0.27700955  (Index 181)[0m
Epoch: 182, Steps: 523 | Train Loss: 0.2269655 Vali Loss: 0.2743534 Test Loss: 0.2770095
Validation loss decreased (0.275736 --> 0.274353).  Saving model ...
Updating learning rate to 5.966155399498734e-05
	iters: 100, epoch: 183 | loss: 0.2469994
	speed: 0.3591s/iter; left time: 22124.7624s
	iters: 200, epoch: 183 | loss: 0.2245621
	speed: 0.0886s/iter; left time: 5451.1934s
	iters: 300, epoch: 183 | loss: 0.2145462
	speed: 0.0888s/iter; left time: 5456.5719s
	iters: 400, epoch: 183 | loss: 0.2607508
	speed: 0.0887s/iter; left time: 5436.2890s
	iters: 500, epoch: 183 | loss: 0.2702547
	speed: 0.0884s/iter; left time: 5410.5003s
Epoch: 183 cost time: 47.34653639793396
[2025-05-30 01:02:28] [32mIntermediate result: 0.28648174  (Index 182)[0m
Epoch: 183, Steps: 523 | Train Loss: 0.2263053 Vali Loss: 0.2829053 Test Loss: 0.2864817
EarlyStopping counter: 1 out of 20
Updating learning rate to 5.892660180756357e-05
	iters: 100, epoch: 184 | loss: 0.2577128
	speed: 0.3662s/iter; left time: 22373.3309s
	iters: 200, epoch: 184 | loss: 0.2038219
	speed: 0.0876s/iter; left time: 5341.0107s
	iters: 300, epoch: 184 | loss: 0.2511003
	speed: 0.0890s/iter; left time: 5420.3417s
	iters: 400, epoch: 184 | loss: 0.2154785
	speed: 0.0887s/iter; left time: 5390.4929s
	iters: 500, epoch: 184 | loss: 0.2113452
	speed: 0.0886s/iter; left time: 5376.2153s
Epoch: 184 cost time: 47.29991674423218
[2025-05-30 01:03:40] [32mIntermediate result: 0.2791899  (Index 183)[0m
Epoch: 184, Steps: 523 | Train Loss: 0.2256883 Vali Loss: 0.2751621 Test Loss: 0.2791899
EarlyStopping counter: 2 out of 20
Updating learning rate to 5.8189651923733755e-05
	iters: 100, epoch: 185 | loss: 0.2721531
	speed: 0.3602s/iter; left time: 21815.1802s
	iters: 200, epoch: 185 | loss: 0.2258346
	speed: 0.0887s/iter; left time: 5366.0475s
	iters: 300, epoch: 185 | loss: 0.2334025
	speed: 0.0876s/iter; left time: 5287.2730s
	iters: 400, epoch: 185 | loss: 0.2432465
	speed: 0.0877s/iter; left time: 5285.4681s
	iters: 500, epoch: 185 | loss: 0.2158875
	speed: 0.0875s/iter; left time: 5263.7713s
Epoch: 185 cost time: 46.98395752906799
[2025-05-30 01:04:51] [32mIntermediate result: 0.27558908  (Index 184)[0m
Epoch: 185, Steps: 523 | Train Loss: 0.2254677 Vali Loss: 0.2737732 Test Loss: 0.2755891
Validation loss decreased (0.274353 --> 0.273773).  Saving model ...
Updating learning rate to 5.745086927021368e-05
	iters: 100, epoch: 186 | loss: 0.2347941
	speed: 0.3551s/iter; left time: 21321.4642s
	iters: 200, epoch: 186 | loss: 0.2025654
	speed: 0.0885s/iter; left time: 5307.4168s
	iters: 300, epoch: 186 | loss: 0.2502311
	speed: 0.0883s/iter; left time: 5282.4876s
	iters: 400, epoch: 186 | loss: 0.2311068
	speed: 0.0882s/iter; left time: 5267.8190s
	iters: 500, epoch: 186 | loss: 0.2084941
	speed: 0.0888s/iter; left time: 5294.8493s
Epoch: 186 cost time: 47.25291132926941
[2025-05-30 01:06:03] [32mIntermediate result: 0.2864673  (Index 185)[0m
Epoch: 186, Steps: 523 | Train Loss: 0.2253623 Vali Loss: 0.2828549 Test Loss: 0.2864673
EarlyStopping counter: 1 out of 20
Updating learning rate to 5.671041918388644e-05
	iters: 100, epoch: 187 | loss: 0.2221940
	speed: 0.3679s/iter; left time: 21899.0423s
	iters: 200, epoch: 187 | loss: 0.2522497
	speed: 0.0880s/iter; left time: 5227.2268s
	iters: 300, epoch: 187 | loss: 0.2286823
	speed: 0.0880s/iter; left time: 5222.3867s
	iters: 400, epoch: 187 | loss: 0.2035054
	speed: 0.0880s/iter; left time: 5213.3315s
	iters: 500, epoch: 187 | loss: 0.2177779
	speed: 0.0875s/iter; left time: 5176.0483s
Epoch: 187 cost time: 47.06802678108215
[2025-05-30 01:07:14] [32mIntermediate result: 0.2821378  (Index 186)[0m
Epoch: 187, Steps: 523 | Train Loss: 0.2250232 Vali Loss: 0.2805052 Test Loss: 0.2821378
EarlyStopping counter: 2 out of 20
Updating learning rate to 5.596846737480049e-05
	iters: 100, epoch: 188 | loss: 0.2321528
	speed: 0.3577s/iter; left time: 21105.3377s
	iters: 200, epoch: 188 | loss: 0.2322047
	speed: 0.0877s/iter; left time: 5162.6286s
	iters: 300, epoch: 188 | loss: 0.2308475
	speed: 0.0881s/iter; left time: 5178.0298s
	iters: 400, epoch: 188 | loss: 0.2053755
	speed: 0.0878s/iter; left time: 5151.0751s
	iters: 500, epoch: 188 | loss: 0.2105346
	speed: 0.0876s/iter; left time: 5133.1908s
Epoch: 188 cost time: 47.03706502914429
[2025-05-30 01:08:25] [32mIntermediate result: 0.27717602  (Index 187)[0m
Epoch: 188, Steps: 523 | Train Loss: 0.2244526 Vali Loss: 0.2733356 Test Loss: 0.2771760
Validation loss decreased (0.273773 --> 0.273336).  Saving model ...
Updating learning rate to 5.522517988908448e-05
	iters: 100, epoch: 189 | loss: 0.2008900
	speed: 0.3602s/iter; left time: 21065.1453s
	iters: 200, epoch: 189 | loss: 0.2310979
	speed: 0.0887s/iter; left time: 5177.9315s
	iters: 300, epoch: 189 | loss: 0.2627553
	speed: 0.0885s/iter; left time: 5159.7430s
	iters: 400, epoch: 189 | loss: 0.2194634
	speed: 0.0888s/iter; left time: 5164.9897s
	iters: 500, epoch: 189 | loss: 0.2216377
	speed: 0.0888s/iter; left time: 5157.2680s
Epoch: 189 cost time: 47.370009422302246
[2025-05-30 01:09:37] [32mIntermediate result: 0.27738938  (Index 188)[0m
Epoch: 189, Steps: 523 | Train Loss: 0.2244935 Vali Loss: 0.2768560 Test Loss: 0.2773894
EarlyStopping counter: 1 out of 20
Updating learning rate to 5.448072307178656e-05
	iters: 100, epoch: 190 | loss: 0.2347124
	speed: 0.3691s/iter; left time: 21388.8445s
	iters: 200, epoch: 190 | loss: 0.2648571
	speed: 0.0889s/iter; left time: 5146.0676s
	iters: 300, epoch: 190 | loss: 0.2322594
	speed: 0.0888s/iter; left time: 5127.7842s
	iters: 400, epoch: 190 | loss: 0.2415299
	speed: 0.0890s/iter; left time: 5129.3538s
	iters: 500, epoch: 190 | loss: 0.2269587
	speed: 0.0890s/iter; left time: 5121.0102s
Epoch: 190 cost time: 47.38544178009033
[2025-05-30 01:10:49] [32mIntermediate result: 0.2779225  (Index 189)[0m
Epoch: 190, Steps: 523 | Train Loss: 0.2245999 Vali Loss: 0.2749596 Test Loss: 0.2779225
EarlyStopping counter: 2 out of 20
Updating learning rate to 5.373526352964712e-05
	iters: 100, epoch: 191 | loss: 0.2170783
	speed: 0.3599s/iter; left time: 20669.7562s
	iters: 200, epoch: 191 | loss: 0.2032494
	speed: 0.0888s/iter; left time: 5090.9830s
	iters: 300, epoch: 191 | loss: 0.2248448
	speed: 0.0885s/iter; left time: 5067.7315s
	iters: 400, epoch: 191 | loss: 0.2251473
	speed: 0.0887s/iter; left time: 5064.8705s
	iters: 500, epoch: 191 | loss: 0.2139882
	speed: 0.0886s/iter; left time: 5050.4260s
Epoch: 191 cost time: 47.281906604766846
[2025-05-30 01:12:00] [32mIntermediate result: 0.27542442  (Index 190)[0m
Epoch: 191, Steps: 523 | Train Loss: 0.2240927 Vali Loss: 0.2743266 Test Loss: 0.2754244
EarlyStopping counter: 3 out of 20
Updating learning rate to 5.2988968093812724e-05
	iters: 100, epoch: 192 | loss: 0.2039628
	speed: 0.3571s/iter; left time: 20323.0043s
	iters: 200, epoch: 192 | loss: 0.2134596
	speed: 0.0889s/iter; left time: 5049.2161s
	iters: 300, epoch: 192 | loss: 0.2283107
	speed: 0.0884s/iter; left time: 5012.8181s
	iters: 400, epoch: 192 | loss: 0.2023537
	speed: 0.0885s/iter; left time: 5007.3700s
	iters: 500, epoch: 192 | loss: 0.2312612
	speed: 0.0888s/iter; left time: 5019.4822s
Epoch: 192 cost time: 47.32554292678833
[2025-05-30 01:13:12] [32mIntermediate result: 0.28598204  (Index 191)[0m
Epoch: 192, Steps: 523 | Train Loss: 0.2229919 Vali Loss: 0.2824623 Test Loss: 0.2859820
EarlyStopping counter: 4 out of 20
Updating learning rate to 5.22420037824999e-05
	iters: 100, epoch: 193 | loss: 0.2181515
	speed: 0.3651s/iter; left time: 20585.4950s
	iters: 200, epoch: 193 | loss: 0.2033371
	speed: 0.0886s/iter; left time: 4985.2110s
	iters: 300, epoch: 193 | loss: 0.2339315
	speed: 0.0889s/iter; left time: 4995.7332s
	iters: 400, epoch: 193 | loss: 0.2133739
	speed: 0.0889s/iter; left time: 4984.4464s
	iters: 500, epoch: 193 | loss: 0.2162920
	speed: 0.0889s/iter; left time: 4976.3307s
Epoch: 193 cost time: 47.43096160888672
[2025-05-30 01:14:24] [32mIntermediate result: 0.27826798  (Index 192)[0m
Epoch: 193, Steps: 523 | Train Loss: 0.2229076 Vali Loss: 0.2763125 Test Loss: 0.2782680
EarlyStopping counter: 5 out of 20
Updating learning rate to 5.14945377636171e-05
	iters: 100, epoch: 194 | loss: 0.2356146
	speed: 0.3634s/iter; left time: 20300.3401s
	iters: 200, epoch: 194 | loss: 0.2575413
	speed: 0.0884s/iter; left time: 4931.0517s
	iters: 300, epoch: 194 | loss: 0.2215636
	speed: 0.0888s/iter; left time: 4942.3218s
	iters: 400, epoch: 194 | loss: 0.1985391
	speed: 0.0886s/iter; left time: 4922.4425s
	iters: 500, epoch: 194 | loss: 0.2232810
	speed: 0.0883s/iter; left time: 4896.2511s
Epoch: 194 cost time: 47.27959203720093
[2025-05-30 01:15:35] [32mIntermediate result: 0.2816163  (Index 193)[0m
Epoch: 194, Steps: 523 | Train Loss: 0.2230257 Vali Loss: 0.2793378 Test Loss: 0.2816163
EarlyStopping counter: 6 out of 20
Updating learning rate to 5.074673731735314e-05
	iters: 100, epoch: 195 | loss: 0.1993771
	speed: 0.3595s/iter; left time: 19895.9072s
	iters: 200, epoch: 195 | loss: 0.2206437
	speed: 0.0879s/iter; left time: 4854.9653s
	iters: 300, epoch: 195 | loss: 0.2087438
	speed: 0.0883s/iter; left time: 4866.8324s
	iters: 400, epoch: 195 | loss: 0.2095910
	speed: 0.0876s/iter; left time: 4819.9925s
	iters: 500, epoch: 195 | loss: 0.2220725
	speed: 0.0878s/iter; left time: 4822.9375s
Epoch: 195 cost time: 46.962634801864624
[2025-05-30 01:16:46] [32mIntermediate result: 0.27822  (Index 194)[0m
Epoch: 195, Steps: 523 | Train Loss: 0.2228603 Vali Loss: 0.2746104 Test Loss: 0.2782200
EarlyStopping counter: 7 out of 20
Updating learning rate to 4.999876979874043e-05
	iters: 100, epoch: 196 | loss: 0.2141265
	speed: 0.3592s/iter; left time: 19687.9237s
	iters: 200, epoch: 196 | loss: 0.2249414
	speed: 0.0880s/iter; left time: 4814.1770s
	iters: 300, epoch: 196 | loss: 0.2207123
	speed: 0.0878s/iter; left time: 4797.0692s
	iters: 400, epoch: 196 | loss: 0.2289294
	speed: 0.0878s/iter; left time: 4788.9478s
	iters: 500, epoch: 196 | loss: 0.2023530
	speed: 0.0878s/iter; left time: 4777.8536s
Epoch: 196 cost time: 46.932594537734985
[2025-05-30 01:17:57] [32mIntermediate result: 0.2737591  (Index 195)[0m
Epoch: 196, Steps: 523 | Train Loss: 0.2221661 Vali Loss: 0.2725124 Test Loss: 0.2737591
Validation loss decreased (0.273336 --> 0.272512).  Saving model ...
Updating learning rate to 4.925080260020158e-05
	iters: 100, epoch: 197 | loss: 0.2407899
	speed: 0.3620s/iter; left time: 19653.6676s
	iters: 200, epoch: 197 | loss: 0.2211205
	speed: 0.0877s/iter; left time: 4754.4755s
	iters: 300, epoch: 197 | loss: 0.2259151
	speed: 0.0887s/iter; left time: 4797.2763s
	iters: 400, epoch: 197 | loss: 0.2231427
	speed: 0.0890s/iter; left time: 4806.3898s
	iters: 500, epoch: 197 | loss: 0.2294568
	speed: 0.0887s/iter; left time: 4781.6286s
Epoch: 197 cost time: 47.37979435920715
[2025-05-30 01:19:09] [32mIntermediate result: 0.27400994  (Index 196)[0m
Epoch: 197, Steps: 523 | Train Loss: 0.2218388 Vali Loss: 0.2708199 Test Loss: 0.2740099
Validation loss decreased (0.272512 --> 0.270820).  Saving model ...
Updating learning rate to 4.8503003114087574e-05
	iters: 100, epoch: 198 | loss: 0.2401778
	speed: 0.3581s/iter; left time: 19255.9463s
	iters: 200, epoch: 198 | loss: 0.2068723
	speed: 0.0886s/iter; left time: 4755.8216s
	iters: 300, epoch: 198 | loss: 0.2099191
	speed: 0.0888s/iter; left time: 4757.5581s
	iters: 400, epoch: 198 | loss: 0.2371338
	speed: 0.0890s/iter; left time: 4758.1136s
	iters: 500, epoch: 198 | loss: 0.2425498
	speed: 0.0889s/iter; left time: 4745.3470s
Epoch: 198 cost time: 47.4130756855011
[2025-05-30 01:20:21] [32mIntermediate result: 0.27760908  (Index 197)[0m
Epoch: 198, Steps: 523 | Train Loss: 0.2217595 Vali Loss: 0.2739194 Test Loss: 0.2776091
EarlyStopping counter: 1 out of 20
Updating learning rate to 4.775553869521594e-05
	iters: 100, epoch: 199 | loss: 0.2370416
	speed: 0.3666s/iter; left time: 19519.9651s
	iters: 200, epoch: 199 | loss: 0.2398689
	speed: 0.0887s/iter; left time: 4711.5283s
	iters: 300, epoch: 199 | loss: 0.2044753
	speed: 0.0879s/iter; left time: 4664.3358s
	iters: 400, epoch: 199 | loss: 0.2109035
	speed: 0.0876s/iter; left time: 4635.9700s
	iters: 500, epoch: 199 | loss: 0.2230455
	speed: 0.0883s/iter; left time: 4668.6929s
Epoch: 199 cost time: 47.13039493560791
[2025-05-30 01:21:32] [32mIntermediate result: 0.2802802  (Index 198)[0m
Epoch: 199, Steps: 523 | Train Loss: 0.2215415 Vali Loss: 0.2791389 Test Loss: 0.2802802
EarlyStopping counter: 2 out of 20
Updating learning rate to 4.7008576623417445e-05
	iters: 100, epoch: 200 | loss: 0.2009194
	speed: 0.3634s/iter; left time: 19160.7410s
	iters: 200, epoch: 200 | loss: 0.2332305
	speed: 0.0887s/iter; left time: 4669.4528s
	iters: 300, epoch: 200 | loss: 0.2273618
	speed: 0.0875s/iter; left time: 4594.7034s
	iters: 400, epoch: 200 | loss: 0.1977123
	speed: 0.0875s/iter; left time: 4589.1463s
	iters: 500, epoch: 200 | loss: 0.2163765
	speed: 0.0885s/iter; left time: 4630.2992s
Epoch: 200 cost time: 47.09334111213684
[2025-05-30 01:22:44] [32mIntermediate result: 0.2791442  (Index 199)[0m
Epoch: 200, Steps: 523 | Train Loss: 0.2210813 Vali Loss: 0.2746169 Test Loss: 0.2791442
EarlyStopping counter: 3 out of 20
Updating learning rate to 4.6262284066099316e-05
	iters: 100, epoch: 201 | loss: 0.2245969
	speed: 0.3580s/iter; left time: 18687.1904s
	iters: 200, epoch: 201 | loss: 0.2560934
	speed: 0.0883s/iter; left time: 4599.5925s
	iters: 300, epoch: 201 | loss: 0.2102656
	speed: 0.0888s/iter; left time: 4619.1560s
	iters: 400, epoch: 201 | loss: 0.2464974
	speed: 0.0883s/iter; left time: 4584.6641s
	iters: 500, epoch: 201 | loss: 0.1992549
	speed: 0.0890s/iter; left time: 4610.8435s
Epoch: 201 cost time: 47.276554346084595
[2025-05-30 01:23:56] [32mIntermediate result: 0.27351886  (Index 200)[0m
Epoch: 201, Steps: 523 | Train Loss: 0.2207045 Vali Loss: 0.2711341 Test Loss: 0.2735189
EarlyStopping counter: 4 out of 20
Updating learning rate to 4.551682804083389e-05
	iters: 100, epoch: 202 | loss: 0.2261483
	speed: 0.3668s/iter; left time: 18955.5219s
	iters: 200, epoch: 202 | loss: 0.2261078
	speed: 0.0877s/iter; left time: 4524.5123s
	iters: 300, epoch: 202 | loss: 0.2197436
	speed: 0.0880s/iter; left time: 4529.3684s
	iters: 400, epoch: 202 | loss: 0.2251278
	speed: 0.0882s/iter; left time: 4531.0357s
	iters: 500, epoch: 202 | loss: 0.2396067
	speed: 0.0881s/iter; left time: 4519.2271s
Epoch: 202 cost time: 46.99923276901245
[2025-05-30 01:25:07] [32mIntermediate result: 0.27861798  (Index 201)[0m
Epoch: 202, Steps: 523 | Train Loss: 0.2208185 Vali Loss: 0.2759789 Test Loss: 0.2786180
EarlyStopping counter: 5 out of 20
Updating learning rate to 4.477237537798067e-05
	iters: 100, epoch: 203 | loss: 0.2364744
	speed: 0.3575s/iter; left time: 18287.0455s
	iters: 200, epoch: 203 | loss: 0.2046262
	speed: 0.0885s/iter; left time: 4517.2411s
	iters: 300, epoch: 203 | loss: 0.2121980
	speed: 0.0885s/iter; left time: 4511.3851s
	iters: 400, epoch: 203 | loss: 0.2217048
	speed: 0.0887s/iter; left time: 4513.1943s
	iters: 500, epoch: 203 | loss: 0.2056265
	speed: 0.0887s/iter; left time: 4503.5733s
Epoch: 203 cost time: 47.35971665382385
[2025-05-30 01:26:18] [32mIntermediate result: 0.27751854  (Index 202)[0m
Epoch: 203, Steps: 523 | Train Loss: 0.2203803 Vali Loss: 0.2762951 Test Loss: 0.2775185
EarlyStopping counter: 6 out of 20
Updating learning rate to 4.4029092683350274e-05
	iters: 100, epoch: 204 | loss: 0.2269049
	speed: 0.3626s/iter; left time: 18361.5933s
	iters: 200, epoch: 204 | loss: 0.2218331
	speed: 0.0887s/iter; left time: 4481.2621s
	iters: 300, epoch: 204 | loss: 0.2539915
	speed: 0.0889s/iter; left time: 4483.2471s
	iters: 400, epoch: 204 | loss: 0.2244919
	speed: 0.0888s/iter; left time: 4470.3613s
	iters: 500, epoch: 204 | loss: 0.1982072
	speed: 0.0888s/iter; left time: 4458.3301s
Epoch: 204 cost time: 47.42024350166321
[2025-05-30 01:27:31] [32mIntermediate result: 0.27583745  (Index 203)[0m
Epoch: 204, Steps: 523 | Train Loss: 0.2198064 Vali Loss: 0.2727950 Test Loss: 0.2758375
EarlyStopping counter: 7 out of 20
Updating learning rate to 4.3287146300918666e-05
	iters: 100, epoch: 205 | loss: 0.1973126
	speed: 0.3675s/iter; left time: 18413.3999s
	iters: 200, epoch: 205 | loss: 0.2130425
	speed: 0.0891s/iter; left time: 4457.8086s
	iters: 300, epoch: 205 | loss: 0.2143460
	speed: 0.0890s/iter; left time: 4443.7505s
	iters: 400, epoch: 205 | loss: 0.2652610
	speed: 0.0893s/iter; left time: 4447.3889s
	iters: 500, epoch: 205 | loss: 0.2221870
	speed: 0.0892s/iter; left time: 4434.7033s
Epoch: 205 cost time: 47.578288078308105
[2025-05-30 01:28:42] [32mIntermediate result: 0.2776041  (Index 204)[0m
Epoch: 205, Steps: 523 | Train Loss: 0.2198621 Vali Loss: 0.2737459 Test Loss: 0.2776041
EarlyStopping counter: 8 out of 20
Updating learning rate to 4.254670227559997e-05
	iters: 100, epoch: 206 | loss: 0.2093976
	speed: 0.3625s/iter; left time: 17972.8524s
	iters: 200, epoch: 206 | loss: 0.2072712
	speed: 0.0888s/iter; left time: 4395.0220s
	iters: 300, epoch: 206 | loss: 0.2200087
	speed: 0.0886s/iter; left time: 4376.2606s
	iters: 400, epoch: 206 | loss: 0.2098732
	speed: 0.0887s/iter; left time: 4369.5368s
	iters: 500, epoch: 206 | loss: 0.2117379
	speed: 0.0885s/iter; left time: 4354.9105s
Epoch: 206 cost time: 47.469085454940796
[2025-05-30 01:29:54] [32mIntermediate result: 0.27441308  (Index 205)[0m
Epoch: 206, Steps: 523 | Train Loss: 0.2198437 Vali Loss: 0.2719787 Test Loss: 0.2744131
EarlyStopping counter: 9 out of 20
Updating learning rate to 4.1807926316086276e-05
	iters: 100, epoch: 207 | loss: 0.2209622
	speed: 0.3607s/iter; left time: 17696.3081s
	iters: 200, epoch: 207 | loss: 0.2250829
	speed: 0.0890s/iter; left time: 4355.9210s
	iters: 300, epoch: 207 | loss: 0.2403464
	speed: 0.0885s/iter; left time: 4322.6583s
	iters: 400, epoch: 207 | loss: 0.2128433
	speed: 0.0887s/iter; left time: 4323.4758s
	iters: 500, epoch: 207 | loss: 0.2363830
	speed: 0.0887s/iter; left time: 4318.5582s
Epoch: 207 cost time: 47.42245578765869
[2025-05-30 01:31:06] [32mIntermediate result: 0.27490562  (Index 206)[0m
Epoch: 207, Steps: 523 | Train Loss: 0.2190177 Vali Loss: 0.2722171 Test Loss: 0.2749056
EarlyStopping counter: 10 out of 20
Updating learning rate to 4.107098375776253e-05
	iters: 100, epoch: 208 | loss: 0.2553070
	speed: 0.3646s/iter; left time: 17695.9612s
	iters: 200, epoch: 208 | loss: 0.2509328
	speed: 0.0889s/iter; left time: 4304.3281s
	iters: 300, epoch: 208 | loss: 0.2268385
	speed: 0.0890s/iter; left time: 4301.9776s
	iters: 400, epoch: 208 | loss: 0.2386614
	speed: 0.0883s/iter; left time: 4261.1235s
	iters: 500, epoch: 208 | loss: 0.2185344
	speed: 0.0888s/iter; left time: 4275.8653s
Epoch: 208 cost time: 47.35458827018738
[2025-05-30 01:32:18] [32mIntermediate result: 0.27502218  (Index 207)[0m
Epoch: 208, Steps: 523 | Train Loss: 0.2189238 Vali Loss: 0.2730024 Test Loss: 0.2750222
EarlyStopping counter: 11 out of 20
Updating learning rate to 4.033603952570516e-05
	iters: 100, epoch: 209 | loss: 0.2052996
	speed: 0.3606s/iter; left time: 17315.1849s
	iters: 200, epoch: 209 | loss: 0.2212642
	speed: 0.0878s/iter; left time: 4205.4927s
	iters: 300, epoch: 209 | loss: 0.2084333
	speed: 0.0885s/iter; left time: 4233.8100s
	iters: 400, epoch: 209 | loss: 0.2062366
	speed: 0.0884s/iter; left time: 4218.0848s
	iters: 500, epoch: 209 | loss: 0.2227362
	speed: 0.0878s/iter; left time: 4181.6466s
Epoch: 209 cost time: 47.103870153427124
[2025-05-30 01:33:29] [32mIntermediate result: 0.27427033  (Index 208)[0m
Epoch: 209, Steps: 523 | Train Loss: 0.2187462 Vali Loss: 0.2714414 Test Loss: 0.2742703
EarlyStopping counter: 12 out of 20
Updating learning rate to 3.960325809777239e-05
	iters: 100, epoch: 210 | loss: 0.2228149
	speed: 0.3599s/iter; left time: 17092.0989s
	iters: 200, epoch: 210 | loss: 0.1953389
	speed: 0.0887s/iter; left time: 4202.2550s
	iters: 300, epoch: 210 | loss: 0.2292385
	speed: 0.0887s/iter; left time: 4193.8056s
	iters: 400, epoch: 210 | loss: 0.1971316
	speed: 0.0887s/iter; left time: 4187.8455s
	iters: 500, epoch: 210 | loss: 0.2282285
	speed: 0.0887s/iter; left time: 4176.6109s
Epoch: 210 cost time: 47.38271164894104
[2025-05-30 01:34:41] [32mIntermediate result: 0.27335626  (Index 209)[0m
Epoch: 210, Steps: 523 | Train Loss: 0.2185610 Vali Loss: 0.2712778 Test Loss: 0.2733563
EarlyStopping counter: 13 out of 20
Updating learning rate to 3.8872803467794714e-05
	iters: 100, epoch: 211 | loss: 0.2223793
	speed: 0.3682s/iter; left time: 17295.8358s
	iters: 200, epoch: 211 | loss: 0.2222603
	speed: 0.0874s/iter; left time: 4097.7666s
	iters: 300, epoch: 211 | loss: 0.2280858
	speed: 0.0875s/iter; left time: 4092.6427s
	iters: 400, epoch: 211 | loss: 0.2202857
	speed: 0.0875s/iter; left time: 4083.2277s
	iters: 500, epoch: 211 | loss: 0.2288996
	speed: 0.0874s/iter; left time: 4072.1724s
Epoch: 211 cost time: 46.837127923965454
[2025-05-30 01:35:52] [32mIntermediate result: 0.27939883  (Index 210)[0m
Epoch: 211, Steps: 523 | Train Loss: 0.2189094 Vali Loss: 0.2775509 Test Loss: 0.2793988
EarlyStopping counter: 14 out of 20
Updating learning rate to 3.814483910887367e-05
	iters: 100, epoch: 212 | loss: 0.2287992
	speed: 0.3609s/iter; left time: 16761.0984s
	iters: 200, epoch: 212 | loss: 0.2398687
	speed: 0.0886s/iter; left time: 4107.2042s
	iters: 300, epoch: 212 | loss: 0.2146636
	speed: 0.0888s/iter; left time: 4107.6287s
	iters: 400, epoch: 212 | loss: 0.2062736
	speed: 0.0886s/iter; left time: 4089.9288s
	iters: 500, epoch: 212 | loss: 0.2297159
	speed: 0.0888s/iter; left time: 4090.1318s
Epoch: 212 cost time: 47.41178584098816
[2025-05-30 01:37:04] [32mIntermediate result: 0.28051072  (Index 211)[0m
Epoch: 212, Steps: 523 | Train Loss: 0.2178797 Vali Loss: 0.2775334 Test Loss: 0.2805107
EarlyStopping counter: 15 out of 20
Updating learning rate to 3.741952793679719e-05
	iters: 100, epoch: 213 | loss: 0.2323264
	speed: 0.3600s/iter; left time: 16531.0327s
	iters: 200, epoch: 213 | loss: 0.2290924
	speed: 0.0877s/iter; left time: 4020.4914s
	iters: 300, epoch: 213 | loss: 0.2460194
	speed: 0.0891s/iter; left time: 4074.3533s
	iters: 400, epoch: 213 | loss: 0.2456106
	speed: 0.0888s/iter; left time: 4050.7093s
	iters: 500, epoch: 213 | loss: 0.2122474
	speed: 0.0888s/iter; left time: 4044.6621s
Epoch: 213 cost time: 47.30777287483215
[2025-05-30 01:38:16] [32mIntermediate result: 0.27473804  (Index 212)[0m
Epoch: 213, Steps: 523 | Train Loss: 0.2177555 Vali Loss: 0.2714896 Test Loss: 0.2747380
EarlyStopping counter: 16 out of 20
Updating learning rate to 3.669703227357955e-05
	iters: 100, epoch: 214 | loss: 0.2138135
	speed: 0.3683s/iter; left time: 16723.5402s
	iters: 200, epoch: 214 | loss: 0.2102644
	speed: 0.0888s/iter; left time: 4024.1944s
	iters: 300, epoch: 214 | loss: 0.2010161
	speed: 0.0886s/iter; left time: 4004.8506s
	iters: 400, epoch: 214 | loss: 0.2046061
	speed: 0.0878s/iter; left time: 3961.9469s
	iters: 500, epoch: 214 | loss: 0.2229483
	speed: 0.0884s/iter; left time: 3979.8338s
Epoch: 214 cost time: 47.17884683609009
[2025-05-30 01:39:27] [32mIntermediate result: 0.27720484  (Index 213)[0m
Epoch: 214, Steps: 523 | Train Loss: 0.2179144 Vali Loss: 0.2743370 Test Loss: 0.2772048
EarlyStopping counter: 17 out of 20
Updating learning rate to 3.597751381113434e-05
	iters: 100, epoch: 215 | loss: 0.2113385
	speed: 0.3541s/iter; left time: 15890.3067s
	iters: 200, epoch: 215 | loss: 0.2087363
	speed: 0.0874s/iter; left time: 3913.8951s
	iters: 300, epoch: 215 | loss: 0.2135650
	speed: 0.0876s/iter; left time: 3911.9900s
	iters: 400, epoch: 215 | loss: 0.2115310
	speed: 0.0878s/iter; left time: 3912.5589s
	iters: 500, epoch: 215 | loss: 0.1827278
	speed: 0.0876s/iter; left time: 3896.8681s
Epoch: 215 cost time: 46.89883899688721
[2025-05-30 01:40:38] [32mIntermediate result: 0.27833635  (Index 214)[0m
Epoch: 215, Steps: 523 | Train Loss: 0.2177548 Vali Loss: 0.2759173 Test Loss: 0.2783363
EarlyStopping counter: 18 out of 20
Updating learning rate to 3.5261133575088395e-05
	iters: 100, epoch: 216 | loss: 0.2169693
	speed: 0.3573s/iter; left time: 15847.5975s
	iters: 200, epoch: 216 | loss: 0.1984504
	speed: 0.0875s/iter; left time: 3872.2323s
	iters: 300, epoch: 216 | loss: 0.2115804
	speed: 0.0874s/iter; left time: 3861.1838s
	iters: 400, epoch: 216 | loss: 0.2262464
	speed: 0.0873s/iter; left time: 3844.2866s
	iters: 500, epoch: 216 | loss: 0.2304754
	speed: 0.0879s/iter; left time: 3863.7214s
Epoch: 216 cost time: 46.78895282745361
[2025-05-30 01:41:49] [32mIntermediate result: 0.27477285  (Index 215)[0m
Epoch: 216, Steps: 523 | Train Loss: 0.2172306 Vali Loss: 0.2713721 Test Loss: 0.2747729
EarlyStopping counter: 19 out of 20
Updating learning rate to 3.454805188874486e-05
	iters: 100, epoch: 217 | loss: 0.2343800
	speed: 0.3606s/iter; left time: 15805.2665s
	iters: 200, epoch: 217 | loss: 0.2163087
	speed: 0.0878s/iter; left time: 3838.2641s
	iters: 300, epoch: 217 | loss: 0.2339353
	speed: 0.0879s/iter; left time: 3835.1061s
	iters: 400, epoch: 217 | loss: 0.2177462
	speed: 0.0881s/iter; left time: 3833.3210s
	iters: 500, epoch: 217 | loss: 0.2413012
	speed: 0.0887s/iter; left time: 3850.3554s
Epoch: 217 cost time: 47.07003331184387
[2025-05-30 01:43:00] [32mIntermediate result: 0.2737183  (Index 216)[0m
Epoch: 217, Steps: 523 | Train Loss: 0.2172150 Vali Loss: 0.2740147 Test Loss: 0.2737183
EarlyStopping counter: 20 out of 20
Early stopping
>>>>>>>testing : 96_96_PRNN_TST_PEMS_ftM_sl96_ll18_pl96_dm16_nh4_el3_dl1_df128_fc1_ebtimeF_dtTrue_Exp_0<<<<<<<<<<<<<<<<<<<<<<<<<<<<<<<<<
test 5454
mse:0.27400946617126465, mae:0.3351469933986664, rse:0.5136508941650391
[2025-05-30 01:43:36] [32mFinal result: 0.27400947[0m
