Args in experiment:
Namespace(activation='gelu', affine=1, batch_size=32, c_out=7, checkpoints='./checkpoints/', d_ff=128, d_layers=1, d_model=16, data='PEMS', data_path='PEMS07.npz', dec_in=7, decomposition=0, des='Exp', device_ids=[0, 1], devices='0,1', dis=10, distil=True, do_predict=False, dropout=0.3, dvices='0,1', e_layers=3, embed='timeF', embed_type=0, enc_in=883, factor=1, fc_dropout=0.3, features='M', freq='h', gpu=0, head_dropout=0.0, hidden_size=512, individual=0, is_training=1, itr=1, k=20, kernel_size=25, label_len=18, learning_rate=0.0001, loss='mse', lradj='TST', model='PRNN_TST', model_id='96_24', moving_avg=25, n_heads=4, num_layers=1, num_workers=10, output_attention=False, padding_patch='end', patch_len=16, patience=20, pct_start=0.3, pred_len=24, random_seed=2021, revin=1, rnn_inp=96, root_path='./dataset/', seq_len=96, stride=8, subtract_last=0, target='OT', test_flop=False, top_k=3, train_epochs=300, use_amp=False, use_gpu=True, use_multi_gpu=True)
Use GPU: cuda:0
>>>>>>>start training : 96_24_PRNN_TST_PEMS_ftM_sl96_ll18_pl24_dm16_nh4_el3_dl1_df128_fc1_ebtimeF_dtTrue_Exp_0>>>>>>>>>>>>>>>>>>>>>>>>>>
module.model.revin_layer.affine_weight: 883
module.model.revin_layer.affine_bias: 883
module.model.rnn.weight_ih_l0: 262144
module.model.rnn.weight_hh_l0: 262144
module.model.rnn.bias_ih_l0: 512
module.model.rnn.bias_hh_l0: 512
module.model.embed.weight: 8192
module.model.embed.bias: 512
module.model.fc.weight: 135168
module.model.fc.bias: 24
Total trainable parameters: 670974
train 16815
val 5526
test 5526
	iters: 100, epoch: 1 | loss: 0.7770261
	speed: 0.0993s/iter; left time: 15629.4102s
	iters: 200, epoch: 1 | loss: 0.4415721
	speed: 0.0814s/iter; left time: 12797.5727s
	iters: 300, epoch: 1 | loss: 0.4351118
	speed: 0.0819s/iter; left time: 12877.2117s
	iters: 400, epoch: 1 | loss: 0.3772825
	speed: 0.0815s/iter; left time: 12802.0817s
	iters: 500, epoch: 1 | loss: 0.2964938
	speed: 0.0815s/iter; left time: 12789.8029s
Epoch: 1 cost time: 43.98112416267395
[2025-05-29 12:05:40] [32mIntermediate result: 0.33842224  (Index 0)[0m
Epoch: 1, Steps: 525 | Train Loss: 0.5310365 Vali Loss: 0.3333173 Test Loss: 0.3384222
Validation loss decreased (inf --> 0.333317).  Saving model ...
Updating learning rate to 4.029241540681795e-06
	iters: 100, epoch: 2 | loss: 0.3071586
	speed: 0.2713s/iter; left time: 42563.9033s
	iters: 200, epoch: 2 | loss: 0.2967879
	speed: 0.0827s/iter; left time: 12963.9854s
	iters: 300, epoch: 2 | loss: 0.2626879
	speed: 0.0829s/iter; left time: 12994.3879s
	iters: 400, epoch: 2 | loss: 0.2891146
	speed: 0.0831s/iter; left time: 13011.6085s
	iters: 500, epoch: 2 | loss: 0.2763856
	speed: 0.0830s/iter; left time: 12991.9650s
Epoch: 2 cost time: 44.04470872879028
[2025-05-29 12:06:40] [32mIntermediate result: 0.24152346  (Index 1)[0m
Epoch: 2, Steps: 525 | Train Loss: 0.2973574 Vali Loss: 0.2404091 Test Loss: 0.2415235
Validation loss decreased (0.333317 --> 0.240409).  Saving model ...
Updating learning rate to 4.116930534906304e-06
	iters: 100, epoch: 3 | loss: 0.2033553
	speed: 0.2747s/iter; left time: 42957.4017s
	iters: 200, epoch: 3 | loss: 0.2914695
	speed: 0.0827s/iter; left time: 12927.7978s
	iters: 300, epoch: 3 | loss: 0.2458054
	speed: 0.0829s/iter; left time: 12942.7772s
	iters: 400, epoch: 3 | loss: 0.1792242
	speed: 0.0831s/iter; left time: 12963.0277s
	iters: 500, epoch: 3 | loss: 0.2867782
	speed: 0.0828s/iter; left time: 12915.3998s
Epoch: 3 cost time: 44.02587389945984
[2025-05-29 12:07:41] [32mIntermediate result: 0.20731114  (Index 2)[0m
Epoch: 3, Steps: 525 | Train Loss: 0.2348691 Vali Loss: 0.2070179 Test Loss: 0.2073111
Validation loss decreased (0.240409 --> 0.207018).  Saving model ...
Updating learning rate to 4.262960142619688e-06
	iters: 100, epoch: 4 | loss: 0.2146540
	speed: 0.2775s/iter; left time: 43239.0412s
	iters: 200, epoch: 4 | loss: 0.1860139
	speed: 0.0870s/iter; left time: 13549.0888s
	iters: 300, epoch: 4 | loss: 0.2289912
	speed: 0.0834s/iter; left time: 12979.8268s
	iters: 400, epoch: 4 | loss: 0.1805436
	speed: 0.0833s/iter; left time: 12952.4286s
	iters: 500, epoch: 4 | loss: 0.2238328
	speed: 0.0831s/iter; left time: 12922.4784s
Epoch: 4 cost time: 44.68575119972229
[2025-05-29 12:08:42] [32mIntermediate result: 0.19045177  (Index 3)[0m
Epoch: 4, Steps: 525 | Train Loss: 0.2091439 Vali Loss: 0.1901699 Test Loss: 0.1904518
Validation loss decreased (0.207018 --> 0.190170).  Saving model ...
Updating learning rate to 4.467152441708816e-06
	iters: 100, epoch: 5 | loss: 0.1928277
	speed: 0.2773s/iter; left time: 43066.3599s
	iters: 200, epoch: 5 | loss: 0.1597995
	speed: 0.0829s/iter; left time: 12863.4531s
	iters: 300, epoch: 5 | loss: 0.1760135
	speed: 0.0830s/iter; left time: 12869.1229s
	iters: 400, epoch: 5 | loss: 0.2048254
	speed: 0.0829s/iter; left time: 12857.0847s
	iters: 500, epoch: 5 | loss: 0.2035970
	speed: 0.0830s/iter; left time: 12849.5562s
Epoch: 5 cost time: 44.230467557907104
[2025-05-29 12:09:43] [32mIntermediate result: 0.18036476  (Index 4)[0m
Epoch: 5, Steps: 525 | Train Loss: 0.1954270 Vali Loss: 0.1803483 Test Loss: 0.1803648
Validation loss decreased (0.190170 --> 0.180348).  Saving model ...
Updating learning rate to 4.7292586447811855e-06
	iters: 100, epoch: 6 | loss: 0.1746117
	speed: 0.2748s/iter; left time: 42528.6598s
	iters: 200, epoch: 6 | loss: 0.1726424
	speed: 0.0830s/iter; left time: 12843.8476s
	iters: 300, epoch: 6 | loss: 0.2192267
	speed: 0.0831s/iter; left time: 12847.2121s
	iters: 400, epoch: 6 | loss: 0.2265652
	speed: 0.0828s/iter; left time: 12784.4176s
	iters: 500, epoch: 6 | loss: 0.1921016
	speed: 0.0825s/iter; left time: 12736.8202s
Epoch: 6 cost time: 44.11909317970276
[2025-05-29 12:10:44] [32mIntermediate result: 0.17466  (Index 5)[0m
Epoch: 6, Steps: 525 | Train Loss: 0.1874550 Vali Loss: 0.1748040 Test Loss: 0.1746600
Validation loss decreased (0.180348 --> 0.174804).  Saving model ...
Updating learning rate to 5.048959402286765e-06
	iters: 100, epoch: 7 | loss: 0.2166485
	speed: 0.2758s/iter; left time: 42544.2148s
	iters: 200, epoch: 7 | loss: 0.1802359
	speed: 0.0833s/iter; left time: 12845.7681s
	iters: 300, epoch: 7 | loss: 0.1752961
	speed: 0.0831s/iter; left time: 12800.5115s
	iters: 400, epoch: 7 | loss: 0.1944396
	speed: 0.0827s/iter; left time: 12729.8776s
	iters: 500, epoch: 7 | loss: 0.1725749
	speed: 0.0828s/iter; left time: 12745.3212s
Epoch: 7 cost time: 44.23255157470703
[2025-05-29 12:11:44] [32mIntermediate result: 0.1708813  (Index 6)[0m
Epoch: 7, Steps: 525 | Train Loss: 0.1821149 Vali Loss: 0.1706648 Test Loss: 0.1708813
Validation loss decreased (0.174804 --> 0.170665).  Saving model ...
Updating learning rate to 5.425865191612821e-06
	iters: 100, epoch: 8 | loss: 0.1753830
	speed: 0.2742s/iter; left time: 42157.3942s
	iters: 200, epoch: 8 | loss: 0.1687321
	speed: 0.0827s/iter; left time: 12708.7992s
	iters: 300, epoch: 8 | loss: 0.1635676
	speed: 0.0827s/iter; left time: 12701.0479s
	iters: 400, epoch: 8 | loss: 0.1921350
	speed: 0.0828s/iter; left time: 12697.6093s
	iters: 500, epoch: 8 | loss: 0.1879019
	speed: 0.0828s/iter; left time: 12702.8797s
Epoch: 8 cost time: 44.07314372062683
[2025-05-29 12:12:45] [32mIntermediate result: 0.16702925  (Index 7)[0m
Epoch: 8, Steps: 525 | Train Loss: 0.1780820 Vali Loss: 0.1667981 Test Loss: 0.1670292
Validation loss decreased (0.170665 --> 0.166798).  Saving model ...
Updating learning rate to 5.859516791677146e-06
	iters: 100, epoch: 9 | loss: 0.1903747
	speed: 0.2732s/iter; left time: 41857.0239s
	iters: 200, epoch: 9 | loss: 0.1728241
	speed: 0.0826s/iter; left time: 12647.6436s
	iters: 300, epoch: 9 | loss: 0.1838332
	speed: 0.0828s/iter; left time: 12670.9760s
	iters: 400, epoch: 9 | loss: 0.2175285
	speed: 0.0829s/iter; left time: 12676.2952s
	iters: 500, epoch: 9 | loss: 0.1622567
	speed: 0.0829s/iter; left time: 12670.8102s
Epoch: 9 cost time: 43.99883699417114
[2025-05-29 12:13:46] [32mIntermediate result: 0.16427071  (Index 8)[0m
Epoch: 9, Steps: 525 | Train Loss: 0.1747584 Vali Loss: 0.1641412 Test Loss: 0.1642707
Validation loss decreased (0.166798 --> 0.164141).  Saving model ...
Updating learning rate to 6.349385842442079e-06
	iters: 100, epoch: 10 | loss: 0.1728769
	speed: 0.2752s/iter; left time: 42014.5769s
	iters: 200, epoch: 10 | loss: 0.1828594
	speed: 0.0829s/iter; left time: 12642.0385s
	iters: 300, epoch: 10 | loss: 0.1723346
	speed: 0.0828s/iter; left time: 12631.2848s
	iters: 400, epoch: 10 | loss: 0.1862698
	speed: 0.0825s/iter; left time: 12574.2035s
	iters: 500, epoch: 10 | loss: 0.1803928
	speed: 0.0828s/iter; left time: 12603.8289s
Epoch: 10 cost time: 44.084261417388916
[2025-05-29 12:14:46] [32mIntermediate result: 0.16160248  (Index 9)[0m
Epoch: 10, Steps: 525 | Train Loss: 0.1718532 Vali Loss: 0.1615505 Test Loss: 0.1616025
Validation loss decreased (0.164141 --> 0.161551).  Saving model ...
Updating learning rate to 6.894875488666893e-06
	iters: 100, epoch: 11 | loss: 0.1471920
	speed: 0.2780s/iter; left time: 42301.9896s
	iters: 200, epoch: 11 | loss: 0.1576604
	speed: 0.0832s/iter; left time: 12648.2599s
	iters: 300, epoch: 11 | loss: 0.1792540
	speed: 0.0833s/iter; left time: 12664.4997s
	iters: 400, epoch: 11 | loss: 0.1639307
	speed: 0.0833s/iter; left time: 12648.5532s
	iters: 500, epoch: 11 | loss: 0.1847454
	speed: 0.0829s/iter; left time: 12574.1262s
Epoch: 11 cost time: 44.250288009643555
[2025-05-29 12:15:47] [32mIntermediate result: 0.15987498  (Index 10)[0m
Epoch: 11, Steps: 525 | Train Loss: 0.1691791 Vali Loss: 0.1596876 Test Loss: 0.1598750
Validation loss decreased (0.161551 --> 0.159688).  Saving model ...
Updating learning rate to 7.495321107114851e-06
	iters: 100, epoch: 12 | loss: 0.1583658
	speed: 0.2752s/iter; left time: 41729.2957s
	iters: 200, epoch: 12 | loss: 0.1615539
	speed: 0.0825s/iter; left time: 12502.3820s
	iters: 300, epoch: 12 | loss: 0.1608552
	speed: 0.0831s/iter; left time: 12577.5880s
	iters: 400, epoch: 12 | loss: 0.1714026
	speed: 0.0833s/iter; left time: 12608.3117s
	iters: 500, epoch: 12 | loss: 0.1513898
	speed: 0.0834s/iter; left time: 12617.1687s
Epoch: 12 cost time: 44.19318747520447
[2025-05-29 12:16:48] [32mIntermediate result: 0.15677358  (Index 11)[0m
Epoch: 12, Steps: 525 | Train Loss: 0.1664098 Vali Loss: 0.1566381 Test Loss: 0.1567736
Validation loss decreased (0.159688 --> 0.156638).  Saving model ...
Updating learning rate to 8.149991116328514e-06
	iters: 100, epoch: 13 | loss: 0.1604545
	speed: 0.2757s/iter; left time: 41661.0965s
	iters: 200, epoch: 13 | loss: 0.2095575
	speed: 0.0827s/iter; left time: 12482.6219s
	iters: 300, epoch: 13 | loss: 0.1405519
	speed: 0.0830s/iter; left time: 12529.5539s
	iters: 400, epoch: 13 | loss: 0.1947026
	speed: 0.0825s/iter; left time: 12442.9345s
	iters: 500, epoch: 13 | loss: 0.1362546
	speed: 0.0818s/iter; left time: 12326.6607s
Epoch: 13 cost time: 43.917094469070435
[2025-05-29 12:17:48] [32mIntermediate result: 0.15481743  (Index 12)[0m
Epoch: 13, Steps: 525 | Train Loss: 0.1640437 Vali Loss: 0.1548137 Test Loss: 0.1548174
Validation loss decreased (0.156638 --> 0.154814).  Saving model ...
Updating learning rate to 8.85808786798672e-06
	iters: 100, epoch: 14 | loss: 0.1425206
	speed: 0.2715s/iter; left time: 40888.7846s
	iters: 200, epoch: 14 | loss: 0.1657434
	speed: 0.0817s/iter; left time: 12296.2772s
	iters: 300, epoch: 14 | loss: 0.1786936
	speed: 0.0818s/iter; left time: 12295.3880s
	iters: 400, epoch: 14 | loss: 0.1522680
	speed: 0.0825s/iter; left time: 12399.2873s
	iters: 500, epoch: 14 | loss: 0.1700677
	speed: 0.0833s/iter; left time: 12512.2111s
Epoch: 14 cost time: 43.802964210510254
[2025-05-29 12:18:49] [32mIntermediate result: 0.15338157  (Index 13)[0m
Epoch: 14, Steps: 525 | Train Loss: 0.1617083 Vali Loss: 0.1531687 Test Loss: 0.1533816
Validation loss decreased (0.154814 --> 0.153169).  Saving model ...
Updating learning rate to 9.618748618757386e-06
	iters: 100, epoch: 15 | loss: 0.1313979
	speed: 0.2774s/iter; left time: 41623.0667s
	iters: 200, epoch: 15 | loss: 0.1893628
	speed: 0.0833s/iter; left time: 12485.6095s
	iters: 300, epoch: 15 | loss: 0.1794408
	speed: 0.0834s/iter; left time: 12504.1517s
	iters: 400, epoch: 15 | loss: 0.1873661
	speed: 0.0833s/iter; left time: 12477.8874s
	iters: 500, epoch: 15 | loss: 0.1491365
	speed: 0.0835s/iter; left time: 12490.3005s
Epoch: 15 cost time: 44.35193705558777
[2025-05-29 12:19:50] [32mIntermediate result: 0.15189235  (Index 14)[0m
Epoch: 15, Steps: 525 | Train Loss: 0.1597173 Vali Loss: 0.1518775 Test Loss: 0.1518923
Validation loss decreased (0.153169 --> 0.151878).  Saving model ...
Updating learning rate to 1.0431046581461814e-05
	iters: 100, epoch: 16 | loss: 0.1767564
	speed: 0.2762s/iter; left time: 41300.3566s
	iters: 200, epoch: 16 | loss: 0.1642374
	speed: 0.0832s/iter; left time: 12426.6263s
	iters: 300, epoch: 16 | loss: 0.1757094
	speed: 0.0832s/iter; left time: 12420.4597s
	iters: 400, epoch: 16 | loss: 0.1523682
	speed: 0.0833s/iter; left time: 12428.8162s
	iters: 500, epoch: 16 | loss: 0.1446332
	speed: 0.0834s/iter; left time: 12438.8522s
Epoch: 16 cost time: 44.32972025871277
[2025-05-29 12:20:51] [32mIntermediate result: 0.15123664  (Index 15)[0m
Epoch: 16, Steps: 525 | Train Loss: 0.1576132 Vali Loss: 0.1515690 Test Loss: 0.1512366
Validation loss decreased (0.151878 --> 0.151569).  Saving model ...
Updating learning rate to 1.1293992054269898e-05
	iters: 100, epoch: 17 | loss: 0.1777560
	speed: 0.2757s/iter; left time: 41080.9859s
	iters: 200, epoch: 17 | loss: 0.1364966
	speed: 0.0833s/iter; left time: 12403.2945s
	iters: 300, epoch: 17 | loss: 0.1263229
	speed: 0.0833s/iter; left time: 12401.7638s
	iters: 400, epoch: 17 | loss: 0.1692484
	speed: 0.0830s/iter; left time: 12343.3256s
	iters: 500, epoch: 17 | loss: 0.1232315
	speed: 0.0833s/iter; left time: 12382.2314s
Epoch: 17 cost time: 44.30443739891052
[2025-05-29 12:21:52] [32mIntermediate result: 0.14798668  (Index 16)[0m
Epoch: 17, Steps: 525 | Train Loss: 0.1557017 Vali Loss: 0.1487682 Test Loss: 0.1479867
Validation loss decreased (0.151569 --> 0.148768).  Saving model ...
Updating learning rate to 1.220653362655043e-05
	iters: 100, epoch: 18 | loss: 0.1713499
	speed: 0.2757s/iter; left time: 40928.8524s
	iters: 200, epoch: 18 | loss: 0.1546699
	speed: 0.0836s/iter; left time: 12400.7026s
	iters: 300, epoch: 18 | loss: 0.1511600
	speed: 0.0834s/iter; left time: 12369.1217s
	iters: 400, epoch: 18 | loss: 0.1388967
	speed: 0.0830s/iter; left time: 12305.7936s
	iters: 500, epoch: 18 | loss: 0.1535414
	speed: 0.0830s/iter; left time: 12283.2030s
Epoch: 18 cost time: 44.30938744544983
[2025-05-29 12:22:52] [32mIntermediate result: 0.14693815  (Index 17)[0m
Epoch: 18, Steps: 525 | Train Loss: 0.1540409 Vali Loss: 0.1474959 Test Loss: 0.1469381
Validation loss decreased (0.148768 --> 0.147496).  Saving model ...
Updating learning rate to 1.3167559459907157e-05
	iters: 100, epoch: 19 | loss: 0.1372057
	speed: 0.2745s/iter; left time: 40615.4410s
	iters: 200, epoch: 19 | loss: 0.1323266
	speed: 0.0811s/iter; left time: 11985.1055s
	iters: 300, epoch: 19 | loss: 0.1496346
	speed: 0.0823s/iter; left time: 12163.1492s
	iters: 400, epoch: 19 | loss: 0.1634550
	speed: 0.0818s/iter; left time: 12073.2667s
	iters: 500, epoch: 19 | loss: 0.1671227
	speed: 0.0816s/iter; left time: 12034.1500s
Epoch: 19 cost time: 43.651151180267334
[2025-05-29 12:23:52] [32mIntermediate result: 0.14570259  (Index 18)[0m
Epoch: 19, Steps: 525 | Train Loss: 0.1526398 Vali Loss: 0.1460347 Test Loss: 0.1457026
Validation loss decreased (0.147496 --> 0.146035).  Saving model ...
Updating learning rate to 1.4175898642840011e-05
	iters: 100, epoch: 20 | loss: 0.1497351
	speed: 0.2729s/iter; left time: 40236.2014s
	iters: 200, epoch: 20 | loss: 0.1330646
	speed: 0.0829s/iter; left time: 12211.2410s
	iters: 300, epoch: 20 | loss: 0.1376505
	speed: 0.0828s/iter; left time: 12186.5383s
	iters: 400, epoch: 20 | loss: 0.1361272
	speed: 0.0827s/iter; left time: 12164.1407s
	iters: 500, epoch: 20 | loss: 0.1624423
	speed: 0.0828s/iter; left time: 12178.4538s
Epoch: 20 cost time: 44.15696978569031
[2025-05-29 12:24:53] [32mIntermediate result: 0.14353131  (Index 19)[0m
Epoch: 20, Steps: 525 | Train Loss: 0.1511768 Vali Loss: 0.1441691 Test Loss: 0.1435313
Validation loss decreased (0.146035 --> 0.144169).  Saving model ...
Updating learning rate to 1.5230322617380688e-05
	iters: 100, epoch: 21 | loss: 0.1501847
	speed: 0.2713s/iter; left time: 39849.2022s
	iters: 200, epoch: 21 | loss: 0.1761769
	speed: 0.0820s/iter; left time: 12034.3308s
	iters: 300, epoch: 21 | loss: 0.1573418
	speed: 0.0822s/iter; left time: 12059.7495s
	iters: 400, epoch: 21 | loss: 0.1396626
	speed: 0.0821s/iter; left time: 12035.9498s
	iters: 500, epoch: 21 | loss: 0.1433189
	speed: 0.0816s/iter; left time: 11948.7789s
Epoch: 21 cost time: 43.68409562110901
[2025-05-29 12:25:53] [32mIntermediate result: 0.14278698  (Index 20)[0m
Epoch: 21, Steps: 525 | Train Loss: 0.1497714 Vali Loss: 0.1434976 Test Loss: 0.1427870
Validation loss decreased (0.144169 --> 0.143498).  Saving model ...
Updating learning rate to 1.6329546675964722e-05
	iters: 100, epoch: 22 | loss: 0.1182201
	speed: 0.2722s/iter; left time: 39837.1112s
	iters: 200, epoch: 22 | loss: 0.1458558
	speed: 0.0820s/iter; left time: 11993.6845s
	iters: 300, epoch: 22 | loss: 0.1578257
	speed: 0.0816s/iter; left time: 11928.5294s
	iters: 400, epoch: 22 | loss: 0.1463939
	speed: 0.0818s/iter; left time: 11945.5328s
	iters: 500, epoch: 22 | loss: 0.1348019
	speed: 0.0822s/iter; left time: 12003.1297s
Epoch: 22 cost time: 43.6544132232666
[2025-05-29 12:26:53] [32mIntermediate result: 0.14224525  (Index 21)[0m
Epoch: 22, Steps: 525 | Train Loss: 0.1484560 Vali Loss: 0.1427923 Test Loss: 0.1422452
Validation loss decreased (0.143498 --> 0.142792).  Saving model ...
Updating learning rate to 1.7472231526715956e-05
	iters: 100, epoch: 23 | loss: 0.1484021
	speed: 0.2746s/iter; left time: 40052.2526s
	iters: 200, epoch: 23 | loss: 0.1520324
	speed: 0.0827s/iter; left time: 12056.7466s
	iters: 300, epoch: 23 | loss: 0.1214081
	speed: 0.0828s/iter; left time: 12066.7184s
	iters: 400, epoch: 23 | loss: 0.1420445
	speed: 0.0828s/iter; left time: 12051.6942s
	iters: 500, epoch: 23 | loss: 0.1685716
	speed: 0.0830s/iter; left time: 12075.8754s
Epoch: 23 cost time: 44.09949803352356
[2025-05-29 12:27:54] [32mIntermediate result: 0.1408191  (Index 22)[0m
Epoch: 23, Steps: 525 | Train Loss: 0.1470621 Vali Loss: 0.1412226 Test Loss: 0.1408191
Validation loss decreased (0.142792 --> 0.141223).  Saving model ...
Updating learning rate to 1.8656984925236508e-05
	iters: 100, epoch: 24 | loss: 0.1429396
	speed: 0.2771s/iter; left time: 40264.5591s
	iters: 200, epoch: 24 | loss: 0.1343579
	speed: 0.0829s/iter; left time: 12033.2567s
	iters: 300, epoch: 24 | loss: 0.1477133
	speed: 0.0830s/iter; left time: 12041.5671s
	iters: 400, epoch: 24 | loss: 0.1842638
	speed: 0.0829s/iter; left time: 12018.8038s
	iters: 500, epoch: 24 | loss: 0.1777547
	speed: 0.0828s/iter; left time: 12004.5091s
Epoch: 24 cost time: 44.10526514053345
[2025-05-29 12:28:54] [32mIntermediate result: 0.13960929  (Index 23)[0m
Epoch: 24, Steps: 525 | Train Loss: 0.1464029 Vali Loss: 0.1395357 Test Loss: 0.1396093
Validation loss decreased (0.141223 --> 0.139536).  Saving model ...
Updating learning rate to 1.9882363370913827e-05
	iters: 100, epoch: 25 | loss: 0.1391963
	speed: 0.2736s/iter; left time: 39620.8901s
	iters: 200, epoch: 25 | loss: 0.1195305
	speed: 0.0818s/iter; left time: 11833.3711s
	iters: 300, epoch: 25 | loss: 0.1515946
	speed: 0.0818s/iter; left time: 11830.4921s
	iters: 400, epoch: 25 | loss: 0.1806985
	speed: 0.0821s/iter; left time: 11863.8949s
	iters: 500, epoch: 25 | loss: 0.1553202
	speed: 0.0820s/iter; left time: 11846.6842s
Epoch: 25 cost time: 43.48497986793518
[2025-05-29 12:29:54] [32mIntermediate result: 0.138463  (Index 24)[0m
Epoch: 25, Steps: 525 | Train Loss: 0.1448120 Vali Loss: 0.1390008 Test Loss: 0.1384630
Validation loss decreased (0.139536 --> 0.139001).  Saving model ...
Updating learning rate to 2.1146873865678323e-05
	iters: 100, epoch: 26 | loss: 0.1294033
	speed: 0.2707s/iter; left time: 39048.9524s
	iters: 200, epoch: 26 | loss: 0.1747378
	speed: 0.0817s/iter; left time: 11780.7131s
	iters: 300, epoch: 26 | loss: 0.1372441
	speed: 0.0818s/iter; left time: 11785.9710s
	iters: 400, epoch: 26 | loss: 0.1520739
	speed: 0.0816s/iter; left time: 11752.8887s
	iters: 500, epoch: 26 | loss: 0.1536293
	speed: 0.0816s/iter; left time: 11746.7804s
Epoch: 26 cost time: 43.415082931518555
[2025-05-29 12:30:54] [32mIntermediate result: 0.13891985  (Index 25)[0m
Epoch: 26, Steps: 525 | Train Loss: 0.1433788 Vali Loss: 0.1397192 Test Loss: 0.1389198
EarlyStopping counter: 1 out of 20
Updating learning rate to 2.2448975733068574e-05
	iters: 100, epoch: 27 | loss: 0.1603105
	speed: 0.2721s/iter; left time: 39119.7038s
	iters: 200, epoch: 27 | loss: 0.1264864
	speed: 0.0815s/iter; left time: 11702.1795s
	iters: 300, epoch: 27 | loss: 0.1412220
	speed: 0.0819s/iter; left time: 11758.0108s
	iters: 400, epoch: 27 | loss: 0.1372430
	speed: 0.0819s/iter; left time: 11753.0339s
	iters: 500, epoch: 27 | loss: 0.1503549
	speed: 0.0820s/iter; left time: 11752.9276s
Epoch: 27 cost time: 43.52920889854431
[2025-05-29 12:31:54] [32mIntermediate result: 0.13675399  (Index 26)[0m
Epoch: 27, Steps: 525 | Train Loss: 0.1429589 Vali Loss: 0.1371943 Test Loss: 0.1367540
Validation loss decreased (0.139001 --> 0.137194).  Saving model ...
Updating learning rate to 2.3787082495387564e-05
	iters: 100, epoch: 28 | loss: 0.1392118
	speed: 0.2728s/iter; left time: 39066.1671s
	iters: 200, epoch: 28 | loss: 0.1333831
	speed: 0.0836s/iter; left time: 11972.1367s
	iters: 300, epoch: 28 | loss: 0.1568315
	speed: 0.0833s/iter; left time: 11908.9125s
	iters: 400, epoch: 28 | loss: 0.1329002
	speed: 0.0830s/iter; left time: 11863.4795s
	iters: 500, epoch: 28 | loss: 0.1525726
	speed: 0.0834s/iter; left time: 11909.5781s
Epoch: 28 cost time: 44.42405319213867
[2025-05-29 12:32:55] [32mIntermediate result: 0.13705653  (Index 27)[0m
Epoch: 28, Steps: 525 | Train Loss: 0.1418271 Vali Loss: 0.1373525 Test Loss: 0.1370565
EarlyStopping counter: 1 out of 20
Updating learning rate to 2.5159563806663365e-05
	iters: 100, epoch: 29 | loss: 0.1343288
	speed: 0.2741s/iter; left time: 39115.9732s
	iters: 200, epoch: 29 | loss: 0.1461912
	speed: 0.0831s/iter; left time: 11851.6991s
	iters: 300, epoch: 29 | loss: 0.1256158
	speed: 0.0830s/iter; left time: 11823.4213s
	iters: 400, epoch: 29 | loss: 0.1465205
	speed: 0.0826s/iter; left time: 11757.9161s
	iters: 500, epoch: 29 | loss: 0.1721336
	speed: 0.0830s/iter; left time: 11809.4538s
Epoch: 29 cost time: 44.167722940444946
[2025-05-29 12:33:56] [32mIntermediate result: 0.13726394  (Index 28)[0m
Epoch: 29, Steps: 525 | Train Loss: 0.1408403 Vali Loss: 0.1367581 Test Loss: 0.1372639
Validation loss decreased (0.137194 --> 0.136758).  Saving model ...
Updating learning rate to 2.6564747439058534e-05
	iters: 100, epoch: 30 | loss: 0.1477170
	speed: 0.2790s/iter; left time: 39669.3617s
	iters: 200, epoch: 30 | loss: 0.1547726
	speed: 0.0824s/iter; left time: 11712.7996s
	iters: 300, epoch: 30 | loss: 0.1261609
	speed: 0.0822s/iter; left time: 11672.6999s
	iters: 400, epoch: 30 | loss: 0.1181913
	speed: 0.0832s/iter; left time: 11806.4814s
	iters: 500, epoch: 30 | loss: 0.1185391
	speed: 0.0828s/iter; left time: 11735.1006s
Epoch: 30 cost time: 44.00964045524597
[2025-05-29 12:34:56] [32mIntermediate result: 0.13428985  (Index 29)[0m
Epoch: 30, Steps: 525 | Train Loss: 0.1397427 Vali Loss: 0.1346876 Test Loss: 0.1342898
Validation loss decreased (0.136758 --> 0.134688).  Saving model ...
Updating learning rate to 2.800092132030839e-05
	iters: 100, epoch: 31 | loss: 0.1321462
	speed: 0.2785s/iter; left time: 39453.0225s
	iters: 200, epoch: 31 | loss: 0.1184164
	speed: 0.0830s/iter; left time: 11751.5472s
	iters: 300, epoch: 31 | loss: 0.1405919
	speed: 0.0828s/iter; left time: 11707.2689s
	iters: 400, epoch: 31 | loss: 0.1321920
	speed: 0.0830s/iter; left time: 11730.3886s
	iters: 500, epoch: 31 | loss: 0.1401159
	speed: 0.0827s/iter; left time: 11683.8615s
Epoch: 31 cost time: 44.19273853302002
[2025-05-29 12:35:58] [32mIntermediate result: 0.13551234  (Index 30)[0m
Epoch: 31, Steps: 525 | Train Loss: 0.1386849 Vali Loss: 0.1353940 Test Loss: 0.1355123
EarlyStopping counter: 1 out of 20
Updating learning rate to 2.9466335619705657e-05
	iters: 100, epoch: 32 | loss: 0.1419636
	speed: 0.2790s/iter; left time: 39380.0350s
	iters: 200, epoch: 32 | loss: 0.1524349
	speed: 0.0820s/iter; left time: 11562.9559s
	iters: 300, epoch: 32 | loss: 0.1310926
	speed: 0.0820s/iter; left time: 11556.7845s
	iters: 400, epoch: 32 | loss: 0.1579590
	speed: 0.0826s/iter; left time: 11636.6273s
	iters: 500, epoch: 32 | loss: 0.1585246
	speed: 0.0823s/iter; left time: 11583.6109s
Epoch: 32 cost time: 43.777681827545166
[2025-05-29 12:36:58] [32mIntermediate result: 0.1325539  (Index 31)[0m
Epoch: 32, Steps: 525 | Train Loss: 0.1376453 Vali Loss: 0.1328786 Test Loss: 0.1325539
Validation loss decreased (0.134688 --> 0.132879).  Saving model ...
Updating learning rate to 3.0959204880089876e-05
	iters: 100, epoch: 33 | loss: 0.1303546
	speed: 0.2785s/iter; left time: 39154.6410s
	iters: 200, epoch: 33 | loss: 0.1222411
	speed: 0.0832s/iter; left time: 11684.2943s
	iters: 300, epoch: 33 | loss: 0.1525245
	speed: 0.0830s/iter; left time: 11649.3624s
	iters: 400, epoch: 33 | loss: 0.1374614
	speed: 0.0830s/iter; left time: 11641.0773s
	iters: 500, epoch: 33 | loss: 0.1401941
	speed: 0.0835s/iter; left time: 11701.3007s
Epoch: 33 cost time: 44.30458664894104
[2025-05-29 12:37:59] [32mIntermediate result: 0.13174412  (Index 32)[0m
Epoch: 33, Steps: 525 | Train Loss: 0.1372714 Vali Loss: 0.1321153 Test Loss: 0.1317441
Validation loss decreased (0.132879 --> 0.132115).  Saving model ...
Updating learning rate to 3.2477710193243916e-05
	iters: 100, epoch: 34 | loss: 0.1428211
	speed: 0.2770s/iter; left time: 38805.6735s
	iters: 200, epoch: 34 | loss: 0.1343984
	speed: 0.0834s/iter; left time: 11679.7688s
	iters: 300, epoch: 34 | loss: 0.1358545
	speed: 0.0837s/iter; left time: 11702.8805s
	iters: 400, epoch: 34 | loss: 0.1377910
	speed: 0.0835s/iter; left time: 11671.3795s
	iters: 500, epoch: 34 | loss: 0.1085118
	speed: 0.0833s/iter; left time: 11628.6018s
Epoch: 34 cost time: 44.338873624801636
[2025-05-29 12:39:00] [32mIntermediate result: 0.13168623  (Index 33)[0m
Epoch: 34, Steps: 525 | Train Loss: 0.1364494 Vali Loss: 0.1320264 Test Loss: 0.1316862
Validation loss decreased (0.132115 --> 0.132026).  Saving model ...
Updating learning rate to 3.402000141604739e-05
	iters: 100, epoch: 35 | loss: 0.1470906
	speed: 0.2756s/iter; left time: 38454.3239s
	iters: 200, epoch: 35 | loss: 0.1526763
	speed: 0.0833s/iter; left time: 11618.6358s
	iters: 300, epoch: 35 | loss: 0.1173254
	speed: 0.0833s/iter; left time: 11608.0558s
	iters: 400, epoch: 35 | loss: 0.1550432
	speed: 0.0831s/iter; left time: 11572.9864s
	iters: 500, epoch: 35 | loss: 0.1250843
	speed: 0.0831s/iter; left time: 11567.8044s
Epoch: 35 cost time: 44.30690550804138
[2025-05-29 12:40:01] [32mIntermediate result: 0.1312914  (Index 34)[0m
Epoch: 35, Steps: 525 | Train Loss: 0.1351188 Vali Loss: 0.1319183 Test Loss: 0.1312914
Validation loss decreased (0.132026 --> 0.131918).  Saving model ...
Updating learning rate to 3.5584199424686336e-05
	iters: 100, epoch: 36 | loss: 0.1384444
	speed: 0.2784s/iter; left time: 38709.7947s
	iters: 200, epoch: 36 | loss: 0.1139073
	speed: 0.0830s/iter; left time: 11535.1294s
	iters: 300, epoch: 36 | loss: 0.1407553
	speed: 0.0832s/iter; left time: 11549.8723s
	iters: 400, epoch: 36 | loss: 0.1344566
	speed: 0.0834s/iter; left time: 11570.4154s
	iters: 500, epoch: 36 | loss: 0.1604792
	speed: 0.0832s/iter; left time: 11538.8097s
Epoch: 36 cost time: 44.34103751182556
[2025-05-29 12:41:02] [32mIntermediate result: 0.1305423  (Index 35)[0m
Epoch: 36, Steps: 525 | Train Loss: 0.1347758 Vali Loss: 0.1304480 Test Loss: 0.1305423
Validation loss decreased (0.131918 --> 0.130448).  Saving model ...
Updating learning rate to 3.7168398404173076e-05
	iters: 100, epoch: 37 | loss: 0.1457244
	speed: 0.2761s/iter; left time: 38237.8571s
	iters: 200, epoch: 37 | loss: 0.1362497
	speed: 0.0833s/iter; left time: 11532.1062s
	iters: 300, epoch: 37 | loss: 0.1358422
	speed: 0.0834s/iter; left time: 11540.0028s
	iters: 400, epoch: 37 | loss: 0.1054348
	speed: 0.0831s/iter; left time: 11485.1251s
	iters: 500, epoch: 37 | loss: 0.1362154
	speed: 0.0832s/iter; left time: 11490.9807s
Epoch: 37 cost time: 44.17333745956421
[2025-05-29 12:42:03] [32mIntermediate result: 0.1294998  (Index 36)[0m
Epoch: 37, Steps: 525 | Train Loss: 0.1341891 Vali Loss: 0.1299655 Test Loss: 0.1294998
Validation loss decreased (0.130448 --> 0.129965).  Saving model ...
Updating learning rate to 3.8770668170386516e-05
	iters: 100, epoch: 38 | loss: 0.1555003
	speed: 0.2762s/iter; left time: 38113.0192s
	iters: 200, epoch: 38 | loss: 0.1074575
	speed: 0.0830s/iter; left time: 11447.0073s
	iters: 300, epoch: 38 | loss: 0.1295799
	speed: 0.0831s/iter; left time: 11447.0133s
	iters: 400, epoch: 38 | loss: 0.1350996
	speed: 0.0833s/iter; left time: 11474.2288s
	iters: 500, epoch: 38 | loss: 0.1295233
	speed: 0.0834s/iter; left time: 11474.1148s
Epoch: 38 cost time: 44.339791774749756
[2025-05-29 12:43:04] [32mIntermediate result: 0.12976861  (Index 37)[0m
Epoch: 38, Steps: 525 | Train Loss: 0.1333748 Vali Loss: 0.1301030 Test Loss: 0.1297686
EarlyStopping counter: 1 out of 20
Updating learning rate to 4.0389056521803645e-05
	iters: 100, epoch: 39 | loss: 0.1186679
	speed: 0.2765s/iter; left time: 38010.2143s
	iters: 200, epoch: 39 | loss: 0.1259205
	speed: 0.0828s/iter; left time: 11376.2905s
	iters: 300, epoch: 39 | loss: 0.1224153
	speed: 0.0834s/iter; left time: 11443.5212s
	iters: 400, epoch: 39 | loss: 0.1288563
	speed: 0.0832s/iter; left time: 11407.9525s
	iters: 500, epoch: 39 | loss: 0.1345115
	speed: 0.0828s/iter; left time: 11345.1212s
Epoch: 39 cost time: 44.127238273620605
[2025-05-29 12:44:05] [32mIntermediate result: 0.1291383  (Index 38)[0m
Epoch: 39, Steps: 525 | Train Loss: 0.1322965 Vali Loss: 0.1291088 Test Loss: 0.1291383
Validation loss decreased (0.129965 --> 0.129109).  Saving model ...
Updating learning rate to 4.2021591618057105e-05
	iters: 100, epoch: 40 | loss: 0.1225350
	speed: 0.2764s/iter; left time: 37844.7737s
	iters: 200, epoch: 40 | loss: 0.1357019
	speed: 0.0829s/iter; left time: 11348.4400s
	iters: 300, epoch: 40 | loss: 0.1167001
	speed: 0.0831s/iter; left time: 11366.6510s
	iters: 400, epoch: 40 | loss: 0.1198485
	speed: 0.0828s/iter; left time: 11309.8317s
	iters: 500, epoch: 40 | loss: 0.1166751
	speed: 0.0829s/iter; left time: 11311.2466s
Epoch: 40 cost time: 44.17923855781555
[2025-05-29 12:45:06] [32mIntermediate result: 0.13386573  (Index 39)[0m
Epoch: 40, Steps: 525 | Train Loss: 0.1320068 Vali Loss: 0.1346350 Test Loss: 0.1338657
EarlyStopping counter: 1 out of 20
Updating learning rate to 4.366628438242057e-05
	iters: 100, epoch: 41 | loss: 0.1305631
	speed: 0.2785s/iter; left time: 37984.3034s
	iters: 200, epoch: 41 | loss: 0.1369895
	speed: 0.0834s/iter; left time: 11369.7339s
	iters: 300, epoch: 41 | loss: 0.1549172
	speed: 0.0832s/iter; left time: 11336.3410s
	iters: 400, epoch: 41 | loss: 0.1208180
	speed: 0.0833s/iter; left time: 11341.7246s
	iters: 500, epoch: 41 | loss: 0.1187901
	speed: 0.0833s/iter; left time: 11334.3131s
Epoch: 41 cost time: 44.3501660823822
[2025-05-29 12:46:07] [32mIntermediate result: 0.1286463  (Index 40)[0m
Epoch: 41, Steps: 525 | Train Loss: 0.1316188 Vali Loss: 0.1291250 Test Loss: 0.1286463
EarlyStopping counter: 2 out of 20
Updating learning rate to 4.5321130925294954e-05
	iters: 100, epoch: 42 | loss: 0.1385999
	speed: 0.2811s/iter; left time: 38188.1196s
	iters: 200, epoch: 42 | loss: 0.1350556
	speed: 0.0834s/iter; left time: 11324.5998s
	iters: 300, epoch: 42 | loss: 0.1244541
	speed: 0.0830s/iter; left time: 11265.9074s
	iters: 400, epoch: 42 | loss: 0.1386770
	speed: 0.0831s/iter; left time: 11263.0265s
	iters: 500, epoch: 42 | loss: 0.1255709
	speed: 0.0830s/iter; left time: 11243.5515s
Epoch: 42 cost time: 44.29727244377136
[2025-05-29 12:47:09] [32mIntermediate result: 0.12915829  (Index 41)[0m
Epoch: 42, Steps: 525 | Train Loss: 0.1308748 Vali Loss: 0.1296529 Test Loss: 0.1291583
EarlyStopping counter: 3 out of 20
Updating learning rate to 4.698411498574252e-05
	iters: 100, epoch: 43 | loss: 0.1366534
	speed: 0.2821s/iter; left time: 38180.0440s
	iters: 200, epoch: 43 | loss: 0.1413460
	speed: 0.0829s/iter; left time: 11209.2970s
	iters: 300, epoch: 43 | loss: 0.1253321
	speed: 0.0830s/iter; left time: 11218.6907s
	iters: 400, epoch: 43 | loss: 0.1181296
	speed: 0.0833s/iter; left time: 11250.6430s
	iters: 500, epoch: 43 | loss: 0.1242522
	speed: 0.0835s/iter; left time: 11269.3064s
Epoch: 43 cost time: 44.241307735443115
[2025-05-29 12:48:10] [32mIntermediate result: 0.12719058  (Index 42)[0m
Epoch: 43, Steps: 525 | Train Loss: 0.1306360 Vali Loss: 0.1272092 Test Loss: 0.1271906
Validation loss decreased (0.129109 --> 0.127209).  Saving model ...
Updating learning rate to 4.8653210388094224e-05
	iters: 100, epoch: 44 | loss: 0.1270937
	speed: 0.2777s/iter; left time: 37435.6921s
	iters: 200, epoch: 44 | loss: 0.1319558
	speed: 0.0828s/iter; left time: 11150.6934s
	iters: 300, epoch: 44 | loss: 0.1275144
	speed: 0.0829s/iter; left time: 11159.9015s
	iters: 400, epoch: 44 | loss: 0.1400143
	speed: 0.0830s/iter; left time: 11165.9088s
	iters: 500, epoch: 44 | loss: 0.1249137
	speed: 0.0830s/iter; left time: 11158.3425s
Epoch: 44 cost time: 44.2374210357666
[2025-05-29 12:49:11] [32mIntermediate result: 0.12768416  (Index 43)[0m
Epoch: 44, Steps: 525 | Train Loss: 0.1294995 Vali Loss: 0.1280759 Test Loss: 0.1276842
EarlyStopping counter: 1 out of 20
Updating learning rate to 5.0326383510637194e-05
	iters: 100, epoch: 45 | loss: 0.1467801
	speed: 0.2797s/iter; left time: 37569.3758s
	iters: 200, epoch: 45 | loss: 0.1350569
	speed: 0.0832s/iter; left time: 11159.5043s
	iters: 300, epoch: 45 | loss: 0.1251713
	speed: 0.0833s/iter; left time: 11171.0432s
	iters: 400, epoch: 45 | loss: 0.1169608
	speed: 0.0832s/iter; left time: 11147.2678s
	iters: 500, epoch: 45 | loss: 0.1389720
	speed: 0.0830s/iter; left time: 11108.9282s
Epoch: 45 cost time: 44.257227182388306
[2025-05-29 12:50:12] [32mIntermediate result: 0.12582517  (Index 44)[0m
Epoch: 45, Steps: 525 | Train Loss: 0.1295521 Vali Loss: 0.1262410 Test Loss: 0.1258252
Validation loss decreased (0.127209 --> 0.126241).  Saving model ...
Updating learning rate to 5.2001595763374295e-05
	iters: 100, epoch: 46 | loss: 0.1469522
	speed: 0.2806s/iter; left time: 37532.0765s
	iters: 200, epoch: 46 | loss: 0.1204705
	speed: 0.0827s/iter; left time: 11055.1355s
	iters: 300, epoch: 46 | loss: 0.1294327
	speed: 0.0831s/iter; left time: 11101.9639s
	iters: 400, epoch: 46 | loss: 0.1339739
	speed: 0.0825s/iter; left time: 11013.5359s
	iters: 500, epoch: 46 | loss: 0.1187612
	speed: 0.0829s/iter; left time: 11061.9646s
Epoch: 46 cost time: 44.17247438430786
[2025-05-29 12:51:13] [32mIntermediate result: 0.1260657  (Index 45)[0m
Epoch: 46, Steps: 525 | Train Loss: 0.1283155 Vali Loss: 0.1260201 Test Loss: 0.1260657
Validation loss decreased (0.126241 --> 0.126020).  Saving model ...
Updating learning rate to 5.3676806071837254e-05
	iters: 100, epoch: 47 | loss: 0.1251828
	speed: 0.2751s/iter; left time: 36659.4107s
	iters: 200, epoch: 47 | loss: 0.1336294
	speed: 0.0827s/iter; left time: 11017.1924s
	iters: 300, epoch: 47 | loss: 0.1315169
	speed: 0.0828s/iter; left time: 11020.4389s
	iters: 400, epoch: 47 | loss: 0.1228445
	speed: 0.0829s/iter; left time: 11026.9574s
	iters: 500, epoch: 47 | loss: 0.1121940
	speed: 0.0830s/iter; left time: 11024.6520s
Epoch: 47 cost time: 44.164721965789795
[2025-05-29 12:52:14] [32mIntermediate result: 0.12572433  (Index 46)[0m
Epoch: 47, Steps: 525 | Train Loss: 0.1278807 Vali Loss: 0.1255321 Test Loss: 0.1257243
Validation loss decreased (0.126020 --> 0.125532).  Saving model ...
Updating learning rate to 5.5349973363926665e-05
	iters: 100, epoch: 48 | loss: 0.1192217
	speed: 0.2777s/iter; left time: 36862.3005s
	iters: 200, epoch: 48 | loss: 0.1205122
	speed: 0.0829s/iter; left time: 10994.2081s
	iters: 300, epoch: 48 | loss: 0.1293377
	speed: 0.0825s/iter; left time: 10938.0182s
	iters: 400, epoch: 48 | loss: 0.1275323
	speed: 0.0830s/iter; left time: 10996.3951s
	iters: 500, epoch: 48 | loss: 0.1395305
	speed: 0.0831s/iter; left time: 10998.9981s
Epoch: 48 cost time: 44.19458222389221
[2025-05-29 12:53:15] [32mIntermediate result: 0.12538336  (Index 47)[0m
Epoch: 48, Steps: 525 | Train Loss: 0.1284741 Vali Loss: 0.1257583 Test Loss: 0.1253834
EarlyStopping counter: 1 out of 20
Updating learning rate to 5.7019059056749234e-05
	iters: 100, epoch: 49 | loss: 0.1158810
	speed: 0.2740s/iter; left time: 36228.8730s
	iters: 200, epoch: 49 | loss: 0.1243019
	speed: 0.0831s/iter; left time: 10971.7749s
	iters: 300, epoch: 49 | loss: 0.1260191
	speed: 0.0831s/iter; left time: 10970.1340s
	iters: 400, epoch: 49 | loss: 0.1170413
	speed: 0.0827s/iter; left time: 10911.9317s
	iters: 500, epoch: 49 | loss: 0.1412477
	speed: 0.0827s/iter; left time: 10894.0215s
Epoch: 49 cost time: 44.130704164505005
[2025-05-29 12:54:16] [32mIntermediate result: 0.12995696  (Index 48)[0m
Epoch: 49, Steps: 525 | Train Loss: 0.1272497 Vali Loss: 0.1297992 Test Loss: 0.1299570
EarlyStopping counter: 2 out of 20
Updating learning rate to 5.868202954042212e-05
	iters: 100, epoch: 50 | loss: 0.1371314
	speed: 0.2808s/iter; left time: 36972.3443s
	iters: 200, epoch: 50 | loss: 0.1260872
	speed: 0.0829s/iter; left time: 10910.3670s
	iters: 300, epoch: 50 | loss: 0.1101577
	speed: 0.0830s/iter; left time: 10911.0876s
	iters: 400, epoch: 50 | loss: 0.1263261
	speed: 0.0832s/iter; left time: 10930.7418s
	iters: 500, epoch: 50 | loss: 0.1123237
	speed: 0.0830s/iter; left time: 10898.2960s
Epoch: 50 cost time: 44.16466665267944
[2025-05-29 12:55:17] [32mIntermediate result: 0.124425724  (Index 49)[0m
Epoch: 50, Steps: 525 | Train Loss: 0.1266821 Vali Loss: 0.1246178 Test Loss: 0.1244257
Validation loss decreased (0.125532 --> 0.124618).  Saving model ...
Updating learning rate to 6.033685865581821e-05
	iters: 100, epoch: 51 | loss: 0.1438261
	speed: 0.2761s/iter; left time: 36206.1726s
	iters: 200, epoch: 51 | loss: 0.1281689
	speed: 0.0830s/iter; left time: 10872.6390s
	iters: 300, epoch: 51 | loss: 0.1441979
	speed: 0.0833s/iter; left time: 10908.2238s
	iters: 400, epoch: 51 | loss: 0.1190554
	speed: 0.0830s/iter; left time: 10861.2023s
	iters: 500, epoch: 51 | loss: 0.1243400
	speed: 0.0829s/iter; left time: 10842.6530s
Epoch: 51 cost time: 44.17660737037659
[2025-05-29 12:56:17] [32mIntermediate result: 0.12356985  (Index 50)[0m
Epoch: 51, Steps: 525 | Train Loss: 0.1263194 Vali Loss: 0.1239035 Test Loss: 0.1235699
Validation loss decreased (0.124618 --> 0.123904).  Saving model ...
Updating learning rate to 6.198153016323336e-05
	iters: 100, epoch: 52 | loss: 0.1330500
	speed: 0.2765s/iter; left time: 36123.0709s
	iters: 200, epoch: 52 | loss: 0.1256518
	speed: 0.0829s/iter; left time: 10823.0676s
	iters: 300, epoch: 52 | loss: 0.1052451
	speed: 0.0829s/iter; left time: 10807.7589s
	iters: 400, epoch: 52 | loss: 0.1273543
	speed: 0.0831s/iter; left time: 10830.0234s
	iters: 500, epoch: 52 | loss: 0.1305128
	speed: 0.0832s/iter; left time: 10838.9794s
Epoch: 52 cost time: 44.213008880615234
[2025-05-29 12:57:19] [32mIntermediate result: 0.12363118  (Index 51)[0m
Epoch: 52, Steps: 525 | Train Loss: 0.1262712 Vali Loss: 0.1244593 Test Loss: 0.1236312
EarlyStopping counter: 1 out of 20
Updating learning rate to 6.36140401989679e-05
	iters: 100, epoch: 53 | loss: 0.1224762
	speed: 0.2790s/iter; left time: 36293.1200s
	iters: 200, epoch: 53 | loss: 0.1257733
	speed: 0.0814s/iter; left time: 10578.3929s
	iters: 300, epoch: 53 | loss: 0.1271778
	speed: 0.0825s/iter; left time: 10713.9008s
	iters: 400, epoch: 53 | loss: 0.1016985
	speed: 0.0826s/iter; left time: 10719.8017s
	iters: 500, epoch: 53 | loss: 0.1451666
	speed: 0.0827s/iter; left time: 10725.1681s
Epoch: 53 cost time: 43.834566831588745
[2025-05-29 12:58:19] [32mIntermediate result: 0.1238569  (Index 52)[0m
Epoch: 53, Steps: 525 | Train Loss: 0.1256305 Vali Loss: 0.1238175 Test Loss: 0.1238569
Validation loss decreased (0.123904 --> 0.123817).  Saving model ...
Updating learning rate to 6.523239971682915e-05
	iters: 100, epoch: 54 | loss: 0.1218164
	speed: 0.2782s/iter; left time: 36051.5452s
	iters: 200, epoch: 54 | loss: 0.1161068
	speed: 0.0816s/iter; left time: 10558.7712s
	iters: 300, epoch: 54 | loss: 0.1301636
	speed: 0.0817s/iter; left time: 10572.4222s
	iters: 400, epoch: 54 | loss: 0.1209107
	speed: 0.0816s/iter; left time: 10548.7639s
	iters: 500, epoch: 54 | loss: 0.1474843
	speed: 0.0816s/iter; left time: 10538.5760s
Epoch: 54 cost time: 43.388705253601074
[2025-05-29 12:59:19] [32mIntermediate result: 0.12658969  (Index 53)[0m
Epoch: 54, Steps: 525 | Train Loss: 0.1251693 Vali Loss: 0.1264075 Test Loss: 0.1265897
EarlyStopping counter: 1 out of 20
Updating learning rate to 6.683463691158054e-05
	iters: 100, epoch: 55 | loss: 0.1199965
	speed: 0.2730s/iter; left time: 35227.8637s
	iters: 200, epoch: 55 | loss: 0.1140759
	speed: 0.0825s/iter; left time: 10635.4851s
	iters: 300, epoch: 55 | loss: 0.1455394
	speed: 0.0825s/iter; left time: 10636.6204s
	iters: 400, epoch: 55 | loss: 0.1122793
	speed: 0.0828s/iter; left time: 10658.7710s
	iters: 500, epoch: 55 | loss: 0.1445308
	speed: 0.0826s/iter; left time: 10630.2245s
Epoch: 55 cost time: 43.95825791358948
[2025-05-29 13:00:20] [32mIntermediate result: 0.12453383  (Index 54)[0m
Epoch: 55, Steps: 525 | Train Loss: 0.1247737 Vali Loss: 0.1247304 Test Loss: 0.1245338
EarlyStopping counter: 2 out of 20
Updating learning rate to 6.841879962138402e-05
	iters: 100, epoch: 56 | loss: 0.1271134
	speed: 0.2767s/iter; left time: 35561.0419s
	iters: 200, epoch: 56 | loss: 0.1240039
	speed: 0.0832s/iter; left time: 10684.8315s
	iters: 300, epoch: 56 | loss: 0.1246899
	speed: 0.0831s/iter; left time: 10660.0722s
	iters: 400, epoch: 56 | loss: 0.1192853
	speed: 0.0827s/iter; left time: 10604.6668s
	iters: 500, epoch: 56 | loss: 0.1223622
	speed: 0.0830s/iter; left time: 10637.1773s
Epoch: 56 cost time: 44.23639631271362
[2025-05-29 13:01:21] [32mIntermediate result: 0.12849069  (Index 55)[0m
Epoch: 56, Steps: 525 | Train Loss: 0.1248178 Vali Loss: 0.1290309 Test Loss: 0.1284907
EarlyStopping counter: 3 out of 20
Updating learning rate to 6.998295770630938e-05
	iters: 100, epoch: 57 | loss: 0.1370469
	speed: 0.2743s/iter; left time: 35109.9777s
	iters: 200, epoch: 57 | loss: 0.1136313
	speed: 0.0816s/iter; left time: 10442.9806s
	iters: 300, epoch: 57 | loss: 0.1319469
	speed: 0.0829s/iter; left time: 10588.4239s
	iters: 400, epoch: 57 | loss: 0.1313262
	speed: 0.0816s/iter; left time: 10421.9746s
	iters: 500, epoch: 57 | loss: 0.1097477
	speed: 0.0810s/iter; left time: 10341.4654s
Epoch: 57 cost time: 43.559019565582275
[2025-05-29 13:02:21] [32mIntermediate result: 0.12354971  (Index 56)[0m
Epoch: 57, Steps: 525 | Train Loss: 0.1238375 Vali Loss: 0.1242525 Test Loss: 0.1235497
EarlyStopping counter: 4 out of 20
Updating learning rate to 7.152520540001189e-05
	iters: 100, epoch: 58 | loss: 0.1276330
	speed: 0.2739s/iter; left time: 34917.8840s
	iters: 200, epoch: 58 | loss: 0.1203425
	speed: 0.0817s/iter; left time: 10407.4213s
	iters: 300, epoch: 58 | loss: 0.1554537
	speed: 0.0819s/iter; left time: 10420.0361s
	iters: 400, epoch: 58 | loss: 0.0966121
	speed: 0.0817s/iter; left time: 10390.2942s
	iters: 500, epoch: 58 | loss: 0.1185444
	speed: 0.0820s/iter; left time: 10423.7602s
Epoch: 58 cost time: 43.47087335586548
[2025-05-29 13:03:21] [32mIntermediate result: 0.1265644  (Index 57)[0m
Epoch: 58, Steps: 525 | Train Loss: 0.1231222 Vali Loss: 0.1268272 Test Loss: 0.1265644
EarlyStopping counter: 5 out of 20
Updating learning rate to 7.304366363171337e-05
	iters: 100, epoch: 59 | loss: 0.1416091
	speed: 0.2703s/iter; left time: 34320.5256s
	iters: 200, epoch: 59 | loss: 0.1155174
	speed: 0.0818s/iter; left time: 10382.4482s
	iters: 300, epoch: 59 | loss: 0.1264332
	speed: 0.0817s/iter; left time: 10351.5527s
	iters: 400, epoch: 59 | loss: 0.1195380
	speed: 0.0817s/iter; left time: 10345.3658s
	iters: 500, epoch: 59 | loss: 0.1326594
	speed: 0.0820s/iter; left time: 10379.8761s
Epoch: 59 cost time: 43.49779152870178
[2025-05-29 13:04:21] [32mIntermediate result: 0.12208493  (Index 58)[0m
Epoch: 59, Steps: 525 | Train Loss: 0.1234414 Vali Loss: 0.1225290 Test Loss: 0.1220849
Validation loss decreased (0.123817 --> 0.122529).  Saving model ...
Updating learning rate to 7.45364823156573e-05
	iters: 100, epoch: 60 | loss: 0.1161846
	speed: 0.2754s/iter; left time: 34819.2459s
	iters: 200, epoch: 60 | loss: 0.1281140
	speed: 0.0833s/iter; left time: 10527.3422s
	iters: 300, epoch: 60 | loss: 0.1255106
	speed: 0.0831s/iter; left time: 10492.6669s
	iters: 400, epoch: 60 | loss: 0.1198351
	speed: 0.0830s/iter; left time: 10468.2853s
	iters: 500, epoch: 60 | loss: 0.1275261
	speed: 0.0832s/iter; left time: 10482.2671s
Epoch: 60 cost time: 44.27783942222595
[2025-05-29 13:05:22] [32mIntermediate result: 0.12129003  (Index 59)[0m
Epoch: 60, Steps: 525 | Train Loss: 0.1229026 Vali Loss: 0.1211185 Test Loss: 0.1212900
Validation loss decreased (0.122529 --> 0.121119).  Saving model ...
Updating learning rate to 7.600184260524882e-05
	iters: 100, epoch: 61 | loss: 0.1265323
	speed: 0.2769s/iter; left time: 34860.1961s
	iters: 200, epoch: 61 | loss: 0.1127251
	speed: 0.0827s/iter; left time: 10402.7430s
	iters: 300, epoch: 61 | loss: 0.1137871
	speed: 0.0824s/iter; left time: 10357.8763s
	iters: 400, epoch: 61 | loss: 0.1267412
	speed: 0.0827s/iter; left time: 10384.0617s
	iters: 500, epoch: 61 | loss: 0.1200658
	speed: 0.0823s/iter; left time: 10326.1429s
Epoch: 61 cost time: 43.988739013671875
[2025-05-29 13:06:22] [32mIntermediate result: 0.120043434  (Index 60)[0m
Epoch: 61, Steps: 525 | Train Loss: 0.1218770 Vali Loss: 0.1200060 Test Loss: 0.1200434
Validation loss decreased (0.121119 --> 0.120006).  Saving model ...
Updating learning rate to 7.743795910913288e-05
	iters: 100, epoch: 62 | loss: 0.1258355
	speed: 0.2764s/iter; left time: 34653.2839s
	iters: 200, epoch: 62 | loss: 0.1330601
	speed: 0.0824s/iter; left time: 10326.6662s
	iters: 300, epoch: 62 | loss: 0.1159507
	speed: 0.0819s/iter; left time: 10257.3810s
	iters: 400, epoch: 62 | loss: 0.1335656
	speed: 0.0826s/iter; left time: 10325.5601s
	iters: 500, epoch: 62 | loss: 0.1284838
	speed: 0.0831s/iter; left time: 10384.9591s
Epoch: 62 cost time: 43.990185260772705
[2025-05-29 13:07:23] [32mIntermediate result: 0.12304359  (Index 61)[0m
Epoch: 62, Steps: 525 | Train Loss: 0.1213700 Vali Loss: 0.1224375 Test Loss: 0.1230436
EarlyStopping counter: 1 out of 20
Updating learning rate to 7.88430820665106e-05
	iters: 100, epoch: 63 | loss: 0.1336341
	speed: 0.2723s/iter; left time: 33992.2260s
	iters: 200, epoch: 63 | loss: 0.1252347
	speed: 0.0817s/iter; left time: 10188.8993s
	iters: 300, epoch: 63 | loss: 0.0995870
	speed: 0.0813s/iter; left time: 10138.8672s
	iters: 400, epoch: 63 | loss: 0.1386032
	speed: 0.0814s/iter; left time: 10136.4575s
	iters: 500, epoch: 63 | loss: 0.1374026
	speed: 0.0816s/iter; left time: 10153.4475s
Epoch: 63 cost time: 43.364890575408936
[2025-05-29 13:08:22] [32mIntermediate result: 0.12310489  (Index 62)[0m
Epoch: 63, Steps: 525 | Train Loss: 0.1216105 Vali Loss: 0.1226941 Test Loss: 0.1231049
EarlyStopping counter: 2 out of 20
Updating learning rate to 8.021549947904362e-05
	iters: 100, epoch: 64 | loss: 0.1228889
	speed: 0.2704s/iter; left time: 33619.7518s
	iters: 200, epoch: 64 | loss: 0.1291238
	speed: 0.0814s/iter; left time: 10114.2155s
	iters: 300, epoch: 64 | loss: 0.1194463
	speed: 0.0820s/iter; left time: 10174.7527s
	iters: 400, epoch: 64 | loss: 0.1145702
	speed: 0.0819s/iter; left time: 10152.3158s
	iters: 500, epoch: 64 | loss: 0.1250588
	speed: 0.0817s/iter; left time: 10126.7079s
Epoch: 64 cost time: 43.504411458969116
[2025-05-29 13:09:22] [32mIntermediate result: 0.11903536  (Index 63)[0m
Epoch: 64, Steps: 525 | Train Loss: 0.1207423 Vali Loss: 0.1189215 Test Loss: 0.1190354
Validation loss decreased (0.120006 --> 0.118922).  Saving model ...
Updating learning rate to 8.15535391967486e-05
	iters: 100, epoch: 65 | loss: 0.1304246
	speed: 0.2699s/iter; left time: 33418.1807s
	iters: 200, epoch: 65 | loss: 0.1155032
	speed: 0.0815s/iter; left time: 10079.3837s
	iters: 300, epoch: 65 | loss: 0.1286987
	speed: 0.0814s/iter; left time: 10059.9331s
	iters: 400, epoch: 65 | loss: 0.1179740
	speed: 0.0816s/iter; left time: 10080.1027s
	iters: 500, epoch: 65 | loss: 0.1294455
	speed: 0.0815s/iter; left time: 10062.0108s
Epoch: 65 cost time: 43.372901916503906
[2025-05-29 13:10:22] [32mIntermediate result: 0.1209454  (Index 64)[0m
Epoch: 65, Steps: 525 | Train Loss: 0.1208028 Vali Loss: 0.1209966 Test Loss: 0.1209454
EarlyStopping counter: 1 out of 20
Updating learning rate to 8.285557095534051e-05
	iters: 100, epoch: 66 | loss: 0.1141541
	speed: 0.2785s/iter; left time: 34330.0519s
	iters: 200, epoch: 66 | loss: 0.1198331
	speed: 0.0814s/iter; left time: 10026.2343s
	iters: 300, epoch: 66 | loss: 0.1193496
	speed: 0.0822s/iter; left time: 10118.5503s
	iters: 400, epoch: 66 | loss: 0.1236851
	speed: 0.0821s/iter; left time: 10098.4934s
	iters: 500, epoch: 66 | loss: 0.1226578
	speed: 0.0817s/iter; left time: 10041.1029s
Epoch: 66 cost time: 43.748637199401855
[2025-05-29 13:11:23] [32mIntermediate result: 0.11986112  (Index 65)[0m
Epoch: 66, Steps: 525 | Train Loss: 0.1193405 Vali Loss: 0.1194954 Test Loss: 0.1198611
EarlyStopping counter: 2 out of 20
Updating learning rate to 8.412000836254281e-05
	iters: 100, epoch: 67 | loss: 0.1424236
	speed: 0.2726s/iter; left time: 33457.2479s
	iters: 200, epoch: 67 | loss: 0.1251002
	speed: 0.0814s/iter; left time: 9986.8579s
	iters: 300, epoch: 67 | loss: 0.1328719
	speed: 0.0816s/iter; left time: 9996.2321s
	iters: 400, epoch: 67 | loss: 0.1191721
	speed: 0.0819s/iter; left time: 10025.7977s
	iters: 500, epoch: 67 | loss: 0.1106754
	speed: 0.0818s/iter; left time: 10007.8031s
Epoch: 67 cost time: 43.41051888465881
[2025-05-29 13:12:23] [32mIntermediate result: 0.12589431  (Index 66)[0m
Epoch: 67, Steps: 525 | Train Loss: 0.1197415 Vali Loss: 0.1263772 Test Loss: 0.1258943
EarlyStopping counter: 3 out of 20
Updating learning rate to 8.534531083094375e-05
	iters: 100, epoch: 68 | loss: 0.1280132
	speed: 0.2754s/iter; left time: 33658.9614s
	iters: 200, epoch: 68 | loss: 0.1106946
	speed: 0.0818s/iter; left time: 9990.9365s
	iters: 300, epoch: 68 | loss: 0.1212681
	speed: 0.0819s/iter; left time: 9998.3391s
	iters: 400, epoch: 68 | loss: 0.1281902
	speed: 0.0819s/iter; left time: 9984.2366s
	iters: 500, epoch: 68 | loss: 0.1140411
	speed: 0.0819s/iter; left time: 9975.4503s
Epoch: 68 cost time: 43.530171394348145
[2025-05-29 13:13:23] [32mIntermediate result: 0.12091417  (Index 67)[0m
Epoch: 68, Steps: 525 | Train Loss: 0.1185037 Vali Loss: 0.1204427 Test Loss: 0.1209142
EarlyStopping counter: 4 out of 20
Updating learning rate to 8.652998545504425e-05
	iters: 100, epoch: 69 | loss: 0.1169315
	speed: 0.2711s/iter; left time: 32988.3484s
	iters: 200, epoch: 69 | loss: 0.1134043
	speed: 0.0819s/iter; left time: 9964.0007s
	iters: 300, epoch: 69 | loss: 0.1263033
	speed: 0.0818s/iter; left time: 9932.8689s
	iters: 400, epoch: 69 | loss: 0.1016873
	speed: 0.0822s/iter; left time: 9976.1439s
	iters: 500, epoch: 69 | loss: 0.1101867
	speed: 0.0818s/iter; left time: 9923.5639s
Epoch: 69 cost time: 43.47673320770264
[2025-05-29 13:14:22] [32mIntermediate result: 0.11750138  (Index 68)[0m
Epoch: 69, Steps: 525 | Train Loss: 0.1179783 Vali Loss: 0.1173527 Test Loss: 0.1175014
Validation loss decreased (0.118922 --> 0.117353).  Saving model ...
Updating learning rate to 8.767258883021035e-05
	iters: 100, epoch: 70 | loss: 0.1202287
	speed: 0.2702s/iter; left time: 32742.9469s
	iters: 200, epoch: 70 | loss: 0.1183645
	speed: 0.0818s/iter; left time: 9904.2998s
	iters: 300, epoch: 70 | loss: 0.1427761
	speed: 0.0819s/iter; left time: 9903.8627s
	iters: 400, epoch: 70 | loss: 0.1279260
	speed: 0.0820s/iter; left time: 9917.2325s
	iters: 500, epoch: 70 | loss: 0.1118306
	speed: 0.0819s/iter; left time: 9889.2831s
Epoch: 70 cost time: 43.565601110458374
[2025-05-29 13:15:22] [32mIntermediate result: 0.11900332  (Index 69)[0m
Epoch: 70, Steps: 525 | Train Loss: 0.1179786 Vali Loss: 0.1193213 Test Loss: 0.1190033
EarlyStopping counter: 1 out of 20
Updating learning rate to 8.877172881131381e-05
	iters: 100, epoch: 71 | loss: 0.1109659
	speed: 0.2701s/iter; left time: 32582.7108s
	iters: 200, epoch: 71 | loss: 0.1004693
	speed: 0.0824s/iter; left time: 9929.8640s
	iters: 300, epoch: 71 | loss: 0.1253713
	speed: 0.0831s/iter; left time: 10003.9955s
	iters: 400, epoch: 71 | loss: 0.1340677
	speed: 0.0827s/iter; left time: 9957.8910s
	iters: 500, epoch: 71 | loss: 0.1104673
	speed: 0.0826s/iter; left time: 9927.1786s
Epoch: 71 cost time: 43.89286732673645
[2025-05-29 13:16:23] [32mIntermediate result: 0.11794293  (Index 70)[0m
Epoch: 71, Steps: 525 | Train Loss: 0.1172623 Vali Loss: 0.1181054 Test Loss: 0.1179429
EarlyStopping counter: 2 out of 20
Updating learning rate to 8.982606620891825e-05
	iters: 100, epoch: 72 | loss: 0.1076763
	speed: 0.2807s/iter; left time: 33724.0285s
	iters: 200, epoch: 72 | loss: 0.1177309
	speed: 0.0830s/iter; left time: 9967.3241s
	iters: 300, epoch: 72 | loss: 0.1148674
	speed: 0.0830s/iter; left time: 9953.8634s
	iters: 400, epoch: 72 | loss: 0.1270590
	speed: 0.0830s/iter; left time: 9947.1498s
	iters: 500, epoch: 72 | loss: 0.1078721
	speed: 0.0829s/iter; left time: 9928.0805s
Epoch: 72 cost time: 44.20435428619385
[2025-05-29 13:17:24] [32mIntermediate result: 0.118523054  (Index 71)[0m
Epoch: 72, Steps: 525 | Train Loss: 0.1166578 Vali Loss: 0.1190098 Test Loss: 0.1185231
EarlyStopping counter: 3 out of 20
Updating learning rate to 9.083431642094434e-05
	iters: 100, epoch: 73 | loss: 0.1077657
	speed: 0.2750s/iter; left time: 32888.2630s
	iters: 200, epoch: 73 | loss: 0.1105515
	speed: 0.0829s/iter; left time: 9900.7656s
	iters: 300, epoch: 73 | loss: 0.1168288
	speed: 0.0829s/iter; left time: 9902.1871s
	iters: 400, epoch: 73 | loss: 0.1081946
	speed: 0.0830s/iter; left time: 9900.2328s
	iters: 500, epoch: 73 | loss: 0.1257888
	speed: 0.0830s/iter; left time: 9888.5680s
Epoch: 73 cost time: 44.13186240196228
[2025-05-29 13:18:24] [32mIntermediate result: 0.11699725  (Index 72)[0m
Epoch: 73, Steps: 525 | Train Loss: 0.1166492 Vali Loss: 0.1175355 Test Loss: 0.1169972
EarlyStopping counter: 4 out of 20
Updating learning rate to 9.179525099782574e-05
	iters: 100, epoch: 74 | loss: 0.1016699
	speed: 0.2751s/iter; left time: 32762.9927s
	iters: 200, epoch: 74 | loss: 0.0894313
	speed: 0.0826s/iter; left time: 9826.2205s
	iters: 300, epoch: 74 | loss: 0.1065718
	speed: 0.0827s/iter; left time: 9835.4025s
	iters: 400, epoch: 74 | loss: 0.1343573
	speed: 0.0827s/iter; left time: 9822.8264s
	iters: 500, epoch: 74 | loss: 0.1293308
	speed: 0.0825s/iter; left time: 9785.9794s
Epoch: 74 cost time: 44.0031521320343
[2025-05-29 13:19:26] [32mIntermediate result: 0.11651412  (Index 73)[0m
Epoch: 74, Steps: 525 | Train Loss: 0.1161233 Vali Loss: 0.1163092 Test Loss: 0.1165141
Validation loss decreased (0.117353 --> 0.116309).  Saving model ...
Updating learning rate to 9.270769913924898e-05
	iters: 100, epoch: 75 | loss: 0.1106654
	speed: 0.2805s/iter; left time: 33254.4571s
	iters: 200, epoch: 75 | loss: 0.0944355
	speed: 0.0823s/iter; left time: 9745.7596s
	iters: 300, epoch: 75 | loss: 0.1015923
	speed: 0.0831s/iter; left time: 9840.3778s
	iters: 400, epoch: 75 | loss: 0.1153995
	speed: 0.0830s/iter; left time: 9809.5374s
	iters: 500, epoch: 75 | loss: 0.1304685
	speed: 0.0823s/iter; left time: 9718.8895s
Epoch: 75 cost time: 44.04155516624451
[2025-05-29 13:20:27] [32mIntermediate result: 0.11741809  (Index 74)[0m
Epoch: 75, Steps: 525 | Train Loss: 0.1153529 Vali Loss: 0.1174833 Test Loss: 0.1174181
EarlyStopping counter: 1 out of 20
Updating learning rate to 9.357054912065379e-05
	iters: 100, epoch: 76 | loss: 0.1103213
	speed: 0.2788s/iter; left time: 32899.9580s
	iters: 200, epoch: 76 | loss: 0.1010239
	speed: 0.0830s/iter; left time: 9791.5611s
	iters: 300, epoch: 76 | loss: 0.1111481
	speed: 0.0830s/iter; left time: 9777.6946s
	iters: 400, epoch: 76 | loss: 0.1179843
	speed: 0.0832s/iter; left time: 9789.4831s
	iters: 500, epoch: 76 | loss: 0.1124780
	speed: 0.0828s/iter; left time: 9742.4136s
Epoch: 76 cost time: 44.1788694858551
[2025-05-29 13:21:27] [32mIntermediate result: 0.11815182  (Index 75)[0m
Epoch: 76, Steps: 525 | Train Loss: 0.1159850 Vali Loss: 0.1179810 Test Loss: 0.1181518
EarlyStopping counter: 2 out of 20
Updating learning rate to 9.43827496477554e-05
	iters: 100, epoch: 77 | loss: 0.1044885
	speed: 0.2776s/iter; left time: 32620.0419s
	iters: 200, epoch: 77 | loss: 0.1059347
	speed: 0.0828s/iter; left time: 9717.6524s
	iters: 300, epoch: 77 | loss: 0.1186190
	speed: 0.0832s/iter; left time: 9764.9870s
	iters: 400, epoch: 77 | loss: 0.1042268
	speed: 0.0832s/iter; left time: 9754.9245s
	iters: 500, epoch: 77 | loss: 0.1189720
	speed: 0.0832s/iter; left time: 9743.6773s
Epoch: 77 cost time: 44.24882626533508
[2025-05-29 13:22:28] [32mIntermediate result: 0.1165561  (Index 76)[0m
Epoch: 77, Steps: 525 | Train Loss: 0.1143669 Vali Loss: 0.1170419 Test Loss: 0.1165561
EarlyStopping counter: 3 out of 20
Updating learning rate to 9.514331113743906e-05
	iters: 100, epoch: 78 | loss: 0.1178839
	speed: 0.2763s/iter; left time: 32315.0071s
	iters: 200, epoch: 78 | loss: 0.1022525
	speed: 0.0827s/iter; left time: 9661.5155s
	iters: 300, epoch: 78 | loss: 0.1013655
	speed: 0.0830s/iter; left time: 9688.7253s
	iters: 400, epoch: 78 | loss: 0.1164414
	speed: 0.0826s/iter; left time: 9636.4147s
	iters: 500, epoch: 78 | loss: 0.1095372
	speed: 0.0826s/iter; left time: 9627.4571s
Epoch: 78 cost time: 44.034332036972046
[2025-05-29 13:23:29] [32mIntermediate result: 0.12159243  (Index 77)[0m
Epoch: 78, Steps: 525 | Train Loss: 0.1137352 Vali Loss: 0.1221492 Test Loss: 0.1215924
EarlyStopping counter: 4 out of 20
Updating learning rate to 9.58513069234655e-05
	iters: 100, epoch: 79 | loss: 0.1223770
	speed: 0.2760s/iter; left time: 32144.5269s
	iters: 200, epoch: 79 | loss: 0.1224790
	speed: 0.0825s/iter; left time: 9594.2128s
	iters: 300, epoch: 79 | loss: 0.1150874
	speed: 0.0823s/iter; left time: 9564.1790s
	iters: 400, epoch: 79 | loss: 0.1028482
	speed: 0.0826s/iter; left time: 9590.8223s
	iters: 500, epoch: 79 | loss: 0.0934696
	speed: 0.0824s/iter; left time: 9568.0404s
Epoch: 79 cost time: 43.781323194503784
[2025-05-29 13:24:30] [32mIntermediate result: 0.11473501  (Index 78)[0m
Epoch: 79, Steps: 525 | Train Loss: 0.1137258 Vali Loss: 0.1147097 Test Loss: 0.1147350
Validation loss decreased (0.116309 --> 0.114710).  Saving model ...
Updating learning rate to 9.65058743855189e-05
	iters: 100, epoch: 80 | loss: 0.1208988
	speed: 0.2761s/iter; left time: 32003.2769s
	iters: 200, epoch: 80 | loss: 0.0990496
	speed: 0.0816s/iter; left time: 9446.4351s
	iters: 300, epoch: 80 | loss: 0.1076448
	speed: 0.0813s/iter; left time: 9410.5789s
	iters: 400, epoch: 80 | loss: 0.1103030
	speed: 0.0816s/iter; left time: 9431.2804s
	iters: 500, epoch: 80 | loss: 0.1122613
	speed: 0.0814s/iter; left time: 9401.1076s
Epoch: 80 cost time: 43.482177734375
[2025-05-29 13:25:30] [32mIntermediate result: 0.11527322  (Index 79)[0m
Epoch: 80, Steps: 525 | Train Loss: 0.1137317 Vali Loss: 0.1152073 Test Loss: 0.1152732
EarlyStopping counter: 1 out of 20
Updating learning rate to 9.710621600022137e-05
	iters: 100, epoch: 81 | loss: 0.1062587
	speed: 0.2738s/iter; left time: 31595.9052s
	iters: 200, epoch: 81 | loss: 0.1248692
	speed: 0.0827s/iter; left time: 9535.8262s
	iters: 300, epoch: 81 | loss: 0.1132847
	speed: 0.0826s/iter; left time: 9514.0631s
	iters: 400, epoch: 81 | loss: 0.1095392
	speed: 0.0822s/iter; left time: 9459.7737s
	iters: 500, epoch: 81 | loss: 0.1312548
	speed: 0.0818s/iter; left time: 9410.1867s
Epoch: 81 cost time: 43.726335525512695
[2025-05-29 13:26:30] [32mIntermediate result: 0.116061896  (Index 80)[0m
Epoch: 81, Steps: 525 | Train Loss: 0.1132451 Vali Loss: 0.1164994 Test Loss: 0.1160619
EarlyStopping counter: 2 out of 20
Updating learning rate to 9.76516003128333e-05
	iters: 100, epoch: 82 | loss: 0.1137427
	speed: 0.2706s/iter; left time: 31082.4717s
	iters: 200, epoch: 82 | loss: 0.1105792
	speed: 0.0815s/iter; left time: 9355.9848s
	iters: 300, epoch: 82 | loss: 0.1110189
	speed: 0.0815s/iter; left time: 9347.0562s
	iters: 400, epoch: 82 | loss: 0.1102261
	speed: 0.0818s/iter; left time: 9373.6499s
	iters: 500, epoch: 82 | loss: 0.1249035
	speed: 0.0817s/iter; left time: 9357.0857s
Epoch: 82 cost time: 43.42770338058472
[2025-05-29 13:27:29] [32mIntermediate result: 0.11677041  (Index 81)[0m
Epoch: 82, Steps: 525 | Train Loss: 0.1123743 Vali Loss: 0.1174405 Test Loss: 0.1167704
EarlyStopping counter: 3 out of 20
Updating learning rate to 9.814136282845618e-05
	iters: 100, epoch: 83 | loss: 0.1086350
	speed: 0.2709s/iter; left time: 30972.6347s
	iters: 200, epoch: 83 | loss: 0.1090522
	speed: 0.0820s/iter; left time: 9363.0268s
	iters: 300, epoch: 83 | loss: 0.1159919
	speed: 0.0818s/iter; left time: 9339.4431s
	iters: 400, epoch: 83 | loss: 0.1182759
	speed: 0.0820s/iter; left time: 9353.8500s
	iters: 500, epoch: 83 | loss: 0.1038426
	speed: 0.0820s/iter; left time: 9338.9071s
Epoch: 83 cost time: 43.546440839767456
[2025-05-29 13:28:29] [32mIntermediate result: 0.11420325  (Index 82)[0m
Epoch: 83, Steps: 525 | Train Loss: 0.1127729 Vali Loss: 0.1149658 Test Loss: 0.1142033
EarlyStopping counter: 4 out of 20
Updating learning rate to 9.85749068216515e-05
	iters: 100, epoch: 84 | loss: 0.1211431
	speed: 0.2710s/iter; left time: 30850.6013s
	iters: 200, epoch: 84 | loss: 0.1279686
	speed: 0.0819s/iter; left time: 9313.4949s
	iters: 300, epoch: 84 | loss: 0.1197633
	speed: 0.0821s/iter; left time: 9327.6145s
	iters: 400, epoch: 84 | loss: 0.1129062
	speed: 0.0820s/iter; left time: 9309.1781s
	iters: 500, epoch: 84 | loss: 0.1204404
	speed: 0.0820s/iter; left time: 9295.6079s
Epoch: 84 cost time: 43.54864311218262
[2025-05-29 13:29:29] [32mIntermediate result: 0.11602315  (Index 83)[0m
Epoch: 84, Steps: 525 | Train Loss: 0.1115640 Vali Loss: 0.1159441 Test Loss: 0.1160232
EarlyStopping counter: 5 out of 20
Updating learning rate to 9.895170406348947e-05
	iters: 100, epoch: 85 | loss: 0.1290404
	speed: 0.2706s/iter; left time: 30654.5065s
	iters: 200, epoch: 85 | loss: 0.0986134
	speed: 0.0814s/iter; left time: 9216.5404s
	iters: 300, epoch: 85 | loss: 0.1085054
	speed: 0.0814s/iter; left time: 9210.1371s
	iters: 400, epoch: 85 | loss: 0.1256116
	speed: 0.0822s/iter; left time: 9285.5387s
	iters: 500, epoch: 85 | loss: 0.0962324
	speed: 0.0819s/iter; left time: 9240.9742s
Epoch: 85 cost time: 43.504677295684814
[2025-05-29 13:30:30] [32mIntermediate result: 0.11603389  (Index 84)[0m
Epoch: 85, Steps: 525 | Train Loss: 0.1117268 Vali Loss: 0.1156336 Test Loss: 0.1160339
EarlyStopping counter: 6 out of 20
Updating learning rate to 9.927129546514193e-05
	iters: 100, epoch: 86 | loss: 0.1150313
	speed: 0.2779s/iter; left time: 31341.3656s
	iters: 200, epoch: 86 | loss: 0.1148508
	speed: 0.0828s/iter; left time: 9328.0249s
	iters: 300, epoch: 86 | loss: 0.1081656
	speed: 0.0829s/iter; left time: 9326.9504s
	iters: 400, epoch: 86 | loss: 0.1134852
	speed: 0.0829s/iter; left time: 9321.7034s
	iters: 500, epoch: 86 | loss: 0.1194359
	speed: 0.0818s/iter; left time: 9190.8249s
Epoch: 86 cost time: 43.994898319244385
[2025-05-29 13:31:30] [32mIntermediate result: 0.11787251  (Index 85)[0m
Epoch: 86, Steps: 525 | Train Loss: 0.1110984 Vali Loss: 0.1184181 Test Loss: 0.1178725
EarlyStopping counter: 7 out of 20
Updating learning rate to 9.953329163723499e-05
	iters: 100, epoch: 87 | loss: 0.1057360
	speed: 0.2740s/iter; left time: 30754.8654s
	iters: 200, epoch: 87 | loss: 0.1006864
	speed: 0.0821s/iter; left time: 9203.5138s
	iters: 300, epoch: 87 | loss: 0.1036491
	speed: 0.0822s/iter; left time: 9214.5418s
	iters: 400, epoch: 87 | loss: 0.1028213
	speed: 0.0827s/iter; left time: 9260.4328s
	iters: 500, epoch: 87 | loss: 0.1040379
	speed: 0.0828s/iter; left time: 9264.2146s
Epoch: 87 cost time: 43.784842014312744
[2025-05-29 13:32:30] [32mIntermediate result: 0.11425859  (Index 86)[0m
Epoch: 87, Steps: 525 | Train Loss: 0.1104990 Vali Loss: 0.1142210 Test Loss: 0.1142586
Validation loss decreased (0.114710 --> 0.114221).  Saving model ...
Updating learning rate to 9.973737336428014e-05
	iters: 100, epoch: 88 | loss: 0.1066199
	speed: 0.2757s/iter; left time: 30803.2899s
	iters: 200, epoch: 88 | loss: 0.1084181
	speed: 0.0831s/iter; left time: 9278.8101s
	iters: 300, epoch: 88 | loss: 0.1184533
	speed: 0.0822s/iter; left time: 9167.0549s
	iters: 400, epoch: 88 | loss: 0.1023143
	speed: 0.0831s/iter; left time: 9255.1020s
	iters: 500, epoch: 88 | loss: 0.0949944
	speed: 0.0823s/iter; left time: 9165.5275s
Epoch: 88 cost time: 44.083486795425415
[2025-05-29 13:33:31] [32mIntermediate result: 0.116000764  (Index 87)[0m
Epoch: 88, Steps: 525 | Train Loss: 0.1102509 Vali Loss: 0.1165994 Test Loss: 0.1160008
EarlyStopping counter: 1 out of 20
Updating learning rate to 9.988329199360554e-05
	iters: 100, epoch: 89 | loss: 0.1110107
	speed: 0.2737s/iter; left time: 30433.3511s
	iters: 200, epoch: 89 | loss: 0.1116339
	speed: 0.0826s/iter; left time: 9178.9019s
	iters: 300, epoch: 89 | loss: 0.1104041
	speed: 0.0825s/iter; left time: 9158.2169s
	iters: 400, epoch: 89 | loss: 0.1144075
	speed: 0.0820s/iter; left time: 9096.8545s
	iters: 500, epoch: 89 | loss: 0.1033713
	speed: 0.0821s/iter; left time: 9098.1121s
Epoch: 89 cost time: 43.673084020614624
[2025-05-29 13:34:31] [32mIntermediate result: 0.11619475  (Index 88)[0m
Epoch: 89, Steps: 525 | Train Loss: 0.1095298 Vali Loss: 0.1160216 Test Loss: 0.1161947
EarlyStopping counter: 2 out of 20
Updating learning rate to 9.997086973831389e-05
	iters: 100, epoch: 90 | loss: 0.1066611
	speed: 0.2685s/iter; left time: 29721.4904s
	iters: 200, epoch: 90 | loss: 0.1078217
	speed: 0.0820s/iter; left time: 9066.4185s
	iters: 300, epoch: 90 | loss: 0.1014313
	speed: 0.0820s/iter; left time: 9059.6452s
	iters: 400, epoch: 90 | loss: 0.1107183
	speed: 0.0819s/iter; left time: 9037.6647s
	iters: 500, epoch: 90 | loss: 0.1032427
	speed: 0.0818s/iter; left time: 9017.3588s
Epoch: 90 cost time: 43.495221853256226
[2025-05-29 13:35:31] [32mIntermediate result: 0.11267192  (Index 89)[0m
Epoch: 90, Steps: 525 | Train Loss: 0.1101004 Vali Loss: 0.1125113 Test Loss: 0.1126719
Validation loss decreased (0.114221 --> 0.112511).  Saving model ...
Updating learning rate to 9.999999997970072e-05
	iters: 100, epoch: 91 | loss: 0.0992685
	speed: 0.2737s/iter; left time: 30146.9908s
	iters: 200, epoch: 91 | loss: 0.0922163
	speed: 0.0820s/iter; left time: 9024.3172s
	iters: 300, epoch: 91 | loss: 0.1006939
	speed: 0.0818s/iter; left time: 8999.1427s
	iters: 400, epoch: 91 | loss: 0.1013239
	speed: 0.0820s/iter; left time: 9011.8513s
	iters: 500, epoch: 91 | loss: 0.1183784
	speed: 0.0820s/iter; left time: 8994.9890s
Epoch: 91 cost time: 43.58979272842407
[2025-05-29 13:36:31] [32mIntermediate result: 0.11237335  (Index 90)[0m
Epoch: 91, Steps: 525 | Train Loss: 0.1092026 Vali Loss: 0.1125860 Test Loss: 0.1123734
EarlyStopping counter: 1 out of 20
Updating learning rate to 9.999438377913815e-05
	iters: 100, epoch: 92 | loss: 0.1163055
	speed: 0.2761s/iter; left time: 30270.8273s
	iters: 200, epoch: 92 | loss: 0.0960102
	speed: 0.0824s/iter; left time: 9025.1430s
	iters: 300, epoch: 92 | loss: 0.0999085
	speed: 0.0828s/iter; left time: 9059.1234s
	iters: 400, epoch: 92 | loss: 0.1171934
	speed: 0.0828s/iter; left time: 9048.4667s
	iters: 500, epoch: 92 | loss: 0.1133405
	speed: 0.0829s/iter; left time: 9059.1434s
Epoch: 92 cost time: 43.94076180458069
[2025-05-29 13:37:32] [32mIntermediate result: 0.113169186  (Index 91)[0m
Epoch: 92, Steps: 525 | Train Loss: 0.1086018 Vali Loss: 0.1133352 Test Loss: 0.1131692
EarlyStopping counter: 2 out of 20
Updating learning rate to 9.997757906125212e-05
	iters: 100, epoch: 93 | loss: 0.1174902
	speed: 0.2712s/iter; left time: 29586.4015s
	iters: 200, epoch: 93 | loss: 0.1097728
	speed: 0.0824s/iter; left time: 8985.0299s
	iters: 300, epoch: 93 | loss: 0.1006531
	speed: 0.0825s/iter; left time: 8981.3121s
	iters: 400, epoch: 93 | loss: 0.1203185
	speed: 0.0819s/iter; left time: 8909.2245s
	iters: 500, epoch: 93 | loss: 0.1014804
	speed: 0.0816s/iter; left time: 8871.2050s
Epoch: 93 cost time: 43.594483375549316
[2025-05-29 13:38:32] [32mIntermediate result: 0.114087805  (Index 92)[0m
Epoch: 93, Steps: 525 | Train Loss: 0.1081166 Vali Loss: 0.1142264 Test Loss: 0.1140878
EarlyStopping counter: 3 out of 20
Updating learning rate to 9.99495895868776e-05
	iters: 100, epoch: 94 | loss: 0.1006267
	speed: 0.2754s/iter; left time: 29900.1045s
	iters: 200, epoch: 94 | loss: 0.1076119
	speed: 0.0820s/iter; left time: 8899.8410s
	iters: 300, epoch: 94 | loss: 0.0982110
	speed: 0.0826s/iter; left time: 8947.7262s
	iters: 400, epoch: 94 | loss: 0.1159697
	speed: 0.0826s/iter; left time: 8943.8965s
	iters: 500, epoch: 94 | loss: 0.1191565
	speed: 0.0829s/iter; left time: 8966.3308s
Epoch: 94 cost time: 43.8596031665802
[2025-05-29 13:39:32] [32mIntermediate result: 0.11399389  (Index 93)[0m
Epoch: 94, Steps: 525 | Train Loss: 0.1081601 Vali Loss: 0.1142090 Test Loss: 0.1139939
EarlyStopping counter: 4 out of 20
Updating learning rate to 9.991042161995765e-05
	iters: 100, epoch: 95 | loss: 0.1182144
	speed: 0.2749s/iter; left time: 29699.2836s
	iters: 200, epoch: 95 | loss: 0.1038498
	speed: 0.0831s/iter; left time: 8976.1190s
	iters: 300, epoch: 95 | loss: 0.0987626
	speed: 0.0831s/iter; left time: 8964.9290s
	iters: 400, epoch: 95 | loss: 0.1106575
	speed: 0.0832s/iter; left time: 8966.0913s
	iters: 500, epoch: 95 | loss: 0.1165377
	speed: 0.0834s/iter; left time: 8976.7895s
Epoch: 95 cost time: 44.29164695739746
[2025-05-29 13:40:33] [32mIntermediate result: 0.11287741  (Index 94)[0m
Epoch: 95, Steps: 525 | Train Loss: 0.1074571 Vali Loss: 0.1133956 Test Loss: 0.1128774
EarlyStopping counter: 5 out of 20
Updating learning rate to 9.986008392614145e-05
	iters: 100, epoch: 96 | loss: 0.1093915
	speed: 0.2780s/iter; left time: 29897.4072s
	iters: 200, epoch: 96 | loss: 0.1001531
	speed: 0.0819s/iter; left time: 8800.2779s
	iters: 300, epoch: 96 | loss: 0.1093824
	speed: 0.0814s/iter; left time: 8734.9025s
	iters: 400, epoch: 96 | loss: 0.1101606
	speed: 0.0821s/iter; left time: 8799.8783s
	iters: 500, epoch: 96 | loss: 0.1035315
	speed: 0.0820s/iter; left time: 8779.9143s
Epoch: 96 cost time: 43.654587268829346
[2025-05-29 13:41:33] [32mIntermediate result: 0.11619963  (Index 95)[0m
Epoch: 96, Steps: 525 | Train Loss: 0.1072926 Vali Loss: 0.1156179 Test Loss: 0.1161996
EarlyStopping counter: 6 out of 20
Updating learning rate to 9.979858777082262e-05
	iters: 100, epoch: 97 | loss: 0.1020834
	speed: 0.2686s/iter; left time: 28745.4112s
	iters: 200, epoch: 97 | loss: 0.1020382
	speed: 0.0814s/iter; left time: 8701.5595s
	iters: 300, epoch: 97 | loss: 0.1059895
	speed: 0.0816s/iter; left time: 8711.1906s
	iters: 400, epoch: 97 | loss: 0.1016008
	speed: 0.0816s/iter; left time: 8709.4820s
	iters: 500, epoch: 97 | loss: 0.1018207
	speed: 0.0819s/iter; left time: 8730.4959s
Epoch: 97 cost time: 43.37714171409607
[2025-05-29 13:42:33] [32mIntermediate result: 0.11162365  (Index 96)[0m
Epoch: 97, Steps: 525 | Train Loss: 0.1071224 Vali Loss: 0.1117390 Test Loss: 0.1116237
Validation loss decreased (0.112511 --> 0.111739).  Saving model ...
Updating learning rate to 9.972594691661807e-05
	iters: 100, epoch: 98 | loss: 0.1093793
	speed: 0.2707s/iter; left time: 28819.9225s
	iters: 200, epoch: 98 | loss: 0.1072029
	speed: 0.0814s/iter; left time: 8655.8269s
	iters: 300, epoch: 98 | loss: 0.1004114
	speed: 0.0816s/iter; left time: 8675.9645s
	iters: 400, epoch: 98 | loss: 0.1033710
	speed: 0.0819s/iter; left time: 8693.3319s
	iters: 500, epoch: 98 | loss: 0.1057945
	speed: 0.0822s/iter; left time: 8718.5646s
Epoch: 98 cost time: 43.453935861587524
[2025-05-29 13:43:33] [32mIntermediate result: 0.1107549  (Index 97)[0m
Epoch: 98, Steps: 525 | Train Loss: 0.1069437 Vali Loss: 0.1107783 Test Loss: 0.1107549
Validation loss decreased (0.111739 --> 0.110778).  Saving model ...
Updating learning rate to 9.964217762028799e-05
	iters: 100, epoch: 99 | loss: 0.1163979
	speed: 0.2764s/iter; left time: 29279.7546s
	iters: 200, epoch: 99 | loss: 0.1028485
	speed: 0.0817s/iter; left time: 8644.5756s
	iters: 300, epoch: 99 | loss: 0.1166297
	speed: 0.0819s/iter; left time: 8663.5106s
	iters: 400, epoch: 99 | loss: 0.1014744
	speed: 0.0818s/iter; left time: 8638.1551s
	iters: 500, epoch: 99 | loss: 0.1215779
	speed: 0.0818s/iter; left time: 8631.9343s
Epoch: 99 cost time: 43.46737861633301
[2025-05-29 13:44:33] [32mIntermediate result: 0.11511153  (Index 98)[0m
Epoch: 99, Steps: 525 | Train Loss: 0.1065103 Vali Loss: 0.1150213 Test Loss: 0.1151115
EarlyStopping counter: 1 out of 20
Updating learning rate to 9.954729862909758e-05
	iters: 100, epoch: 100 | loss: 0.1127591
	speed: 0.2736s/iter; left time: 28844.9303s
	iters: 200, epoch: 100 | loss: 0.1086666
	speed: 0.0825s/iter; left time: 8684.3624s
	iters: 300, epoch: 100 | loss: 0.1050401
	speed: 0.0818s/iter; left time: 8605.1314s
	iters: 400, epoch: 100 | loss: 0.1034438
	speed: 0.0829s/iter; left time: 8710.5925s
	iters: 500, epoch: 100 | loss: 0.1123287
	speed: 0.0828s/iter; left time: 8696.3253s
Epoch: 100 cost time: 43.87174987792969
[2025-05-29 13:45:34] [32mIntermediate result: 0.110803306  (Index 99)[0m
Epoch: 100, Steps: 525 | Train Loss: 0.1063531 Vali Loss: 0.1114126 Test Loss: 0.1108033
EarlyStopping counter: 2 out of 20
Updating learning rate to 9.944133117662157e-05
	iters: 100, epoch: 101 | loss: 0.1085650
	speed: 0.2738s/iter; left time: 28720.2885s
	iters: 200, epoch: 101 | loss: 0.1059477
	speed: 0.0821s/iter; left time: 8600.1011s
	iters: 300, epoch: 101 | loss: 0.0997082
	speed: 0.0822s/iter; left time: 8609.2667s
	iters: 400, epoch: 101 | loss: 0.1215754
	speed: 0.0819s/iter; left time: 8567.2561s
	iters: 500, epoch: 101 | loss: 0.1032567
	speed: 0.0817s/iter; left time: 8534.3999s
Epoch: 101 cost time: 43.58357882499695
[2025-05-29 13:46:34] [32mIntermediate result: 0.11402435  (Index 100)[0m
Epoch: 101, Steps: 525 | Train Loss: 0.1058236 Vali Loss: 0.1139977 Test Loss: 0.1140243
EarlyStopping counter: 3 out of 20
Updating learning rate to 9.932429897799216e-05
	iters: 100, epoch: 102 | loss: 0.1137189
	speed: 0.2719s/iter; left time: 28378.5190s
	iters: 200, epoch: 102 | loss: 0.0995940
	speed: 0.0824s/iter; left time: 8588.7880s
	iters: 300, epoch: 102 | loss: 0.0940632
	speed: 0.0817s/iter; left time: 8513.6183s
	iters: 400, epoch: 102 | loss: 0.1026890
	speed: 0.0822s/iter; left time: 8550.4180s
	iters: 500, epoch: 102 | loss: 0.1067778
	speed: 0.0819s/iter; left time: 8516.2691s
Epoch: 102 cost time: 43.5700581073761
[2025-05-29 13:47:34] [32mIntermediate result: 0.1135855  (Index 101)[0m
Epoch: 102, Steps: 525 | Train Loss: 0.1052529 Vali Loss: 0.1139231 Test Loss: 0.1135855
EarlyStopping counter: 4 out of 20
Updating learning rate to 9.91962282245917e-05
	iters: 100, epoch: 103 | loss: 0.1056374
	speed: 0.2733s/iter; left time: 28386.3299s
	iters: 200, epoch: 103 | loss: 0.0982960
	speed: 0.0823s/iter; left time: 8533.7260s
	iters: 300, epoch: 103 | loss: 0.1006881
	speed: 0.0822s/iter; left time: 8517.8061s
	iters: 400, epoch: 103 | loss: 0.1106489
	speed: 0.0818s/iter; left time: 8475.4903s
	iters: 500, epoch: 103 | loss: 0.1169907
	speed: 0.0822s/iter; left time: 8501.2097s
Epoch: 103 cost time: 43.625699281692505
[2025-05-29 13:48:34] [32mIntermediate result: 0.10967475  (Index 102)[0m
Epoch: 103, Steps: 525 | Train Loss: 0.1051164 Vali Loss: 0.1097667 Test Loss: 0.1096748
Validation loss decreased (0.110778 --> 0.109767).  Saving model ...
Updating learning rate to 9.905714757819108e-05
	iters: 100, epoch: 104 | loss: 0.0820224
	speed: 0.2717s/iter; left time: 28076.6420s
	iters: 200, epoch: 104 | loss: 0.0970337
	speed: 0.0820s/iter; left time: 8460.7806s
	iters: 300, epoch: 104 | loss: 0.1011839
	speed: 0.0818s/iter; left time: 8440.5390s
	iters: 400, epoch: 104 | loss: 0.1158387
	speed: 0.0818s/iter; left time: 8426.1194s
	iters: 500, epoch: 104 | loss: 0.1056979
	speed: 0.0820s/iter; left time: 8443.7322s
Epoch: 104 cost time: 43.59526872634888
[2025-05-29 13:49:34] [32mIntermediate result: 0.11132758  (Index 103)[0m
Epoch: 104, Steps: 525 | Train Loss: 0.1050430 Vali Loss: 0.1113010 Test Loss: 0.1113276
EarlyStopping counter: 1 out of 20
Updating learning rate to 9.890708816453544e-05
	iters: 100, epoch: 105 | loss: 0.0889817
	speed: 0.2748s/iter; left time: 28248.2293s
	iters: 200, epoch: 105 | loss: 0.1228795
	speed: 0.0816s/iter; left time: 8379.3681s
	iters: 300, epoch: 105 | loss: 0.0924736
	speed: 0.0818s/iter; left time: 8393.9632s
	iters: 400, epoch: 105 | loss: 0.0952688
	speed: 0.0821s/iter; left time: 8419.5489s
	iters: 500, epoch: 105 | loss: 0.1025669
	speed: 0.0823s/iter; left time: 8423.2561s
Epoch: 105 cost time: 43.525856733322144
[2025-05-29 13:50:34] [32mIntermediate result: 0.11129859  (Index 104)[0m
Epoch: 105, Steps: 525 | Train Loss: 0.1044507 Vali Loss: 0.1121609 Test Loss: 0.1112986
EarlyStopping counter: 2 out of 20
Updating learning rate to 9.874608356637827e-05
	iters: 100, epoch: 106 | loss: 0.1029112
	speed: 0.2719s/iter; left time: 27806.9144s
	iters: 200, epoch: 106 | loss: 0.1403376
	speed: 0.0824s/iter; left time: 8418.2922s
	iters: 300, epoch: 106 | loss: 0.1077668
	speed: 0.0820s/iter; left time: 8368.5360s
	iters: 400, epoch: 106 | loss: 0.0957770
	speed: 0.0817s/iter; left time: 8328.4143s
	iters: 500, epoch: 106 | loss: 0.1143212
	speed: 0.0818s/iter; left time: 8333.0668s
Epoch: 106 cost time: 43.605730295181274
[2025-05-29 13:51:34] [32mIntermediate result: 0.10949823  (Index 105)[0m
Epoch: 106, Steps: 525 | Train Loss: 0.1041570 Vali Loss: 0.1093108 Test Loss: 0.1094982
Validation loss decreased (0.109767 --> 0.109311).  Saving model ...
Updating learning rate to 9.857416981596567e-05
	iters: 100, epoch: 107 | loss: 0.0868390
	speed: 0.2702s/iter; left time: 27497.8743s
	iters: 200, epoch: 107 | loss: 0.1010662
	speed: 0.0816s/iter; left time: 8295.6487s
	iters: 300, epoch: 107 | loss: 0.1003398
	speed: 0.0816s/iter; left time: 8285.5567s
	iters: 400, epoch: 107 | loss: 0.1151927
	speed: 0.0818s/iter; left time: 8293.7443s
	iters: 500, epoch: 107 | loss: 0.0925368
	speed: 0.0821s/iter; left time: 8323.8731s
Epoch: 107 cost time: 43.48668193817139
[2025-05-29 13:52:34] [32mIntermediate result: 0.113360636  (Index 106)[0m
Epoch: 107, Steps: 525 | Train Loss: 0.1042889 Vali Loss: 0.1137144 Test Loss: 0.1133606
EarlyStopping counter: 1 out of 20
Updating learning rate to 9.83913853869726e-05
	iters: 100, epoch: 108 | loss: 0.0939599
	speed: 0.2724s/iter; left time: 27571.8007s
	iters: 200, epoch: 108 | loss: 0.1116650
	speed: 0.0818s/iter; left time: 8273.2425s
	iters: 300, epoch: 108 | loss: 0.1081860
	speed: 0.0818s/iter; left time: 8261.0372s
	iters: 400, epoch: 108 | loss: 0.1338974
	speed: 0.0820s/iter; left time: 8274.5711s
	iters: 500, epoch: 108 | loss: 0.1206700
	speed: 0.0819s/iter; left time: 8254.5439s
Epoch: 108 cost time: 43.56427621841431
[2025-05-29 13:53:34] [32mIntermediate result: 0.110378146  (Index 107)[0m
Epoch: 108, Steps: 525 | Train Loss: 0.1038529 Vali Loss: 0.1098057 Test Loss: 0.1103781
EarlyStopping counter: 2 out of 20
Updating learning rate to 9.81977711858925e-05
	iters: 100, epoch: 109 | loss: 0.1012088
	speed: 0.2763s/iter; left time: 27825.1798s
	iters: 200, epoch: 109 | loss: 0.1033401
	speed: 0.0830s/iter; left time: 8349.9921s
	iters: 300, epoch: 109 | loss: 0.1125951
	speed: 0.0839s/iter; left time: 8432.2240s
	iters: 400, epoch: 109 | loss: 0.0893704
	speed: 0.0832s/iter; left time: 8352.2443s
	iters: 500, epoch: 109 | loss: 0.0869862
	speed: 0.0830s/iter; left time: 8320.5907s
Epoch: 109 cost time: 44.15800189971924
[2025-05-29 13:54:34] [32mIntermediate result: 0.11224172  (Index 108)[0m
Epoch: 109, Steps: 525 | Train Loss: 0.1034994 Vali Loss: 0.1119502 Test Loss: 0.1122417
EarlyStopping counter: 3 out of 20
Updating learning rate to 9.799337054288256e-05
	iters: 100, epoch: 110 | loss: 0.1036224
	speed: 0.2703s/iter; left time: 27073.7203s
	iters: 200, epoch: 110 | loss: 0.1155282
	speed: 0.0815s/iter; left time: 8160.5128s
	iters: 300, epoch: 110 | loss: 0.1045353
	speed: 0.0819s/iter; left time: 8189.5647s
	iters: 400, epoch: 110 | loss: 0.1187012
	speed: 0.0821s/iter; left time: 8199.6772s
	iters: 500, epoch: 110 | loss: 0.1084405
	speed: 0.0818s/iter; left time: 8163.1453s
Epoch: 110 cost time: 43.535844802856445
[2025-05-29 13:55:35] [32mIntermediate result: 0.113448165  (Index 109)[0m
Epoch: 110, Steps: 525 | Train Loss: 0.1035939 Vali Loss: 0.1140557 Test Loss: 0.1134482
EarlyStopping counter: 4 out of 20
Updating learning rate to 9.777822920206661e-05
	iters: 100, epoch: 111 | loss: 0.1090165
	speed: 0.2744s/iter; left time: 27345.0472s
	iters: 200, epoch: 111 | loss: 0.0968533
	speed: 0.0814s/iter; left time: 8106.2831s
	iters: 300, epoch: 111 | loss: 0.1156037
	speed: 0.0816s/iter; left time: 8119.3630s
	iters: 400, epoch: 111 | loss: 0.0980331
	speed: 0.0813s/iter; left time: 8081.4935s
	iters: 500, epoch: 111 | loss: 0.1086741
	speed: 0.0814s/iter; left time: 8078.4385s
Epoch: 111 cost time: 43.29613924026489
[2025-05-29 13:56:35] [32mIntermediate result: 0.11025342  (Index 110)[0m
Epoch: 111, Steps: 525 | Train Loss: 0.1031355 Vali Loss: 0.1104910 Test Loss: 0.1102534
EarlyStopping counter: 5 out of 20
Updating learning rate to 9.755239531129786e-05
	iters: 100, epoch: 112 | loss: 0.0906129
	speed: 0.2733s/iter; left time: 27093.4298s
	iters: 200, epoch: 112 | loss: 0.1145033
	speed: 0.0817s/iter; left time: 8093.6328s
	iters: 300, epoch: 112 | loss: 0.0935354
	speed: 0.0816s/iter; left time: 8069.0342s
	iters: 400, epoch: 112 | loss: 0.1026696
	speed: 0.0817s/iter; left time: 8072.2848s
	iters: 500, epoch: 112 | loss: 0.1068312
	speed: 0.0819s/iter; left time: 8085.3892s
Epoch: 112 cost time: 43.47755789756775
[2025-05-29 13:57:34] [32mIntermediate result: 0.11038576  (Index 111)[0m
Epoch: 112, Steps: 525 | Train Loss: 0.1029139 Vali Loss: 0.1095324 Test Loss: 0.1103858
EarlyStopping counter: 6 out of 20
Updating learning rate to 9.731591941138337e-05
	iters: 100, epoch: 113 | loss: 0.1063230
	speed: 0.2705s/iter; left time: 26668.3950s
	iters: 200, epoch: 113 | loss: 0.1026719
	speed: 0.0816s/iter; left time: 8037.3217s
	iters: 300, epoch: 113 | loss: 0.0989010
	speed: 0.0819s/iter; left time: 8062.0189s
	iters: 400, epoch: 113 | loss: 0.1051490
	speed: 0.0824s/iter; left time: 8104.0715s
	iters: 500, epoch: 113 | loss: 0.0981589
	speed: 0.0823s/iter; left time: 8080.0442s
Epoch: 113 cost time: 43.5865581035614
[2025-05-29 13:58:34] [32mIntermediate result: 0.10893316  (Index 112)[0m
Epoch: 113, Steps: 525 | Train Loss: 0.1026907 Vali Loss: 0.1087780 Test Loss: 0.1089332
Validation loss decreased (0.109311 --> 0.108778).  Saving model ...
Updating learning rate to 9.70688544247734e-05
	iters: 100, epoch: 114 | loss: 0.1028756
	speed: 0.2694s/iter; left time: 26425.8507s
	iters: 200, epoch: 114 | loss: 0.0996226
	speed: 0.0818s/iter; left time: 8013.7978s
	iters: 300, epoch: 114 | loss: 0.1048094
	speed: 0.0821s/iter; left time: 8038.2603s
	iters: 400, epoch: 114 | loss: 0.0929782
	speed: 0.0821s/iter; left time: 8028.6293s
	iters: 500, epoch: 114 | loss: 0.0907068
	speed: 0.0822s/iter; left time: 8028.7092s
Epoch: 114 cost time: 43.58021330833435
[2025-05-29 13:59:34] [32mIntermediate result: 0.10918302  (Index 113)[0m
Epoch: 114, Steps: 525 | Train Loss: 0.1026346 Vali Loss: 0.1092525 Test Loss: 0.1091830
EarlyStopping counter: 1 out of 20
Updating learning rate to 9.681125564371744e-05
	iters: 100, epoch: 115 | loss: 0.1126166
	speed: 0.2695s/iter; left time: 26286.4370s
	iters: 200, epoch: 115 | loss: 0.1122332
	speed: 0.0817s/iter; left time: 7962.5458s
	iters: 300, epoch: 115 | loss: 0.1007131
	speed: 0.0815s/iter; left time: 7935.4946s
	iters: 400, epoch: 115 | loss: 0.0974642
	speed: 0.0816s/iter; left time: 7938.4643s
	iters: 500, epoch: 115 | loss: 0.1089190
	speed: 0.0815s/iter; left time: 7918.1242s
Epoch: 115 cost time: 43.419912338256836
[2025-05-29 14:00:34] [32mIntermediate result: 0.111041225  (Index 114)[0m
Epoch: 115, Steps: 525 | Train Loss: 0.1022149 Vali Loss: 0.1102672 Test Loss: 0.1110412
EarlyStopping counter: 2 out of 20
Updating learning rate to 9.654318071789002e-05
	iters: 100, epoch: 116 | loss: 0.0985039
	speed: 0.2708s/iter; left time: 26278.9326s
	iters: 200, epoch: 116 | loss: 0.1000384
	speed: 0.0815s/iter; left time: 7899.5562s
	iters: 300, epoch: 116 | loss: 0.1217591
	speed: 0.0815s/iter; left time: 7886.7452s
	iters: 400, epoch: 116 | loss: 0.1069337
	speed: 0.0816s/iter; left time: 7891.1681s
	iters: 500, epoch: 116 | loss: 0.1021088
	speed: 0.0818s/iter; left time: 7904.0288s
Epoch: 116 cost time: 43.457101345062256
[2025-05-29 14:01:33] [32mIntermediate result: 0.10974439  (Index 115)[0m
Epoch: 116, Steps: 525 | Train Loss: 0.1015033 Vali Loss: 0.1099871 Test Loss: 0.1097444
EarlyStopping counter: 3 out of 20
Updating learning rate to 9.626468964148899e-05
	iters: 100, epoch: 117 | loss: 0.0940531
	speed: 0.2705s/iter; left time: 26104.5461s
	iters: 200, epoch: 117 | loss: 0.1148080
	speed: 0.0818s/iter; left time: 7885.4272s
	iters: 300, epoch: 117 | loss: 0.1063709
	speed: 0.0818s/iter; left time: 7881.0479s
	iters: 400, epoch: 117 | loss: 0.0915074
	speed: 0.0815s/iter; left time: 7842.9293s
	iters: 500, epoch: 117 | loss: 0.0940790
	speed: 0.0815s/iter; left time: 7829.5745s
Epoch: 117 cost time: 43.46601366996765
[2025-05-29 14:02:33] [32mIntermediate result: 0.10935282  (Index 116)[0m
Epoch: 117, Steps: 525 | Train Loss: 0.1016477 Vali Loss: 0.1091032 Test Loss: 0.1093528
EarlyStopping counter: 4 out of 20
Updating learning rate to 9.597584473980893e-05
	iters: 100, epoch: 118 | loss: 0.1081725
	speed: 0.2696s/iter; left time: 25878.4000s
	iters: 200, epoch: 118 | loss: 0.1081326
	speed: 0.0815s/iter; left time: 7814.9056s
	iters: 300, epoch: 118 | loss: 0.1098821
	speed: 0.0818s/iter; left time: 7830.7626s
	iters: 400, epoch: 118 | loss: 0.1013805
	speed: 0.0819s/iter; left time: 7832.1942s
	iters: 500, epoch: 118 | loss: 0.0921422
	speed: 0.0819s/iter; left time: 7825.2287s
Epoch: 118 cost time: 43.4483687877655
[2025-05-29 14:03:33] [32mIntermediate result: 0.107893474  (Index 117)[0m
Epoch: 118, Steps: 525 | Train Loss: 0.1015218 Vali Loss: 0.1078412 Test Loss: 0.1078935
Validation loss decreased (0.108778 --> 0.107841).  Saving model ...
Updating learning rate to 9.567671065529307e-05
	iters: 100, epoch: 119 | loss: 0.1008592
	speed: 0.2693s/iter; left time: 25708.1301s
	iters: 200, epoch: 119 | loss: 0.0958315
	speed: 0.0823s/iter; left time: 7844.6818s
	iters: 300, epoch: 119 | loss: 0.0936686
	speed: 0.0821s/iter; left time: 7819.7449s
	iters: 400, epoch: 119 | loss: 0.1115996
	speed: 0.0821s/iter; left time: 7807.2552s
	iters: 500, epoch: 119 | loss: 0.0862953
	speed: 0.0819s/iter; left time: 7782.6832s
Epoch: 119 cost time: 43.57814621925354
[2025-05-29 14:04:32] [32mIntermediate result: 0.11136778  (Index 118)[0m
Epoch: 119, Steps: 525 | Train Loss: 0.1009333 Vali Loss: 0.1109888 Test Loss: 0.1113678
EarlyStopping counter: 1 out of 20
Updating learning rate to 9.536735433306653e-05
	iters: 100, epoch: 120 | loss: 0.0970612
	speed: 0.2691s/iter; left time: 25546.9436s
	iters: 200, epoch: 120 | loss: 0.1159333
	speed: 0.0820s/iter; left time: 7777.3388s
	iters: 300, epoch: 120 | loss: 0.0972150
	speed: 0.0818s/iter; left time: 7752.0685s
	iters: 400, epoch: 120 | loss: 0.1108713
	speed: 0.0818s/iter; left time: 7744.1982s
	iters: 500, epoch: 120 | loss: 0.1136946
	speed: 0.0819s/iter; left time: 7739.4181s
Epoch: 120 cost time: 43.50911593437195
[2025-05-29 14:05:32] [32mIntermediate result: 0.1112784  (Index 119)[0m
Epoch: 120, Steps: 525 | Train Loss: 0.1009853 Vali Loss: 0.1106165 Test Loss: 0.1112784
EarlyStopping counter: 2 out of 20
Updating learning rate to 9.504784500595414e-05
	iters: 100, epoch: 121 | loss: 0.1019464
	speed: 0.2716s/iter; left time: 25642.5101s
	iters: 200, epoch: 121 | loss: 0.0997115
	speed: 0.0818s/iter; left time: 7713.8313s
	iters: 300, epoch: 121 | loss: 0.1070634
	speed: 0.0812s/iter; left time: 7647.5501s
	iters: 400, epoch: 121 | loss: 0.1032678
	speed: 0.0816s/iter; left time: 7674.1189s
	iters: 500, epoch: 121 | loss: 0.0955129
	speed: 0.0816s/iter; left time: 7667.1498s
Epoch: 121 cost time: 43.38010501861572
[2025-05-29 14:06:32] [32mIntermediate result: 0.10831546  (Index 120)[0m
Epoch: 121, Steps: 525 | Train Loss: 0.1004808 Vali Loss: 0.1080049 Test Loss: 0.1083155
EarlyStopping counter: 3 out of 20
Updating learning rate to 9.471825417898653e-05
	iters: 100, epoch: 122 | loss: 0.1029786
	speed: 0.2726s/iter; left time: 25591.7648s
	iters: 200, epoch: 122 | loss: 0.0948206
	speed: 0.0817s/iter; left time: 7663.5473s
	iters: 300, epoch: 122 | loss: 0.0984141
	speed: 0.0818s/iter; left time: 7662.2714s
	iters: 400, epoch: 122 | loss: 0.0842394
	speed: 0.0819s/iter; left time: 7659.6023s
	iters: 500, epoch: 122 | loss: 0.1004383
	speed: 0.0820s/iter; left time: 7665.8259s
Epoch: 122 cost time: 43.488298416137695
[2025-05-29 14:07:32] [32mIntermediate result: 0.10860421  (Index 121)[0m
Epoch: 122, Steps: 525 | Train Loss: 0.1005569 Vali Loss: 0.1081763 Test Loss: 0.1086042
EarlyStopping counter: 4 out of 20
Updating learning rate to 9.437865561339746e-05
	iters: 100, epoch: 123 | loss: 0.0928408
	speed: 0.2732s/iter; left time: 25506.6910s
	iters: 200, epoch: 123 | loss: 0.1072794
	speed: 0.0821s/iter; left time: 7657.5675s
	iters: 300, epoch: 123 | loss: 0.0973205
	speed: 0.0820s/iter; left time: 7639.8554s
	iters: 400, epoch: 123 | loss: 0.0758745
	speed: 0.0830s/iter; left time: 7726.2466s
	iters: 500, epoch: 123 | loss: 0.1012364
	speed: 0.0827s/iter; left time: 7690.3646s
Epoch: 123 cost time: 43.94273591041565
[2025-05-29 14:08:32] [32mIntermediate result: 0.11048344  (Index 122)[0m
Epoch: 123, Steps: 525 | Train Loss: 0.1004334 Vali Loss: 0.1104764 Test Loss: 0.1104834
EarlyStopping counter: 5 out of 20
Updating learning rate to 9.40291253101164e-05
	iters: 100, epoch: 124 | loss: 0.1000370
	speed: 0.2735s/iter; left time: 25391.5872s
	iters: 200, epoch: 124 | loss: 0.1045796
	speed: 0.0824s/iter; left time: 7643.8010s
	iters: 300, epoch: 124 | loss: 0.1004793
	speed: 0.0830s/iter; left time: 7687.2608s
	iters: 400, epoch: 124 | loss: 0.1071150
	speed: 0.0825s/iter; left time: 7637.7419s
	iters: 500, epoch: 124 | loss: 0.0897865
	speed: 0.0826s/iter; left time: 7631.1335s
Epoch: 124 cost time: 43.9252667427063
[2025-05-29 14:09:33] [32mIntermediate result: 0.10808554  (Index 123)[0m
Epoch: 124, Steps: 525 | Train Loss: 0.1000170 Vali Loss: 0.1075724 Test Loss: 0.1080855
Validation loss decreased (0.107841 --> 0.107572).  Saving model ...
Updating learning rate to 9.36697414927597e-05
	iters: 100, epoch: 125 | loss: 0.1152767
	speed: 0.2722s/iter; left time: 25121.6582s
	iters: 200, epoch: 125 | loss: 0.1002648
	speed: 0.0817s/iter; left time: 7529.2863s
	iters: 300, epoch: 125 | loss: 0.1210440
	speed: 0.0817s/iter; left time: 7528.5661s
	iters: 400, epoch: 125 | loss: 0.1055941
	speed: 0.0820s/iter; left time: 7542.4415s
	iters: 500, epoch: 125 | loss: 0.0851855
	speed: 0.0821s/iter; left time: 7546.6491s
Epoch: 125 cost time: 43.54454159736633
[2025-05-29 14:10:33] [32mIntermediate result: 0.1086463  (Index 124)[0m
Epoch: 125, Steps: 525 | Train Loss: 0.0997819 Vali Loss: 0.1082194 Test Loss: 0.1086463
EarlyStopping counter: 1 out of 20
Updating learning rate to 9.330058459012456e-05
	iters: 100, epoch: 126 | loss: 0.0968545
	speed: 0.2740s/iter; left time: 25142.8713s
	iters: 200, epoch: 126 | loss: 0.0913861
	speed: 0.0823s/iter; left time: 7548.7771s
	iters: 300, epoch: 126 | loss: 0.0970089
	speed: 0.0822s/iter; left time: 7524.3023s
	iters: 400, epoch: 126 | loss: 0.0947384
	speed: 0.0824s/iter; left time: 7536.6959s
	iters: 500, epoch: 126 | loss: 0.1028660
	speed: 0.0826s/iter; left time: 7551.2043s
Epoch: 126 cost time: 43.73307394981384
[2025-05-29 14:11:33] [32mIntermediate result: 0.107780345  (Index 125)[0m
Epoch: 126, Steps: 525 | Train Loss: 0.0996003 Vali Loss: 0.1073290 Test Loss: 0.1077803
Validation loss decreased (0.107572 --> 0.107329).  Saving model ...
Updating learning rate to 9.292173721818922e-05
	iters: 100, epoch: 127 | loss: 0.0946938
	speed: 0.2757s/iter; left time: 25156.8074s
	iters: 200, epoch: 127 | loss: 0.1045891
	speed: 0.0831s/iter; left time: 7574.7850s
	iters: 300, epoch: 127 | loss: 0.0984894
	speed: 0.0826s/iter; left time: 7521.3264s
	iters: 400, epoch: 127 | loss: 0.1038596
	speed: 0.0828s/iter; left time: 7532.7679s
	iters: 500, epoch: 127 | loss: 0.0969313
	speed: 0.0828s/iter; left time: 7520.9203s
Epoch: 127 cost time: 44.082826137542725
[2025-05-29 14:12:34] [32mIntermediate result: 0.10820932  (Index 126)[0m
Epoch: 127, Steps: 525 | Train Loss: 0.0993970 Vali Loss: 0.1075004 Test Loss: 0.1082093
EarlyStopping counter: 1 out of 20
Updating learning rate to 9.253328416162388e-05
	iters: 100, epoch: 128 | loss: 0.0959414
	speed: 0.2762s/iter; left time: 25057.2499s
	iters: 200, epoch: 128 | loss: 0.0903859
	speed: 0.0829s/iter; left time: 7515.5072s
	iters: 300, epoch: 128 | loss: 0.0931774
	speed: 0.0828s/iter; left time: 7497.2971s
	iters: 400, epoch: 128 | loss: 0.0948493
	speed: 0.0827s/iter; left time: 7480.7401s
	iters: 500, epoch: 128 | loss: 0.0984446
	speed: 0.0829s/iter; left time: 7486.9619s
Epoch: 128 cost time: 44.05916666984558
[2025-05-29 14:13:35] [32mIntermediate result: 0.10783477  (Index 127)[0m
Epoch: 128, Steps: 525 | Train Loss: 0.0989662 Vali Loss: 0.1070823 Test Loss: 0.1078348
Validation loss decreased (0.107329 --> 0.107082).  Saving model ...
Updating learning rate to 9.213531235481619e-05
	iters: 100, epoch: 129 | loss: 0.1123058
	speed: 0.2751s/iter; left time: 24811.7316s
	iters: 200, epoch: 129 | loss: 0.1052531
	speed: 0.0835s/iter; left time: 7526.6106s
	iters: 300, epoch: 129 | loss: 0.0949919
	speed: 0.0838s/iter; left time: 7540.9271s
	iters: 400, epoch: 129 | loss: 0.1017444
	speed: 0.0830s/iter; left time: 7460.6112s
	iters: 500, epoch: 129 | loss: 0.0986302
	speed: 0.0831s/iter; left time: 7461.4546s
Epoch: 129 cost time: 44.349531412124634
[2025-05-29 14:14:35] [32mIntermediate result: 0.108914375  (Index 128)[0m
Epoch: 129, Steps: 525 | Train Loss: 0.0988185 Vali Loss: 0.1087851 Test Loss: 0.1089144
EarlyStopping counter: 1 out of 20
Updating learning rate to 9.172791086241563e-05
	iters: 100, epoch: 130 | loss: 0.0980038
	speed: 0.2746s/iter; left time: 24621.5761s
	iters: 200, epoch: 130 | loss: 0.1017857
	speed: 0.0836s/iter; left time: 7486.2436s
	iters: 300, epoch: 130 | loss: 0.0939758
	speed: 0.0836s/iter; left time: 7475.8979s
	iters: 400, epoch: 130 | loss: 0.0974001
	speed: 0.0834s/iter; left time: 7454.9507s
	iters: 500, epoch: 130 | loss: 0.0972371
	speed: 0.0832s/iter; left time: 7429.9025s
Epoch: 130 cost time: 44.29451298713684
[2025-05-29 14:15:36] [32mIntermediate result: 0.109883085  (Index 129)[0m
Epoch: 130, Steps: 525 | Train Loss: 0.0988217 Vali Loss: 0.1094573 Test Loss: 0.1098831
EarlyStopping counter: 2 out of 20
Updating learning rate to 9.131117085940122e-05
	iters: 100, epoch: 131 | loss: 0.1039660
	speed: 0.2758s/iter; left time: 24587.9067s
	iters: 200, epoch: 131 | loss: 0.1045256
	speed: 0.0830s/iter; left time: 7394.4338s
	iters: 300, epoch: 131 | loss: 0.1108116
	speed: 0.0833s/iter; left time: 7410.6519s
	iters: 400, epoch: 131 | loss: 0.1042817
	speed: 0.0831s/iter; left time: 7384.8647s
	iters: 500, epoch: 131 | loss: 0.0931876
	speed: 0.0828s/iter; left time: 7346.3720s
Epoch: 131 cost time: 44.2186119556427
[2025-05-29 14:16:37] [32mIntermediate result: 0.108495615  (Index 130)[0m
Epoch: 131, Steps: 525 | Train Loss: 0.0984750 Vali Loss: 0.1076454 Test Loss: 0.1084956
EarlyStopping counter: 3 out of 20
Updating learning rate to 9.088518561067675e-05
	iters: 100, epoch: 132 | loss: 0.0994653
	speed: 0.2774s/iter; left time: 24584.4951s
	iters: 200, epoch: 132 | loss: 0.0951603
	speed: 0.0830s/iter; left time: 7350.1251s
	iters: 300, epoch: 132 | loss: 0.0920645
	speed: 0.0831s/iter; left time: 7350.8616s
	iters: 400, epoch: 132 | loss: 0.1059279
	speed: 0.0830s/iter; left time: 7331.9917s
	iters: 500, epoch: 132 | loss: 0.0920178
	speed: 0.0832s/iter; left time: 7336.8281s
Epoch: 132 cost time: 44.15936779975891
[2025-05-29 14:17:38] [32mIntermediate result: 0.107721195  (Index 131)[0m
Epoch: 132, Steps: 525 | Train Loss: 0.0986717 Vali Loss: 0.1077163 Test Loss: 0.1077212
EarlyStopping counter: 4 out of 20
Updating learning rate to 9.045005045019863e-05
	iters: 100, epoch: 133 | loss: 0.1020734
	speed: 0.2750s/iter; left time: 24226.8775s
	iters: 200, epoch: 133 | loss: 0.0972626
	speed: 0.0821s/iter; left time: 7224.0192s
	iters: 300, epoch: 133 | loss: 0.0921292
	speed: 0.0822s/iter; left time: 7222.1694s
	iters: 400, epoch: 133 | loss: 0.1060073
	speed: 0.0828s/iter; left time: 7268.5996s
	iters: 500, epoch: 133 | loss: 0.1142422
	speed: 0.0824s/iter; left time: 7225.8889s
Epoch: 133 cost time: 43.743871212005615
[2025-05-29 14:18:39] [32mIntermediate result: 0.10956644  (Index 132)[0m
Epoch: 133, Steps: 525 | Train Loss: 0.0984682 Vali Loss: 0.1092523 Test Loss: 0.1095664
EarlyStopping counter: 5 out of 20
Updating learning rate to 9.000586275964033e-05
	iters: 100, epoch: 134 | loss: 0.1020793
	speed: 0.2768s/iter; left time: 24239.8390s
	iters: 200, epoch: 134 | loss: 0.1111198
	speed: 0.0830s/iter; left time: 7260.1834s
	iters: 300, epoch: 134 | loss: 0.0968018
	speed: 0.0831s/iter; left time: 7257.4658s
	iters: 400, epoch: 134 | loss: 0.0977329
	speed: 0.0832s/iter; left time: 7263.8044s
	iters: 500, epoch: 134 | loss: 0.1011303
	speed: 0.0830s/iter; left time: 7238.4259s
Epoch: 134 cost time: 44.22616910934448
[2025-05-29 14:19:39] [32mIntermediate result: 0.10789869  (Index 133)[0m
Epoch: 134, Steps: 525 | Train Loss: 0.0977551 Vali Loss: 0.1074256 Test Loss: 0.1078987
EarlyStopping counter: 6 out of 20
Updating learning rate to 8.95527219465988e-05
	iters: 100, epoch: 135 | loss: 0.0876321
	speed: 0.2707s/iter; left time: 23567.2223s
	iters: 200, epoch: 135 | loss: 0.1079412
	speed: 0.0819s/iter; left time: 7120.9714s
	iters: 300, epoch: 135 | loss: 0.0963293
	speed: 0.0820s/iter; left time: 7124.7154s
	iters: 400, epoch: 135 | loss: 0.1003474
	speed: 0.0818s/iter; left time: 7099.9745s
	iters: 500, epoch: 135 | loss: 0.0931942
	speed: 0.0819s/iter; left time: 7094.7781s
Epoch: 135 cost time: 43.56444501876831
[2025-05-29 14:20:39] [32mIntermediate result: 0.10743545  (Index 134)[0m
Epoch: 135, Steps: 525 | Train Loss: 0.0975764 Vali Loss: 0.1072180 Test Loss: 0.1074354
EarlyStopping counter: 7 out of 20
Updating learning rate to 8.909072942234738e-05
	iters: 100, epoch: 136 | loss: 0.0993104
	speed: 0.2711s/iter; left time: 23455.8524s
	iters: 200, epoch: 136 | loss: 0.1018612
	speed: 0.0817s/iter; left time: 7056.8910s
	iters: 300, epoch: 136 | loss: 0.0934894
	speed: 0.0819s/iter; left time: 7067.5292s
	iters: 400, epoch: 136 | loss: 0.0914422
	speed: 0.0820s/iter; left time: 7071.7077s
	iters: 500, epoch: 136 | loss: 0.1081547
	speed: 0.0826s/iter; left time: 7117.8965s
Epoch: 136 cost time: 43.57850122451782
[2025-05-29 14:21:39] [32mIntermediate result: 0.108153455  (Index 135)[0m
Epoch: 136, Steps: 525 | Train Loss: 0.0978526 Vali Loss: 0.1071956 Test Loss: 0.1081535
EarlyStopping counter: 8 out of 20
Updating learning rate to 8.861998857914033e-05
	iters: 100, epoch: 137 | loss: 0.1003387
	speed: 0.2735s/iter; left time: 23523.8701s
	iters: 200, epoch: 137 | loss: 0.1058667
	speed: 0.0825s/iter; left time: 7090.2886s
	iters: 300, epoch: 137 | loss: 0.0978852
	speed: 0.0827s/iter; left time: 7098.3654s
	iters: 400, epoch: 137 | loss: 0.0980001
	speed: 0.0828s/iter; left time: 7097.6359s
	iters: 500, epoch: 137 | loss: 0.0856004
	speed: 0.0825s/iter; left time: 7063.4130s
Epoch: 137 cost time: 43.96956443786621
[2025-05-29 14:22:40] [32mIntermediate result: 0.10715803  (Index 136)[0m
Epoch: 137, Steps: 525 | Train Loss: 0.0975856 Vali Loss: 0.1066093 Test Loss: 0.1071580
Validation loss decreased (0.107082 --> 0.106609).  Saving model ...
Updating learning rate to 8.814060476707402e-05
	iters: 100, epoch: 138 | loss: 0.0960671
	speed: 0.2749s/iter; left time: 23501.2854s
	iters: 200, epoch: 138 | loss: 0.0827295
	speed: 0.0829s/iter; left time: 7077.6820s
	iters: 300, epoch: 138 | loss: 0.0849845
	speed: 0.0825s/iter; left time: 7034.7977s
	iters: 400, epoch: 138 | loss: 0.0967080
	speed: 0.0824s/iter; left time: 7016.2020s
	iters: 500, epoch: 138 | loss: 0.0918853
	speed: 0.0826s/iter; left time: 7029.0023s
Epoch: 138 cost time: 43.93627905845642
[2025-05-29 14:23:40] [32mIntermediate result: 0.107988305  (Index 137)[0m
Epoch: 138, Steps: 525 | Train Loss: 0.0970728 Vali Loss: 0.1079641 Test Loss: 0.1079883
EarlyStopping counter: 1 out of 20
Updating learning rate to 8.765268527050995e-05
	iters: 100, epoch: 139 | loss: 0.1013541
	speed: 0.2722s/iter; left time: 23124.6913s
	iters: 200, epoch: 139 | loss: 0.0930222
	speed: 0.0817s/iter; left time: 6931.1819s
	iters: 300, epoch: 139 | loss: 0.0905167
	speed: 0.0818s/iter; left time: 6932.2376s
	iters: 400, epoch: 139 | loss: 0.0866737
	speed: 0.0817s/iter; left time: 6917.6413s
	iters: 500, epoch: 139 | loss: 0.1057179
	speed: 0.0818s/iter; left time: 6914.5223s
Epoch: 139 cost time: 43.428770780563354
[2025-05-29 14:24:40] [32mIntermediate result: 0.10781565  (Index 138)[0m
Epoch: 139, Steps: 525 | Train Loss: 0.0971661 Vali Loss: 0.1076425 Test Loss: 0.1078157
EarlyStopping counter: 2 out of 20
Updating learning rate to 8.715633928406493e-05
	iters: 100, epoch: 140 | loss: 0.1029983
	speed: 0.2704s/iter; left time: 22827.8459s
	iters: 200, epoch: 140 | loss: 0.0889684
	speed: 0.0822s/iter; left time: 6931.2562s
	iters: 300, epoch: 140 | loss: 0.0923365
	speed: 0.0821s/iter; left time: 6916.2270s
	iters: 400, epoch: 140 | loss: 0.0991696
	speed: 0.0823s/iter; left time: 6924.7345s
	iters: 500, epoch: 140 | loss: 0.1028228
	speed: 0.0829s/iter; left time: 6964.6377s
Epoch: 140 cost time: 43.86164689064026
[2025-05-29 14:25:40] [32mIntermediate result: 0.11000316  (Index 139)[0m
Epoch: 140, Steps: 525 | Train Loss: 0.0964338 Vali Loss: 0.1095078 Test Loss: 0.1100032
EarlyStopping counter: 3 out of 20
Updating learning rate to 8.665167788817368e-05
	iters: 100, epoch: 141 | loss: 0.0900946
	speed: 0.2746s/iter; left time: 23043.0059s
	iters: 200, epoch: 141 | loss: 0.1026970
	speed: 0.0824s/iter; left time: 6903.3996s
	iters: 300, epoch: 141 | loss: 0.1030140
	speed: 0.0816s/iter; left time: 6833.1343s
	iters: 400, epoch: 141 | loss: 0.1034824
	speed: 0.0820s/iter; left time: 6853.2235s
	iters: 500, epoch: 141 | loss: 0.0951996
	speed: 0.0826s/iter; left time: 6900.4820s
Epoch: 141 cost time: 43.701902866363525
[2025-05-29 14:26:41] [32mIntermediate result: 0.10730963  (Index 140)[0m
Epoch: 141, Steps: 525 | Train Loss: 0.0968968 Vali Loss: 0.1062176 Test Loss: 0.1073096
Validation loss decreased (0.106609 --> 0.106218).  Saving model ...
Updating learning rate to 8.613881402422945e-05
	iters: 100, epoch: 142 | loss: 0.0990759
	speed: 0.2758s/iter; left time: 22997.3174s
	iters: 200, epoch: 142 | loss: 0.0876540
	speed: 0.0818s/iter; left time: 6809.6211s
	iters: 300, epoch: 142 | loss: 0.0956396
	speed: 0.0818s/iter; left time: 6805.4795s
	iters: 400, epoch: 142 | loss: 0.0986018
	speed: 0.0819s/iter; left time: 6804.0173s
	iters: 500, epoch: 142 | loss: 0.0974226
	speed: 0.0821s/iter; left time: 6811.7314s
Epoch: 142 cost time: 43.58670949935913
[2025-05-29 14:27:40] [32mIntermediate result: 0.10631213  (Index 141)[0m
Epoch: 142, Steps: 525 | Train Loss: 0.0965343 Vali Loss: 0.1059911 Test Loss: 0.1063121
Validation loss decreased (0.106218 --> 0.105991).  Saving model ...
Updating learning rate to 8.561786246930815e-05
	iters: 100, epoch: 143 | loss: 0.1015021
	speed: 0.2703s/iter; left time: 22393.3156s
	iters: 200, epoch: 143 | loss: 0.0986890
	speed: 0.0828s/iter; left time: 6855.7683s
	iters: 300, epoch: 143 | loss: 0.0998811
	speed: 0.0818s/iter; left time: 6761.5920s
	iters: 400, epoch: 143 | loss: 0.0958491
	speed: 0.0823s/iter; left time: 6797.6426s
	iters: 500, epoch: 143 | loss: 0.1012130
	speed: 0.0822s/iter; left time: 6780.3535s
Epoch: 143 cost time: 43.73507857322693
[2025-05-29 14:28:41] [32mIntermediate result: 0.10837205  (Index 142)[0m
Epoch: 143, Steps: 525 | Train Loss: 0.0963420 Vali Loss: 0.1080801 Test Loss: 0.1083720
EarlyStopping counter: 1 out of 20
Updating learning rate to 8.508893981048162e-05
	iters: 100, epoch: 144 | loss: 0.1052139
	speed: 0.2759s/iter; left time: 22713.7223s
	iters: 200, epoch: 144 | loss: 0.0981209
	speed: 0.0821s/iter; left time: 6749.0167s
	iters: 300, epoch: 144 | loss: 0.0802224
	speed: 0.0822s/iter; left time: 6747.4495s
	iters: 400, epoch: 144 | loss: 0.1031092
	speed: 0.0820s/iter; left time: 6725.0998s
	iters: 500, epoch: 144 | loss: 0.0962921
	speed: 0.0817s/iter; left time: 6692.8101s
Epoch: 144 cost time: 43.5596649646759
[2025-05-29 14:29:41] [32mIntermediate result: 0.10617658  (Index 143)[0m
Epoch: 144, Steps: 525 | Train Loss: 0.0961711 Vali Loss: 0.1058189 Test Loss: 0.1061766
Validation loss decreased (0.105991 --> 0.105819).  Saving model ...
Updating learning rate to 8.455216441872593e-05
	iters: 100, epoch: 145 | loss: 0.0995320
	speed: 0.2742s/iter; left time: 22429.0692s
	iters: 200, epoch: 145 | loss: 0.0790329
	speed: 0.0830s/iter; left time: 6778.2498s
	iters: 300, epoch: 145 | loss: 0.1020008
	speed: 0.0825s/iter; left time: 6732.8183s
	iters: 400, epoch: 145 | loss: 0.1035421
	speed: 0.0827s/iter; left time: 6736.8775s
	iters: 500, epoch: 145 | loss: 0.0930861
	speed: 0.0824s/iter; left time: 6709.5048s
Epoch: 145 cost time: 43.93781399726868
[2025-05-29 14:30:42] [32mIntermediate result: 0.10646445  (Index 144)[0m
Epoch: 145, Steps: 525 | Train Loss: 0.0960049 Vali Loss: 0.1055179 Test Loss: 0.1064645
Validation loss decreased (0.105819 --> 0.105518).  Saving model ...
Updating learning rate to 8.400765642243034e-05
	iters: 100, epoch: 146 | loss: 0.0982110
	speed: 0.2783s/iter; left time: 22622.1490s
	iters: 200, epoch: 146 | loss: 0.0852357
	speed: 0.0828s/iter; left time: 6724.3616s
	iters: 300, epoch: 146 | loss: 0.0903539
	speed: 0.0831s/iter; left time: 6737.0514s
	iters: 400, epoch: 146 | loss: 0.0920002
	speed: 0.0831s/iter; left time: 6731.8918s
	iters: 500, epoch: 146 | loss: 0.0942780
	speed: 0.0832s/iter; left time: 6725.7260s
Epoch: 146 cost time: 44.2304584980011
[2025-05-29 14:31:43] [32mIntermediate result: 0.10879062  (Index 145)[0m
Epoch: 146, Steps: 525 | Train Loss: 0.0955558 Vali Loss: 0.1079067 Test Loss: 0.1087906
EarlyStopping counter: 1 out of 20
Updating learning rate to 8.3455537680513e-05
	iters: 100, epoch: 147 | loss: 0.0935928
	speed: 0.2766s/iter; left time: 22337.0932s
	iters: 200, epoch: 147 | loss: 0.0901152
	speed: 0.0829s/iter; left time: 6685.2787s
	iters: 300, epoch: 147 | loss: 0.0926650
	speed: 0.0827s/iter; left time: 6657.9205s
	iters: 400, epoch: 147 | loss: 0.0820086
	speed: 0.0832s/iter; left time: 6694.4003s
	iters: 500, epoch: 147 | loss: 0.0923292
	speed: 0.0829s/iter; left time: 6661.8651s
Epoch: 147 cost time: 44.08952355384827
[2025-05-29 14:32:43] [32mIntermediate result: 0.10708873  (Index 146)[0m
Epoch: 147, Steps: 525 | Train Loss: 0.0957108 Vali Loss: 0.1068699 Test Loss: 0.1070887
EarlyStopping counter: 2 out of 20
Updating learning rate to 8.289593175514938e-05
	iters: 100, epoch: 148 | loss: 0.1022656
	speed: 0.2745s/iter; left time: 22018.8845s
	iters: 200, epoch: 148 | loss: 0.0952616
	speed: 0.0828s/iter; left time: 6637.5144s
	iters: 300, epoch: 148 | loss: 0.0872436
	speed: 0.0821s/iter; left time: 6573.3038s
	iters: 400, epoch: 148 | loss: 0.0938075
	speed: 0.0830s/iter; left time: 6633.7034s
	iters: 500, epoch: 148 | loss: 0.0979489
	speed: 0.0827s/iter; left time: 6601.6226s
Epoch: 148 cost time: 44.00603485107422
[2025-05-29 14:33:44] [32mIntermediate result: 0.1068237  (Index 147)[0m
Epoch: 148, Steps: 525 | Train Loss: 0.0954042 Vali Loss: 0.1059285 Test Loss: 0.1068237
EarlyStopping counter: 3 out of 20
Updating learning rate to 8.232896388411948e-05
	iters: 100, epoch: 149 | loss: 0.0980324
	speed: 0.2766s/iter; left time: 22044.9345s
	iters: 200, epoch: 149 | loss: 0.0869337
	speed: 0.0834s/iter; left time: 6635.7897s
	iters: 300, epoch: 149 | loss: 0.0958778
	speed: 0.0829s/iter; left time: 6589.6645s
	iters: 400, epoch: 149 | loss: 0.0882776
	speed: 0.0827s/iter; left time: 6568.4214s
	iters: 500, epoch: 149 | loss: 0.1028536
	speed: 0.0828s/iter; left time: 6567.2765s
Epoch: 149 cost time: 44.10955262184143
[2025-05-29 14:34:45] [32mIntermediate result: 0.10906458  (Index 148)[0m
Epoch: 149, Steps: 525 | Train Loss: 0.0954979 Vali Loss: 0.1084812 Test Loss: 0.1090646
EarlyStopping counter: 4 out of 20
Updating learning rate to 8.175476095278012e-05
	iters: 100, epoch: 150 | loss: 0.0963537
	speed: 0.2732s/iter; left time: 21629.5767s
	iters: 200, epoch: 150 | loss: 0.1131894
	speed: 0.0817s/iter; left time: 6457.8102s
	iters: 300, epoch: 150 | loss: 0.1009968
	speed: 0.0821s/iter; left time: 6484.4813s
	iters: 400, epoch: 150 | loss: 0.0947483
	speed: 0.0816s/iter; left time: 6438.2668s
	iters: 500, epoch: 150 | loss: 0.0958157
	speed: 0.0816s/iter; left time: 6425.5675s
Epoch: 150 cost time: 43.492658853530884
[2025-05-29 14:35:45] [32mIntermediate result: 0.10767846  (Index 149)[0m
Epoch: 150, Steps: 525 | Train Loss: 0.0953515 Vali Loss: 0.1074060 Test Loss: 0.1076785
EarlyStopping counter: 5 out of 20
Updating learning rate to 8.117345146566841e-05
	iters: 100, epoch: 151 | loss: 0.1025056
	speed: 0.2716s/iter; left time: 21360.3003s
	iters: 200, epoch: 151 | loss: 0.0939922
	speed: 0.0818s/iter; left time: 6427.4608s
	iters: 300, epoch: 151 | loss: 0.1004616
	speed: 0.0816s/iter; left time: 6398.5299s
	iters: 400, epoch: 151 | loss: 0.0972808
	speed: 0.0819s/iter; left time: 6415.2237s
	iters: 500, epoch: 151 | loss: 0.0911680
	speed: 0.0820s/iter; left time: 6418.6589s
Epoch: 151 cost time: 43.53360652923584
[2025-05-29 14:36:45] [32mIntermediate result: 0.10701143  (Index 150)[0m
Epoch: 151, Steps: 525 | Train Loss: 0.0948365 Vali Loss: 0.1063968 Test Loss: 0.1070114
EarlyStopping counter: 6 out of 20
Updating learning rate to 8.05851655177429e-05
	iters: 100, epoch: 152 | loss: 0.0873993
	speed: 0.2752s/iter; left time: 21498.6686s
	iters: 200, epoch: 152 | loss: 0.1028450
	speed: 0.0817s/iter; left time: 6375.7833s
	iters: 300, epoch: 152 | loss: 0.0965055
	speed: 0.0816s/iter; left time: 6360.4758s
	iters: 400, epoch: 152 | loss: 0.0901614
	speed: 0.0815s/iter; left time: 6343.5231s
	iters: 500, epoch: 152 | loss: 0.0919234
	speed: 0.0814s/iter; left time: 6325.4075s
Epoch: 152 cost time: 43.46445035934448
[2025-05-29 14:37:45] [32mIntermediate result: 0.106831595  (Index 151)[0m
Epoch: 152, Steps: 525 | Train Loss: 0.0946249 Vali Loss: 0.1063326 Test Loss: 0.1068316
EarlyStopping counter: 7 out of 20
Updating learning rate to 7.999003476526883e-05
	iters: 100, epoch: 153 | loss: 0.0820058
	speed: 0.2766s/iter; left time: 21461.1711s
	iters: 200, epoch: 153 | loss: 0.0821931
	speed: 0.0831s/iter; left time: 6442.2765s
	iters: 300, epoch: 153 | loss: 0.0894838
	speed: 0.0829s/iter; left time: 6414.4334s
	iters: 400, epoch: 153 | loss: 0.0855768
	speed: 0.0828s/iter; left time: 6399.0626s
	iters: 500, epoch: 153 | loss: 0.0889607
	speed: 0.0829s/iter; left time: 6397.9888s
Epoch: 153 cost time: 44.09466552734375
[2025-05-29 14:38:46] [32mIntermediate result: 0.10875738  (Index 152)[0m
Epoch: 153, Steps: 525 | Train Loss: 0.0946241 Vali Loss: 0.1084720 Test Loss: 0.1087574
EarlyStopping counter: 8 out of 20
Updating learning rate to 7.938819239635387e-05
	iters: 100, epoch: 154 | loss: 0.0922522
	speed: 0.2722s/iter; left time: 20978.8856s
	iters: 200, epoch: 154 | loss: 0.0910403
	speed: 0.0824s/iter; left time: 6340.2191s
	iters: 300, epoch: 154 | loss: 0.1064798
	speed: 0.0825s/iter; left time: 6343.4328s
	iters: 400, epoch: 154 | loss: 0.0975815
	speed: 0.0825s/iter; left time: 6336.4868s
	iters: 500, epoch: 154 | loss: 0.0798588
	speed: 0.0826s/iter; left time: 6331.4177s
Epoch: 154 cost time: 43.801358461380005
[2025-05-29 14:39:46] [32mIntermediate result: 0.10949573  (Index 153)[0m
Epoch: 154, Steps: 525 | Train Loss: 0.0944948 Vali Loss: 0.1088828 Test Loss: 0.1094957
EarlyStopping counter: 9 out of 20
Updating learning rate to 7.877977310114122e-05
	iters: 100, epoch: 155 | loss: 0.0827917
	speed: 0.2742s/iter; left time: 20990.6851s
	iters: 200, epoch: 155 | loss: 0.1029321
	speed: 0.0815s/iter; left time: 6227.7724s
	iters: 300, epoch: 155 | loss: 0.1015851
	speed: 0.0816s/iter; left time: 6233.6894s
	iters: 400, epoch: 155 | loss: 0.0947170
	speed: 0.0817s/iter; left time: 6226.1317s
	iters: 500, epoch: 155 | loss: 0.1000796
	speed: 0.0816s/iter; left time: 6215.7781s
Epoch: 155 cost time: 43.37590932846069
[2025-05-29 14:40:45] [32mIntermediate result: 0.107213885  (Index 154)[0m
Epoch: 155, Steps: 525 | Train Loss: 0.0943888 Vali Loss: 0.1062417 Test Loss: 0.1072139
EarlyStopping counter: 10 out of 20
Updating learning rate to 7.816491304166633e-05
	iters: 100, epoch: 156 | loss: 0.0892988
	speed: 0.2685s/iter; left time: 20410.8598s
	iters: 200, epoch: 156 | loss: 0.0889643
	speed: 0.0817s/iter; left time: 6200.8705s
	iters: 300, epoch: 156 | loss: 0.0960149
	speed: 0.0818s/iter; left time: 6204.0072s
	iters: 400, epoch: 156 | loss: 0.0972869
	speed: 0.0815s/iter; left time: 6174.8246s
	iters: 500, epoch: 156 | loss: 0.0960359
	speed: 0.0812s/iter; left time: 6139.1806s
Epoch: 156 cost time: 43.42046928405762
[2025-05-29 14:41:45] [32mIntermediate result: 0.10685208  (Index 155)[0m
Epoch: 156, Steps: 525 | Train Loss: 0.0946420 Vali Loss: 0.1063915 Test Loss: 0.1068521
EarlyStopping counter: 11 out of 20
Updating learning rate to 7.754374982138437e-05
	iters: 100, epoch: 157 | loss: 0.0974680
	speed: 0.2680s/iter; left time: 20231.5475s
	iters: 200, epoch: 157 | loss: 0.0880839
	speed: 0.0816s/iter; left time: 6149.3619s
	iters: 300, epoch: 157 | loss: 0.0947689
	speed: 0.0816s/iter; left time: 6142.9829s
	iters: 400, epoch: 157 | loss: 0.0933184
	speed: 0.0815s/iter; left time: 6130.2128s
	iters: 500, epoch: 157 | loss: 0.0797269
	speed: 0.0816s/iter; left time: 6126.5145s
Epoch: 157 cost time: 43.39152669906616
[2025-05-29 14:42:44] [32mIntermediate result: 0.11033671  (Index 156)[0m
Epoch: 157, Steps: 525 | Train Loss: 0.0940770 Vali Loss: 0.1100174 Test Loss: 0.1103367
EarlyStopping counter: 12 out of 20
Updating learning rate to 7.691642245437509e-05
	iters: 100, epoch: 158 | loss: 0.0997479
	speed: 0.2688s/iter; left time: 20156.8121s
	iters: 200, epoch: 158 | loss: 0.0950404
	speed: 0.0815s/iter; left time: 6105.9327s
	iters: 300, epoch: 158 | loss: 0.0945703
	speed: 0.0819s/iter; left time: 6121.2686s
	iters: 400, epoch: 158 | loss: 0.1004119
	speed: 0.0819s/iter; left time: 6113.4249s
	iters: 500, epoch: 158 | loss: 0.0976345
	speed: 0.0819s/iter; left time: 6109.4037s
Epoch: 158 cost time: 43.488643169403076
[2025-05-29 14:43:44] [32mIntermediate result: 0.10673028  (Index 157)[0m
Epoch: 158, Steps: 525 | Train Loss: 0.0938749 Vali Loss: 0.1060017 Test Loss: 0.1067303
EarlyStopping counter: 13 out of 20
Updating learning rate to 7.628307133423198e-05
	iters: 100, epoch: 159 | loss: 0.0961550
	speed: 0.2729s/iter; left time: 20315.1873s
	iters: 200, epoch: 159 | loss: 0.0962279
	speed: 0.0819s/iter; left time: 6091.9762s
	iters: 300, epoch: 159 | loss: 0.0855527
	speed: 0.0817s/iter; left time: 6066.6351s
	iters: 400, epoch: 159 | loss: 0.1004222
	speed: 0.0817s/iter; left time: 6056.6871s
	iters: 500, epoch: 159 | loss: 0.0945270
	speed: 0.0818s/iter; left time: 6054.7822s
Epoch: 159 cost time: 43.50876045227051
[2025-05-29 14:44:45] [32mIntermediate result: 0.10731128  (Index 158)[0m
Epoch: 159, Steps: 525 | Train Loss: 0.0934324 Vali Loss: 0.1065718 Test Loss: 0.1073113
EarlyStopping counter: 14 out of 20
Updating learning rate to 7.564383820264262e-05
	iters: 100, epoch: 160 | loss: 0.0825045
	speed: 0.2746s/iter; left time: 20302.6254s
	iters: 200, epoch: 160 | loss: 0.0911364
	speed: 0.0814s/iter; left time: 6012.1195s
	iters: 300, epoch: 160 | loss: 0.1002477
	speed: 0.0813s/iter; left time: 5995.2686s
	iters: 400, epoch: 160 | loss: 0.0944827
	speed: 0.0816s/iter; left time: 6009.5596s
	iters: 500, epoch: 160 | loss: 0.0852681
	speed: 0.0817s/iter; left time: 6010.1083s
Epoch: 160 cost time: 43.40722036361694
[2025-05-29 14:45:44] [32mIntermediate result: 0.10565649  (Index 159)[0m
Epoch: 160, Steps: 525 | Train Loss: 0.0937776 Vali Loss: 0.1049379 Test Loss: 0.1056565
Validation loss decreased (0.105518 --> 0.104938).  Saving model ...
Updating learning rate to 7.499886611766751e-05
	iters: 100, epoch: 161 | loss: 0.1044655
	speed: 0.2726s/iter; left time: 20011.2152s
	iters: 200, epoch: 161 | loss: 0.0930070
	speed: 0.0830s/iter; left time: 6086.7706s
	iters: 300, epoch: 161 | loss: 0.1063845
	speed: 0.0819s/iter; left time: 5995.8456s
	iters: 400, epoch: 161 | loss: 0.1001330
	speed: 0.0818s/iter; left time: 5980.4080s
	iters: 500, epoch: 161 | loss: 0.0851606
	speed: 0.0815s/iter; left time: 5952.9992s
Epoch: 161 cost time: 43.830965995788574
[2025-05-29 14:46:44] [32mIntermediate result: 0.10689121  (Index 160)[0m
Epoch: 161, Steps: 525 | Train Loss: 0.0934495 Vali Loss: 0.1059170 Test Loss: 0.1068912
EarlyStopping counter: 1 out of 20
Updating learning rate to 7.434829942172411e-05
	iters: 100, epoch: 162 | loss: 0.1098943
	speed: 0.2691s/iter; left time: 19607.7414s
	iters: 200, epoch: 162 | loss: 0.0865642
	speed: 0.0815s/iter; left time: 5934.3423s
	iters: 300, epoch: 162 | loss: 0.0898700
	speed: 0.0818s/iter; left time: 5944.3445s
	iters: 400, epoch: 162 | loss: 0.0875484
	speed: 0.0816s/iter; left time: 5923.1016s
	iters: 500, epoch: 162 | loss: 0.0887661
	speed: 0.0817s/iter; left time: 5919.1720s
Epoch: 162 cost time: 43.44023299217224
[2025-05-29 14:47:44] [32mIntermediate result: 0.10594062  (Index 161)[0m
Epoch: 162, Steps: 525 | Train Loss: 0.0932551 Vali Loss: 0.1054549 Test Loss: 0.1059406
EarlyStopping counter: 2 out of 20
Updating learning rate to 7.369228370928355e-05
	iters: 100, epoch: 163 | loss: 0.1031625
	speed: 0.2750s/iter; left time: 19897.0185s
	iters: 200, epoch: 163 | loss: 0.0910082
	speed: 0.0826s/iter; left time: 5964.3906s
	iters: 300, epoch: 163 | loss: 0.0799967
	speed: 0.0826s/iter; left time: 5958.8964s
	iters: 400, epoch: 163 | loss: 0.0973939
	speed: 0.0829s/iter; left time: 5969.9208s
	iters: 500, epoch: 163 | loss: 0.0954313
	speed: 0.0824s/iter; left time: 5930.9980s
Epoch: 163 cost time: 43.8381552696228
[2025-05-29 14:48:44] [32mIntermediate result: 0.107271194  (Index 162)[0m
Epoch: 163, Steps: 525 | Train Loss: 0.0934216 Vali Loss: 0.1065406 Test Loss: 0.1072712
EarlyStopping counter: 3 out of 20
Updating learning rate to 7.303096579428717e-05
	iters: 100, epoch: 164 | loss: 0.1003305
	speed: 0.2684s/iter; left time: 19276.3374s
	iters: 200, epoch: 164 | loss: 0.0987628
	speed: 0.0817s/iter; left time: 5859.5493s
	iters: 300, epoch: 164 | loss: 0.0984061
	speed: 0.0819s/iter; left time: 5862.8244s
	iters: 400, epoch: 164 | loss: 0.0874002
	speed: 0.0821s/iter; left time: 5868.7976s
	iters: 500, epoch: 164 | loss: 0.0891922
	speed: 0.0818s/iter; left time: 5846.0680s
Epoch: 164 cost time: 43.377708196640015
[2025-05-29 14:49:44] [32mIntermediate result: 0.10519471  (Index 163)[0m
Epoch: 164, Steps: 525 | Train Loss: 0.0931101 Vali Loss: 0.1046763 Test Loss: 0.1051947
Validation loss decreased (0.104938 --> 0.104676).  Saving model ...
Updating learning rate to 7.236449367728997e-05
	iters: 100, epoch: 165 | loss: 0.0871750
	speed: 0.2699s/iter; left time: 19243.3251s
	iters: 200, epoch: 165 | loss: 0.0966892
	speed: 0.0816s/iter; left time: 5811.2224s
	iters: 300, epoch: 165 | loss: 0.1032282
	speed: 0.0819s/iter; left time: 5822.1250s
	iters: 400, epoch: 165 | loss: 0.0922376
	speed: 0.0820s/iter; left time: 5819.3571s
	iters: 500, epoch: 165 | loss: 0.1001327
	speed: 0.0816s/iter; left time: 5781.9929s
Epoch: 165 cost time: 43.472357988357544
[2025-05-29 14:50:44] [32mIntermediate result: 0.10640588  (Index 164)[0m
Epoch: 165, Steps: 525 | Train Loss: 0.0928578 Vali Loss: 0.1053924 Test Loss: 0.1064059
EarlyStopping counter: 1 out of 20
Updating learning rate to 7.169301651233878e-05
	iters: 100, epoch: 166 | loss: 0.0920256
	speed: 0.2747s/iter; left time: 19441.2864s
	iters: 200, epoch: 166 | loss: 0.1015175
	speed: 0.0821s/iter; left time: 5802.2455s
	iters: 300, epoch: 166 | loss: 0.0998234
	speed: 0.0819s/iter; left time: 5779.8601s
	iters: 400, epoch: 166 | loss: 0.0939659
	speed: 0.0817s/iter; left time: 5754.7544s
	iters: 500, epoch: 166 | loss: 0.0922692
	speed: 0.0818s/iter; left time: 5753.4212s
Epoch: 166 cost time: 43.530375957489014
[2025-05-29 14:51:44] [32mIntermediate result: 0.10575647  (Index 165)[0m
Epoch: 166, Steps: 525 | Train Loss: 0.0926560 Vali Loss: 0.1051419 Test Loss: 0.1057565
EarlyStopping counter: 2 out of 20
Updating learning rate to 7.1016684573592e-05
	iters: 100, epoch: 167 | loss: 0.0871947
	speed: 0.2692s/iter; left time: 18914.3280s
	iters: 200, epoch: 167 | loss: 0.0818536
	speed: 0.0816s/iter; left time: 5725.8599s
	iters: 300, epoch: 167 | loss: 0.0858251
	speed: 0.0818s/iter; left time: 5727.8722s
	iters: 400, epoch: 167 | loss: 0.0880452
	speed: 0.0820s/iter; left time: 5733.1890s
	iters: 500, epoch: 167 | loss: 0.0945992
	speed: 0.0825s/iter; left time: 5760.1565s
Epoch: 167 cost time: 43.57127642631531
[2025-05-29 14:52:44] [32mIntermediate result: 0.10572747  (Index 166)[0m
Epoch: 167, Steps: 525 | Train Loss: 0.0925967 Vali Loss: 0.1048658 Test Loss: 0.1057275
EarlyStopping counter: 3 out of 20
Updating learning rate to 7.033564922168878e-05
	iters: 100, epoch: 168 | loss: 0.0876360
	speed: 0.2775s/iter; left time: 19346.5760s
	iters: 200, epoch: 168 | loss: 0.0980948
	speed: 0.0828s/iter; left time: 5762.7074s
	iters: 300, epoch: 168 | loss: 0.0899804
	speed: 0.0832s/iter; left time: 5782.1848s
	iters: 400, epoch: 168 | loss: 0.0869547
	speed: 0.0827s/iter; left time: 5738.3483s
	iters: 500, epoch: 168 | loss: 0.1003379
	speed: 0.0819s/iter; left time: 5674.8945s
Epoch: 168 cost time: 44.03706073760986
[2025-05-29 14:53:44] [32mIntermediate result: 0.10662263  (Index 167)[0m
Epoch: 168, Steps: 525 | Train Loss: 0.0923993 Vali Loss: 0.1058884 Test Loss: 0.1066226
EarlyStopping counter: 4 out of 20
Updating learning rate to 6.965006286987523e-05
	iters: 100, epoch: 169 | loss: 0.0970274
	speed: 0.2692s/iter; left time: 18628.2686s
	iters: 200, epoch: 169 | loss: 0.0946737
	speed: 0.0817s/iter; left time: 5648.7659s
	iters: 300, epoch: 169 | loss: 0.0909145
	speed: 0.0817s/iter; left time: 5637.9623s
	iters: 400, epoch: 169 | loss: 0.0934935
	speed: 0.0817s/iter; left time: 5626.6535s
	iters: 500, epoch: 169 | loss: 0.0956603
	speed: 0.0817s/iter; left time: 5618.3883s
Epoch: 169 cost time: 43.46436834335327
[2025-05-29 14:54:44] [32mIntermediate result: 0.106219135  (Index 168)[0m
Epoch: 169, Steps: 525 | Train Loss: 0.0922530 Vali Loss: 0.1053818 Test Loss: 0.1062191
EarlyStopping counter: 5 out of 20
Updating learning rate to 6.896007894989461e-05
	iters: 100, epoch: 170 | loss: 0.0853315
	speed: 0.2736s/iter; left time: 18792.5778s
	iters: 200, epoch: 170 | loss: 0.0825777
	speed: 0.0821s/iter; left time: 5629.1162s
	iters: 300, epoch: 170 | loss: 0.1041314
	speed: 0.0822s/iter; left time: 5631.4909s
	iters: 400, epoch: 170 | loss: 0.1000761
	speed: 0.0823s/iter; left time: 5630.1930s
	iters: 500, epoch: 170 | loss: 0.0833395
	speed: 0.0821s/iter; left time: 5603.2337s
Epoch: 170 cost time: 43.717185735702515
[2025-05-29 14:55:44] [32mIntermediate result: 0.105690576  (Index 169)[0m
Epoch: 170, Steps: 525 | Train Loss: 0.0925298 Vali Loss: 0.1050259 Test Loss: 0.1056906
EarlyStopping counter: 6 out of 20
Updating learning rate to 6.826585187765017e-05
	iters: 100, epoch: 171 | loss: 0.1062807
	speed: 0.2728s/iter; left time: 18588.5888s
	iters: 200, epoch: 171 | loss: 0.0910227
	speed: 0.0819s/iter; left time: 5571.0651s
	iters: 300, epoch: 171 | loss: 0.0925675
	speed: 0.0813s/iter; left time: 5523.4416s
	iters: 400, epoch: 171 | loss: 0.0911722
	speed: 0.0817s/iter; left time: 5543.7529s
	iters: 500, epoch: 171 | loss: 0.0835962
	speed: 0.0818s/iter; left time: 5539.9229s
Epoch: 171 cost time: 43.45272755622864
[2025-05-29 14:56:44] [32mIntermediate result: 0.10603669  (Index 170)[0m
Epoch: 171, Steps: 525 | Train Loss: 0.0921660 Vali Loss: 0.1055616 Test Loss: 0.1060367
EarlyStopping counter: 7 out of 20
Updating learning rate to 6.756753701864713e-05
	iters: 100, epoch: 172 | loss: 0.0975702
	speed: 0.2716s/iter; left time: 18368.7447s
	iters: 200, epoch: 172 | loss: 0.1069088
	speed: 0.0826s/iter; left time: 5578.4912s
	iters: 300, epoch: 172 | loss: 0.0840421
	speed: 0.0831s/iter; left time: 5601.6443s
	iters: 400, epoch: 172 | loss: 0.0924427
	speed: 0.0826s/iter; left time: 5562.1666s
	iters: 500, epoch: 172 | loss: 0.0886129
	speed: 0.0824s/iter; left time: 5542.4639s
Epoch: 172 cost time: 44.01947999000549
[2025-05-29 14:57:45] [32mIntermediate result: 0.105792664  (Index 171)[0m
Epoch: 172, Steps: 525 | Train Loss: 0.0922685 Vali Loss: 0.1054686 Test Loss: 0.1057927
EarlyStopping counter: 8 out of 20
Updating learning rate to 6.686529065322271e-05
	iters: 100, epoch: 173 | loss: 0.0901709
	speed: 0.2754s/iter; left time: 18481.2000s
	iters: 200, epoch: 173 | loss: 0.0941640
	speed: 0.0823s/iter; left time: 5517.2749s
	iters: 300, epoch: 173 | loss: 0.0935780
	speed: 0.0824s/iter; left time: 5512.7691s
	iters: 400, epoch: 173 | loss: 0.1032199
	speed: 0.0826s/iter; left time: 5521.0138s
	iters: 500, epoch: 173 | loss: 0.0878134
	speed: 0.0821s/iter; left time: 5478.8736s
Epoch: 173 cost time: 43.805657625198364
[2025-05-29 14:58:45] [32mIntermediate result: 0.10485717  (Index 172)[0m
Epoch: 173, Steps: 525 | Train Loss: 0.0918162 Vali Loss: 0.1044457 Test Loss: 0.1048572
Validation loss decreased (0.104676 --> 0.104446).  Saving model ...
Updating learning rate to 6.615926994157094e-05
	iters: 100, epoch: 174 | loss: 0.0949391
	speed: 0.2721s/iter; left time: 18112.0407s
	iters: 200, epoch: 174 | loss: 0.0915839
	speed: 0.0817s/iter; left time: 5428.9821s
	iters: 300, epoch: 174 | loss: 0.0910843
	speed: 0.0817s/iter; left time: 5421.4375s
	iters: 400, epoch: 174 | loss: 0.0963435
	speed: 0.0817s/iter; left time: 5417.1843s
	iters: 500, epoch: 174 | loss: 0.0874576
	speed: 0.0818s/iter; left time: 5413.4995s
Epoch: 174 cost time: 43.44651126861572
[2025-05-29 14:59:45] [32mIntermediate result: 0.106558464  (Index 173)[0m
Epoch: 174, Steps: 525 | Train Loss: 0.0917945 Vali Loss: 0.1063566 Test Loss: 0.1065585
EarlyStopping counter: 1 out of 20
Updating learning rate to 6.54496328885709e-05
	iters: 100, epoch: 175 | loss: 0.0896647
	speed: 0.2701s/iter; left time: 17840.0201s
	iters: 200, epoch: 175 | loss: 0.0942061
	speed: 0.0819s/iter; left time: 5402.0150s
	iters: 300, epoch: 175 | loss: 0.0949259
	speed: 0.0819s/iter; left time: 5394.8001s
	iters: 400, epoch: 175 | loss: 0.0897737
	speed: 0.0819s/iter; left time: 5387.9375s
	iters: 500, epoch: 175 | loss: 0.0930326
	speed: 0.0819s/iter; left time: 5374.9432s
Epoch: 175 cost time: 43.54365253448486
[2025-05-29 15:00:44] [32mIntermediate result: 0.105910935  (Index 174)[0m
Epoch: 175, Steps: 525 | Train Loss: 0.0915059 Vali Loss: 0.1052526 Test Loss: 0.1059109
EarlyStopping counter: 2 out of 20
Updating learning rate to 6.473653830842581e-05
	iters: 100, epoch: 176 | loss: 0.0908978
	speed: 0.2702s/iter; left time: 17704.2317s
	iters: 200, epoch: 176 | loss: 0.0997789
	speed: 0.0817s/iter; left time: 5348.2170s
	iters: 300, epoch: 176 | loss: 0.0876235
	speed: 0.0817s/iter; left time: 5338.3762s
	iters: 400, epoch: 176 | loss: 0.0837577
	speed: 0.0818s/iter; left time: 5332.3023s
	iters: 500, epoch: 176 | loss: 0.0939414
	speed: 0.0824s/iter; left time: 5365.5730s
Epoch: 176 cost time: 43.61256456375122
[2025-05-29 15:01:44] [32mIntermediate result: 0.105727665  (Index 175)[0m
Epoch: 176, Steps: 525 | Train Loss: 0.0915545 Vali Loss: 0.1054203 Test Loss: 0.1057277
EarlyStopping counter: 3 out of 20
Updating learning rate to 6.40201457891209e-05
	iters: 100, epoch: 177 | loss: 0.0919536
	speed: 0.2711s/iter; left time: 17623.7775s
	iters: 200, epoch: 177 | loss: 0.0955206
	speed: 0.0818s/iter; left time: 5307.6737s
	iters: 300, epoch: 177 | loss: 0.0947989
	speed: 0.0819s/iter; left time: 5309.6292s
	iters: 400, epoch: 177 | loss: 0.0935145
	speed: 0.0825s/iter; left time: 5338.5893s
	iters: 500, epoch: 177 | loss: 0.0987160
	speed: 0.0827s/iter; left time: 5339.9512s
Epoch: 177 cost time: 43.699077129364014
[2025-05-29 15:02:45] [32mIntermediate result: 0.10729544  (Index 176)[0m
Epoch: 177, Steps: 525 | Train Loss: 0.0915019 Vali Loss: 0.1065850 Test Loss: 0.1072954
EarlyStopping counter: 4 out of 20
Updating learning rate to 6.330061565670825e-05
	iters: 100, epoch: 178 | loss: 0.0936967
	speed: 0.2753s/iter; left time: 17751.4844s
	iters: 200, epoch: 178 | loss: 0.1046544
	speed: 0.0823s/iter; left time: 5299.7021s
	iters: 300, epoch: 178 | loss: 0.0910393
	speed: 0.0824s/iter; left time: 5297.0548s
	iters: 400, epoch: 178 | loss: 0.0859034
	speed: 0.0822s/iter; left time: 5276.3742s
	iters: 500, epoch: 178 | loss: 0.0759643
	speed: 0.0819s/iter; left time: 5250.0272s
Epoch: 178 cost time: 43.74278974533081
[2025-05-29 15:03:45] [32mIntermediate result: 0.10534073  (Index 177)[0m
Epoch: 178, Steps: 525 | Train Loss: 0.0912589 Vali Loss: 0.1046687 Test Loss: 0.1053407
EarlyStopping counter: 5 out of 20
Updating learning rate to 6.257810893942639e-05
	iters: 100, epoch: 179 | loss: 0.0910960
	speed: 0.2695s/iter; left time: 17234.0236s
	iters: 200, epoch: 179 | loss: 0.0956890
	speed: 0.0822s/iter; left time: 5246.0376s
	iters: 300, epoch: 179 | loss: 0.1020997
	speed: 0.0820s/iter; left time: 5228.4946s
	iters: 400, epoch: 179 | loss: 0.0922199
	speed: 0.0820s/iter; left time: 5219.0728s
	iters: 500, epoch: 179 | loss: 0.0972775
	speed: 0.0820s/iter; left time: 5212.9071s
Epoch: 179 cost time: 43.592782497406006
[2025-05-29 15:04:45] [32mIntermediate result: 0.10585778  (Index 178)[0m
Epoch: 179, Steps: 525 | Train Loss: 0.0913506 Vali Loss: 0.1056170 Test Loss: 0.1058578
EarlyStopping counter: 6 out of 20
Updating learning rate to 6.185278733166281e-05
	iters: 100, epoch: 180 | loss: 0.0949622
	speed: 0.2721s/iter; left time: 17257.4312s
	iters: 200, epoch: 180 | loss: 0.0854922
	speed: 0.0820s/iter; left time: 5195.3401s
	iters: 300, epoch: 180 | loss: 0.0859516
	speed: 0.0822s/iter; left time: 5195.4678s
	iters: 400, epoch: 180 | loss: 0.0869579
	speed: 0.0824s/iter; left time: 5199.5133s
	iters: 500, epoch: 180 | loss: 0.0923729
	speed: 0.0819s/iter; left time: 5162.1647s
Epoch: 180 cost time: 43.62941598892212
[2025-05-29 15:05:44] [32mIntermediate result: 0.10442463  (Index 179)[0m
Epoch: 180, Steps: 525 | Train Loss: 0.0908556 Vali Loss: 0.1038908 Test Loss: 0.1044246
Validation loss decreased (0.104446 --> 0.103891).  Saving model ...
Updating learning rate to 6.112481315776727e-05
	iters: 100, epoch: 181 | loss: 0.0880350
	speed: 0.2694s/iter; left time: 16943.2298s
	iters: 200, epoch: 181 | loss: 0.1005830
	speed: 0.0816s/iter; left time: 5122.7543s
	iters: 300, epoch: 181 | loss: 0.0985332
	speed: 0.0820s/iter; left time: 5139.2084s
	iters: 400, epoch: 181 | loss: 0.0888614
	speed: 0.0822s/iter; left time: 5143.1525s
	iters: 500, epoch: 181 | loss: 0.0964020
	speed: 0.0819s/iter; left time: 5119.7266s
Epoch: 181 cost time: 43.53867268562317
[2025-05-29 15:06:44] [32mIntermediate result: 0.10610594  (Index 180)[0m
Epoch: 181, Steps: 525 | Train Loss: 0.0911243 Vali Loss: 0.1052642 Test Loss: 0.1061059
EarlyStopping counter: 1 out of 20
Updating learning rate to 6.0394349335724164e-05
	iters: 100, epoch: 182 | loss: 0.1039893
	speed: 0.2706s/iter; left time: 16880.1606s
	iters: 200, epoch: 182 | loss: 0.0968487
	speed: 0.0820s/iter; left time: 5104.9830s
	iters: 300, epoch: 182 | loss: 0.0959390
	speed: 0.0820s/iter; left time: 5099.5458s
	iters: 400, epoch: 182 | loss: 0.0948857
	speed: 0.0823s/iter; left time: 5108.5135s
	iters: 500, epoch: 182 | loss: 0.0893629
	speed: 0.0819s/iter; left time: 5075.6562s
Epoch: 182 cost time: 43.618998527526855
[2025-05-29 15:07:44] [32mIntermediate result: 0.10552165  (Index 181)[0m
Epoch: 182, Steps: 525 | Train Loss: 0.0907822 Vali Loss: 0.1051335 Test Loss: 0.1055216
EarlyStopping counter: 2 out of 20
Updating learning rate to 5.966155934069226e-05
	iters: 100, epoch: 183 | loss: 0.0960388
	speed: 0.2696s/iter; left time: 16677.7300s
	iters: 200, epoch: 183 | loss: 0.1022607
	speed: 0.0823s/iter; left time: 5081.9861s
	iters: 300, epoch: 183 | loss: 0.1075989
	speed: 0.0819s/iter; left time: 5049.1332s
	iters: 400, epoch: 183 | loss: 0.0976238
	speed: 0.0819s/iter; left time: 5038.4876s
	iters: 500, epoch: 183 | loss: 0.0874588
	speed: 0.0820s/iter; left time: 5036.6023s
Epoch: 183 cost time: 43.645469188690186
[2025-05-29 15:08:44] [32mIntermediate result: 0.10564473  (Index 182)[0m
Epoch: 183, Steps: 525 | Train Loss: 0.0906952 Vali Loss: 0.1051049 Test Loss: 0.1056447
EarlyStopping counter: 3 out of 20
Updating learning rate to 5.8926607168419307e-05
	iters: 100, epoch: 184 | loss: 0.0965836
	speed: 0.2728s/iter; left time: 16727.6118s
	iters: 200, epoch: 184 | loss: 0.0835693
	speed: 0.0818s/iter; left time: 5011.1199s
	iters: 300, epoch: 184 | loss: 0.0935251
	speed: 0.0819s/iter; left time: 5007.3668s
	iters: 400, epoch: 184 | loss: 0.0826408
	speed: 0.0822s/iter; left time: 5013.7378s
	iters: 500, epoch: 184 | loss: 0.0837387
	speed: 0.0823s/iter; left time: 5012.7876s
Epoch: 184 cost time: 43.63710689544678
[2025-05-29 15:09:44] [32mIntermediate result: 0.10668737  (Index 183)[0m
Epoch: 184, Steps: 525 | Train Loss: 0.0907314 Vali Loss: 0.1060591 Test Loss: 0.1066874
EarlyStopping counter: 4 out of 20
Updating learning rate to 5.8189657298540515e-05
	iters: 100, epoch: 185 | loss: 0.0849110
	speed: 0.2693s/iter; left time: 16371.7795s
	iters: 200, epoch: 185 | loss: 0.0867531
	speed: 0.0817s/iter; left time: 4961.7576s
	iters: 300, epoch: 185 | loss: 0.0954033
	speed: 0.0818s/iter; left time: 4959.3563s
	iters: 400, epoch: 185 | loss: 0.0903319
	speed: 0.0821s/iter; left time: 4969.6359s
	iters: 500, epoch: 185 | loss: 0.0969724
	speed: 0.0819s/iter; left time: 4946.2103s
Epoch: 185 cost time: 43.55923581123352
[2025-05-29 15:10:44] [32mIntermediate result: 0.10478724  (Index 184)[0m
Epoch: 185, Steps: 525 | Train Loss: 0.0903421 Vali Loss: 0.1042540 Test Loss: 0.1047872
EarlyStopping counter: 5 out of 20
Updating learning rate to 5.745087465776865e-05
	iters: 100, epoch: 186 | loss: 0.0879708
	speed: 0.2698s/iter; left time: 16261.3749s
	iters: 200, epoch: 186 | loss: 0.0908445
	speed: 0.0823s/iter; left time: 4952.4634s
	iters: 300, epoch: 186 | loss: 0.0922916
	speed: 0.0823s/iter; left time: 4945.0235s
	iters: 400, epoch: 186 | loss: 0.0869288
	speed: 0.0819s/iter; left time: 4912.5299s
	iters: 500, epoch: 186 | loss: 0.0906509
	speed: 0.0822s/iter; left time: 4921.5662s
Epoch: 186 cost time: 43.6523494720459
[2025-05-29 15:11:44] [32mIntermediate result: 0.10562625  (Index 185)[0m
Epoch: 186, Steps: 525 | Train Loss: 0.0903101 Vali Loss: 0.1050069 Test Loss: 0.1056262
EarlyStopping counter: 6 out of 20
Updating learning rate to 5.671042458298389e-05
	iters: 100, epoch: 187 | loss: 0.0888027
	speed: 0.2717s/iter; left time: 16236.2560s
	iters: 200, epoch: 187 | loss: 0.0767890
	speed: 0.0821s/iter; left time: 4899.8859s
	iters: 300, epoch: 187 | loss: 0.0855151
	speed: 0.0821s/iter; left time: 4888.1769s
	iters: 400, epoch: 187 | loss: 0.0889753
	speed: 0.0820s/iter; left time: 4874.6365s
	iters: 500, epoch: 187 | loss: 0.0873774
	speed: 0.0821s/iter; left time: 4870.9667s
Epoch: 187 cost time: 43.64309549331665
[2025-05-29 15:12:44] [32mIntermediate result: 0.10640232  (Index 186)[0m
Epoch: 187, Steps: 525 | Train Loss: 0.0900746 Vali Loss: 0.1054300 Test Loss: 0.1064023
EarlyStopping counter: 7 out of 20
Updating learning rate to 5.596847278423212e-05
	iters: 100, epoch: 188 | loss: 0.1033939
	speed: 0.2784s/iter; left time: 16485.7989s
	iters: 200, epoch: 188 | loss: 0.0846099
	speed: 0.0821s/iter; left time: 4857.1366s
	iters: 300, epoch: 188 | loss: 0.0929661
	speed: 0.0823s/iter; left time: 4859.4689s
	iters: 400, epoch: 188 | loss: 0.0883652
	speed: 0.0826s/iter; left time: 4866.9458s
	iters: 500, epoch: 188 | loss: 0.0992128
	speed: 0.0829s/iter; left time: 4879.4144s
Epoch: 188 cost time: 43.834835052490234
[2025-05-29 15:13:44] [32mIntermediate result: 0.105051085  (Index 187)[0m
Epoch: 188, Steps: 525 | Train Loss: 0.0904678 Vali Loss: 0.1048715 Test Loss: 0.1050511
EarlyStopping counter: 8 out of 20
Updating learning rate to 5.5225185307639656e-05
	iters: 100, epoch: 189 | loss: 0.0874187
	speed: 0.2717s/iter; left time: 15947.4699s
	iters: 200, epoch: 189 | loss: 0.0910335
	speed: 0.0828s/iter; left time: 4850.8778s
	iters: 300, epoch: 189 | loss: 0.0900553
	speed: 0.0830s/iter; left time: 4858.5039s
	iters: 400, epoch: 189 | loss: 0.0942620
	speed: 0.0821s/iter; left time: 4795.6450s
	iters: 500, epoch: 189 | loss: 0.0827584
	speed: 0.0829s/iter; left time: 4831.2514s
Epoch: 189 cost time: 43.90533709526062
[2025-05-29 15:14:45] [32mIntermediate result: 0.10524233  (Index 188)[0m
Epoch: 189, Steps: 525 | Train Loss: 0.0899236 Vali Loss: 0.1045187 Test Loss: 0.1052423
EarlyStopping counter: 9 out of 20
Updating learning rate to 5.4480728498252655e-05
	iters: 100, epoch: 190 | loss: 0.0910533
	speed: 0.2774s/iter; left time: 16135.6973s
	iters: 200, epoch: 190 | loss: 0.0916578
	speed: 0.0830s/iter; left time: 4820.3693s
	iters: 300, epoch: 190 | loss: 0.1014954
	speed: 0.0827s/iter; left time: 4793.6491s
	iters: 400, epoch: 190 | loss: 0.0900193
	speed: 0.0819s/iter; left time: 4742.4799s
	iters: 500, epoch: 190 | loss: 0.0784401
	speed: 0.0820s/iter; left time: 4734.8370s
Epoch: 190 cost time: 43.743836879730225
[2025-05-29 15:15:45] [32mIntermediate result: 0.10564425  (Index 189)[0m
Epoch: 190, Steps: 525 | Train Loss: 0.0899749 Vali Loss: 0.1050168 Test Loss: 0.1056442
EarlyStopping counter: 10 out of 20
Updating learning rate to 5.373526896280971e-05
	iters: 100, epoch: 191 | loss: 0.1002699
	speed: 0.2703s/iter; left time: 15584.2509s
	iters: 200, epoch: 191 | loss: 0.0882864
	speed: 0.0822s/iter; left time: 4731.7526s
	iters: 300, epoch: 191 | loss: 0.0919978
	speed: 0.0817s/iter; left time: 4695.6616s
	iters: 400, epoch: 191 | loss: 0.0957058
	speed: 0.0819s/iter; left time: 4694.6098s
	iters: 500, epoch: 191 | loss: 0.0962651
	speed: 0.0819s/iter; left time: 4687.2362s
Epoch: 191 cost time: 43.58307957649231
[2025-05-29 15:16:46] [32mIntermediate result: 0.106441095  (Index 190)[0m
Epoch: 191, Steps: 525 | Train Loss: 0.0898519 Vali Loss: 0.1059658 Test Loss: 0.1064411
EarlyStopping counter: 11 out of 20
Updating learning rate to 5.298897353245588e-05
	iters: 100, epoch: 192 | loss: 0.0876971
	speed: 0.2753s/iter; left time: 15724.8098s
	iters: 200, epoch: 192 | loss: 0.1019043
	speed: 0.0816s/iter; left time: 4650.6829s
	iters: 300, epoch: 192 | loss: 0.0881956
	speed: 0.0816s/iter; left time: 4646.3245s
	iters: 400, epoch: 192 | loss: 0.0903035
	speed: 0.0818s/iter; left time: 4649.3336s
	iters: 500, epoch: 192 | loss: 0.0803036
	speed: 0.0818s/iter; left time: 4639.4541s
Epoch: 192 cost time: 43.381365060806274
[2025-05-29 15:17:46] [32mIntermediate result: 0.1047092  (Index 191)[0m
Epoch: 192, Steps: 525 | Train Loss: 0.0897602 Vali Loss: 0.1039678 Test Loss: 0.1047092
EarlyStopping counter: 12 out of 20
Updating learning rate to 5.224200922540647e-05
	iters: 100, epoch: 193 | loss: 0.0902045
	speed: 0.2782s/iter; left time: 15748.3765s
	iters: 200, epoch: 193 | loss: 0.0877274
	speed: 0.0816s/iter; left time: 4612.0863s
	iters: 300, epoch: 193 | loss: 0.0905386
	speed: 0.0817s/iter; left time: 4605.3113s
	iters: 400, epoch: 193 | loss: 0.0748968
	speed: 0.0817s/iter; left time: 4599.3218s
	iters: 500, epoch: 193 | loss: 0.0907667
	speed: 0.0817s/iter; left time: 4593.6954s
Epoch: 193 cost time: 43.45432734489441
[2025-05-29 15:18:46] [32mIntermediate result: 0.10550018  (Index 192)[0m
Epoch: 193, Steps: 525 | Train Loss: 0.0894843 Vali Loss: 0.1045341 Test Loss: 0.1055002
EarlyStopping counter: 13 out of 20
Updating learning rate to 5.1494543209569006e-05
	iters: 100, epoch: 194 | loss: 0.0832511
	speed: 0.2709s/iter; left time: 15190.4746s
	iters: 200, epoch: 194 | loss: 0.0866636
	speed: 0.0817s/iter; left time: 4572.2838s
	iters: 300, epoch: 194 | loss: 0.0842921
	speed: 0.0818s/iter; left time: 4572.7729s
	iters: 400, epoch: 194 | loss: 0.0893899
	speed: 0.0818s/iter; left time: 4560.9046s
	iters: 500, epoch: 194 | loss: 0.0944618
	speed: 0.0818s/iter; left time: 4556.5484s
Epoch: 194 cost time: 43.51391577720642
[2025-05-29 15:19:46] [32mIntermediate result: 0.10478426  (Index 193)[0m
Epoch: 194, Steps: 525 | Train Loss: 0.0895816 Vali Loss: 0.1041411 Test Loss: 0.1047843
EarlyStopping counter: 14 out of 20
Updating learning rate to 5.074674276513155e-05
	iters: 100, epoch: 195 | loss: 0.0811229
	speed: 0.2724s/iter; left time: 15132.2237s
	iters: 200, epoch: 195 | loss: 0.0920776
	speed: 0.0823s/iter; left time: 4561.9334s
	iters: 300, epoch: 195 | loss: 0.0851209
	speed: 0.0823s/iter; left time: 4554.2542s
	iters: 400, epoch: 195 | loss: 0.0799021
	speed: 0.0822s/iter; left time: 4539.7725s
	iters: 500, epoch: 195 | loss: 0.0883099
	speed: 0.0818s/iter; left time: 4509.5323s
Epoch: 195 cost time: 43.55274486541748
[2025-05-29 15:20:46] [32mIntermediate result: 0.10439507  (Index 194)[0m
Epoch: 195, Steps: 525 | Train Loss: 0.0892932 Vali Loss: 0.1037349 Test Loss: 0.1043951
Validation loss decreased (0.103891 --> 0.103735).  Saving model ...
Updating learning rate to 4.999877524712618e-05
	iters: 100, epoch: 196 | loss: 0.0889866
	speed: 0.2694s/iter; left time: 14825.8746s
	iters: 200, epoch: 196 | loss: 0.0918530
	speed: 0.0818s/iter; left time: 4492.7932s
	iters: 300, epoch: 196 | loss: 0.0841210
	speed: 0.0816s/iter; left time: 4475.6456s
	iters: 400, epoch: 196 | loss: 0.0923358
	speed: 0.0817s/iter; left time: 4471.9058s
	iters: 500, epoch: 196 | loss: 0.0897794
	speed: 0.0816s/iter; left time: 4457.5681s
Epoch: 196 cost time: 43.444798707962036
[2025-05-29 15:21:45] [32mIntermediate result: 0.1048598  (Index 195)[0m
Epoch: 196, Steps: 525 | Train Loss: 0.0892564 Vali Loss: 0.1041068 Test Loss: 0.1048598
EarlyStopping counter: 1 out of 20
Updating learning rate to 4.925080804797534e-05
	iters: 100, epoch: 197 | loss: 0.0878721
	speed: 0.2688s/iter; left time: 14650.7235s
	iters: 200, epoch: 197 | loss: 0.0747195
	speed: 0.0818s/iter; left time: 4447.3367s
	iters: 300, epoch: 197 | loss: 0.0908719
	speed: 0.0824s/iter; left time: 4473.4116s
	iters: 400, epoch: 197 | loss: 0.0824419
	speed: 0.0815s/iter; left time: 4416.1463s
	iters: 500, epoch: 197 | loss: 0.0847517
	speed: 0.0816s/iter; left time: 4415.9907s
Epoch: 197 cost time: 43.50580620765686
[2025-05-29 15:22:45] [32mIntermediate result: 0.1057299  (Index 196)[0m
Epoch: 197, Steps: 525 | Train Loss: 0.0891893 Vali Loss: 0.1050475 Test Loss: 0.1057299
EarlyStopping counter: 2 out of 20
Updating learning rate to 4.850300856003015e-05
	iters: 100, epoch: 198 | loss: 0.0919330
	speed: 0.2734s/iter; left time: 14756.1817s
	iters: 200, epoch: 198 | loss: 0.0830286
	speed: 0.0815s/iter; left time: 4392.9654s
	iters: 300, epoch: 198 | loss: 0.0840682
	speed: 0.0824s/iter; left time: 4431.8760s
	iters: 400, epoch: 198 | loss: 0.0917047
	speed: 0.0825s/iter; left time: 4426.3755s
	iters: 500, epoch: 198 | loss: 0.0918053
	speed: 0.0820s/iter; left time: 4393.8238s
Epoch: 198 cost time: 43.606252670288086
[2025-05-29 15:23:46] [32mIntermediate result: 0.10894632  (Index 197)[0m
Epoch: 198, Steps: 525 | Train Loss: 0.0889214 Vali Loss: 0.1080295 Test Loss: 0.1089463
EarlyStopping counter: 3 out of 20
Updating learning rate to 4.775554413810857e-05
	iters: 100, epoch: 199 | loss: 0.0890816
	speed: 0.2753s/iter; left time: 14716.1782s
	iters: 200, epoch: 199 | loss: 0.0967912
	speed: 0.0821s/iter; left time: 4380.4737s
	iters: 300, epoch: 199 | loss: 0.0886143
	speed: 0.0816s/iter; left time: 4344.2991s
	iters: 400, epoch: 199 | loss: 0.0828755
	speed: 0.0817s/iter; left time: 4339.9744s
	iters: 500, epoch: 199 | loss: 0.0798811
	speed: 0.0818s/iter; left time: 4340.5993s
Epoch: 199 cost time: 43.48459601402283
[2025-05-29 15:24:46] [32mIntermediate result: 0.10579382  (Index 198)[0m
Epoch: 199, Steps: 525 | Train Loss: 0.0890700 Vali Loss: 0.1052479 Test Loss: 0.1057938
EarlyStopping counter: 4 out of 20
Updating learning rate to 4.700858206204199e-05
	iters: 100, epoch: 200 | loss: 0.0966772
	speed: 0.2724s/iter; left time: 14414.5692s
	iters: 200, epoch: 200 | loss: 0.0978558
	speed: 0.0820s/iter; left time: 4330.0227s
	iters: 300, epoch: 200 | loss: 0.0799425
	speed: 0.0816s/iter; left time: 4304.5150s
	iters: 400, epoch: 200 | loss: 0.0843212
	speed: 0.0822s/iter; left time: 4324.7907s
	iters: 500, epoch: 200 | loss: 0.0854416
	speed: 0.0821s/iter; left time: 4309.8141s
Epoch: 200 cost time: 43.49764323234558
[2025-05-29 15:25:45] [32mIntermediate result: 0.104789376  (Index 199)[0m
Epoch: 200, Steps: 525 | Train Loss: 0.0890387 Vali Loss: 0.1039354 Test Loss: 0.1047894
EarlyStopping counter: 5 out of 20
Updating learning rate to 4.626228949923865e-05
	iters: 100, epoch: 201 | loss: 0.0775779
	speed: 0.2705s/iter; left time: 14171.9401s
	iters: 200, epoch: 201 | loss: 0.0867369
	speed: 0.0816s/iter; left time: 4265.5124s
	iters: 300, epoch: 201 | loss: 0.0812146
	speed: 0.0816s/iter; left time: 4259.9255s
	iters: 400, epoch: 201 | loss: 0.0947589
	speed: 0.0819s/iter; left time: 4264.6466s
	iters: 500, epoch: 201 | loss: 0.0859846
	speed: 0.0826s/iter; left time: 4297.1394s
Epoch: 201 cost time: 43.5849711894989
[2025-05-29 15:26:45] [32mIntermediate result: 0.10431372  (Index 200)[0m
Epoch: 201, Steps: 525 | Train Loss: 0.0887731 Vali Loss: 0.1034655 Test Loss: 0.1043137
Validation loss decreased (0.103735 --> 0.103466).  Saving model ...
Updating learning rate to 4.5516833467272096e-05
	iters: 100, epoch: 202 | loss: 0.0955779
	speed: 0.2725s/iter; left time: 14138.3316s
	iters: 200, epoch: 202 | loss: 0.0917534
	speed: 0.0822s/iter; left time: 4257.5657s
	iters: 300, epoch: 202 | loss: 0.0867517
	speed: 0.0820s/iter; left time: 4238.8171s
	iters: 400, epoch: 202 | loss: 0.1013700
	speed: 0.0822s/iter; left time: 4240.4750s
	iters: 500, epoch: 202 | loss: 0.0945515
	speed: 0.0818s/iter; left time: 4211.1611s
Epoch: 202 cost time: 43.571393966674805
[2025-05-29 15:27:45] [32mIntermediate result: 0.10463881  (Index 201)[0m
Epoch: 202, Steps: 525 | Train Loss: 0.0886703 Vali Loss: 0.1037168 Test Loss: 0.1046388
EarlyStopping counter: 1 out of 20
Updating learning rate to 4.477238079650332e-05
	iters: 100, epoch: 203 | loss: 0.0846334
	speed: 0.2729s/iter; left time: 14013.3174s
	iters: 200, epoch: 203 | loss: 0.1002688
	speed: 0.0830s/iter; left time: 4253.1122s
	iters: 300, epoch: 203 | loss: 0.0865685
	speed: 0.0830s/iter; left time: 4244.1489s
	iters: 400, epoch: 203 | loss: 0.0835865
	speed: 0.0829s/iter; left time: 4229.7823s
	iters: 500, epoch: 203 | loss: 0.0802977
	speed: 0.0829s/iter; left time: 4222.0496s
Epoch: 203 cost time: 44.220682859420776
[2025-05-29 15:28:46] [32mIntermediate result: 0.1050353  (Index 202)[0m
Epoch: 203, Steps: 525 | Train Loss: 0.0886871 Vali Loss: 0.1041478 Test Loss: 0.1050353
EarlyStopping counter: 2 out of 20
Updating learning rate to 4.402909809274474e-05
	iters: 100, epoch: 204 | loss: 0.0922418
	speed: 0.2740s/iter; left time: 13925.9834s
	iters: 200, epoch: 204 | loss: 0.0920152
	speed: 0.0828s/iter; left time: 4200.5889s
	iters: 300, epoch: 204 | loss: 0.0828954
	speed: 0.0829s/iter; left time: 4195.5474s
	iters: 400, epoch: 204 | loss: 0.0787386
	speed: 0.0829s/iter; left time: 4189.4218s
	iters: 500, epoch: 204 | loss: 0.0843931
	speed: 0.0833s/iter; left time: 4199.3207s
Epoch: 204 cost time: 44.167365312576294
[2025-05-29 15:29:47] [32mIntermediate result: 0.10506407  (Index 203)[0m
Epoch: 204, Steps: 525 | Train Loss: 0.0884746 Vali Loss: 0.1043266 Test Loss: 0.1050641
EarlyStopping counter: 3 out of 20
Updating learning rate to 4.328715169997433e-05
	iters: 100, epoch: 205 | loss: 0.0901017
	speed: 0.2752s/iter; left time: 13843.8649s
	iters: 200, epoch: 205 | loss: 0.0879752
	speed: 0.0826s/iter; left time: 4145.5977s
	iters: 300, epoch: 205 | loss: 0.0793295
	speed: 0.0830s/iter; left time: 4157.0781s
	iters: 400, epoch: 205 | loss: 0.0828692
	speed: 0.0830s/iter; left time: 4147.7712s
	iters: 500, epoch: 205 | loss: 0.0908128
	speed: 0.0835s/iter; left time: 4166.9820s
Epoch: 205 cost time: 44.1733717918396
[2025-05-29 15:30:47] [32mIntermediate result: 0.104631834  (Index 204)[0m
Epoch: 205, Steps: 525 | Train Loss: 0.0884985 Vali Loss: 0.1038503 Test Loss: 0.1046318
EarlyStopping counter: 4 out of 20
Updating learning rate to 4.254670766310858e-05
	iters: 100, epoch: 206 | loss: 0.0850537
	speed: 0.2760s/iter; left time: 13738.2742s
	iters: 200, epoch: 206 | loss: 0.0775011
	speed: 0.0839s/iter; left time: 4166.3985s
	iters: 300, epoch: 206 | loss: 0.0924968
	speed: 0.0835s/iter; left time: 4137.1487s
	iters: 400, epoch: 206 | loss: 0.0898304
	speed: 0.0833s/iter; left time: 4123.7133s
	iters: 500, epoch: 206 | loss: 0.1095913
	speed: 0.0833s/iter; left time: 4115.0701s
Epoch: 206 cost time: 44.42401194572449
[2025-05-29 15:31:48] [32mIntermediate result: 0.10479001  (Index 205)[0m
Epoch: 206, Steps: 525 | Train Loss: 0.0883402 Vali Loss: 0.1038744 Test Loss: 0.1047900
EarlyStopping counter: 5 out of 20
Updating learning rate to 4.180793169084209e-05
	iters: 100, epoch: 207 | loss: 0.0833354
	speed: 0.2735s/iter; left time: 13468.9075s
	iters: 200, epoch: 207 | loss: 0.0840334
	speed: 0.0819s/iter; left time: 4026.2500s
	iters: 300, epoch: 207 | loss: 0.0963827
	speed: 0.0835s/iter; left time: 4095.3378s
	iters: 400, epoch: 207 | loss: 0.0873518
	speed: 0.0811s/iter; left time: 3972.3437s
	iters: 500, epoch: 207 | loss: 0.0839329
	speed: 0.0815s/iter; left time: 3982.9409s
Epoch: 207 cost time: 43.73550724983215
[2025-05-29 15:32:48] [32mIntermediate result: 0.104535095  (Index 206)[0m
Epoch: 207, Steps: 525 | Train Loss: 0.0881764 Vali Loss: 0.1037183 Test Loss: 0.1045351
EarlyStopping counter: 6 out of 20
Updating learning rate to 4.10709891185627e-05
	iters: 100, epoch: 208 | loss: 0.0894350
	speed: 0.2706s/iter; left time: 13187.5932s
	iters: 200, epoch: 208 | loss: 0.0880746
	speed: 0.0813s/iter; left time: 3952.9952s
	iters: 300, epoch: 208 | loss: 0.0901736
	speed: 0.0815s/iter; left time: 3953.6256s
	iters: 400, epoch: 208 | loss: 0.0883410
	speed: 0.0819s/iter; left time: 3968.1974s
	iters: 500, epoch: 208 | loss: 0.0901477
	speed: 0.0816s/iter; left time: 3944.4787s
Epoch: 208 cost time: 43.409518003463745
[2025-05-29 15:33:48] [32mIntermediate result: 0.104730405  (Index 207)[0m
Epoch: 208, Steps: 525 | Train Loss: 0.0881618 Vali Loss: 0.1043062 Test Loss: 0.1047304
EarlyStopping counter: 7 out of 20
Updating learning rate to 4.033604487134996e-05
	iters: 100, epoch: 209 | loss: 0.0828573
	speed: 0.2735s/iter; left time: 13184.6177s
	iters: 200, epoch: 209 | loss: 0.0933537
	speed: 0.0831s/iter; left time: 3995.1144s
	iters: 300, epoch: 209 | loss: 0.0937473
	speed: 0.0830s/iter; left time: 3983.3129s
	iters: 400, epoch: 209 | loss: 0.0870174
	speed: 0.0819s/iter; left time: 3923.2042s
	iters: 500, epoch: 209 | loss: 0.0893265
	speed: 0.0818s/iter; left time: 3911.0110s
Epoch: 209 cost time: 43.99367570877075
[2025-05-29 15:34:49] [32mIntermediate result: 0.10495035  (Index 208)[0m
Epoch: 209, Steps: 525 | Train Loss: 0.0880174 Vali Loss: 0.1037634 Test Loss: 0.1049504
EarlyStopping counter: 8 out of 20
Updating learning rate to 3.960326342706549e-05
	iters: 100, epoch: 210 | loss: 0.0866014
	speed: 0.2744s/iter; left time: 13083.6420s
	iters: 200, epoch: 210 | loss: 0.0879507
	speed: 0.0817s/iter; left time: 3886.6202s
	iters: 300, epoch: 210 | loss: 0.0975079
	speed: 0.0815s/iter; left time: 3871.6413s
	iters: 400, epoch: 210 | loss: 0.0908527
	speed: 0.0817s/iter; left time: 3871.6496s
	iters: 500, epoch: 210 | loss: 0.0928826
	speed: 0.0818s/iter; left time: 3866.6379s
Epoch: 210 cost time: 43.42849540710449
[2025-05-29 15:35:49] [32mIntermediate result: 0.10476292  (Index 209)[0m
Epoch: 210, Steps: 525 | Train Loss: 0.0879547 Vali Loss: 0.1039088 Test Loss: 0.1047629
EarlyStopping counter: 9 out of 20
Updating learning rate to 3.8872808779543436e-05
	iters: 100, epoch: 211 | loss: 0.0846678
	speed: 0.2732s/iter; left time: 12879.3155s
	iters: 200, epoch: 211 | loss: 0.0822052
	speed: 0.0818s/iter; left time: 3848.6417s
	iters: 300, epoch: 211 | loss: 0.0863254
	speed: 0.0820s/iter; left time: 3849.1008s
	iters: 400, epoch: 211 | loss: 0.0790878
	speed: 0.0820s/iter; left time: 3839.7059s
	iters: 500, epoch: 211 | loss: 0.0896788
	speed: 0.0818s/iter; left time: 3824.5875s
Epoch: 211 cost time: 43.44940114021301
[2025-05-29 15:36:49] [32mIntermediate result: 0.10525646  (Index 210)[0m
Epoch: 211, Steps: 525 | Train Loss: 0.0880078 Vali Loss: 0.1046724 Test Loss: 0.1052565
EarlyStopping counter: 10 out of 20
Updating learning rate to 3.814484440188929e-05
	iters: 100, epoch: 212 | loss: 0.0873131
	speed: 0.2791s/iter; left time: 13012.2583s
	iters: 200, epoch: 212 | loss: 0.0836505
	speed: 0.0817s/iter; left time: 3802.7938s
	iters: 300, epoch: 212 | loss: 0.0864809
	speed: 0.0818s/iter; left time: 3795.5808s
	iters: 400, epoch: 212 | loss: 0.0881452
	speed: 0.0830s/iter; left time: 3847.2216s
	iters: 500, epoch: 212 | loss: 0.0819901
	speed: 0.0823s/iter; left time: 3803.0208s
Epoch: 212 cost time: 43.6396050453186
[2025-05-29 15:37:49] [32mIntermediate result: 0.10481456  (Index 211)[0m
Epoch: 212, Steps: 525 | Train Loss: 0.0877628 Vali Loss: 0.1042878 Test Loss: 0.1048146
EarlyStopping counter: 11 out of 20
Updating learning rate to 3.74195332098951e-05
	iters: 100, epoch: 213 | loss: 0.0826991
	speed: 0.2700s/iter; left time: 12448.4677s
	iters: 200, epoch: 213 | loss: 0.0803569
	speed: 0.0823s/iter; left time: 3786.4118s
	iters: 300, epoch: 213 | loss: 0.0849981
	speed: 0.0824s/iter; left time: 3782.4800s
	iters: 400, epoch: 213 | loss: 0.0949734
	speed: 0.0818s/iter; left time: 3744.6269s
	iters: 500, epoch: 213 | loss: 0.0924989
	speed: 0.0817s/iter; left time: 3733.0893s
Epoch: 213 cost time: 43.60063982009888
[2025-05-29 15:38:49] [32mIntermediate result: 0.10452029  (Index 212)[0m
Epoch: 213, Steps: 525 | Train Loss: 0.0877332 Vali Loss: 0.1037614 Test Loss: 0.1045203
EarlyStopping counter: 12 out of 20
Updating learning rate to 3.6697037525579674e-05
	iters: 100, epoch: 214 | loss: 0.0884914
	speed: 0.2691s/iter; left time: 12262.4774s
	iters: 200, epoch: 214 | loss: 0.0925456
	speed: 0.0817s/iter; left time: 3717.5655s
	iters: 300, epoch: 214 | loss: 0.0801349
	speed: 0.0815s/iter; left time: 3698.2432s
	iters: 400, epoch: 214 | loss: 0.0811971
	speed: 0.0818s/iter; left time: 3701.3285s
	iters: 500, epoch: 214 | loss: 0.0926616
	speed: 0.0819s/iter; left time: 3698.5602s
Epoch: 214 cost time: 43.42099070549011
[2025-05-29 15:39:49] [32mIntermediate result: 0.10433049  (Index 213)[0m
Epoch: 214, Steps: 525 | Train Loss: 0.0878325 Vali Loss: 0.1034944 Test Loss: 0.1043305
EarlyStopping counter: 13 out of 20
Updating learning rate to 3.5977519040861294e-05
	iters: 100, epoch: 215 | loss: 0.0750221
	speed: 0.2720s/iter; left time: 12251.8006s
	iters: 200, epoch: 215 | loss: 0.0805460
	speed: 0.0813s/iter; left time: 3654.8811s
	iters: 300, epoch: 215 | loss: 0.0861678
	speed: 0.0813s/iter; left time: 3645.4738s
	iters: 400, epoch: 215 | loss: 0.0852589
	speed: 0.0815s/iter; left time: 3648.5659s
	iters: 500, epoch: 215 | loss: 0.0897786
	speed: 0.0818s/iter; left time: 3651.0437s
Epoch: 215 cost time: 43.33863639831543
[2025-05-29 15:40:49] [32mIntermediate result: 0.10386753  (Index 214)[0m
Epoch: 215, Steps: 525 | Train Loss: 0.0876960 Vali Loss: 0.1033309 Test Loss: 0.1038675
Validation loss decreased (0.103466 --> 0.103331).  Saving model ...
Updating learning rate to 3.5261138781371804e-05
	iters: 100, epoch: 216 | loss: 0.0839729
	speed: 0.2717s/iter; left time: 12096.1470s
	iters: 200, epoch: 216 | loss: 0.0916895
	speed: 0.0814s/iter; left time: 3617.3609s
	iters: 300, epoch: 216 | loss: 0.0897155
	speed: 0.0820s/iter; left time: 3636.1740s
	iters: 400, epoch: 216 | loss: 0.0907978
	speed: 0.0822s/iter; left time: 3636.3612s
	iters: 500, epoch: 216 | loss: 0.0852887
	speed: 0.0831s/iter; left time: 3669.0716s
Epoch: 216 cost time: 43.64855718612671
[2025-05-29 15:41:48] [32mIntermediate result: 0.104421236  (Index 215)[0m
Epoch: 216, Steps: 525 | Train Loss: 0.0875170 Vali Loss: 0.1037598 Test Loss: 0.1044212
EarlyStopping counter: 1 out of 20
Updating learning rate to 3.4548057070419566e-05
	iters: 100, epoch: 217 | loss: 0.0975362
	speed: 0.2699s/iter; left time: 11877.9967s
	iters: 200, epoch: 217 | loss: 0.0890660
	speed: 0.0818s/iter; left time: 3590.8003s
	iters: 300, epoch: 217 | loss: 0.0828138
	speed: 0.0819s/iter; left time: 3586.3748s
	iters: 400, epoch: 217 | loss: 0.0902792
	speed: 0.0819s/iter; left time: 3580.8967s
	iters: 500, epoch: 217 | loss: 0.0941572
	speed: 0.0822s/iter; left time: 3584.6996s
Epoch: 217 cost time: 43.54668402671814
[2025-05-29 15:42:48] [32mIntermediate result: 0.104609974  (Index 216)[0m
Epoch: 217, Steps: 525 | Train Loss: 0.0875353 Vali Loss: 0.1038191 Test Loss: 0.1046100
EarlyStopping counter: 2 out of 20
Updating learning rate to 3.383843349310977e-05
	iters: 100, epoch: 218 | loss: 0.0851905
	speed: 0.2698s/iter; left time: 11731.1124s
	iters: 200, epoch: 218 | loss: 0.0872329
	speed: 0.0816s/iter; left time: 3541.4437s
	iters: 300, epoch: 218 | loss: 0.0776974
	speed: 0.0819s/iter; left time: 3545.8693s
	iters: 400, epoch: 218 | loss: 0.0847667
	speed: 0.0818s/iter; left time: 3531.0486s
	iters: 500, epoch: 218 | loss: 0.0936457
	speed: 0.0820s/iter; left time: 3531.3553s
Epoch: 218 cost time: 43.50171732902527
[2025-05-29 15:43:48] [32mIntermediate result: 0.106148586  (Index 217)[0m
Epoch: 218, Steps: 525 | Train Loss: 0.0873998 Vali Loss: 0.1055905 Test Loss: 0.1061486
EarlyStopping counter: 3 out of 20
Updating learning rate to 3.313242686062979e-05
	iters: 100, epoch: 219 | loss: 0.0863642
	speed: 0.2713s/iter; left time: 11652.7251s
	iters: 200, epoch: 219 | loss: 0.0837234
	speed: 0.0819s/iter; left time: 3511.0686s
	iters: 300, epoch: 219 | loss: 0.0827042
	speed: 0.0815s/iter; left time: 3486.0383s
	iters: 400, epoch: 219 | loss: 0.0881469
	speed: 0.0817s/iter; left time: 3482.9602s
	iters: 500, epoch: 219 | loss: 0.0894290
	speed: 0.0819s/iter; left time: 3484.4185s
Epoch: 219 cost time: 43.46659016609192
[2025-05-29 15:44:48] [32mIntermediate result: 0.10469341  (Index 218)[0m
Epoch: 219, Steps: 525 | Train Loss: 0.0873261 Vali Loss: 0.1039882 Test Loss: 0.1046934
EarlyStopping counter: 4 out of 20
Updating learning rate to 3.2430195174707816e-05
	iters: 100, epoch: 220 | loss: 0.0970498
	speed: 0.2696s/iter; left time: 11438.6908s
	iters: 200, epoch: 220 | loss: 0.0923834
	speed: 0.0817s/iter; left time: 3459.6393s
	iters: 300, epoch: 220 | loss: 0.0865281
	speed: 0.0818s/iter; left time: 3454.5677s
	iters: 400, epoch: 220 | loss: 0.0862448
	speed: 0.0822s/iter; left time: 3462.4833s
	iters: 500, epoch: 220 | loss: 0.0862445
	speed: 0.0818s/iter; left time: 3436.1333s
Epoch: 220 cost time: 43.540947675704956
[2025-05-29 15:45:48] [32mIntermediate result: 0.104316555  (Index 219)[0m
Epoch: 220, Steps: 525 | Train Loss: 0.0873205 Vali Loss: 0.1036260 Test Loss: 0.1043166
EarlyStopping counter: 5 out of 20
Updating learning rate to 3.1731895592252735e-05
	iters: 100, epoch: 221 | loss: 0.0850554
	speed: 0.2702s/iter; left time: 11320.7479s
	iters: 200, epoch: 221 | loss: 0.0829319
	speed: 0.0828s/iter; left time: 3460.7227s
	iters: 300, epoch: 221 | loss: 0.0870802
	speed: 0.0826s/iter; left time: 3443.7803s
	iters: 400, epoch: 221 | loss: 0.0921107
	speed: 0.0821s/iter; left time: 3416.8661s
	iters: 500, epoch: 221 | loss: 0.0861999
	speed: 0.0821s/iter; left time: 3408.0652s
Epoch: 221 cost time: 43.705220460891724
[2025-05-29 15:46:48] [32mIntermediate result: 0.104378104  (Index 220)[0m
Epoch: 221, Steps: 525 | Train Loss: 0.0870607 Vali Loss: 0.1036223 Test Loss: 0.1043781
EarlyStopping counter: 6 out of 20
Updating learning rate to 3.103768439018285e-05
	iters: 100, epoch: 222 | loss: 0.0871594
	speed: 0.2758s/iter; left time: 11410.6003s
	iters: 200, epoch: 222 | loss: 0.0863518
	speed: 0.0825s/iter; left time: 3404.6201s
	iters: 300, epoch: 222 | loss: 0.0889473
	speed: 0.0825s/iter; left time: 3397.3689s
	iters: 400, epoch: 222 | loss: 0.1005881
	speed: 0.0821s/iter; left time: 3370.3447s
	iters: 500, epoch: 222 | loss: 0.0806839
	speed: 0.0819s/iter; left time: 3357.6501s
Epoch: 222 cost time: 43.68090629577637
[2025-05-29 15:47:49] [32mIntermediate result: 0.104637675  (Index 221)[0m
Epoch: 222, Steps: 525 | Train Loss: 0.0872011 Vali Loss: 0.1039624 Test Loss: 0.1046377
EarlyStopping counter: 7 out of 20
Updating learning rate to 3.0347716930451775e-05
	iters: 100, epoch: 223 | loss: 0.0838786
	speed: 0.2770s/iter; left time: 11317.6158s
	iters: 200, epoch: 223 | loss: 0.0895635
	speed: 0.0818s/iter; left time: 3335.1091s
	iters: 300, epoch: 223 | loss: 0.0788156
	speed: 0.0817s/iter; left time: 3319.5846s
	iters: 400, epoch: 223 | loss: 0.0806033
	speed: 0.0816s/iter; left time: 3308.9751s
	iters: 500, epoch: 223 | loss: 0.0862062
	speed: 0.0821s/iter; left time: 3320.7894s
Epoch: 223 cost time: 43.5105242729187
[2025-05-29 15:48:48] [32mIntermediate result: 0.10634618  (Index 222)[0m
Epoch: 223, Steps: 525 | Train Loss: 0.0870921 Vali Loss: 0.1058720 Test Loss: 0.1063462
EarlyStopping counter: 8 out of 20
Updating learning rate to 2.966214762527893e-05
	iters: 100, epoch: 224 | loss: 0.0856471
	speed: 0.2700s/iter; left time: 10887.3638s
	iters: 200, epoch: 224 | loss: 0.0922048
	speed: 0.0817s/iter; left time: 3286.0452s
	iters: 300, epoch: 224 | loss: 0.0916160
	speed: 0.0815s/iter; left time: 3271.6660s
	iters: 400, epoch: 224 | loss: 0.0834509
	speed: 0.0817s/iter; left time: 3268.5514s
	iters: 500, epoch: 224 | loss: 0.0885743
	speed: 0.0817s/iter; left time: 3262.6924s
Epoch: 224 cost time: 43.4333221912384
[2025-05-29 15:49:49] [32mIntermediate result: 0.10496364  (Index 223)[0m
Epoch: 224, Steps: 525 | Train Loss: 0.0869873 Vali Loss: 0.1041453 Test Loss: 0.1049636
EarlyStopping counter: 9 out of 20
Updating learning rate to 2.8981129902592673e-05
	iters: 100, epoch: 225 | loss: 0.0780297
	speed: 0.2752s/iter; left time: 10952.6684s
	iters: 200, epoch: 225 | loss: 0.0909842
	speed: 0.0821s/iter; left time: 3258.2491s
	iters: 300, epoch: 225 | loss: 0.0748464
	speed: 0.0819s/iter; left time: 3243.8304s
	iters: 400, epoch: 225 | loss: 0.0862053
	speed: 0.0820s/iter; left time: 3237.1697s
	iters: 500, epoch: 225 | loss: 0.0801070
	speed: 0.0830s/iter; left time: 3269.6425s
Epoch: 225 cost time: 43.77700710296631
[2025-05-29 15:50:49] [32mIntermediate result: 0.10440899  (Index 224)[0m
Epoch: 225, Steps: 525 | Train Loss: 0.0868242 Vali Loss: 0.1034205 Test Loss: 0.1044090
EarlyStopping counter: 10 out of 20
Updating learning rate to 2.830481617169368e-05
	iters: 100, epoch: 226 | loss: 0.0874872
	speed: 0.2762s/iter; left time: 10849.2149s
	iters: 200, epoch: 226 | loss: 0.0965743
	speed: 0.0815s/iter; left time: 3194.5103s
	iters: 300, epoch: 226 | loss: 0.0830612
	speed: 0.0812s/iter; left time: 3171.0971s
	iters: 400, epoch: 226 | loss: 0.0826831
	speed: 0.0815s/iter; left time: 3176.7816s
	iters: 500, epoch: 226 | loss: 0.0906042
	speed: 0.0816s/iter; left time: 3172.6912s
Epoch: 226 cost time: 43.553852796554565
[2025-05-29 15:51:49] [32mIntermediate result: 0.10584257  (Index 225)[0m
Epoch: 226, Steps: 525 | Train Loss: 0.0869107 Vali Loss: 0.1053129 Test Loss: 0.1058426
EarlyStopping counter: 11 out of 20
Updating learning rate to 2.7633357789146314e-05
	iters: 100, epoch: 227 | loss: 0.0918960
	speed: 0.2711s/iter; left time: 10506.4978s
	iters: 200, epoch: 227 | loss: 0.0839534
	speed: 0.0826s/iter; left time: 3193.7151s
	iters: 300, epoch: 227 | loss: 0.0891626
	speed: 0.0830s/iter; left time: 3197.9440s
	iters: 400, epoch: 227 | loss: 0.0800760
	speed: 0.0832s/iter; left time: 3198.9170s
	iters: 500, epoch: 227 | loss: 0.0885063
	speed: 0.0834s/iter; left time: 3197.7319s
Epoch: 227 cost time: 43.99468278884888
[2025-05-29 15:52:49] [32mIntermediate result: 0.10407867  (Index 226)[0m
Epoch: 227, Steps: 525 | Train Loss: 0.0867867 Vali Loss: 0.1033074 Test Loss: 0.1040787
Validation loss decreased (0.103331 --> 0.103307).  Saving model ...
Updating learning rate to 2.6966905024905525e-05
	iters: 100, epoch: 228 | loss: 0.0954239
	speed: 0.2732s/iter; left time: 10445.2213s
	iters: 200, epoch: 228 | loss: 0.0857210
	speed: 0.0820s/iter; left time: 3125.5675s
	iters: 300, epoch: 228 | loss: 0.0781188
	speed: 0.0825s/iter; left time: 3136.9154s
	iters: 400, epoch: 228 | loss: 0.0966507
	speed: 0.0817s/iter; left time: 3098.4165s
	iters: 500, epoch: 228 | loss: 0.0880359
	speed: 0.0820s/iter; left time: 3100.6375s
Epoch: 228 cost time: 43.58486843109131
[2025-05-29 15:53:49] [32mIntermediate result: 0.10412402  (Index 227)[0m
Epoch: 228, Steps: 525 | Train Loss: 0.0867262 Vali Loss: 0.1035861 Test Loss: 0.1041240
EarlyStopping counter: 1 out of 20
Updating learning rate to 2.630560702868707e-05
	iters: 100, epoch: 229 | loss: 0.0855333
	speed: 0.2699s/iter; left time: 10175.6695s
	iters: 200, epoch: 229 | loss: 0.0918261
	speed: 0.0817s/iter; left time: 3071.8536s
	iters: 300, epoch: 229 | loss: 0.0869851
	speed: 0.0818s/iter; left time: 3067.7315s
	iters: 400, epoch: 229 | loss: 0.0981176
	speed: 0.0818s/iter; left time: 3059.3720s
	iters: 500, epoch: 229 | loss: 0.0887244
	speed: 0.0820s/iter; left time: 3058.4513s
Epoch: 229 cost time: 43.51377844810486
[2025-05-29 15:54:49] [32mIntermediate result: 0.104450226  (Index 228)[0m
Epoch: 229, Steps: 525 | Train Loss: 0.0866936 Vali Loss: 0.1034522 Test Loss: 0.1044502
EarlyStopping counter: 2 out of 20
Updating learning rate to 2.5649611796588187e-05
	iters: 100, epoch: 230 | loss: 0.0735671
	speed: 0.2706s/iter; left time: 10060.0196s
	iters: 200, epoch: 230 | loss: 0.0816794
	speed: 0.0819s/iter; left time: 3036.4588s
	iters: 300, epoch: 230 | loss: 0.0835954
	speed: 0.0833s/iter; left time: 3079.3046s
	iters: 400, epoch: 230 | loss: 0.0929987
	speed: 0.0831s/iter; left time: 3062.8471s
	iters: 500, epoch: 230 | loss: 0.0840501
	speed: 0.0834s/iter; left time: 3065.8677s
Epoch: 230 cost time: 44.01569414138794
[2025-05-29 15:55:50] [32mIntermediate result: 0.10401719  (Index 229)[0m
Epoch: 230, Steps: 525 | Train Loss: 0.0865574 Vali Loss: 0.1032356 Test Loss: 0.1040172
Validation loss decreased (0.103307 --> 0.103236).  Saving model ...
Updating learning rate to 2.4999066137966806e-05
	iters: 100, epoch: 231 | loss: 0.0802661
	speed: 0.2787s/iter; left time: 10216.3310s
	iters: 200, epoch: 231 | loss: 0.0852244
	speed: 0.0821s/iter; left time: 3000.8575s
	iters: 300, epoch: 231 | loss: 0.0760457
	speed: 0.0821s/iter; left time: 2993.9251s
	iters: 400, epoch: 231 | loss: 0.0853816
	speed: 0.0821s/iter; left time: 2982.8146s
	iters: 500, epoch: 231 | loss: 0.0875593
	speed: 0.0823s/iter; left time: 2983.1506s
Epoch: 231 cost time: 43.755470752716064
[2025-05-29 15:56:50] [32mIntermediate result: 0.10435976  (Index 230)[0m
Epoch: 231, Steps: 525 | Train Loss: 0.0865262 Vali Loss: 0.1036859 Test Loss: 0.1043598
EarlyStopping counter: 1 out of 20
Updating learning rate to 2.4354115642585952e-05
	iters: 100, epoch: 232 | loss: 0.0810235
	speed: 0.2730s/iter; left time: 9861.5548s
	iters: 200, epoch: 232 | loss: 0.0845036
	speed: 0.0816s/iter; left time: 2940.4912s
	iters: 300, epoch: 232 | loss: 0.0839464
	speed: 0.0818s/iter; left time: 2938.5561s
	iters: 400, epoch: 232 | loss: 0.1002718
	speed: 0.0819s/iter; left time: 2935.6509s
	iters: 500, epoch: 232 | loss: 0.0863961
	speed: 0.0827s/iter; left time: 2952.8536s
Epoch: 232 cost time: 43.57697629928589
[2025-05-29 15:57:50] [32mIntermediate result: 0.1043035  (Index 231)[0m
Epoch: 232, Steps: 525 | Train Loss: 0.0864228 Vali Loss: 0.1035480 Test Loss: 0.1043035
EarlyStopping counter: 2 out of 20
Updating learning rate to 2.371490464803144e-05
	iters: 100, epoch: 233 | loss: 0.0844637
	speed: 0.2746s/iter; left time: 9776.5407s
	iters: 200, epoch: 233 | loss: 0.0881196
	speed: 0.0832s/iter; left time: 2952.4373s
	iters: 300, epoch: 233 | loss: 0.0928850
	speed: 0.0819s/iter; left time: 2898.8781s
	iters: 400, epoch: 233 | loss: 0.0849385
	speed: 0.0820s/iter; left time: 2895.8418s
	iters: 500, epoch: 233 | loss: 0.0847277
	speed: 0.0820s/iter; left time: 2888.0596s
Epoch: 233 cost time: 43.7818865776062
[2025-05-29 15:58:50] [32mIntermediate result: 0.104224496  (Index 232)[0m
Epoch: 233, Steps: 525 | Train Loss: 0.0863893 Vali Loss: 0.1032733 Test Loss: 0.1042245
EarlyStopping counter: 3 out of 20
Updating learning rate to 2.308157620740955e-05
	iters: 100, epoch: 234 | loss: 0.0741302
	speed: 0.2680s/iter; left time: 9400.6527s
	iters: 200, epoch: 234 | loss: 0.0923502
	speed: 0.0816s/iter; left time: 2854.3804s
	iters: 300, epoch: 234 | loss: 0.0815404
	speed: 0.0816s/iter; left time: 2846.0952s
	iters: 400, epoch: 234 | loss: 0.0912378
	speed: 0.0826s/iter; left time: 2872.4199s
	iters: 500, epoch: 234 | loss: 0.0906498
	speed: 0.0824s/iter; left time: 2858.5916s
Epoch: 234 cost time: 43.63751578330994
[2025-05-29 15:59:50] [32mIntermediate result: 0.10450872  (Index 233)[0m
Epoch: 234, Steps: 525 | Train Loss: 0.0863137 Vali Loss: 0.1035918 Test Loss: 0.1045087
EarlyStopping counter: 4 out of 20
Updating learning rate to 2.2454272057332326e-05
	iters: 100, epoch: 235 | loss: 0.0816923
	speed: 0.2690s/iter; left time: 9292.7560s
	iters: 200, epoch: 235 | loss: 0.0788395
	speed: 0.0821s/iter; left time: 2828.7879s
	iters: 300, epoch: 235 | loss: 0.0788988
	speed: 0.0825s/iter; left time: 2832.6001s
	iters: 400, epoch: 235 | loss: 0.0758918
	speed: 0.0820s/iter; left time: 2808.4673s
	iters: 500, epoch: 235 | loss: 0.0858696
	speed: 0.0816s/iter; left time: 2786.1840s
Epoch: 235 cost time: 43.60165500640869
[2025-05-29 16:00:49] [32mIntermediate result: 0.104094505  (Index 234)[0m
Epoch: 235, Steps: 525 | Train Loss: 0.0863299 Vali Loss: 0.1031809 Test Loss: 0.1040945
Validation loss decreased (0.103236 --> 0.103181).  Saving model ...
Updating learning rate to 2.1833132586197334e-05
	iters: 100, epoch: 236 | loss: 0.0855033
	speed: 0.2696s/iter; left time: 9174.6793s
	iters: 200, epoch: 236 | loss: 0.0852678
	speed: 0.0822s/iter; left time: 2787.8140s
	iters: 300, epoch: 236 | loss: 0.0868896
	speed: 0.0822s/iter; left time: 2779.8153s
	iters: 400, epoch: 236 | loss: 0.0921128
	speed: 0.0819s/iter; left time: 2762.9401s
	iters: 500, epoch: 236 | loss: 0.0924191
	speed: 0.0819s/iter; left time: 2752.4103s
Epoch: 236 cost time: 43.578081130981445
[2025-05-29 16:01:49] [32mIntermediate result: 0.10480313  (Index 235)[0m
Epoch: 236, Steps: 525 | Train Loss: 0.0862557 Vali Loss: 0.1041209 Test Loss: 0.1048031
EarlyStopping counter: 1 out of 20
Updating learning rate to 2.1218296802769376e-05
	iters: 100, epoch: 237 | loss: 0.0866256
	speed: 0.2711s/iter; left time: 9081.6276s
	iters: 200, epoch: 237 | loss: 0.0905981
	speed: 0.0817s/iter; left time: 2729.8480s
	iters: 300, epoch: 237 | loss: 0.0875573
	speed: 0.0818s/iter; left time: 2724.7916s
	iters: 400, epoch: 237 | loss: 0.0880810
	speed: 0.0816s/iter; left time: 2707.7352s
	iters: 500, epoch: 237 | loss: 0.0821411
	speed: 0.0820s/iter; left time: 2713.0985s
Epoch: 237 cost time: 43.48005533218384
[2025-05-29 16:02:49] [32mIntermediate result: 0.104217105  (Index 236)[0m
Epoch: 237, Steps: 525 | Train Loss: 0.0862894 Vali Loss: 0.1033838 Test Loss: 0.1042171
EarlyStopping counter: 2 out of 20
Updating learning rate to 2.060990230507072e-05
	iters: 100, epoch: 238 | loss: 0.0886320
	speed: 0.2713s/iter; left time: 8946.2656s
	iters: 200, epoch: 238 | loss: 0.0768504
	speed: 0.0824s/iter; left time: 2710.3633s
	iters: 300, epoch: 238 | loss: 0.0775286
	speed: 0.0832s/iter; left time: 2725.8821s
	iters: 400, epoch: 238 | loss: 0.0898760
	speed: 0.0833s/iter; left time: 2720.3031s
	iters: 500, epoch: 238 | loss: 0.0920816
	speed: 0.0833s/iter; left time: 2713.6748s
Epoch: 238 cost time: 44.103662967681885
[2025-05-29 16:03:49] [32mIntermediate result: 0.10451316  (Index 237)[0m
Epoch: 238, Steps: 525 | Train Loss: 0.0861156 Vali Loss: 0.1038473 Test Loss: 0.1045132
EarlyStopping counter: 3 out of 20
Updating learning rate to 2.0008085249587234e-05
	iters: 100, epoch: 239 | loss: 0.0851655
	speed: 0.2699s/iter; left time: 8757.5761s
	iters: 200, epoch: 239 | loss: 0.0926883
	speed: 0.0817s/iter; left time: 2643.2173s
	iters: 300, epoch: 239 | loss: 0.0928106
	speed: 0.0819s/iter; left time: 2640.0948s
	iters: 400, epoch: 239 | loss: 0.0868862
	speed: 0.0818s/iter; left time: 2629.0580s
	iters: 500, epoch: 239 | loss: 0.0860362
	speed: 0.0818s/iter; left time: 2622.8318s
Epoch: 239 cost time: 43.49613976478577
[2025-05-29 16:04:49] [32mIntermediate result: 0.10465681  (Index 238)[0m
Epoch: 239, Steps: 525 | Train Loss: 0.0861086 Vali Loss: 0.1040168 Test Loss: 0.1046568
EarlyStopping counter: 4 out of 20
Updating learning rate to 1.9412980320797036e-05
	iters: 100, epoch: 240 | loss: 0.0716945
	speed: 0.2715s/iter; left time: 8667.1635s
	iters: 200, epoch: 240 | loss: 0.0899671
	speed: 0.0815s/iter; left time: 2592.9287s
	iters: 300, epoch: 240 | loss: 0.0757346
	speed: 0.0821s/iter; left time: 2603.7034s
	iters: 400, epoch: 240 | loss: 0.0884469
	speed: 0.0822s/iter; left time: 2600.8621s
	iters: 500, epoch: 240 | loss: 0.0829231
	speed: 0.0823s/iter; left time: 2595.0731s
Epoch: 240 cost time: 43.62633657455444
[2025-05-29 16:05:49] [32mIntermediate result: 0.10452655  (Index 239)[0m
Epoch: 240, Steps: 525 | Train Loss: 0.0859325 Vali Loss: 0.1038195 Test Loss: 0.1045265
EarlyStopping counter: 5 out of 20
Updating learning rate to 1.8824720701028605e-05
	iters: 100, epoch: 241 | loss: 0.0844705
	speed: 0.2729s/iter; left time: 8570.7891s
	iters: 200, epoch: 241 | loss: 0.0883920
	speed: 0.0828s/iter; left time: 2592.1237s
	iters: 300, epoch: 241 | loss: 0.0778222
	speed: 0.0822s/iter; left time: 2563.3270s
	iters: 400, epoch: 241 | loss: 0.0909291
	speed: 0.0820s/iter; left time: 2551.4520s
	iters: 500, epoch: 241 | loss: 0.0799932
	speed: 0.0819s/iter; left time: 2538.7834s
Epoch: 241 cost time: 43.72175884246826
[2025-05-29 16:06:50] [32mIntermediate result: 0.10421524  (Index 240)[0m
Epoch: 241, Steps: 525 | Train Loss: 0.0860143 Vali Loss: 0.1034045 Test Loss: 0.1042152
EarlyStopping counter: 6 out of 20
Updating learning rate to 1.8243438040654982e-05
	iters: 100, epoch: 242 | loss: 0.0851911
	speed: 0.2793s/iter; left time: 8624.5706s
	iters: 200, epoch: 242 | loss: 0.0924559
	speed: 0.0836s/iter; left time: 2571.9041s
	iters: 300, epoch: 242 | loss: 0.0892372
	speed: 0.0828s/iter; left time: 2538.5367s
	iters: 400, epoch: 242 | loss: 0.0826926
	speed: 0.0823s/iter; left time: 2516.1442s
	iters: 500, epoch: 242 | loss: 0.0940401
	speed: 0.0826s/iter; left time: 2518.2957s
Epoch: 242 cost time: 44.046438455581665
[2025-05-29 16:07:50] [32mIntermediate result: 0.10403804  (Index 241)[0m
Epoch: 242, Steps: 525 | Train Loss: 0.0859437 Vali Loss: 0.1032404 Test Loss: 0.1040380
EarlyStopping counter: 7 out of 20
Updating learning rate to 1.7669262428631035e-05
	iters: 100, epoch: 243 | loss: 0.0805151
	speed: 0.2704s/iter; left time: 8205.6857s
	iters: 200, epoch: 243 | loss: 0.0860621
	speed: 0.0815s/iter; left time: 2466.2098s
	iters: 300, epoch: 243 | loss: 0.0905655
	speed: 0.0817s/iter; left time: 2463.1802s
	iters: 400, epoch: 243 | loss: 0.0890025
	speed: 0.0823s/iter; left time: 2473.4956s
	iters: 500, epoch: 243 | loss: 0.0852353
	speed: 0.0822s/iter; left time: 2461.2296s
Epoch: 243 cost time: 43.54323649406433
[2025-05-29 16:08:50] [32mIntermediate result: 0.103738606  (Index 242)[0m
Epoch: 243, Steps: 525 | Train Loss: 0.0859502 Vali Loss: 0.1028056 Test Loss: 0.1037386
Validation loss decreased (0.103181 --> 0.102806).  Saving model ...
Updating learning rate to 1.7102322363379866e-05
	iters: 100, epoch: 244 | loss: 0.0895188
	speed: 0.2703s/iter; left time: 8060.9651s
	iters: 200, epoch: 244 | loss: 0.0825297
	speed: 0.0817s/iter; left time: 2427.2024s
	iters: 300, epoch: 244 | loss: 0.0854093
	speed: 0.0822s/iter; left time: 2433.8368s
	iters: 400, epoch: 244 | loss: 0.0806690
	speed: 0.0826s/iter; left time: 2437.6741s
	iters: 500, epoch: 244 | loss: 0.0755207
	speed: 0.0819s/iter; left time: 2409.0288s
Epoch: 244 cost time: 43.618141412734985
[2025-05-29 16:09:50] [32mIntermediate result: 0.10475633  (Index 243)[0m
Epoch: 244, Steps: 525 | Train Loss: 0.0858379 Vali Loss: 0.1042393 Test Loss: 0.1047563
EarlyStopping counter: 1 out of 20
Updating learning rate to 1.6542744724035483e-05
	iters: 100, epoch: 245 | loss: 0.0789657
	speed: 0.2695s/iter; left time: 7895.7825s
	iters: 200, epoch: 245 | loss: 0.0852592
	speed: 0.0817s/iter; left time: 2384.7375s
	iters: 300, epoch: 245 | loss: 0.0872193
	speed: 0.0817s/iter; left time: 2376.9553s
	iters: 400, epoch: 245 | loss: 0.0914713
	speed: 0.0818s/iter; left time: 2373.4630s
	iters: 500, epoch: 245 | loss: 0.0823001
	speed: 0.0820s/iter; left time: 2370.6814s
Epoch: 245 cost time: 43.47118043899536
[2025-05-29 16:10:50] [32mIntermediate result: 0.10412729  (Index 244)[0m
Epoch: 245, Steps: 525 | Train Loss: 0.0857470 Vali Loss: 0.1033122 Test Loss: 0.1041273
EarlyStopping counter: 2 out of 20
Updating learning rate to 1.5990654742047547e-05
	iters: 100, epoch: 246 | loss: 0.0982708
	speed: 0.2733s/iter; left time: 7864.8201s
	iters: 200, epoch: 246 | loss: 0.0899910
	speed: 0.0819s/iter; left time: 2348.5280s
	iters: 300, epoch: 246 | loss: 0.0811200
	speed: 0.0822s/iter; left time: 2349.8610s
	iters: 400, epoch: 246 | loss: 0.0783054
	speed: 0.0818s/iter; left time: 2328.3949s
	iters: 500, epoch: 246 | loss: 0.0781065
	speed: 0.0818s/iter; left time: 2320.4503s
Epoch: 246 cost time: 43.50617027282715
[2025-05-29 16:11:50] [32mIntermediate result: 0.10414789  (Index 245)[0m
Epoch: 246, Steps: 525 | Train Loss: 0.0857953 Vali Loss: 0.1033214 Test Loss: 0.1041479
EarlyStopping counter: 3 out of 20
Updating learning rate to 1.5446175973155224e-05
	iters: 100, epoch: 247 | loss: 0.0794194
	speed: 0.2707s/iter; left time: 7646.4783s
	iters: 200, epoch: 247 | loss: 0.0827823
	speed: 0.0816s/iter; left time: 2298.4040s
	iters: 300, epoch: 247 | loss: 0.0855559
	speed: 0.0817s/iter; left time: 2290.9956s
	iters: 400, epoch: 247 | loss: 0.0799268
	speed: 0.0817s/iter; left time: 2283.9680s
	iters: 500, epoch: 247 | loss: 0.0822971
	speed: 0.0817s/iter; left time: 2275.9526s
Epoch: 247 cost time: 43.39595293998718
[2025-05-29 16:12:50] [32mIntermediate result: 0.10402475  (Index 246)[0m
Epoch: 247, Steps: 525 | Train Loss: 0.0856706 Vali Loss: 0.1029921 Test Loss: 0.1040248
EarlyStopping counter: 4 out of 20
Updating learning rate to 1.4909430269735628e-05
	iters: 100, epoch: 248 | loss: 0.0817843
	speed: 0.2744s/iter; left time: 7608.0084s
	iters: 200, epoch: 248 | loss: 0.0865858
	speed: 0.0818s/iter; left time: 2260.5017s
	iters: 300, epoch: 248 | loss: 0.0794695
	speed: 0.0817s/iter; left time: 2247.8594s
	iters: 400, epoch: 248 | loss: 0.0804258
	speed: 0.0816s/iter; left time: 2238.2601s
	iters: 500, epoch: 248 | loss: 0.0885388
	speed: 0.0818s/iter; left time: 2234.2395s
Epoch: 248 cost time: 43.468406200408936
[2025-05-29 16:13:50] [32mIntermediate result: 0.10439323  (Index 247)[0m
Epoch: 248, Steps: 525 | Train Loss: 0.0856794 Vali Loss: 0.1036610 Test Loss: 0.1043932
EarlyStopping counter: 5 out of 20
Updating learning rate to 1.4380537753533908e-05
	iters: 100, epoch: 249 | loss: 0.0847059
	speed: 0.2703s/iter; left time: 7351.7992s
	iters: 200, epoch: 249 | loss: 0.0831257
	speed: 0.0816s/iter; left time: 2211.6890s
	iters: 300, epoch: 249 | loss: 0.0886103
	speed: 0.0821s/iter; left time: 2216.5016s
	iters: 400, epoch: 249 | loss: 0.0836200
	speed: 0.0816s/iter; left time: 2196.1533s
	iters: 500, epoch: 249 | loss: 0.0836862
	speed: 0.0815s/iter; left time: 2184.5707s
Epoch: 249 cost time: 43.491148233413696
[2025-05-29 16:14:49] [32mIntermediate result: 0.10372852  (Index 248)[0m
Epoch: 249, Steps: 525 | Train Loss: 0.0856318 Vali Loss: 0.1029094 Test Loss: 0.1037285
EarlyStopping counter: 6 out of 20
Updating learning rate to 1.3859616788780275e-05
	iters: 100, epoch: 250 | loss: 0.0815046
	speed: 0.2688s/iter; left time: 7170.7933s
	iters: 200, epoch: 250 | loss: 0.0910868
	speed: 0.0821s/iter; left time: 2182.6017s
	iters: 300, epoch: 250 | loss: 0.0886585
	speed: 0.0819s/iter; left time: 2167.3723s
	iters: 400, epoch: 250 | loss: 0.0829881
	speed: 0.0814s/iter; left time: 2147.5787s
	iters: 500, epoch: 250 | loss: 0.0945922
	speed: 0.0816s/iter; left time: 2143.9674s
Epoch: 250 cost time: 43.463464975357056
[2025-05-29 16:15:49] [32mIntermediate result: 0.103945665  (Index 249)[0m
Epoch: 250, Steps: 525 | Train Loss: 0.0855781 Vali Loss: 0.1030878 Test Loss: 0.1039457
EarlyStopping counter: 7 out of 20
Updating learning rate to 1.3346783955700641e-05
	iters: 100, epoch: 251 | loss: 0.0822605
	speed: 0.2725s/iter; left time: 7125.0002s
	iters: 200, epoch: 251 | loss: 0.0865303
	speed: 0.0816s/iter; left time: 2126.2999s
	iters: 300, epoch: 251 | loss: 0.0945948
	speed: 0.0817s/iter; left time: 2119.3446s
	iters: 400, epoch: 251 | loss: 0.0756279
	speed: 0.0817s/iter; left time: 2111.5481s
	iters: 500, epoch: 251 | loss: 0.0827450
	speed: 0.0819s/iter; left time: 2108.0647s
Epoch: 251 cost time: 43.408682107925415
[2025-05-29 16:16:49] [32mIntermediate result: 0.104270004  (Index 250)[0m
Epoch: 251, Steps: 525 | Train Loss: 0.0855453 Vali Loss: 0.1035286 Test Loss: 0.1042700
EarlyStopping counter: 8 out of 20
Updating learning rate to 1.2842154024426326e-05
	iters: 100, epoch: 252 | loss: 0.0812640
	speed: 0.2679s/iter; left time: 6866.3259s
	iters: 200, epoch: 252 | loss: 0.0860159
	speed: 0.0815s/iter; left time: 2080.6479s
	iters: 300, epoch: 252 | loss: 0.0831916
	speed: 0.0816s/iter; left time: 2075.8570s
	iters: 400, epoch: 252 | loss: 0.0746678
	speed: 0.0815s/iter; left time: 2063.0672s
	iters: 500, epoch: 252 | loss: 0.0935432
	speed: 0.0818s/iter; left time: 2063.1484s
Epoch: 252 cost time: 43.39371991157532
[2025-05-29 16:17:48] [32mIntermediate result: 0.104045115  (Index 251)[0m
Epoch: 252, Steps: 525 | Train Loss: 0.0855277 Vali Loss: 0.1030396 Test Loss: 0.1040451
EarlyStopping counter: 9 out of 20
Updating learning rate to 1.2345839929308887e-05
	iters: 100, epoch: 253 | loss: 0.0929045
	speed: 0.2708s/iter; left time: 6797.6297s
	iters: 200, epoch: 253 | loss: 0.0810380
	speed: 0.0815s/iter; left time: 2036.3846s
	iters: 300, epoch: 253 | loss: 0.0886821
	speed: 0.0816s/iter; left time: 2031.9123s
	iters: 400, epoch: 253 | loss: 0.0825796
	speed: 0.0816s/iter; left time: 2024.5256s
	iters: 500, epoch: 253 | loss: 0.0813585
	speed: 0.0818s/iter; left time: 2020.1247s
Epoch: 253 cost time: 43.419654846191406
[2025-05-29 16:18:48] [32mIntermediate result: 0.10426659  (Index 252)[0m
Epoch: 253, Steps: 525 | Train Loss: 0.0854731 Vali Loss: 0.1035000 Test Loss: 0.1042666
EarlyStopping counter: 10 out of 20
Updating learning rate to 1.1857952743645894e-05
	iters: 100, epoch: 254 | loss: 0.0855996
	speed: 0.2692s/iter; left time: 6615.9192s
	iters: 200, epoch: 254 | loss: 0.0838177
	speed: 0.0828s/iter; left time: 2025.5127s
	iters: 300, epoch: 254 | loss: 0.0836023
	speed: 0.0819s/iter; left time: 1996.2326s
	iters: 400, epoch: 254 | loss: 0.0847467
	speed: 0.0819s/iter; left time: 1988.5638s
	iters: 500, epoch: 254 | loss: 0.0837414
	speed: 0.0818s/iter; left time: 1977.3878s
Epoch: 254 cost time: 43.6637487411499
[2025-05-29 16:19:48] [32mIntermediate result: 0.10416431  (Index 253)[0m
Epoch: 254, Steps: 525 | Train Loss: 0.0853977 Vali Loss: 0.1035141 Test Loss: 0.1041643
EarlyStopping counter: 11 out of 20
Updating learning rate to 1.1378601654823095e-05
	iters: 100, epoch: 255 | loss: 0.0855411
	speed: 0.2728s/iter; left time: 6561.5242s
	iters: 200, epoch: 255 | loss: 0.0898918
	speed: 0.0815s/iter; left time: 1951.4162s
	iters: 300, epoch: 255 | loss: 0.0863595
	speed: 0.0815s/iter; left time: 1943.0296s
	iters: 400, epoch: 255 | loss: 0.0865477
	speed: 0.0813s/iter; left time: 1931.7693s
	iters: 500, epoch: 255 | loss: 0.0898492
	speed: 0.0816s/iter; left time: 1929.7594s
Epoch: 255 cost time: 43.36062455177307
[2025-05-29 16:20:48] [32mIntermediate result: 0.10399366  (Index 254)[0m
Epoch: 255, Steps: 525 | Train Loss: 0.0854185 Vali Loss: 0.1031839 Test Loss: 0.1039937
EarlyStopping counter: 12 out of 20
Updating learning rate to 1.0907893939878628e-05
	iters: 100, epoch: 256 | loss: 0.0896817
	speed: 0.2692s/iter; left time: 6333.7837s
	iters: 200, epoch: 256 | loss: 0.0867061
	speed: 0.0816s/iter; left time: 1911.3220s
	iters: 300, epoch: 256 | loss: 0.0775307
	speed: 0.0821s/iter; left time: 1914.0582s
	iters: 400, epoch: 256 | loss: 0.0948879
	speed: 0.0823s/iter; left time: 1910.7449s
	iters: 500, epoch: 256 | loss: 0.0904952
	speed: 0.0821s/iter; left time: 1897.7936s
Epoch: 256 cost time: 43.65091800689697
[2025-05-29 16:21:48] [32mIntermediate result: 0.103864595  (Index 255)[0m
Epoch: 256, Steps: 525 | Train Loss: 0.0853607 Vali Loss: 0.1029990 Test Loss: 0.1038646
EarlyStopping counter: 13 out of 20
Updating learning rate to 1.044593494149489e-05
	iters: 100, epoch: 257 | loss: 0.0887109
	speed: 0.2781s/iter; left time: 6395.5143s
	iters: 200, epoch: 257 | loss: 0.0873905
	speed: 0.0830s/iter; left time: 1900.7944s
	iters: 300, epoch: 257 | loss: 0.0997948
	speed: 0.0833s/iter; left time: 1898.2034s
	iters: 400, epoch: 257 | loss: 0.0918009
	speed: 0.0833s/iter; left time: 1890.9229s
	iters: 500, epoch: 257 | loss: 0.0873537
	speed: 0.0833s/iter; left time: 1881.8222s
Epoch: 257 cost time: 44.28106665611267
[2025-05-29 16:22:49] [32mIntermediate result: 0.104215  (Index 256)[0m
Epoch: 257, Steps: 525 | Train Loss: 0.0853241 Vali Loss: 0.1036143 Test Loss: 0.1042150
EarlyStopping counter: 14 out of 20
Updating learning rate to 9.992828044423195e-06
	iters: 100, epoch: 258 | loss: 0.0878652
	speed: 0.2789s/iter; left time: 6268.4568s
	iters: 200, epoch: 258 | loss: 0.0800226
	speed: 0.0829s/iter; left time: 1854.6417s
	iters: 300, epoch: 258 | loss: 0.0900371
	speed: 0.0828s/iter; left time: 1844.7430s
	iters: 400, epoch: 258 | loss: 0.0960871
	speed: 0.0831s/iter; left time: 1842.4498s
	iters: 500, epoch: 258 | loss: 0.0894905
	speed: 0.0828s/iter; left time: 1828.3536s
Epoch: 258 cost time: 44.11083674430847
[2025-05-29 16:23:50] [32mIntermediate result: 0.103956446  (Index 257)[0m
Epoch: 258, Steps: 525 | Train Loss: 0.0852897 Vali Loss: 0.1032345 Test Loss: 0.1039564
EarlyStopping counter: 15 out of 20
Updating learning rate to 9.54867465234658e-06
	iters: 100, epoch: 259 | loss: 0.0956094
	speed: 0.2753s/iter; left time: 6044.0208s
	iters: 200, epoch: 259 | loss: 0.0902042
	speed: 0.0832s/iter; left time: 1818.3391s
	iters: 300, epoch: 259 | loss: 0.0828114
	speed: 0.0834s/iter; left time: 1814.2051s
	iters: 400, epoch: 259 | loss: 0.0801703
	speed: 0.0833s/iter; left time: 1802.5659s
	iters: 500, epoch: 259 | loss: 0.0795051
	speed: 0.0833s/iter; left time: 1795.9627s
Epoch: 259 cost time: 44.26218605041504
[2025-05-29 16:24:51] [32mIntermediate result: 0.10406062  (Index 258)[0m
Epoch: 259, Steps: 525 | Train Loss: 0.0852733 Vali Loss: 0.1032021 Test Loss: 0.1040606
EarlyStopping counter: 16 out of 20
Updating learning rate to 9.113574165186127e-06
	iters: 100, epoch: 260 | loss: 0.0763436
	speed: 0.2762s/iter; left time: 5917.7112s
	iters: 200, epoch: 260 | loss: 0.0863005
	speed: 0.0829s/iter; left time: 1767.2355s
	iters: 300, epoch: 260 | loss: 0.0828032
	speed: 0.0829s/iter; left time: 1759.3528s
	iters: 400, epoch: 260 | loss: 0.0763235
	speed: 0.0831s/iter; left time: 1755.4516s
	iters: 500, epoch: 260 | loss: 0.0936436
	speed: 0.0832s/iter; left time: 1748.4746s
Epoch: 260 cost time: 44.196654319763184
[2025-05-29 16:25:52] [32mIntermediate result: 0.1044374  (Index 259)[0m
Epoch: 260, Steps: 525 | Train Loss: 0.0852144 Vali Loss: 0.1037907 Test Loss: 0.1044374
EarlyStopping counter: 17 out of 20
Updating learning rate to 8.687623956855564e-06
	iters: 100, epoch: 261 | loss: 0.0921279
	speed: 0.2754s/iter; left time: 5756.5999s
	iters: 200, epoch: 261 | loss: 0.0800971
	speed: 0.0826s/iter; left time: 1719.1344s
	iters: 300, epoch: 261 | loss: 0.0856003
	speed: 0.0831s/iter; left time: 1720.1820s
	iters: 400, epoch: 261 | loss: 0.0813618
	speed: 0.0832s/iter; left time: 1714.2076s
	iters: 500, epoch: 261 | loss: 0.0816477
	speed: 0.0834s/iter; left time: 1710.7455s
Epoch: 261 cost time: 44.23366689682007
[2025-05-29 16:26:53] [32mIntermediate result: 0.1039847  (Index 260)[0m
Epoch: 261, Steps: 525 | Train Loss: 0.0851994 Vali Loss: 0.1031016 Test Loss: 0.1039847
EarlyStopping counter: 18 out of 20
Updating learning rate to 8.270919353469352e-06
	iters: 100, epoch: 262 | loss: 0.0740313
	speed: 0.2796s/iter; left time: 5696.8099s
	iters: 200, epoch: 262 | loss: 0.0877618
	speed: 0.0811s/iter; left time: 1643.4201s
	iters: 300, epoch: 262 | loss: 0.0825443
	speed: 0.0812s/iter; left time: 1638.0410s
	iters: 400, epoch: 262 | loss: 0.0897342
	speed: 0.0813s/iter; left time: 1631.2792s
	iters: 500, epoch: 262 | loss: 0.0866731
	speed: 0.0817s/iter; left time: 1632.6304s
Epoch: 262 cost time: 43.71156287193298
[2025-05-29 16:27:53] [32mIntermediate result: 0.104256175  (Index 261)[0m
Epoch: 262, Steps: 525 | Train Loss: 0.0851727 Vali Loss: 0.1034296 Test Loss: 0.1042562
EarlyStopping counter: 19 out of 20
Updating learning rate to 7.863553612009008e-06
	iters: 100, epoch: 263 | loss: 0.0885877
	speed: 0.2721s/iter; left time: 5402.1742s
	iters: 200, epoch: 263 | loss: 0.0901023
	speed: 0.0826s/iter; left time: 1631.2828s
	iters: 300, epoch: 263 | loss: 0.0933505
	speed: 0.0822s/iter; left time: 1614.4275s
	iters: 400, epoch: 263 | loss: 0.0866905
	speed: 0.0818s/iter; left time: 1599.3230s
	iters: 500, epoch: 263 | loss: 0.0928889
	speed: 0.0816s/iter; left time: 1586.2825s
Epoch: 263 cost time: 43.635711669921875
[2025-05-29 16:28:53] [32mIntermediate result: 0.104128  (Index 262)[0m
Epoch: 263, Steps: 525 | Train Loss: 0.0851232 Vali Loss: 0.1034409 Test Loss: 0.1041280
EarlyStopping counter: 20 out of 20
Early stopping
>>>>>>>testing : 96_24_PRNN_TST_PEMS_ftM_sl96_ll18_pl24_dm16_nh4_el3_dl1_df128_fc1_ebtimeF_dtTrue_Exp_0<<<<<<<<<<<<<<<<<<<<<<<<<<<<<<<<<
test 5526
mse:0.10373864322900772, mae:0.2026475965976715, rse:0.3170037269592285
[2025-05-29 16:29:15] [32mFinal result: 0.10373864[0m
