Args in experiment:
Namespace(activation='gelu', affine=1, batch_size=32, c_out=7, checkpoints='./checkpoints/', d_ff=128, d_layers=1, d_model=16, data='PEMS', data_path='PEMS07.npz', dec_in=7, decomposition=0, des='Exp', device_ids=[0, 1], devices='0,1', dis=10, distil=True, do_predict=False, dropout=0.3, dvices='0,1', e_layers=3, embed='timeF', embed_type=0, enc_in=883, factor=1, fc_dropout=0.3, features='M', freq='h', gpu=0, head_dropout=0.0, hidden_size=512, individual=0, is_training=1, itr=1, k=20, kernel_size=25, label_len=18, learning_rate=0.0001, loss='mse', lradj='TST', model='PRNN_TST', model_id='96_12', moving_avg=25, n_heads=4, num_layers=1, num_workers=10, output_attention=False, padding_patch='end', patch_len=16, patience=20, pct_start=0.3, pred_len=12, random_seed=2021, revin=1, rnn_inp=96, root_path='./dataset/', seq_len=96, stride=8, subtract_last=0, target='OT', test_flop=False, top_k=3, train_epochs=300, use_amp=False, use_gpu=True, use_multi_gpu=True)
Use GPU: cuda:0
>>>>>>>start training : 96_12_PRNN_TST_PEMS_ftM_sl96_ll18_pl12_dm16_nh4_el3_dl1_df128_fc1_ebtimeF_dtTrue_Exp_0>>>>>>>>>>>>>>>>>>>>>>>>>>
module.model.revin_layer.affine_weight: 883
module.model.revin_layer.affine_bias: 883
module.model.rnn.weight_ih_l0: 262144
module.model.rnn.weight_hh_l0: 262144
module.model.rnn.bias_ih_l0: 512
module.model.rnn.bias_hh_l0: 512
module.model.embed.weight: 8192
module.model.embed.bias: 512
module.model.fc.weight: 67584
module.model.fc.bias: 12
Total trainable parameters: 603378
train 16827
val 5538
test 5538
	iters: 100, epoch: 1 | loss: 0.3612776
	speed: 0.0988s/iter; left time: 15545.3508s
	iters: 200, epoch: 1 | loss: 0.2659628
	speed: 0.0810s/iter; left time: 12737.9459s
	iters: 300, epoch: 1 | loss: 0.3230314
	speed: 0.0808s/iter; left time: 12697.1445s
	iters: 400, epoch: 1 | loss: 0.2196060
	speed: 0.0806s/iter; left time: 12655.3374s
	iters: 500, epoch: 1 | loss: 0.2007724
	speed: 0.0808s/iter; left time: 12685.5339s
Epoch: 1 cost time: 43.621222734451294
[2025-05-29 08:33:26] [32mIntermediate result: 0.18650694  (Index 0)[0m
Epoch: 1, Steps: 525 | Train Loss: 0.3431051 Vali Loss: 0.1834538 Test Loss: 0.1865069
Validation loss decreased (inf --> 0.183454).  Saving model ...
Updating learning rate to 4.029241540681795e-06
	iters: 100, epoch: 2 | loss: 0.2626973
	speed: 0.2634s/iter; left time: 41319.5924s
	iters: 200, epoch: 2 | loss: 0.2858455
	speed: 0.0817s/iter; left time: 12807.0130s
	iters: 300, epoch: 2 | loss: 0.1675314
	speed: 0.0816s/iter; left time: 12778.7858s
	iters: 400, epoch: 2 | loss: 0.1346185
	speed: 0.0810s/iter; left time: 12677.6987s
	iters: 500, epoch: 2 | loss: 0.1381548
	speed: 0.0811s/iter; left time: 12694.8862s
Epoch: 2 cost time: 43.18582105636597
[2025-05-29 08:34:25] [32mIntermediate result: 0.13190606  (Index 1)[0m
Epoch: 2, Steps: 525 | Train Loss: 0.1624539 Vali Loss: 0.1303928 Test Loss: 0.1319061
Validation loss decreased (0.183454 --> 0.130393).  Saving model ...
Updating learning rate to 4.116930534906304e-06
	iters: 100, epoch: 3 | loss: 0.1138503
	speed: 0.2652s/iter; left time: 41463.4028s
	iters: 200, epoch: 3 | loss: 0.1107511
	speed: 0.0809s/iter; left time: 12647.4039s
	iters: 300, epoch: 3 | loss: 0.1247283
	speed: 0.0811s/iter; left time: 12659.4112s
	iters: 400, epoch: 3 | loss: 0.1370178
	speed: 0.0813s/iter; left time: 12683.7557s
	iters: 500, epoch: 3 | loss: 0.1391726
	speed: 0.0816s/iter; left time: 12721.2214s
Epoch: 3 cost time: 43.125680923461914
[2025-05-29 08:35:24] [32mIntermediate result: 0.112220146  (Index 2)[0m
Epoch: 3, Steps: 525 | Train Loss: 0.1271593 Vali Loss: 0.1110684 Test Loss: 0.1122201
Validation loss decreased (0.130393 --> 0.111068).  Saving model ...
Updating learning rate to 4.262960142619688e-06
	iters: 100, epoch: 4 | loss: 0.1239472
	speed: 0.2661s/iter; left time: 41467.1947s
	iters: 200, epoch: 4 | loss: 0.0883853
	speed: 0.0832s/iter; left time: 12956.3144s
	iters: 300, epoch: 4 | loss: 0.1036825
	speed: 0.0814s/iter; left time: 12672.0829s
	iters: 400, epoch: 4 | loss: 0.1089990
	speed: 0.0816s/iter; left time: 12689.9955s
	iters: 500, epoch: 4 | loss: 0.1034538
	speed: 0.0813s/iter; left time: 12643.7746s
Epoch: 4 cost time: 43.43274474143982
[2025-05-29 08:36:24] [32mIntermediate result: 0.101952106  (Index 3)[0m
Epoch: 4, Steps: 525 | Train Loss: 0.1119914 Vali Loss: 0.1009787 Test Loss: 0.1019521
Validation loss decreased (0.111068 --> 0.100979).  Saving model ...
Updating learning rate to 4.467152441708816e-06
	iters: 100, epoch: 5 | loss: 0.0942918
	speed: 0.2676s/iter; left time: 41559.8805s
	iters: 200, epoch: 5 | loss: 0.1040825
	speed: 0.0818s/iter; left time: 12697.3072s
	iters: 300, epoch: 5 | loss: 0.0980839
	speed: 0.0812s/iter; left time: 12593.6508s
	iters: 400, epoch: 5 | loss: 0.1067512
	speed: 0.0814s/iter; left time: 12615.5287s
	iters: 500, epoch: 5 | loss: 0.0943301
	speed: 0.0817s/iter; left time: 12659.8790s
Epoch: 5 cost time: 43.26728439331055
[2025-05-29 08:37:23] [32mIntermediate result: 0.0970135  (Index 4)[0m
Epoch: 5, Steps: 525 | Train Loss: 0.1042186 Vali Loss: 0.0960631 Test Loss: 0.0970135
Validation loss decreased (0.100979 --> 0.096063).  Saving model ...
Updating learning rate to 4.7292586447811855e-06
	iters: 100, epoch: 6 | loss: 0.1104203
	speed: 0.2683s/iter; left time: 41524.3700s
	iters: 200, epoch: 6 | loss: 0.0964274
	speed: 0.0818s/iter; left time: 12658.6072s
	iters: 300, epoch: 6 | loss: 0.0958510
	speed: 0.0817s/iter; left time: 12635.9924s
	iters: 400, epoch: 6 | loss: 0.1142189
	speed: 0.0816s/iter; left time: 12606.0583s
	iters: 500, epoch: 6 | loss: 0.0945980
	speed: 0.0816s/iter; left time: 12590.3974s
Epoch: 6 cost time: 43.41044330596924
[2025-05-29 08:38:22] [32mIntermediate result: 0.094012484  (Index 5)[0m
Epoch: 6, Steps: 525 | Train Loss: 0.1000267 Vali Loss: 0.0930657 Test Loss: 0.0940125
Validation loss decreased (0.096063 --> 0.093066).  Saving model ...
Updating learning rate to 5.048959402286765e-06
	iters: 100, epoch: 7 | loss: 0.1057421
	speed: 0.2661s/iter; left time: 41043.4963s
	iters: 200, epoch: 7 | loss: 0.1099691
	speed: 0.0814s/iter; left time: 12546.9632s
	iters: 300, epoch: 7 | loss: 0.0987960
	speed: 0.0816s/iter; left time: 12575.9278s
	iters: 400, epoch: 7 | loss: 0.0882826
	speed: 0.0815s/iter; left time: 12547.0580s
	iters: 500, epoch: 7 | loss: 0.1008723
	speed: 0.0813s/iter; left time: 12512.9753s
Epoch: 7 cost time: 43.216649770736694
[2025-05-29 08:39:22] [32mIntermediate result: 0.09205675  (Index 6)[0m
Epoch: 7, Steps: 525 | Train Loss: 0.0974823 Vali Loss: 0.0909517 Test Loss: 0.0920568
Validation loss decreased (0.093066 --> 0.090952).  Saving model ...
Updating learning rate to 5.425865191612821e-06
	iters: 100, epoch: 8 | loss: 0.0877139
	speed: 0.2674s/iter; left time: 41106.0077s
	iters: 200, epoch: 8 | loss: 0.0805777
	speed: 0.0816s/iter; left time: 12537.1307s
	iters: 300, epoch: 8 | loss: 0.0989801
	speed: 0.0816s/iter; left time: 12520.3513s
	iters: 400, epoch: 8 | loss: 0.1118958
	speed: 0.0817s/iter; left time: 12539.8846s
	iters: 500, epoch: 8 | loss: 0.1139998
	speed: 0.0815s/iter; left time: 12499.5931s
Epoch: 8 cost time: 43.30535101890564
[2025-05-29 08:40:21] [32mIntermediate result: 0.09086117  (Index 7)[0m
Epoch: 8, Steps: 525 | Train Loss: 0.0958070 Vali Loss: 0.0898723 Test Loss: 0.0908612
Validation loss decreased (0.090952 --> 0.089872).  Saving model ...
Updating learning rate to 5.859516791677146e-06
	iters: 100, epoch: 9 | loss: 0.0983356
	speed: 0.2673s/iter; left time: 40958.1192s
	iters: 200, epoch: 9 | loss: 0.0967381
	speed: 0.0815s/iter; left time: 12481.0176s
	iters: 300, epoch: 9 | loss: 0.0867405
	speed: 0.0817s/iter; left time: 12496.0244s
	iters: 400, epoch: 9 | loss: 0.1025810
	speed: 0.0818s/iter; left time: 12507.4167s
	iters: 500, epoch: 9 | loss: 0.1061252
	speed: 0.0818s/iter; left time: 12498.7532s
Epoch: 9 cost time: 43.341397523880005
[2025-05-29 08:41:20] [32mIntermediate result: 0.08982876  (Index 8)[0m
Epoch: 9, Steps: 525 | Train Loss: 0.0945215 Vali Loss: 0.0886214 Test Loss: 0.0898288
Validation loss decreased (0.089872 --> 0.088621).  Saving model ...
Updating learning rate to 6.349385842442079e-06
	iters: 100, epoch: 10 | loss: 0.0901164
	speed: 0.2645s/iter; left time: 40378.5880s
	iters: 200, epoch: 10 | loss: 0.0984483
	speed: 0.0815s/iter; left time: 12439.3174s
	iters: 300, epoch: 10 | loss: 0.0866388
	speed: 0.0814s/iter; left time: 12407.7916s
	iters: 400, epoch: 10 | loss: 0.0831494
	speed: 0.0817s/iter; left time: 12454.2308s
	iters: 500, epoch: 10 | loss: 0.0851511
	speed: 0.0816s/iter; left time: 12430.9221s
Epoch: 10 cost time: 43.27631759643555
[2025-05-29 08:42:19] [32mIntermediate result: 0.088855356  (Index 9)[0m
Epoch: 10, Steps: 525 | Train Loss: 0.0934622 Vali Loss: 0.0877178 Test Loss: 0.0888554
Validation loss decreased (0.088621 --> 0.087718).  Saving model ...
Updating learning rate to 6.894875488666893e-06
	iters: 100, epoch: 11 | loss: 0.1097848
	speed: 0.2661s/iter; left time: 40488.0720s
	iters: 200, epoch: 11 | loss: 0.1093168
	speed: 0.0816s/iter; left time: 12404.3409s
	iters: 300, epoch: 11 | loss: 0.1065269
	speed: 0.0818s/iter; left time: 12434.2356s
	iters: 400, epoch: 11 | loss: 0.0991026
	speed: 0.0814s/iter; left time: 12354.6356s
	iters: 500, epoch: 11 | loss: 0.0990037
	speed: 0.0817s/iter; left time: 12399.3615s
Epoch: 11 cost time: 43.34215497970581
[2025-05-29 08:43:19] [32mIntermediate result: 0.08853539  (Index 10)[0m
Epoch: 11, Steps: 525 | Train Loss: 0.0926030 Vali Loss: 0.0873991 Test Loss: 0.0885354
Validation loss decreased (0.087718 --> 0.087399).  Saving model ...
Updating learning rate to 7.495321107114851e-06
	iters: 100, epoch: 12 | loss: 0.0866455
	speed: 0.2653s/iter; left time: 40231.7277s
	iters: 200, epoch: 12 | loss: 0.1074701
	speed: 0.0823s/iter; left time: 12469.5450s
	iters: 300, epoch: 12 | loss: 0.0989877
	speed: 0.0819s/iter; left time: 12405.8734s
	iters: 400, epoch: 12 | loss: 0.1058398
	speed: 0.0816s/iter; left time: 12354.8320s
	iters: 500, epoch: 12 | loss: 0.1046644
	speed: 0.0816s/iter; left time: 12338.9064s
Epoch: 12 cost time: 43.47181439399719
[2025-05-29 08:44:18] [32mIntermediate result: 0.087358266  (Index 11)[0m
Epoch: 12, Steps: 525 | Train Loss: 0.0917112 Vali Loss: 0.0861987 Test Loss: 0.0873583
Validation loss decreased (0.087399 --> 0.086199).  Saving model ...
Updating learning rate to 8.149991116328514e-06
	iters: 100, epoch: 13 | loss: 0.0881325
	speed: 0.2658s/iter; left time: 40162.0037s
	iters: 200, epoch: 13 | loss: 0.0742096
	speed: 0.0817s/iter; left time: 12331.4763s
	iters: 300, epoch: 13 | loss: 0.0801245
	speed: 0.0814s/iter; left time: 12280.7058s
	iters: 400, epoch: 13 | loss: 0.0893178
	speed: 0.0817s/iter; left time: 12327.8260s
	iters: 500, epoch: 13 | loss: 0.1065361
	speed: 0.0819s/iter; left time: 12347.3416s
Epoch: 13 cost time: 43.37177610397339
[2025-05-29 08:45:17] [32mIntermediate result: 0.086770326  (Index 12)[0m
Epoch: 13, Steps: 525 | Train Loss: 0.0908086 Vali Loss: 0.0857631 Test Loss: 0.0867703
Validation loss decreased (0.086199 --> 0.085763).  Saving model ...
Updating learning rate to 8.85808786798672e-06
	iters: 100, epoch: 14 | loss: 0.0925950
	speed: 0.2658s/iter; left time: 40020.1213s
	iters: 200, epoch: 14 | loss: 0.0897005
	speed: 0.0819s/iter; left time: 12327.9761s
	iters: 300, epoch: 14 | loss: 0.0958714
	speed: 0.0816s/iter; left time: 12273.9443s
	iters: 400, epoch: 14 | loss: 0.0666079
	speed: 0.0817s/iter; left time: 12270.8440s
	iters: 500, epoch: 14 | loss: 0.0874391
	speed: 0.0816s/iter; left time: 12259.0439s
Epoch: 14 cost time: 43.3362181186676
[2025-05-29 08:46:16] [32mIntermediate result: 0.08696341  (Index 13)[0m
Epoch: 14, Steps: 525 | Train Loss: 0.0901823 Vali Loss: 0.0858689 Test Loss: 0.0869634
EarlyStopping counter: 1 out of 20
Updating learning rate to 9.618748618757386e-06
	iters: 100, epoch: 15 | loss: 0.0880284
	speed: 0.2652s/iter; left time: 39789.4772s
	iters: 200, epoch: 15 | loss: 0.0944870
	speed: 0.0819s/iter; left time: 12284.0476s
	iters: 300, epoch: 15 | loss: 0.0860512
	speed: 0.0818s/iter; left time: 12255.8340s
	iters: 400, epoch: 15 | loss: 0.0944771
	speed: 0.0817s/iter; left time: 12229.8990s
	iters: 500, epoch: 15 | loss: 0.0801006
	speed: 0.0816s/iter; left time: 12216.0266s
Epoch: 15 cost time: 43.3510856628418
[2025-05-29 08:47:16] [32mIntermediate result: 0.085184075  (Index 14)[0m
Epoch: 15, Steps: 525 | Train Loss: 0.0894331 Vali Loss: 0.0841807 Test Loss: 0.0851841
Validation loss decreased (0.085763 --> 0.084181).  Saving model ...
Updating learning rate to 1.0431046581461814e-05
	iters: 100, epoch: 16 | loss: 0.1009809
	speed: 0.2661s/iter; left time: 39790.6894s
	iters: 200, epoch: 16 | loss: 0.0989775
	speed: 0.0819s/iter; left time: 12234.2299s
	iters: 300, epoch: 16 | loss: 0.0932984
	speed: 0.0819s/iter; left time: 12226.8125s
	iters: 400, epoch: 16 | loss: 0.0826310
	speed: 0.0817s/iter; left time: 12189.7609s
	iters: 500, epoch: 16 | loss: 0.0996989
	speed: 0.0817s/iter; left time: 12182.0385s
Epoch: 16 cost time: 43.36489534378052
[2025-05-29 08:48:15] [32mIntermediate result: 0.08522167  (Index 15)[0m
Epoch: 16, Steps: 525 | Train Loss: 0.0886323 Vali Loss: 0.0842822 Test Loss: 0.0852217
EarlyStopping counter: 1 out of 20
Updating learning rate to 1.1293992054269898e-05
	iters: 100, epoch: 17 | loss: 0.0857466
	speed: 0.2663s/iter; left time: 39681.9019s
	iters: 200, epoch: 17 | loss: 0.0860774
	speed: 0.0813s/iter; left time: 12105.7569s
	iters: 300, epoch: 17 | loss: 0.0768967
	speed: 0.0813s/iter; left time: 12094.4609s
	iters: 400, epoch: 17 | loss: 0.0780173
	speed: 0.0813s/iter; left time: 12095.2380s
	iters: 500, epoch: 17 | loss: 0.0748621
	speed: 0.0815s/iter; left time: 12115.0684s
Epoch: 17 cost time: 43.23411440849304
[2025-05-29 08:49:14] [32mIntermediate result: 0.08432826  (Index 16)[0m
Epoch: 17, Steps: 525 | Train Loss: 0.0880427 Vali Loss: 0.0833431 Test Loss: 0.0843283
Validation loss decreased (0.084181 --> 0.083343).  Saving model ...
Updating learning rate to 1.220653362655043e-05
	iters: 100, epoch: 18 | loss: 0.0839549
	speed: 0.2647s/iter; left time: 39300.3979s
	iters: 200, epoch: 18 | loss: 0.0952108
	speed: 0.0813s/iter; left time: 12057.4012s
	iters: 300, epoch: 18 | loss: 0.0964674
	speed: 0.0816s/iter; left time: 12095.2167s
	iters: 400, epoch: 18 | loss: 0.0866499
	speed: 0.0817s/iter; left time: 12099.2172s
	iters: 500, epoch: 18 | loss: 0.0923262
	speed: 0.0813s/iter; left time: 12042.6322s
Epoch: 18 cost time: 43.23897361755371
[2025-05-29 08:50:13] [32mIntermediate result: 0.08386664  (Index 17)[0m
Epoch: 18, Steps: 525 | Train Loss: 0.0873402 Vali Loss: 0.0829780 Test Loss: 0.0838666
Validation loss decreased (0.083343 --> 0.082978).  Saving model ...
Updating learning rate to 1.3167559459907157e-05
	iters: 100, epoch: 19 | loss: 0.0897891
	speed: 0.2674s/iter; left time: 39561.2656s
	iters: 200, epoch: 19 | loss: 0.0919464
	speed: 0.0817s/iter; left time: 12077.9897s
	iters: 300, epoch: 19 | loss: 0.0807728
	speed: 0.0818s/iter; left time: 12090.3669s
	iters: 400, epoch: 19 | loss: 0.0999917
	speed: 0.0820s/iter; left time: 12112.4520s
	iters: 500, epoch: 19 | loss: 0.0900236
	speed: 0.0817s/iter; left time: 12051.8633s
Epoch: 19 cost time: 43.40512442588806
[2025-05-29 08:51:13] [32mIntermediate result: 0.08302487  (Index 18)[0m
Epoch: 19, Steps: 525 | Train Loss: 0.0867075 Vali Loss: 0.0821355 Test Loss: 0.0830249
Validation loss decreased (0.082978 --> 0.082136).  Saving model ...
Updating learning rate to 1.4175898642840011e-05
	iters: 100, epoch: 20 | loss: 0.0777742
	speed: 0.2671s/iter; left time: 39373.1230s
	iters: 200, epoch: 20 | loss: 0.0870411
	speed: 0.0812s/iter; left time: 11956.6100s
	iters: 300, epoch: 20 | loss: 0.0852257
	speed: 0.0814s/iter; left time: 11988.1448s
	iters: 400, epoch: 20 | loss: 0.0728127
	speed: 0.0815s/iter; left time: 11996.4138s
	iters: 500, epoch: 20 | loss: 0.0829799
	speed: 0.0817s/iter; left time: 12012.0471s
Epoch: 20 cost time: 43.23900532722473
[2025-05-29 08:52:12] [32mIntermediate result: 0.08255504  (Index 19)[0m
Epoch: 20, Steps: 525 | Train Loss: 0.0863035 Vali Loss: 0.0816983 Test Loss: 0.0825550
Validation loss decreased (0.082136 --> 0.081698).  Saving model ...
Updating learning rate to 1.5230322617380688e-05
	iters: 100, epoch: 21 | loss: 0.0886460
	speed: 0.2668s/iter; left time: 39194.0156s
	iters: 200, epoch: 21 | loss: 0.0862073
	speed: 0.0815s/iter; left time: 11962.2565s
	iters: 300, epoch: 21 | loss: 0.0854334
	speed: 0.0816s/iter; left time: 11973.5886s
	iters: 400, epoch: 21 | loss: 0.0856825
	speed: 0.0817s/iter; left time: 11978.2207s
	iters: 500, epoch: 21 | loss: 0.0864347
	speed: 0.0814s/iter; left time: 11929.4359s
Epoch: 21 cost time: 43.33275008201599
[2025-05-29 08:53:11] [32mIntermediate result: 0.08334907  (Index 20)[0m
Epoch: 21, Steps: 525 | Train Loss: 0.0856126 Vali Loss: 0.0824339 Test Loss: 0.0833491
EarlyStopping counter: 1 out of 20
Updating learning rate to 1.6329546675964722e-05
	iters: 100, epoch: 22 | loss: 0.0869296
	speed: 0.2664s/iter; left time: 38995.7688s
	iters: 200, epoch: 22 | loss: 0.0880916
	speed: 0.0816s/iter; left time: 11938.5264s
	iters: 300, epoch: 22 | loss: 0.0780555
	speed: 0.0819s/iter; left time: 11977.8197s
	iters: 400, epoch: 22 | loss: 0.0979814
	speed: 0.0818s/iter; left time: 11950.5977s
	iters: 500, epoch: 22 | loss: 0.0773688
	speed: 0.0820s/iter; left time: 11964.1374s
Epoch: 22 cost time: 43.400959730148315
[2025-05-29 08:54:11] [32mIntermediate result: 0.08276139  (Index 21)[0m
Epoch: 22, Steps: 525 | Train Loss: 0.0851181 Vali Loss: 0.0816923 Test Loss: 0.0827614
Validation loss decreased (0.081698 --> 0.081692).  Saving model ...
Updating learning rate to 1.7472231526715956e-05
	iters: 100, epoch: 23 | loss: 0.0887199
	speed: 0.2663s/iter; left time: 38844.4769s
	iters: 200, epoch: 23 | loss: 0.0639739
	speed: 0.0820s/iter; left time: 11958.2373s
	iters: 300, epoch: 23 | loss: 0.0943929
	speed: 0.0817s/iter; left time: 11902.0169s
	iters: 400, epoch: 23 | loss: 0.0880364
	speed: 0.0816s/iter; left time: 11883.0634s
	iters: 500, epoch: 23 | loss: 0.0780600
	speed: 0.0818s/iter; left time: 11894.5912s
Epoch: 23 cost time: 43.415605545043945
[2025-05-29 08:55:10] [32mIntermediate result: 0.081275314  (Index 22)[0m
Epoch: 23, Steps: 525 | Train Loss: 0.0846131 Vali Loss: 0.0802253 Test Loss: 0.0812753
Validation loss decreased (0.081692 --> 0.080225).  Saving model ...
Updating learning rate to 1.8656984925236508e-05
	iters: 100, epoch: 24 | loss: 0.0748273
	speed: 0.2665s/iter; left time: 38727.2573s
	iters: 200, epoch: 24 | loss: 0.0726855
	speed: 0.0818s/iter; left time: 11885.6979s
	iters: 300, epoch: 24 | loss: 0.0811314
	speed: 0.0817s/iter; left time: 11857.8140s
	iters: 400, epoch: 24 | loss: 0.0798357
	speed: 0.0818s/iter; left time: 11857.1447s
	iters: 500, epoch: 24 | loss: 0.0851394
	speed: 0.0817s/iter; left time: 11837.0311s
Epoch: 24 cost time: 43.37662482261658
[2025-05-29 08:56:09] [32mIntermediate result: 0.08099301  (Index 23)[0m
Epoch: 24, Steps: 525 | Train Loss: 0.0842434 Vali Loss: 0.0801077 Test Loss: 0.0809930
Validation loss decreased (0.080225 --> 0.080108).  Saving model ...
Updating learning rate to 1.9882363370913827e-05
	iters: 100, epoch: 25 | loss: 0.0744439
	speed: 0.2664s/iter; left time: 38576.7773s
	iters: 200, epoch: 25 | loss: 0.0835924
	speed: 0.0813s/iter; left time: 11766.5688s
	iters: 300, epoch: 25 | loss: 0.0708660
	speed: 0.0816s/iter; left time: 11800.5208s
	iters: 400, epoch: 25 | loss: 0.0918988
	speed: 0.0817s/iter; left time: 11811.5862s
	iters: 500, epoch: 25 | loss: 0.0907645
	speed: 0.0815s/iter; left time: 11763.5474s
Epoch: 25 cost time: 43.281869888305664
[2025-05-29 08:57:09] [32mIntermediate result: 0.08027639  (Index 24)[0m
Epoch: 25, Steps: 525 | Train Loss: 0.0835421 Vali Loss: 0.0793189 Test Loss: 0.0802764
Validation loss decreased (0.080108 --> 0.079319).  Saving model ...
Updating learning rate to 2.1146873865678323e-05
	iters: 100, epoch: 26 | loss: 0.0887654
	speed: 0.2658s/iter; left time: 38350.6328s
	iters: 200, epoch: 26 | loss: 0.0834026
	speed: 0.0812s/iter; left time: 11713.7600s
	iters: 300, epoch: 26 | loss: 0.0851259
	speed: 0.0816s/iter; left time: 11755.4816s
	iters: 400, epoch: 26 | loss: 0.0862612
	speed: 0.0814s/iter; left time: 11725.5521s
	iters: 500, epoch: 26 | loss: 0.0812207
	speed: 0.0815s/iter; left time: 11728.3365s
Epoch: 26 cost time: 43.23873496055603
[2025-05-29 08:58:08] [32mIntermediate result: 0.080613695  (Index 25)[0m
Epoch: 26, Steps: 525 | Train Loss: 0.0833494 Vali Loss: 0.0798391 Test Loss: 0.0806137
EarlyStopping counter: 1 out of 20
Updating learning rate to 2.2448975733068574e-05
	iters: 100, epoch: 27 | loss: 0.0720077
	speed: 0.2675s/iter; left time: 38450.4450s
	iters: 200, epoch: 27 | loss: 0.0817394
	speed: 0.0815s/iter; left time: 11702.0939s
	iters: 300, epoch: 27 | loss: 0.0844369
	speed: 0.0815s/iter; left time: 11698.3357s
	iters: 400, epoch: 27 | loss: 0.0695052
	speed: 0.0820s/iter; left time: 11763.5820s
	iters: 500, epoch: 27 | loss: 0.0839166
	speed: 0.0819s/iter; left time: 11736.3706s
Epoch: 27 cost time: 43.37760663032532
[2025-05-29 08:59:07] [32mIntermediate result: 0.08011474  (Index 26)[0m
Epoch: 27, Steps: 525 | Train Loss: 0.0828763 Vali Loss: 0.0791887 Test Loss: 0.0801147
Validation loss decreased (0.079319 --> 0.079189).  Saving model ...
Updating learning rate to 2.3787082495387564e-05
	iters: 100, epoch: 28 | loss: 0.0918241
	speed: 0.2663s/iter; left time: 38136.2865s
	iters: 200, epoch: 28 | loss: 0.0628802
	speed: 0.0815s/iter; left time: 11658.7012s
	iters: 300, epoch: 28 | loss: 0.0775757
	speed: 0.0815s/iter; left time: 11656.5192s
	iters: 400, epoch: 28 | loss: 0.0774008
	speed: 0.0814s/iter; left time: 11641.2136s
	iters: 500, epoch: 28 | loss: 0.0778876
	speed: 0.0814s/iter; left time: 11625.1015s
Epoch: 28 cost time: 43.22206687927246
[2025-05-29 09:00:07] [32mIntermediate result: 0.079609476  (Index 27)[0m
Epoch: 28, Steps: 525 | Train Loss: 0.0822946 Vali Loss: 0.0786810 Test Loss: 0.0796095
Validation loss decreased (0.079189 --> 0.078681).  Saving model ...
Updating learning rate to 2.5159563806663365e-05
	iters: 100, epoch: 29 | loss: 0.0866369
	speed: 0.2669s/iter; left time: 38090.7347s
	iters: 200, epoch: 29 | loss: 0.0750183
	speed: 0.0815s/iter; left time: 11616.9835s
	iters: 300, epoch: 29 | loss: 0.0946688
	speed: 0.0815s/iter; left time: 11615.3941s
	iters: 400, epoch: 29 | loss: 0.0853293
	speed: 0.0815s/iter; left time: 11608.2802s
	iters: 500, epoch: 29 | loss: 0.0802449
	speed: 0.0814s/iter; left time: 11580.9365s
Epoch: 29 cost time: 43.28140568733215
[2025-05-29 09:01:06] [32mIntermediate result: 0.08018711  (Index 28)[0m
Epoch: 29, Steps: 525 | Train Loss: 0.0821193 Vali Loss: 0.0790732 Test Loss: 0.0801871
EarlyStopping counter: 1 out of 20
Updating learning rate to 2.6564747439058534e-05
	iters: 100, epoch: 30 | loss: 0.0707377
	speed: 0.2668s/iter; left time: 37926.4313s
	iters: 200, epoch: 30 | loss: 0.0842453
	speed: 0.0811s/iter; left time: 11528.4837s
	iters: 300, epoch: 30 | loss: 0.0839615
	speed: 0.0813s/iter; left time: 11536.3651s
	iters: 400, epoch: 30 | loss: 0.0776983
	speed: 0.0817s/iter; left time: 11596.9551s
	iters: 500, epoch: 30 | loss: 0.0601792
	speed: 0.0814s/iter; left time: 11543.6101s
Epoch: 30 cost time: 43.145697832107544
[2025-05-29 09:02:05] [32mIntermediate result: 0.07974376  (Index 29)[0m
Epoch: 30, Steps: 525 | Train Loss: 0.0815572 Vali Loss: 0.0788867 Test Loss: 0.0797438
EarlyStopping counter: 2 out of 20
Updating learning rate to 2.800092132030839e-05
	iters: 100, epoch: 31 | loss: 0.0863755
	speed: 0.2668s/iter; left time: 37796.3082s
	iters: 200, epoch: 31 | loss: 0.0821555
	speed: 0.0813s/iter; left time: 11503.5661s
	iters: 300, epoch: 31 | loss: 0.0883441
	speed: 0.0814s/iter; left time: 11519.5095s
	iters: 400, epoch: 31 | loss: 0.0733268
	speed: 0.0813s/iter; left time: 11490.2478s
	iters: 500, epoch: 31 | loss: 0.0855457
	speed: 0.0815s/iter; left time: 11512.3153s
Epoch: 31 cost time: 43.192927837371826
[2025-05-29 09:03:04] [32mIntermediate result: 0.07859775  (Index 30)[0m
Epoch: 31, Steps: 525 | Train Loss: 0.0813987 Vali Loss: 0.0777267 Test Loss: 0.0785977
Validation loss decreased (0.078681 --> 0.077727).  Saving model ...
Updating learning rate to 2.9466335619705657e-05
	iters: 100, epoch: 32 | loss: 0.0879180
	speed: 0.2660s/iter; left time: 37542.9704s
	iters: 200, epoch: 32 | loss: 0.0825459
	speed: 0.0815s/iter; left time: 11487.8864s
	iters: 300, epoch: 32 | loss: 0.0937613
	speed: 0.0814s/iter; left time: 11473.9627s
	iters: 400, epoch: 32 | loss: 0.0639405
	speed: 0.0815s/iter; left time: 11475.3906s
	iters: 500, epoch: 32 | loss: 0.0756489
	speed: 0.0816s/iter; left time: 11487.7209s
Epoch: 32 cost time: 43.260356187820435
[2025-05-29 09:04:03] [32mIntermediate result: 0.07884511  (Index 31)[0m
Epoch: 32, Steps: 525 | Train Loss: 0.0809704 Vali Loss: 0.0777019 Test Loss: 0.0788451
Validation loss decreased (0.077727 --> 0.077702).  Saving model ...
Updating learning rate to 3.0959204880089876e-05
	iters: 100, epoch: 33 | loss: 0.0964856
	speed: 0.2656s/iter; left time: 37345.7981s
	iters: 200, epoch: 33 | loss: 0.0888866
	speed: 0.0824s/iter; left time: 11578.7389s
	iters: 300, epoch: 33 | loss: 0.0751392
	speed: 0.0818s/iter; left time: 11481.2071s
	iters: 400, epoch: 33 | loss: 0.0900597
	speed: 0.0816s/iter; left time: 11445.5796s
	iters: 500, epoch: 33 | loss: 0.1029228
	speed: 0.0814s/iter; left time: 11413.2544s
Epoch: 33 cost time: 43.39552640914917
[2025-05-29 09:05:03] [32mIntermediate result: 0.07867773  (Index 32)[0m
Epoch: 33, Steps: 525 | Train Loss: 0.0806818 Vali Loss: 0.0776104 Test Loss: 0.0786777
Validation loss decreased (0.077702 --> 0.077610).  Saving model ...
Updating learning rate to 3.2477710193243916e-05
	iters: 100, epoch: 34 | loss: 0.0806441
	speed: 0.2659s/iter; left time: 37241.1283s
	iters: 200, epoch: 34 | loss: 0.0833139
	speed: 0.0813s/iter; left time: 11379.5791s
	iters: 300, epoch: 34 | loss: 0.0902626
	speed: 0.0813s/iter; left time: 11371.4791s
	iters: 400, epoch: 34 | loss: 0.0820959
	speed: 0.0814s/iter; left time: 11373.8378s
	iters: 500, epoch: 34 | loss: 0.0890956
	speed: 0.0814s/iter; left time: 11366.5109s
Epoch: 34 cost time: 43.142632722854614
[2025-05-29 09:06:02] [32mIntermediate result: 0.07990715  (Index 33)[0m
Epoch: 34, Steps: 525 | Train Loss: 0.0805446 Vali Loss: 0.0787874 Test Loss: 0.0799071
EarlyStopping counter: 1 out of 20
Updating learning rate to 3.402000141604739e-05
	iters: 100, epoch: 35 | loss: 0.0887893
	speed: 0.2664s/iter; left time: 37170.9679s
	iters: 200, epoch: 35 | loss: 0.0838112
	speed: 0.0814s/iter; left time: 11353.3254s
	iters: 300, epoch: 35 | loss: 0.0875205
	speed: 0.0813s/iter; left time: 11323.7705s
	iters: 400, epoch: 35 | loss: 0.0773732
	speed: 0.0813s/iter; left time: 11326.0489s
	iters: 500, epoch: 35 | loss: 0.0716589
	speed: 0.0813s/iter; left time: 11315.6004s
Epoch: 35 cost time: 43.20885515213013
[2025-05-29 09:07:01] [32mIntermediate result: 0.07781946  (Index 34)[0m
Epoch: 35, Steps: 525 | Train Loss: 0.0802165 Vali Loss: 0.0769452 Test Loss: 0.0778195
Validation loss decreased (0.077610 --> 0.076945).  Saving model ...
Updating learning rate to 3.5584199424686336e-05
	iters: 100, epoch: 36 | loss: 0.0811407
	speed: 0.2679s/iter; left time: 37246.9010s
	iters: 200, epoch: 36 | loss: 0.0760459
	speed: 0.0818s/iter; left time: 11367.1372s
	iters: 300, epoch: 36 | loss: 0.0748717
	speed: 0.0816s/iter; left time: 11324.5854s
	iters: 400, epoch: 36 | loss: 0.0882798
	speed: 0.0818s/iter; left time: 11354.1607s
	iters: 500, epoch: 36 | loss: 0.0794629
	speed: 0.0819s/iter; left time: 11353.2166s
Epoch: 36 cost time: 43.378708600997925
[2025-05-29 09:08:00] [32mIntermediate result: 0.077551074  (Index 35)[0m
Epoch: 36, Steps: 525 | Train Loss: 0.0800975 Vali Loss: 0.0767299 Test Loss: 0.0775511
Validation loss decreased (0.076945 --> 0.076730).  Saving model ...
Updating learning rate to 3.7168398404173076e-05
	iters: 100, epoch: 37 | loss: 0.0808512
	speed: 0.2657s/iter; left time: 36798.8769s
	iters: 200, epoch: 37 | loss: 0.0892727
	speed: 0.0813s/iter; left time: 11256.1888s
	iters: 300, epoch: 37 | loss: 0.0793150
	speed: 0.0815s/iter; left time: 11266.4382s
	iters: 400, epoch: 37 | loss: 0.0796603
	speed: 0.0815s/iter; left time: 11263.8400s
	iters: 500, epoch: 37 | loss: 0.0832344
	speed: 0.0817s/iter; left time: 11281.6052s
Epoch: 37 cost time: 43.29748725891113
[2025-05-29 09:09:00] [32mIntermediate result: 0.0775552  (Index 36)[0m
Epoch: 37, Steps: 525 | Train Loss: 0.0799380 Vali Loss: 0.0767221 Test Loss: 0.0775552
Validation loss decreased (0.076730 --> 0.076722).  Saving model ...
Updating learning rate to 3.8770668170386516e-05
	iters: 100, epoch: 38 | loss: 0.0863861
	speed: 0.2659s/iter; left time: 36682.7006s
	iters: 200, epoch: 38 | loss: 0.0740508
	speed: 0.0814s/iter; left time: 11222.3912s
	iters: 300, epoch: 38 | loss: 0.0829306
	speed: 0.0817s/iter; left time: 11258.2755s
	iters: 400, epoch: 38 | loss: 0.0839159
	speed: 0.0818s/iter; left time: 11265.0484s
	iters: 500, epoch: 38 | loss: 0.0807104
	speed: 0.0815s/iter; left time: 11215.6045s
Epoch: 38 cost time: 43.29644060134888
[2025-05-29 09:09:59] [32mIntermediate result: 0.07707063  (Index 37)[0m
Epoch: 38, Steps: 525 | Train Loss: 0.0795213 Vali Loss: 0.0760679 Test Loss: 0.0770706
Validation loss decreased (0.076722 --> 0.076068).  Saving model ...
Updating learning rate to 4.0389056521803645e-05
	iters: 100, epoch: 39 | loss: 0.0726317
	speed: 0.2664s/iter; left time: 36616.6205s
	iters: 200, epoch: 39 | loss: 0.0697546
	speed: 0.0818s/iter; left time: 11235.5866s
	iters: 300, epoch: 39 | loss: 0.0778596
	speed: 0.0815s/iter; left time: 11184.2580s
	iters: 400, epoch: 39 | loss: 0.0891301
	speed: 0.0818s/iter; left time: 11213.8348s
	iters: 500, epoch: 39 | loss: 0.0908558
	speed: 0.0818s/iter; left time: 11213.4546s
Epoch: 39 cost time: 43.367772579193115
[2025-05-29 09:10:58] [32mIntermediate result: 0.078604184  (Index 38)[0m
Epoch: 39, Steps: 525 | Train Loss: 0.0790206 Vali Loss: 0.0777827 Test Loss: 0.0786042
EarlyStopping counter: 1 out of 20
Updating learning rate to 4.2021591618057105e-05
	iters: 100, epoch: 40 | loss: 0.0788790
	speed: 0.2645s/iter; left time: 36220.6670s
	iters: 200, epoch: 40 | loss: 0.0813659
	speed: 0.0813s/iter; left time: 11125.7961s
	iters: 300, epoch: 40 | loss: 0.0798290
	speed: 0.0813s/iter; left time: 11109.4820s
	iters: 400, epoch: 40 | loss: 0.0866221
	speed: 0.0813s/iter; left time: 11104.2473s
	iters: 500, epoch: 40 | loss: 0.0840494
	speed: 0.0813s/iter; left time: 11104.2655s
Epoch: 40 cost time: 43.14234232902527
[2025-05-29 09:11:57] [32mIntermediate result: 0.07680197  (Index 39)[0m
Epoch: 40, Steps: 525 | Train Loss: 0.0791207 Vali Loss: 0.0757704 Test Loss: 0.0768020
Validation loss decreased (0.076068 --> 0.075770).  Saving model ...
Updating learning rate to 4.366628438242057e-05
	iters: 100, epoch: 41 | loss: 0.0789219
	speed: 0.2673s/iter; left time: 36462.8491s
	iters: 200, epoch: 41 | loss: 0.0687786
	speed: 0.0814s/iter; left time: 11100.5534s
	iters: 300, epoch: 41 | loss: 0.0688361
	speed: 0.0813s/iter; left time: 11075.3155s
	iters: 400, epoch: 41 | loss: 0.0739576
	speed: 0.0814s/iter; left time: 11077.6675s
	iters: 500, epoch: 41 | loss: 0.0654331
	speed: 0.0814s/iter; left time: 11075.6050s
Epoch: 41 cost time: 43.22944498062134
[2025-05-29 09:12:56] [32mIntermediate result: 0.07674505  (Index 40)[0m
Epoch: 41, Steps: 525 | Train Loss: 0.0788017 Vali Loss: 0.0757194 Test Loss: 0.0767450
Validation loss decreased (0.075770 --> 0.075719).  Saving model ...
Updating learning rate to 4.5321130925294954e-05
	iters: 100, epoch: 42 | loss: 0.0768098
	speed: 0.2662s/iter; left time: 36165.2132s
	iters: 200, epoch: 42 | loss: 0.0743613
	speed: 0.0816s/iter; left time: 11084.3231s
	iters: 300, epoch: 42 | loss: 0.0578903
	speed: 0.0815s/iter; left time: 11055.5284s
	iters: 400, epoch: 42 | loss: 0.0767059
	speed: 0.0813s/iter; left time: 11021.8628s
	iters: 500, epoch: 42 | loss: 0.0935332
	speed: 0.0811s/iter; left time: 10992.1142s
Epoch: 42 cost time: 43.25746417045593
[2025-05-29 09:13:56] [32mIntermediate result: 0.07815122  (Index 41)[0m
Epoch: 42, Steps: 525 | Train Loss: 0.0786808 Vali Loss: 0.0767794 Test Loss: 0.0781512
EarlyStopping counter: 1 out of 20
Updating learning rate to 4.698411498574252e-05
	iters: 100, epoch: 43 | loss: 0.0716214
	speed: 0.2671s/iter; left time: 36147.0389s
	iters: 200, epoch: 43 | loss: 0.0701453
	speed: 0.0814s/iter; left time: 11004.1231s
	iters: 300, epoch: 43 | loss: 0.0795691
	speed: 0.0813s/iter; left time: 10984.7791s
	iters: 400, epoch: 43 | loss: 0.0846198
	speed: 0.0812s/iter; left time: 10960.4412s
	iters: 500, epoch: 43 | loss: 0.0775865
	speed: 0.0812s/iter; left time: 10958.5384s
Epoch: 43 cost time: 43.138829708099365
[2025-05-29 09:14:55] [32mIntermediate result: 0.07670122  (Index 42)[0m
Epoch: 43, Steps: 525 | Train Loss: 0.0786370 Vali Loss: 0.0757153 Test Loss: 0.0767012
Validation loss decreased (0.075719 --> 0.075715).  Saving model ...
Updating learning rate to 4.8653210388094224e-05
	iters: 100, epoch: 44 | loss: 0.0792108
	speed: 0.2667s/iter; left time: 35958.4492s
	iters: 200, epoch: 44 | loss: 0.0805916
	speed: 0.0814s/iter; left time: 10966.5414s
	iters: 300, epoch: 44 | loss: 0.0866490
	speed: 0.0812s/iter; left time: 10928.1960s
	iters: 400, epoch: 44 | loss: 0.0767995
	speed: 0.0816s/iter; left time: 10974.7465s
	iters: 500, epoch: 44 | loss: 0.0780589
	speed: 0.0816s/iter; left time: 10966.9375s
Epoch: 44 cost time: 43.2232084274292
[2025-05-29 09:15:54] [32mIntermediate result: 0.07666413  (Index 43)[0m
Epoch: 44, Steps: 525 | Train Loss: 0.0780442 Vali Loss: 0.0756309 Test Loss: 0.0766641
Validation loss decreased (0.075715 --> 0.075631).  Saving model ...
Updating learning rate to 5.0326383510637194e-05
	iters: 100, epoch: 45 | loss: 0.0786294
	speed: 0.2665s/iter; left time: 35792.3828s
	iters: 200, epoch: 45 | loss: 0.0743830
	speed: 0.0816s/iter; left time: 10957.2617s
	iters: 300, epoch: 45 | loss: 0.0858079
	speed: 0.0815s/iter; left time: 10932.6363s
	iters: 400, epoch: 45 | loss: 0.0867618
	speed: 0.0817s/iter; left time: 10942.1126s
	iters: 500, epoch: 45 | loss: 0.0725239
	speed: 0.0816s/iter; left time: 10930.8496s
Epoch: 45 cost time: 43.33848190307617
[2025-05-29 09:16:54] [32mIntermediate result: 0.076616555  (Index 44)[0m
Epoch: 45, Steps: 525 | Train Loss: 0.0780069 Vali Loss: 0.0756340 Test Loss: 0.0766166
EarlyStopping counter: 1 out of 20
Updating learning rate to 5.2001595763374295e-05
	iters: 100, epoch: 46 | loss: 0.0714436
	speed: 0.2682s/iter; left time: 35876.5613s
	iters: 200, epoch: 46 | loss: 0.0802740
	speed: 0.0814s/iter; left time: 10882.5622s
	iters: 300, epoch: 46 | loss: 0.0737427
	speed: 0.0817s/iter; left time: 10918.3048s
	iters: 400, epoch: 46 | loss: 0.0868185
	speed: 0.0818s/iter; left time: 10917.6301s
	iters: 500, epoch: 46 | loss: 0.0924049
	speed: 0.0814s/iter; left time: 10858.4878s
Epoch: 46 cost time: 43.34922766685486
[2025-05-29 09:17:53] [32mIntermediate result: 0.075709075  (Index 45)[0m
Epoch: 46, Steps: 525 | Train Loss: 0.0779758 Vali Loss: 0.0747285 Test Loss: 0.0757091
Validation loss decreased (0.075631 --> 0.074728).  Saving model ...
Updating learning rate to 5.3676806071837254e-05
	iters: 100, epoch: 47 | loss: 0.0797908
	speed: 0.2684s/iter; left time: 35767.0603s
	iters: 200, epoch: 47 | loss: 0.0904746
	speed: 0.0813s/iter; left time: 10828.0720s
	iters: 300, epoch: 47 | loss: 0.0703230
	speed: 0.0815s/iter; left time: 10845.2272s
	iters: 400, epoch: 47 | loss: 0.0854330
	speed: 0.0816s/iter; left time: 10851.8771s
	iters: 500, epoch: 47 | loss: 0.0614693
	speed: 0.0814s/iter; left time: 10815.6299s
Epoch: 47 cost time: 43.33504343032837
[2025-05-29 09:18:52] [32mIntermediate result: 0.07555339  (Index 46)[0m
Epoch: 47, Steps: 525 | Train Loss: 0.0777182 Vali Loss: 0.0747310 Test Loss: 0.0755534
EarlyStopping counter: 1 out of 20
Updating learning rate to 5.5349973363926665e-05
	iters: 100, epoch: 48 | loss: 0.0864146
	speed: 0.2652s/iter; left time: 35196.5492s
	iters: 200, epoch: 48 | loss: 0.0877795
	speed: 0.0816s/iter; left time: 10822.8664s
	iters: 300, epoch: 48 | loss: 0.0793874
	speed: 0.0815s/iter; left time: 10806.9938s
	iters: 400, epoch: 48 | loss: 0.0788524
	speed: 0.0814s/iter; left time: 10777.7789s
	iters: 500, epoch: 48 | loss: 0.0748488
	speed: 0.0811s/iter; left time: 10737.4340s
Epoch: 48 cost time: 43.21149468421936
[2025-05-29 09:19:51] [32mIntermediate result: 0.0764304  (Index 47)[0m
Epoch: 48, Steps: 525 | Train Loss: 0.0774545 Vali Loss: 0.0753680 Test Loss: 0.0764304
EarlyStopping counter: 2 out of 20
Updating learning rate to 5.7019059056749234e-05
	iters: 100, epoch: 49 | loss: 0.0823870
	speed: 0.2664s/iter; left time: 35215.3459s
	iters: 200, epoch: 49 | loss: 0.0823029
	speed: 0.0817s/iter; left time: 10792.7598s
	iters: 300, epoch: 49 | loss: 0.0636649
	speed: 0.0814s/iter; left time: 10749.9947s
	iters: 400, epoch: 49 | loss: 0.0798063
	speed: 0.0815s/iter; left time: 10746.3243s
	iters: 500, epoch: 49 | loss: 0.0734976
	speed: 0.0815s/iter; left time: 10739.7941s
Epoch: 49 cost time: 43.23085832595825
[2025-05-29 09:20:51] [32mIntermediate result: 0.07687557  (Index 48)[0m
Epoch: 49, Steps: 525 | Train Loss: 0.0774955 Vali Loss: 0.0759932 Test Loss: 0.0768756
EarlyStopping counter: 3 out of 20
Updating learning rate to 5.868202954042212e-05
	iters: 100, epoch: 50 | loss: 0.0768206
	speed: 0.2654s/iter; left time: 34943.7755s
	iters: 200, epoch: 50 | loss: 0.0693806
	speed: 0.0814s/iter; left time: 10711.7101s
	iters: 300, epoch: 50 | loss: 0.0706340
	speed: 0.0814s/iter; left time: 10701.3315s
	iters: 400, epoch: 50 | loss: 0.0959219
	speed: 0.0819s/iter; left time: 10763.0093s
	iters: 500, epoch: 50 | loss: 0.0761423
	speed: 0.0816s/iter; left time: 10708.9837s
Epoch: 50 cost time: 43.24696922302246
[2025-05-29 09:21:50] [32mIntermediate result: 0.07630448  (Index 49)[0m
Epoch: 50, Steps: 525 | Train Loss: 0.0770583 Vali Loss: 0.0755070 Test Loss: 0.0763045
EarlyStopping counter: 4 out of 20
Updating learning rate to 6.033685865581821e-05
	iters: 100, epoch: 51 | loss: 0.0677280
	speed: 0.2639s/iter; left time: 34615.5626s
	iters: 200, epoch: 51 | loss: 0.0840733
	speed: 0.0814s/iter; left time: 10668.7757s
	iters: 300, epoch: 51 | loss: 0.0770220
	speed: 0.0817s/iter; left time: 10693.1928s
	iters: 400, epoch: 51 | loss: 0.0682601
	speed: 0.0817s/iter; left time: 10688.8003s
	iters: 500, epoch: 51 | loss: 0.0764501
	speed: 0.0815s/iter; left time: 10650.4810s
Epoch: 51 cost time: 43.24267911911011
[2025-05-29 09:22:49] [32mIntermediate result: 0.076275125  (Index 50)[0m
Epoch: 51, Steps: 525 | Train Loss: 0.0772008 Vali Loss: 0.0753316 Test Loss: 0.0762751
EarlyStopping counter: 5 out of 20
Updating learning rate to 6.198153016323336e-05
	iters: 100, epoch: 52 | loss: 0.0749426
	speed: 0.2674s/iter; left time: 34930.8390s
	iters: 200, epoch: 52 | loss: 0.0801807
	speed: 0.0815s/iter; left time: 10637.8610s
	iters: 300, epoch: 52 | loss: 0.0847547
	speed: 0.0815s/iter; left time: 10629.7773s
	iters: 400, epoch: 52 | loss: 0.0789812
	speed: 0.0815s/iter; left time: 10620.9614s
	iters: 500, epoch: 52 | loss: 0.0803820
	speed: 0.0818s/iter; left time: 10647.0668s
Epoch: 52 cost time: 43.309815883636475
[2025-05-29 09:23:48] [32mIntermediate result: 0.07626346  (Index 51)[0m
Epoch: 52, Steps: 525 | Train Loss: 0.0768654 Vali Loss: 0.0751983 Test Loss: 0.0762635
EarlyStopping counter: 6 out of 20
Updating learning rate to 6.36140401989679e-05
	iters: 100, epoch: 53 | loss: 0.0748541
	speed: 0.2669s/iter; left time: 34721.3719s
	iters: 200, epoch: 53 | loss: 0.0760653
	speed: 0.0819s/iter; left time: 10648.2294s
	iters: 300, epoch: 53 | loss: 0.0778417
	speed: 0.0822s/iter; left time: 10678.8313s
	iters: 400, epoch: 53 | loss: 0.0711080
	speed: 0.0820s/iter; left time: 10640.7396s
	iters: 500, epoch: 53 | loss: 0.0729772
	speed: 0.0820s/iter; left time: 10641.3259s
Epoch: 53 cost time: 43.53796911239624
[2025-05-29 09:24:48] [32mIntermediate result: 0.076942496  (Index 52)[0m
Epoch: 53, Steps: 525 | Train Loss: 0.0765627 Vali Loss: 0.0757401 Test Loss: 0.0769425
EarlyStopping counter: 7 out of 20
Updating learning rate to 6.523239971682915e-05
	iters: 100, epoch: 54 | loss: 0.0766145
	speed: 0.2657s/iter; left time: 34425.5683s
	iters: 200, epoch: 54 | loss: 0.0744829
	speed: 0.0822s/iter; left time: 10646.8847s
	iters: 300, epoch: 54 | loss: 0.0762402
	speed: 0.0817s/iter; left time: 10569.6849s
	iters: 400, epoch: 54 | loss: 0.0661118
	speed: 0.0817s/iter; left time: 10563.2360s
	iters: 500, epoch: 54 | loss: 0.0718648
	speed: 0.0817s/iter; left time: 10559.7785s
Epoch: 54 cost time: 43.39594602584839
[2025-05-29 09:25:47] [32mIntermediate result: 0.075870395  (Index 53)[0m
Epoch: 54, Steps: 525 | Train Loss: 0.0766443 Vali Loss: 0.0748601 Test Loss: 0.0758704
EarlyStopping counter: 8 out of 20
Updating learning rate to 6.683463691158054e-05
	iters: 100, epoch: 55 | loss: 0.0762395
	speed: 0.2665s/iter; left time: 34397.7071s
	iters: 200, epoch: 55 | loss: 0.0672395
	speed: 0.0817s/iter; left time: 10532.0702s
	iters: 300, epoch: 55 | loss: 0.0900844
	speed: 0.0815s/iter; left time: 10501.9895s
	iters: 400, epoch: 55 | loss: 0.0699148
	speed: 0.0817s/iter; left time: 10513.0870s
	iters: 500, epoch: 55 | loss: 0.0769811
	speed: 0.0816s/iter; left time: 10491.9697s
Epoch: 55 cost time: 43.30991983413696
[2025-05-29 09:26:46] [32mIntermediate result: 0.07518757  (Index 54)[0m
Epoch: 55, Steps: 525 | Train Loss: 0.0763040 Vali Loss: 0.0743364 Test Loss: 0.0751876
Validation loss decreased (0.074728 --> 0.074336).  Saving model ...
Updating learning rate to 6.841879962138402e-05
	iters: 100, epoch: 56 | loss: 0.0777480
	speed: 0.2647s/iter; left time: 34023.2034s
	iters: 200, epoch: 56 | loss: 0.0848527
	speed: 0.0817s/iter; left time: 10493.2129s
	iters: 300, epoch: 56 | loss: 0.0754034
	speed: 0.0818s/iter; left time: 10494.8258s
	iters: 400, epoch: 56 | loss: 0.0781861
	speed: 0.0816s/iter; left time: 10459.0739s
	iters: 500, epoch: 56 | loss: 0.0691587
	speed: 0.0816s/iter; left time: 10450.3554s
Epoch: 56 cost time: 43.30750012397766
[2025-05-29 09:27:45] [32mIntermediate result: 0.07664378  (Index 55)[0m
Epoch: 56, Steps: 525 | Train Loss: 0.0760991 Vali Loss: 0.0758974 Test Loss: 0.0766438
EarlyStopping counter: 1 out of 20
Updating learning rate to 6.998295770630938e-05
	iters: 100, epoch: 57 | loss: 0.0746273
	speed: 0.2663s/iter; left time: 34090.7171s
	iters: 200, epoch: 57 | loss: 0.0731583
	speed: 0.0817s/iter; left time: 10443.4883s
	iters: 300, epoch: 57 | loss: 0.0790862
	speed: 0.0817s/iter; left time: 10446.8459s
	iters: 400, epoch: 57 | loss: 0.0674478
	speed: 0.0817s/iter; left time: 10433.6184s
	iters: 500, epoch: 57 | loss: 0.0812500
	speed: 0.0817s/iter; left time: 10422.3021s
Epoch: 57 cost time: 43.369057416915894
[2025-05-29 09:28:45] [32mIntermediate result: 0.07542484  (Index 56)[0m
Epoch: 57, Steps: 525 | Train Loss: 0.0759638 Vali Loss: 0.0745454 Test Loss: 0.0754248
EarlyStopping counter: 2 out of 20
Updating learning rate to 7.152520540001189e-05
	iters: 100, epoch: 58 | loss: 0.0828918
	speed: 0.2651s/iter; left time: 33793.4423s
	iters: 200, epoch: 58 | loss: 0.0812764
	speed: 0.0817s/iter; left time: 10404.4142s
	iters: 300, epoch: 58 | loss: 0.0837910
	speed: 0.0815s/iter; left time: 10372.3065s
	iters: 400, epoch: 58 | loss: 0.0813193
	speed: 0.0814s/iter; left time: 10356.7887s
	iters: 500, epoch: 58 | loss: 0.0842530
	speed: 0.0817s/iter; left time: 10379.8373s
Epoch: 58 cost time: 43.293209075927734
[2025-05-29 09:29:44] [32mIntermediate result: 0.074315175  (Index 57)[0m
Epoch: 58, Steps: 525 | Train Loss: 0.0759307 Vali Loss: 0.0734343 Test Loss: 0.0743152
Validation loss decreased (0.074336 --> 0.073434).  Saving model ...
Updating learning rate to 7.304366363171337e-05
	iters: 100, epoch: 59 | loss: 0.0807010
	speed: 0.2658s/iter; left time: 33739.6309s
	iters: 200, epoch: 59 | loss: 0.0769783
	speed: 0.0820s/iter; left time: 10407.9663s
	iters: 300, epoch: 59 | loss: 0.0734846
	speed: 0.0820s/iter; left time: 10393.8111s
	iters: 400, epoch: 59 | loss: 0.0820476
	speed: 0.0819s/iter; left time: 10372.3984s
	iters: 500, epoch: 59 | loss: 0.0844122
	speed: 0.0823s/iter; left time: 10410.0214s
Epoch: 59 cost time: 43.53141641616821
[2025-05-29 09:30:43] [32mIntermediate result: 0.077113524  (Index 58)[0m
Epoch: 59, Steps: 525 | Train Loss: 0.0759799 Vali Loss: 0.0760565 Test Loss: 0.0771135
EarlyStopping counter: 1 out of 20
Updating learning rate to 7.45364823156573e-05
	iters: 100, epoch: 60 | loss: 0.0609441
	speed: 0.2657s/iter; left time: 33596.5756s
	iters: 200, epoch: 60 | loss: 0.0795224
	speed: 0.0818s/iter; left time: 10338.1587s
	iters: 300, epoch: 60 | loss: 0.0680700
	speed: 0.0815s/iter; left time: 10282.4255s
	iters: 400, epoch: 60 | loss: 0.0797103
	speed: 0.0817s/iter; left time: 10299.0915s
	iters: 500, epoch: 60 | loss: 0.0696453
	speed: 0.0814s/iter; left time: 10254.2000s
Epoch: 60 cost time: 43.31550693511963
[2025-05-29 09:31:43] [32mIntermediate result: 0.07448011  (Index 59)[0m
Epoch: 60, Steps: 525 | Train Loss: 0.0756130 Vali Loss: 0.0735020 Test Loss: 0.0744801
EarlyStopping counter: 2 out of 20
Updating learning rate to 7.600184260524882e-05
	iters: 100, epoch: 61 | loss: 0.0824047
	speed: 0.2668s/iter; left time: 33588.9332s
	iters: 200, epoch: 61 | loss: 0.0864783
	speed: 0.0817s/iter; left time: 10279.8875s
	iters: 300, epoch: 61 | loss: 0.0781594
	speed: 0.0816s/iter; left time: 10252.2732s
	iters: 400, epoch: 61 | loss: 0.0694824
	speed: 0.0817s/iter; left time: 10262.0360s
	iters: 500, epoch: 61 | loss: 0.0745029
	speed: 0.0818s/iter; left time: 10267.8673s
Epoch: 61 cost time: 43.33307719230652
[2025-05-29 09:32:42] [32mIntermediate result: 0.076695114  (Index 60)[0m
Epoch: 61, Steps: 525 | Train Loss: 0.0752027 Vali Loss: 0.0757201 Test Loss: 0.0766951
EarlyStopping counter: 3 out of 20
Updating learning rate to 7.743795910913288e-05
	iters: 100, epoch: 62 | loss: 0.0780687
	speed: 0.2682s/iter; left time: 33621.9658s
	iters: 200, epoch: 62 | loss: 0.0796323
	speed: 0.0814s/iter; left time: 10202.9130s
	iters: 300, epoch: 62 | loss: 0.0815437
	speed: 0.0818s/iter; left time: 10234.4973s
	iters: 400, epoch: 62 | loss: 0.0735134
	speed: 0.0817s/iter; left time: 10220.6801s
	iters: 500, epoch: 62 | loss: 0.0824926
	speed: 0.0818s/iter; left time: 10221.9660s
Epoch: 62 cost time: 43.33430242538452
[2025-05-29 09:33:41] [32mIntermediate result: 0.07449334  (Index 61)[0m
Epoch: 62, Steps: 525 | Train Loss: 0.0752353 Vali Loss: 0.0733303 Test Loss: 0.0744933
Validation loss decreased (0.073434 --> 0.073330).  Saving model ...
Updating learning rate to 7.88430820665106e-05
	iters: 100, epoch: 63 | loss: 0.0693695
	speed: 0.2657s/iter; left time: 33178.9146s
	iters: 200, epoch: 63 | loss: 0.0721687
	speed: 0.0815s/iter; left time: 10164.3034s
	iters: 300, epoch: 63 | loss: 0.0802391
	speed: 0.0816s/iter; left time: 10170.4052s
	iters: 400, epoch: 63 | loss: 0.0722422
	speed: 0.0816s/iter; left time: 10162.2790s
	iters: 500, epoch: 63 | loss: 0.0706926
	speed: 0.0820s/iter; left time: 10203.8424s
Epoch: 63 cost time: 43.32128596305847
[2025-05-29 09:34:41] [32mIntermediate result: 0.073745474  (Index 62)[0m
Epoch: 63, Steps: 525 | Train Loss: 0.0753198 Vali Loss: 0.0726536 Test Loss: 0.0737455
Validation loss decreased (0.073330 --> 0.072654).  Saving model ...
Updating learning rate to 8.021549947904362e-05
	iters: 100, epoch: 64 | loss: 0.0778134
	speed: 0.2663s/iter; left time: 33114.1690s
	iters: 200, epoch: 64 | loss: 0.0736654
	speed: 0.0814s/iter; left time: 10114.6547s
	iters: 300, epoch: 64 | loss: 0.0745233
	speed: 0.0817s/iter; left time: 10141.4645s
	iters: 400, epoch: 64 | loss: 0.0682609
	speed: 0.0815s/iter; left time: 10103.2022s
	iters: 500, epoch: 64 | loss: 0.0694239
	speed: 0.0813s/iter; left time: 10076.0482s
Epoch: 64 cost time: 43.22434186935425
[2025-05-29 09:35:40] [32mIntermediate result: 0.07423537  (Index 63)[0m
Epoch: 64, Steps: 525 | Train Loss: 0.0745490 Vali Loss: 0.0731908 Test Loss: 0.0742354
EarlyStopping counter: 1 out of 20
Updating learning rate to 8.15535391967486e-05
	iters: 100, epoch: 65 | loss: 0.0686202
	speed: 0.2695s/iter; left time: 33365.9977s
	iters: 200, epoch: 65 | loss: 0.0749529
	speed: 0.0821s/iter; left time: 10156.0577s
	iters: 300, epoch: 65 | loss: 0.0757052
	speed: 0.0819s/iter; left time: 10121.4854s
	iters: 400, epoch: 65 | loss: 0.0772000
	speed: 0.0815s/iter; left time: 10067.6899s
	iters: 500, epoch: 65 | loss: 0.0696196
	speed: 0.0814s/iter; left time: 10044.7500s
Epoch: 65 cost time: 43.40866994857788
[2025-05-29 09:36:40] [32mIntermediate result: 0.073727176  (Index 64)[0m
Epoch: 65, Steps: 525 | Train Loss: 0.0749500 Vali Loss: 0.0726033 Test Loss: 0.0737272
Validation loss decreased (0.072654 --> 0.072603).  Saving model ...
Updating learning rate to 8.285557095534051e-05
	iters: 100, epoch: 66 | loss: 0.0802165
	speed: 0.2685s/iter; left time: 33099.6032s
	iters: 200, epoch: 66 | loss: 0.0732057
	speed: 0.0817s/iter; left time: 10068.5960s
	iters: 300, epoch: 66 | loss: 0.0815333
	speed: 0.0814s/iter; left time: 10017.2160s
	iters: 400, epoch: 66 | loss: 0.0834348
	speed: 0.0818s/iter; left time: 10056.1220s
	iters: 500, epoch: 66 | loss: 0.0760256
	speed: 0.0815s/iter; left time: 10020.3939s
Epoch: 66 cost time: 43.38815665245056
[2025-05-29 09:37:39] [32mIntermediate result: 0.07379371  (Index 65)[0m
Epoch: 66, Steps: 525 | Train Loss: 0.0746327 Vali Loss: 0.0728349 Test Loss: 0.0737937
EarlyStopping counter: 1 out of 20
Updating learning rate to 8.412000836254281e-05
	iters: 100, epoch: 67 | loss: 0.0761317
	speed: 0.2671s/iter; left time: 32789.9207s
	iters: 200, epoch: 67 | loss: 0.0626754
	speed: 0.0815s/iter; left time: 10001.3579s
	iters: 300, epoch: 67 | loss: 0.0674734
	speed: 0.0817s/iter; left time: 10007.1513s
	iters: 400, epoch: 67 | loss: 0.0776707
	speed: 0.0818s/iter; left time: 10020.6489s
	iters: 500, epoch: 67 | loss: 0.0733209
	speed: 0.0821s/iter; left time: 10039.0173s
Epoch: 67 cost time: 43.40862226486206
[2025-05-29 09:38:38] [32mIntermediate result: 0.07318346  (Index 66)[0m
Epoch: 67, Steps: 525 | Train Loss: 0.0742834 Vali Loss: 0.0721854 Test Loss: 0.0731835
Validation loss decreased (0.072603 --> 0.072185).  Saving model ...
Updating learning rate to 8.534531083094375e-05
	iters: 100, epoch: 68 | loss: 0.0659576
	speed: 0.2660s/iter; left time: 32506.5030s
	iters: 200, epoch: 68 | loss: 0.0795236
	speed: 0.0812s/iter; left time: 9911.3844s
	iters: 300, epoch: 68 | loss: 0.0705073
	speed: 0.0813s/iter; left time: 9920.6179s
	iters: 400, epoch: 68 | loss: 0.0789579
	speed: 0.0814s/iter; left time: 9921.8809s
	iters: 500, epoch: 68 | loss: 0.0743248
	speed: 0.0812s/iter; left time: 9892.1584s
Epoch: 68 cost time: 43.17591094970703
[2025-05-29 09:39:38] [32mIntermediate result: 0.073672645  (Index 67)[0m
Epoch: 68, Steps: 525 | Train Loss: 0.0745001 Vali Loss: 0.0726504 Test Loss: 0.0736726
EarlyStopping counter: 1 out of 20
Updating learning rate to 8.652998545504425e-05
	iters: 100, epoch: 69 | loss: 0.0760070
	speed: 0.2670s/iter; left time: 32494.7392s
	iters: 200, epoch: 69 | loss: 0.0715124
	speed: 0.0817s/iter; left time: 9932.8709s
	iters: 300, epoch: 69 | loss: 0.0671140
	speed: 0.0816s/iter; left time: 9913.4574s
	iters: 400, epoch: 69 | loss: 0.0702582
	speed: 0.0816s/iter; left time: 9902.0527s
	iters: 500, epoch: 69 | loss: 0.0826074
	speed: 0.0817s/iter; left time: 9912.3396s
Epoch: 69 cost time: 43.26964068412781
[2025-05-29 09:40:37] [32mIntermediate result: 0.075466685  (Index 68)[0m
Epoch: 69, Steps: 525 | Train Loss: 0.0742962 Vali Loss: 0.0744039 Test Loss: 0.0754667
EarlyStopping counter: 2 out of 20
Updating learning rate to 8.767258883021035e-05
	iters: 100, epoch: 70 | loss: 0.0692750
	speed: 0.2652s/iter; left time: 32137.2593s
	iters: 200, epoch: 70 | loss: 0.0754700
	speed: 0.0816s/iter; left time: 9879.6334s
	iters: 300, epoch: 70 | loss: 0.0760696
	speed: 0.0814s/iter; left time: 9845.8103s
	iters: 400, epoch: 70 | loss: 0.0861978
	speed: 0.0816s/iter; left time: 9860.5329s
	iters: 500, epoch: 70 | loss: 0.0716983
	speed: 0.0821s/iter; left time: 9916.0347s
Epoch: 70 cost time: 43.338340282440186
[2025-05-29 09:41:36] [32mIntermediate result: 0.07383648  (Index 69)[0m
Epoch: 70, Steps: 525 | Train Loss: 0.0736716 Vali Loss: 0.0727516 Test Loss: 0.0738365
EarlyStopping counter: 3 out of 20
Updating learning rate to 8.877172881131381e-05
	iters: 100, epoch: 71 | loss: 0.0695115
	speed: 0.2652s/iter; left time: 31998.4701s
	iters: 200, epoch: 71 | loss: 0.0855335
	speed: 0.0818s/iter; left time: 9857.2843s
	iters: 300, epoch: 71 | loss: 0.0600552
	speed: 0.0816s/iter; left time: 9832.1149s
	iters: 400, epoch: 71 | loss: 0.0691782
	speed: 0.0814s/iter; left time: 9795.8978s
	iters: 500, epoch: 71 | loss: 0.0789059
	speed: 0.0812s/iter; left time: 9765.6850s
Epoch: 71 cost time: 43.2464759349823
[2025-05-29 09:42:35] [32mIntermediate result: 0.07365852  (Index 70)[0m
Epoch: 71, Steps: 525 | Train Loss: 0.0734271 Vali Loss: 0.0725778 Test Loss: 0.0736585
EarlyStopping counter: 4 out of 20
Updating learning rate to 8.982606620891825e-05
	iters: 100, epoch: 72 | loss: 0.0642600
	speed: 0.2678s/iter; left time: 32164.7946s
	iters: 200, epoch: 72 | loss: 0.0627598
	speed: 0.0813s/iter; left time: 9755.8572s
	iters: 300, epoch: 72 | loss: 0.0686047
	speed: 0.0818s/iter; left time: 9805.0661s
	iters: 400, epoch: 72 | loss: 0.0718887
	speed: 0.0814s/iter; left time: 9756.7611s
	iters: 500, epoch: 72 | loss: 0.0790858
	speed: 0.0814s/iter; left time: 9744.6389s
Epoch: 72 cost time: 43.29346776008606
[2025-05-29 09:43:35] [32mIntermediate result: 0.07332407  (Index 71)[0m
Epoch: 72, Steps: 525 | Train Loss: 0.0735018 Vali Loss: 0.0720970 Test Loss: 0.0733241
Validation loss decreased (0.072185 --> 0.072097).  Saving model ...
Updating learning rate to 9.083431642094434e-05
	iters: 100, epoch: 73 | loss: 0.0672182
	speed: 0.2700s/iter; left time: 32290.4721s
	iters: 200, epoch: 73 | loss: 0.0742107
	speed: 0.0812s/iter; left time: 9709.3565s
	iters: 300, epoch: 73 | loss: 0.0723293
	speed: 0.0813s/iter; left time: 9703.8876s
	iters: 400, epoch: 73 | loss: 0.0621181
	speed: 0.0810s/iter; left time: 9661.1131s
	iters: 500, epoch: 73 | loss: 0.0795787
	speed: 0.0815s/iter; left time: 9716.2838s
Epoch: 73 cost time: 43.21645426750183
[2025-05-29 09:44:34] [32mIntermediate result: 0.074350566  (Index 72)[0m
Epoch: 73, Steps: 525 | Train Loss: 0.0732199 Vali Loss: 0.0733108 Test Loss: 0.0743506
EarlyStopping counter: 1 out of 20
Updating learning rate to 9.179525099782574e-05
	iters: 100, epoch: 74 | loss: 0.0735374
	speed: 0.2676s/iter; left time: 31862.8153s
	iters: 200, epoch: 74 | loss: 0.0697083
	speed: 0.0816s/iter; left time: 9704.3144s
	iters: 300, epoch: 74 | loss: 0.0652639
	speed: 0.0814s/iter; left time: 9675.3000s
	iters: 400, epoch: 74 | loss: 0.0681963
	speed: 0.0812s/iter; left time: 9643.1688s
	iters: 500, epoch: 74 | loss: 0.0626232
	speed: 0.0816s/iter; left time: 9682.0583s
Epoch: 74 cost time: 43.27196264266968
[2025-05-29 09:45:33] [32mIntermediate result: 0.07402287  (Index 73)[0m
Epoch: 74, Steps: 525 | Train Loss: 0.0734489 Vali Loss: 0.0728795 Test Loss: 0.0740229
EarlyStopping counter: 2 out of 20
Updating learning rate to 9.270769913924898e-05
	iters: 100, epoch: 75 | loss: 0.0697260
	speed: 0.2656s/iter; left time: 31488.3163s
	iters: 200, epoch: 75 | loss: 0.0687043
	speed: 0.0813s/iter; left time: 9630.7422s
	iters: 300, epoch: 75 | loss: 0.0781222
	speed: 0.0813s/iter; left time: 9620.9421s
	iters: 400, epoch: 75 | loss: 0.0760804
	speed: 0.0813s/iter; left time: 9617.7797s
	iters: 500, epoch: 75 | loss: 0.0767802
	speed: 0.0814s/iter; left time: 9615.8036s
Epoch: 75 cost time: 43.153079986572266
[2025-05-29 09:46:32] [32mIntermediate result: 0.07279421  (Index 74)[0m
Epoch: 75, Steps: 525 | Train Loss: 0.0727876 Vali Loss: 0.0716818 Test Loss: 0.0727942
Validation loss decreased (0.072097 --> 0.071682).  Saving model ...
Updating learning rate to 9.357054912065379e-05
	iters: 100, epoch: 76 | loss: 0.0701789
	speed: 0.2678s/iter; left time: 31606.5225s
	iters: 200, epoch: 76 | loss: 0.0722929
	speed: 0.0816s/iter; left time: 9627.6513s
	iters: 300, epoch: 76 | loss: 0.0804841
	speed: 0.0816s/iter; left time: 9611.4855s
	iters: 400, epoch: 76 | loss: 0.0723612
	speed: 0.0817s/iter; left time: 9614.5144s
	iters: 500, epoch: 76 | loss: 0.0809919
	speed: 0.0817s/iter; left time: 9608.5344s
Epoch: 76 cost time: 43.36456823348999
[2025-05-29 09:47:32] [32mIntermediate result: 0.07887516  (Index 75)[0m
Epoch: 76, Steps: 525 | Train Loss: 0.0727706 Vali Loss: 0.0776838 Test Loss: 0.0788752
EarlyStopping counter: 1 out of 20
Updating learning rate to 9.43827496477554e-05
	iters: 100, epoch: 77 | loss: 0.0761013
	speed: 0.2675s/iter; left time: 31436.9809s
	iters: 200, epoch: 77 | loss: 0.0653090
	speed: 0.0819s/iter; left time: 9617.3213s
	iters: 300, epoch: 77 | loss: 0.0729047
	speed: 0.0821s/iter; left time: 9628.9808s
	iters: 400, epoch: 77 | loss: 0.0731321
	speed: 0.0820s/iter; left time: 9615.8829s
	iters: 500, epoch: 77 | loss: 0.0616465
	speed: 0.0813s/iter; left time: 9515.6956s
Epoch: 77 cost time: 43.43311905860901
[2025-05-29 09:48:31] [32mIntermediate result: 0.07423026  (Index 76)[0m
Epoch: 77, Steps: 525 | Train Loss: 0.0726477 Vali Loss: 0.0729457 Test Loss: 0.0742303
EarlyStopping counter: 2 out of 20
Updating learning rate to 9.514331113743906e-05
	iters: 100, epoch: 78 | loss: 0.0718722
	speed: 0.2658s/iter; left time: 31092.1833s
	iters: 200, epoch: 78 | loss: 0.0751343
	speed: 0.0820s/iter; left time: 9582.3390s
	iters: 300, epoch: 78 | loss: 0.0899389
	speed: 0.0819s/iter; left time: 9564.4899s
	iters: 400, epoch: 78 | loss: 0.0727498
	speed: 0.0813s/iter; left time: 9481.7980s
	iters: 500, epoch: 78 | loss: 0.0604758
	speed: 0.0813s/iter; left time: 9480.5665s
Epoch: 78 cost time: 43.341638803482056
[2025-05-29 09:49:31] [32mIntermediate result: 0.07613368  (Index 77)[0m
Epoch: 78, Steps: 525 | Train Loss: 0.0730728 Vali Loss: 0.0747587 Test Loss: 0.0761337
EarlyStopping counter: 3 out of 20
Updating learning rate to 9.58513069234655e-05
	iters: 100, epoch: 79 | loss: 0.0696489
	speed: 0.2662s/iter; left time: 31001.7298s
	iters: 200, epoch: 79 | loss: 0.0743423
	speed: 0.0819s/iter; left time: 9524.4431s
	iters: 300, epoch: 79 | loss: 0.0682024
	speed: 0.0816s/iter; left time: 9491.7508s
	iters: 400, epoch: 79 | loss: 0.0760643
	speed: 0.0818s/iter; left time: 9499.7199s
	iters: 500, epoch: 79 | loss: 0.0621517
	speed: 0.0819s/iter; left time: 9500.9900s
Epoch: 79 cost time: 43.400609493255615
[2025-05-29 09:50:30] [32mIntermediate result: 0.07302477  (Index 78)[0m
Epoch: 79, Steps: 525 | Train Loss: 0.0718710 Vali Loss: 0.0720504 Test Loss: 0.0730248
EarlyStopping counter: 4 out of 20
Updating learning rate to 9.65058743855189e-05
	iters: 100, epoch: 80 | loss: 0.0718513
	speed: 0.2676s/iter; left time: 31018.2449s
	iters: 200, epoch: 80 | loss: 0.0715449
	speed: 0.0815s/iter; left time: 9440.5470s
	iters: 300, epoch: 80 | loss: 0.0631360
	speed: 0.0820s/iter; left time: 9490.8746s
	iters: 400, epoch: 80 | loss: 0.0762110
	speed: 0.0819s/iter; left time: 9473.6683s
	iters: 500, epoch: 80 | loss: 0.0745429
	speed: 0.0818s/iter; left time: 9446.8927s
Epoch: 80 cost time: 43.40733289718628
[2025-05-29 09:51:29] [32mIntermediate result: 0.07222422  (Index 79)[0m
Epoch: 80, Steps: 525 | Train Loss: 0.0725682 Vali Loss: 0.0709250 Test Loss: 0.0722242
Validation loss decreased (0.071682 --> 0.070925).  Saving model ...
Updating learning rate to 9.710621600022137e-05
	iters: 100, epoch: 81 | loss: 0.0756697
	speed: 0.2666s/iter; left time: 30763.4896s
	iters: 200, epoch: 81 | loss: 0.0730583
	speed: 0.0815s/iter; left time: 9397.7818s
	iters: 300, epoch: 81 | loss: 0.0663676
	speed: 0.0813s/iter; left time: 9365.6632s
	iters: 400, epoch: 81 | loss: 0.0592982
	speed: 0.0811s/iter; left time: 9338.7681s
	iters: 500, epoch: 81 | loss: 0.0757516
	speed: 0.0816s/iter; left time: 9381.2420s
Epoch: 81 cost time: 43.19142246246338
[2025-05-29 09:52:29] [32mIntermediate result: 0.075498275  (Index 80)[0m
Epoch: 81, Steps: 525 | Train Loss: 0.0718043 Vali Loss: 0.0740368 Test Loss: 0.0754983
EarlyStopping counter: 1 out of 20
Updating learning rate to 9.76516003128333e-05
	iters: 100, epoch: 82 | loss: 0.0816379
	speed: 0.2654s/iter; left time: 30493.5232s
	iters: 200, epoch: 82 | loss: 0.0747000
	speed: 0.0815s/iter; left time: 9355.3113s
	iters: 300, epoch: 82 | loss: 0.0844985
	speed: 0.0815s/iter; left time: 9345.3917s
	iters: 400, epoch: 82 | loss: 0.0692994
	speed: 0.0812s/iter; left time: 9302.7835s
	iters: 500, epoch: 82 | loss: 0.0746680
	speed: 0.0814s/iter; left time: 9316.8519s
Epoch: 82 cost time: 43.20928978919983
[2025-05-29 09:53:28] [32mIntermediate result: 0.071741536  (Index 81)[0m
Epoch: 82, Steps: 525 | Train Loss: 0.0720066 Vali Loss: 0.0706638 Test Loss: 0.0717415
Validation loss decreased (0.070925 --> 0.070664).  Saving model ...
Updating learning rate to 9.814136282845618e-05
	iters: 100, epoch: 83 | loss: 0.0674992
	speed: 0.2665s/iter; left time: 30473.4440s
	iters: 200, epoch: 83 | loss: 0.0732118
	speed: 0.0820s/iter; left time: 9368.6300s
	iters: 300, epoch: 83 | loss: 0.0675339
	speed: 0.0817s/iter; left time: 9330.2937s
	iters: 400, epoch: 83 | loss: 0.0686117
	speed: 0.0818s/iter; left time: 9328.8661s
	iters: 500, epoch: 83 | loss: 0.0796624
	speed: 0.0820s/iter; left time: 9346.4435s
Epoch: 83 cost time: 43.46559238433838
[2025-05-29 09:54:27] [32mIntermediate result: 0.07386268  (Index 82)[0m
Epoch: 83, Steps: 525 | Train Loss: 0.0715091 Vali Loss: 0.0726326 Test Loss: 0.0738627
EarlyStopping counter: 1 out of 20
Updating learning rate to 9.85749068216515e-05
	iters: 100, epoch: 84 | loss: 0.0850086
	speed: 0.2678s/iter; left time: 30479.2664s
	iters: 200, epoch: 84 | loss: 0.0785994
	speed: 0.0820s/iter; left time: 9326.4680s
	iters: 300, epoch: 84 | loss: 0.0690586
	speed: 0.0818s/iter; left time: 9293.0822s
	iters: 400, epoch: 84 | loss: 0.0614361
	speed: 0.0822s/iter; left time: 9332.0281s
	iters: 500, epoch: 84 | loss: 0.0666067
	speed: 0.0819s/iter; left time: 9284.6155s
Epoch: 84 cost time: 43.457730531692505
[2025-05-29 09:55:27] [32mIntermediate result: 0.07262328  (Index 83)[0m
Epoch: 84, Steps: 525 | Train Loss: 0.0715002 Vali Loss: 0.0714507 Test Loss: 0.0726233
EarlyStopping counter: 2 out of 20
Updating learning rate to 9.895170406348947e-05
	iters: 100, epoch: 85 | loss: 0.0639378
	speed: 0.2667s/iter; left time: 30219.6170s
	iters: 200, epoch: 85 | loss: 0.0735352
	speed: 0.0813s/iter; left time: 9204.6281s
	iters: 300, epoch: 85 | loss: 0.0699482
	speed: 0.0812s/iter; left time: 9188.6600s
	iters: 400, epoch: 85 | loss: 0.0718555
	speed: 0.0816s/iter; left time: 9215.6305s
	iters: 500, epoch: 85 | loss: 0.0707430
	speed: 0.0814s/iter; left time: 9184.9647s
Epoch: 85 cost time: 43.18500995635986
[2025-05-29 09:56:26] [32mIntermediate result: 0.07261299  (Index 84)[0m
Epoch: 85, Steps: 525 | Train Loss: 0.0714019 Vali Loss: 0.0714804 Test Loss: 0.0726130
EarlyStopping counter: 3 out of 20
Updating learning rate to 9.927129546514193e-05
	iters: 100, epoch: 86 | loss: 0.0790525
	speed: 0.2686s/iter; left time: 30288.6349s
	iters: 200, epoch: 86 | loss: 0.0674738
	speed: 0.0817s/iter; left time: 9206.5789s
	iters: 300, epoch: 86 | loss: 0.0703330
	speed: 0.0813s/iter; left time: 9157.8791s
	iters: 400, epoch: 86 | loss: 0.0865799
	speed: 0.0813s/iter; left time: 9142.3703s
	iters: 500, epoch: 86 | loss: 0.0705098
	speed: 0.0814s/iter; left time: 9143.2355s
Epoch: 86 cost time: 43.317991971969604
[2025-05-29 09:57:25] [32mIntermediate result: 0.07295022  (Index 85)[0m
Epoch: 86, Steps: 525 | Train Loss: 0.0713275 Vali Loss: 0.0717762 Test Loss: 0.0729502
EarlyStopping counter: 4 out of 20
Updating learning rate to 9.953329163723499e-05
	iters: 100, epoch: 87 | loss: 0.0711759
	speed: 0.2675s/iter; left time: 30029.8525s
	iters: 200, epoch: 87 | loss: 0.0752965
	speed: 0.0822s/iter; left time: 9222.2158s
	iters: 300, epoch: 87 | loss: 0.0751590
	speed: 0.0829s/iter; left time: 9284.6626s
	iters: 400, epoch: 87 | loss: 0.0745326
	speed: 0.0824s/iter; left time: 9225.5389s
	iters: 500, epoch: 87 | loss: 0.0782967
	speed: 0.0822s/iter; left time: 9198.8705s
Epoch: 87 cost time: 43.706860303878784
[2025-05-29 09:58:25] [32mIntermediate result: 0.07293596  (Index 86)[0m
Epoch: 87, Steps: 525 | Train Loss: 0.0709943 Vali Loss: 0.0718896 Test Loss: 0.0729360
EarlyStopping counter: 5 out of 20
Updating learning rate to 9.973737336428014e-05
	iters: 100, epoch: 88 | loss: 0.0749971
	speed: 0.2689s/iter; left time: 30041.2553s
	iters: 200, epoch: 88 | loss: 0.0666769
	speed: 0.0823s/iter; left time: 9187.3723s
	iters: 300, epoch: 88 | loss: 0.0660809
	speed: 0.0821s/iter; left time: 9153.7871s
	iters: 400, epoch: 88 | loss: 0.0743992
	speed: 0.0820s/iter; left time: 9141.8351s
	iters: 500, epoch: 88 | loss: 0.0625784
	speed: 0.0820s/iter; left time: 9129.1323s
Epoch: 88 cost time: 43.49184966087341
[2025-05-29 09:59:25] [32mIntermediate result: 0.07151126  (Index 87)[0m
Epoch: 88, Steps: 525 | Train Loss: 0.0708930 Vali Loss: 0.0705124 Test Loss: 0.0715113
Validation loss decreased (0.070664 --> 0.070512).  Saving model ...
Updating learning rate to 9.988329199360554e-05
	iters: 100, epoch: 89 | loss: 0.0677931
	speed: 0.2699s/iter; left time: 30014.5124s
	iters: 200, epoch: 89 | loss: 0.0710590
	speed: 0.0819s/iter; left time: 9104.5682s
	iters: 300, epoch: 89 | loss: 0.0718727
	speed: 0.0818s/iter; left time: 9078.7436s
	iters: 400, epoch: 89 | loss: 0.0619146
	speed: 0.0818s/iter; left time: 9069.1075s
	iters: 500, epoch: 89 | loss: 0.0726088
	speed: 0.0821s/iter; left time: 9095.9921s
Epoch: 89 cost time: 43.502663135528564
[2025-05-29 10:00:25] [32mIntermediate result: 0.071828924  (Index 88)[0m
Epoch: 89, Steps: 525 | Train Loss: 0.0709313 Vali Loss: 0.0706012 Test Loss: 0.0718289
EarlyStopping counter: 1 out of 20
Updating learning rate to 9.997086973831389e-05
	iters: 100, epoch: 90 | loss: 0.0747525
	speed: 0.2695s/iter; left time: 29830.0472s
	iters: 200, epoch: 90 | loss: 0.0707990
	speed: 0.0820s/iter; left time: 9066.5514s
	iters: 300, epoch: 90 | loss: 0.0713705
	speed: 0.0822s/iter; left time: 9076.0424s
	iters: 400, epoch: 90 | loss: 0.0602808
	speed: 0.0822s/iter; left time: 9068.6365s
	iters: 500, epoch: 90 | loss: 0.0779036
	speed: 0.0820s/iter; left time: 9041.7563s
Epoch: 90 cost time: 43.555339097976685
[2025-05-29 10:01:24] [32mIntermediate result: 0.0726069  (Index 89)[0m
Epoch: 90, Steps: 525 | Train Loss: 0.0707966 Vali Loss: 0.0712767 Test Loss: 0.0726069
EarlyStopping counter: 2 out of 20
Updating learning rate to 9.999999997970072e-05
	iters: 100, epoch: 91 | loss: 0.0735492
	speed: 0.2653s/iter; left time: 29222.3249s
	iters: 200, epoch: 91 | loss: 0.0717775
	speed: 0.0811s/iter; left time: 8922.7200s
	iters: 300, epoch: 91 | loss: 0.0708835
	speed: 0.0811s/iter; left time: 8922.0662s
	iters: 400, epoch: 91 | loss: 0.0702145
	speed: 0.0813s/iter; left time: 8927.6364s
	iters: 500, epoch: 91 | loss: 0.0602272
	speed: 0.0812s/iter; left time: 8909.6323s
Epoch: 91 cost time: 43.13875079154968
[2025-05-29 10:02:24] [32mIntermediate result: 0.07123517  (Index 90)[0m
Epoch: 91, Steps: 525 | Train Loss: 0.0703913 Vali Loss: 0.0700608 Test Loss: 0.0712352
Validation loss decreased (0.070512 --> 0.070061).  Saving model ...
Updating learning rate to 9.999438377913815e-05
	iters: 100, epoch: 92 | loss: 0.0647778
	speed: 0.2705s/iter; left time: 29655.5794s
	iters: 200, epoch: 92 | loss: 0.0679946
	speed: 0.0824s/iter; left time: 9020.8993s
	iters: 300, epoch: 92 | loss: 0.0810944
	speed: 0.0823s/iter; left time: 9007.6054s
	iters: 400, epoch: 92 | loss: 0.0676014
	speed: 0.0820s/iter; left time: 8962.2861s
	iters: 500, epoch: 92 | loss: 0.0723420
	speed: 0.0814s/iter; left time: 8893.5981s
Epoch: 92 cost time: 43.5099573135376
[2025-05-29 10:03:23] [32mIntermediate result: 0.0709566  (Index 91)[0m
Epoch: 92, Steps: 525 | Train Loss: 0.0702898 Vali Loss: 0.0697311 Test Loss: 0.0709566
Validation loss decreased (0.070061 --> 0.069731).  Saving model ...
Updating learning rate to 9.997757906125212e-05
	iters: 100, epoch: 93 | loss: 0.0812914
	speed: 0.2686s/iter; left time: 29303.1517s
	iters: 200, epoch: 93 | loss: 0.0637335
	speed: 0.0819s/iter; left time: 8924.7430s
	iters: 300, epoch: 93 | loss: 0.0733260
	speed: 0.0820s/iter; left time: 8932.6124s
	iters: 400, epoch: 93 | loss: 0.0620507
	speed: 0.0819s/iter; left time: 8907.0500s
	iters: 500, epoch: 93 | loss: 0.0735224
	speed: 0.0816s/iter; left time: 8875.0841s
Epoch: 93 cost time: 43.41249394416809
[2025-05-29 10:04:23] [32mIntermediate result: 0.07140714  (Index 92)[0m
Epoch: 93, Steps: 525 | Train Loss: 0.0699249 Vali Loss: 0.0703420 Test Loss: 0.0714071
EarlyStopping counter: 1 out of 20
Updating learning rate to 9.99495895868776e-05
	iters: 100, epoch: 94 | loss: 0.0642722
	speed: 0.2694s/iter; left time: 29254.2176s
	iters: 200, epoch: 94 | loss: 0.0661087
	speed: 0.0814s/iter; left time: 8833.3219s
	iters: 300, epoch: 94 | loss: 0.0638583
	speed: 0.0816s/iter; left time: 8848.4151s
	iters: 400, epoch: 94 | loss: 0.0604776
	speed: 0.0815s/iter; left time: 8825.3274s
	iters: 500, epoch: 94 | loss: 0.0645545
	speed: 0.0814s/iter; left time: 8806.4942s
Epoch: 94 cost time: 43.277190923690796
[2025-05-29 10:05:22] [32mIntermediate result: 0.07239351  (Index 93)[0m
Epoch: 94, Steps: 525 | Train Loss: 0.0699392 Vali Loss: 0.0713037 Test Loss: 0.0723935
EarlyStopping counter: 2 out of 20
Updating learning rate to 9.991042161995765e-05
	iters: 100, epoch: 95 | loss: 0.0622355
	speed: 0.2666s/iter; left time: 28805.1609s
	iters: 200, epoch: 95 | loss: 0.0655443
	speed: 0.0817s/iter; left time: 8818.9770s
	iters: 300, epoch: 95 | loss: 0.0775562
	speed: 0.0815s/iter; left time: 8788.5552s
	iters: 400, epoch: 95 | loss: 0.0636922
	speed: 0.0820s/iter; left time: 8834.1195s
	iters: 500, epoch: 95 | loss: 0.0693279
	speed: 0.0820s/iter; left time: 8831.8074s
Epoch: 95 cost time: 43.37305951118469
[2025-05-29 10:06:22] [32mIntermediate result: 0.07093595  (Index 94)[0m
Epoch: 95, Steps: 525 | Train Loss: 0.0699897 Vali Loss: 0.0697266 Test Loss: 0.0709359
Validation loss decreased (0.069731 --> 0.069727).  Saving model ...
Updating learning rate to 9.986008392614145e-05
	iters: 100, epoch: 96 | loss: 0.0676045
	speed: 0.2688s/iter; left time: 28901.2213s
	iters: 200, epoch: 96 | loss: 0.0722679
	speed: 0.0821s/iter; left time: 8816.0884s
	iters: 300, epoch: 96 | loss: 0.0778356
	speed: 0.0816s/iter; left time: 8753.5914s
	iters: 400, epoch: 96 | loss: 0.0671495
	speed: 0.0815s/iter; left time: 8743.7007s
	iters: 500, epoch: 96 | loss: 0.0721272
	speed: 0.0817s/iter; left time: 8752.8080s
Epoch: 96 cost time: 43.41340494155884
[2025-05-29 10:07:22] [32mIntermediate result: 0.07082703  (Index 95)[0m
Epoch: 96, Steps: 525 | Train Loss: 0.0697830 Vali Loss: 0.0696953 Test Loss: 0.0708270
Validation loss decreased (0.069727 --> 0.069695).  Saving model ...
Updating learning rate to 9.979858777082262e-05
	iters: 100, epoch: 97 | loss: 0.0747234
	speed: 0.2705s/iter; left time: 28946.7359s
	iters: 200, epoch: 97 | loss: 0.0663317
	speed: 0.0815s/iter; left time: 8715.5724s
	iters: 300, epoch: 97 | loss: 0.0790379
	speed: 0.0817s/iter; left time: 8725.9041s
	iters: 400, epoch: 97 | loss: 0.0677409
	speed: 0.0818s/iter; left time: 8728.4169s
	iters: 500, epoch: 97 | loss: 0.0684063
	speed: 0.0818s/iter; left time: 8719.8681s
Epoch: 97 cost time: 43.3826265335083
[2025-05-29 10:08:21] [32mIntermediate result: 0.070719615  (Index 96)[0m
Epoch: 97, Steps: 525 | Train Loss: 0.0695109 Vali Loss: 0.0694504 Test Loss: 0.0707196
Validation loss decreased (0.069695 --> 0.069450).  Saving model ...
Updating learning rate to 9.972594691661807e-05
	iters: 100, epoch: 98 | loss: 0.0742790
	speed: 0.2692s/iter; left time: 28665.7207s
	iters: 200, epoch: 98 | loss: 0.0711562
	speed: 0.0818s/iter; left time: 8697.7888s
	iters: 300, epoch: 98 | loss: 0.0760305
	speed: 0.0816s/iter; left time: 8676.1793s
	iters: 400, epoch: 98 | loss: 0.0665357
	speed: 0.0818s/iter; left time: 8680.7550s
	iters: 500, epoch: 98 | loss: 0.0729452
	speed: 0.0819s/iter; left time: 8684.2247s
Epoch: 98 cost time: 43.393545150756836
[2025-05-29 10:09:21] [32mIntermediate result: 0.07166006  (Index 97)[0m
Epoch: 98, Steps: 525 | Train Loss: 0.0693830 Vali Loss: 0.0703673 Test Loss: 0.0716601
EarlyStopping counter: 1 out of 20
Updating learning rate to 9.964217762028799e-05
	iters: 100, epoch: 99 | loss: 0.0602250
	speed: 0.2694s/iter; left time: 28546.6698s
	iters: 200, epoch: 99 | loss: 0.0695581
	speed: 0.0819s/iter; left time: 8671.3206s
	iters: 300, epoch: 99 | loss: 0.0735506
	speed: 0.0817s/iter; left time: 8640.7614s
	iters: 400, epoch: 99 | loss: 0.0725696
	speed: 0.0818s/iter; left time: 8641.6156s
	iters: 500, epoch: 99 | loss: 0.0787768
	speed: 0.0816s/iter; left time: 8617.3070s
Epoch: 99 cost time: 43.366007804870605
[2025-05-29 10:10:20] [32mIntermediate result: 0.07166349  (Index 98)[0m
Epoch: 99, Steps: 525 | Train Loss: 0.0691295 Vali Loss: 0.0704214 Test Loss: 0.0716635
EarlyStopping counter: 2 out of 20
Updating learning rate to 9.954729862909758e-05
	iters: 100, epoch: 100 | loss: 0.0655519
	speed: 0.2683s/iter; left time: 28280.8541s
	iters: 200, epoch: 100 | loss: 0.0765865
	speed: 0.0817s/iter; left time: 8602.8205s
	iters: 300, epoch: 100 | loss: 0.0738544
	speed: 0.0819s/iter; left time: 8617.0586s
	iters: 400, epoch: 100 | loss: 0.0765264
	speed: 0.0815s/iter; left time: 8569.7975s
	iters: 500, epoch: 100 | loss: 0.0712398
	speed: 0.0822s/iter; left time: 8630.9913s
Epoch: 100 cost time: 43.41259241104126
[2025-05-29 10:11:20] [32mIntermediate result: 0.07043441  (Index 99)[0m
Epoch: 100, Steps: 525 | Train Loss: 0.0689481 Vali Loss: 0.0694511 Test Loss: 0.0704344
EarlyStopping counter: 3 out of 20
Updating learning rate to 9.944133117662157e-05
	iters: 100, epoch: 101 | loss: 0.0660281
	speed: 0.2703s/iter; left time: 28355.2617s
	iters: 200, epoch: 101 | loss: 0.0745722
	speed: 0.0816s/iter; left time: 8552.1930s
	iters: 300, epoch: 101 | loss: 0.0720813
	speed: 0.0818s/iter; left time: 8563.0226s
	iters: 400, epoch: 101 | loss: 0.0767476
	speed: 0.0818s/iter; left time: 8555.9187s
	iters: 500, epoch: 101 | loss: 0.0586989
	speed: 0.0823s/iter; left time: 8598.0507s
Epoch: 101 cost time: 43.42550826072693
[2025-05-29 10:12:20] [32mIntermediate result: 0.07070532  (Index 100)[0m
Epoch: 101, Steps: 525 | Train Loss: 0.0692640 Vali Loss: 0.0695107 Test Loss: 0.0707053
EarlyStopping counter: 4 out of 20
Updating learning rate to 9.932429897799216e-05
	iters: 100, epoch: 102 | loss: 0.0736121
	speed: 0.2674s/iter; left time: 27908.2900s
	iters: 200, epoch: 102 | loss: 0.0681613
	speed: 0.0812s/iter; left time: 8468.1926s
	iters: 300, epoch: 102 | loss: 0.0726713
	speed: 0.0816s/iter; left time: 8495.8411s
	iters: 400, epoch: 102 | loss: 0.0667132
	speed: 0.0817s/iter; left time: 8506.5631s
	iters: 500, epoch: 102 | loss: 0.0704611
	speed: 0.0818s/iter; left time: 8503.6897s
Epoch: 102 cost time: 43.240474224090576
[2025-05-29 10:13:19] [32mIntermediate result: 0.070534565  (Index 101)[0m
Epoch: 102, Steps: 525 | Train Loss: 0.0685266 Vali Loss: 0.0693234 Test Loss: 0.0705346
Validation loss decreased (0.069450 --> 0.069323).  Saving model ...
Updating learning rate to 9.91962282245917e-05
	iters: 100, epoch: 103 | loss: 0.0669441
	speed: 0.2673s/iter; left time: 27758.7815s
	iters: 200, epoch: 103 | loss: 0.0628086
	speed: 0.0822s/iter; left time: 8531.0282s
	iters: 300, epoch: 103 | loss: 0.0655788
	speed: 0.0820s/iter; left time: 8497.0307s
	iters: 400, epoch: 103 | loss: 0.0597544
	speed: 0.0820s/iter; left time: 8487.7834s
	iters: 500, epoch: 103 | loss: 0.0696803
	speed: 0.0818s/iter; left time: 8464.6774s
Epoch: 103 cost time: 43.51646375656128
[2025-05-29 10:14:19] [32mIntermediate result: 0.07369392  (Index 102)[0m
Epoch: 103, Steps: 525 | Train Loss: 0.0686217 Vali Loss: 0.0721270 Test Loss: 0.0736939
EarlyStopping counter: 1 out of 20
Updating learning rate to 9.905714757819108e-05
	iters: 100, epoch: 104 | loss: 0.0733915
	speed: 0.2682s/iter; left time: 27714.1133s
	iters: 200, epoch: 104 | loss: 0.0769580
	speed: 0.0817s/iter; left time: 8438.4205s
	iters: 300, epoch: 104 | loss: 0.0623534
	speed: 0.0817s/iter; left time: 8424.6313s
	iters: 400, epoch: 104 | loss: 0.0672948
	speed: 0.0822s/iter; left time: 8464.3986s
	iters: 500, epoch: 104 | loss: 0.0610056
	speed: 0.0823s/iter; left time: 8471.0844s
Epoch: 104 cost time: 43.4560604095459
[2025-05-29 10:15:18] [32mIntermediate result: 0.07206193  (Index 103)[0m
Epoch: 104, Steps: 525 | Train Loss: 0.0689434 Vali Loss: 0.0708696 Test Loss: 0.0720619
EarlyStopping counter: 2 out of 20
Updating learning rate to 9.890708816453544e-05
	iters: 100, epoch: 105 | loss: 0.0689407
	speed: 0.2690s/iter; left time: 27649.8333s
	iters: 200, epoch: 105 | loss: 0.0623081
	speed: 0.0811s/iter; left time: 8325.2469s
	iters: 300, epoch: 105 | loss: 0.0688807
	speed: 0.0815s/iter; left time: 8359.5584s
	iters: 400, epoch: 105 | loss: 0.0711665
	speed: 0.0817s/iter; left time: 8377.8900s
	iters: 500, epoch: 105 | loss: 0.0691324
	speed: 0.0816s/iter; left time: 8358.8424s
Epoch: 105 cost time: 43.2881281375885
[2025-05-29 10:16:18] [32mIntermediate result: 0.07080427  (Index 104)[0m
Epoch: 105, Steps: 525 | Train Loss: 0.0685677 Vali Loss: 0.0696490 Test Loss: 0.0708043
EarlyStopping counter: 3 out of 20
Updating learning rate to 9.874608356637827e-05
	iters: 100, epoch: 106 | loss: 0.0647406
	speed: 0.2692s/iter; left time: 27536.1746s
	iters: 200, epoch: 106 | loss: 0.0729963
	speed: 0.0816s/iter; left time: 8336.2197s
	iters: 300, epoch: 106 | loss: 0.0710486
	speed: 0.0819s/iter; left time: 8355.8646s
	iters: 400, epoch: 106 | loss: 0.0723579
	speed: 0.0819s/iter; left time: 8355.7967s
	iters: 500, epoch: 106 | loss: 0.0734465
	speed: 0.0822s/iter; left time: 8378.5768s
Epoch: 106 cost time: 43.429577589035034
[2025-05-29 10:17:17] [32mIntermediate result: 0.070072755  (Index 105)[0m
Epoch: 106, Steps: 525 | Train Loss: 0.0682882 Vali Loss: 0.0688741 Test Loss: 0.0700728
Validation loss decreased (0.069323 --> 0.068874).  Saving model ...
Updating learning rate to 9.857416981596567e-05
	iters: 100, epoch: 107 | loss: 0.0631581
	speed: 0.2686s/iter; left time: 27326.9959s
	iters: 200, epoch: 107 | loss: 0.0690164
	speed: 0.0818s/iter; left time: 8317.7898s
	iters: 300, epoch: 107 | loss: 0.0680884
	speed: 0.0820s/iter; left time: 8328.5534s
	iters: 400, epoch: 107 | loss: 0.0748926
	speed: 0.0821s/iter; left time: 8330.5465s
	iters: 500, epoch: 107 | loss: 0.0757032
	speed: 0.0819s/iter; left time: 8297.2797s
Epoch: 107 cost time: 43.47298073768616
[2025-05-29 10:18:17] [32mIntermediate result: 0.070486225  (Index 106)[0m
Epoch: 107, Steps: 525 | Train Loss: 0.0680375 Vali Loss: 0.0693248 Test Loss: 0.0704862
EarlyStopping counter: 1 out of 20
Updating learning rate to 9.83913853869726e-05
	iters: 100, epoch: 108 | loss: 0.0653432
	speed: 0.2679s/iter; left time: 27114.6807s
	iters: 200, epoch: 108 | loss: 0.0663531
	speed: 0.0817s/iter; left time: 8257.6021s
	iters: 300, epoch: 108 | loss: 0.0722263
	speed: 0.0817s/iter; left time: 8250.4223s
	iters: 400, epoch: 108 | loss: 0.0706917
	speed: 0.0820s/iter; left time: 8275.6163s
	iters: 500, epoch: 108 | loss: 0.0701665
	speed: 0.0820s/iter; left time: 8268.3253s
Epoch: 108 cost time: 43.4307963848114
[2025-05-29 10:19:17] [32mIntermediate result: 0.07000312  (Index 107)[0m
Epoch: 108, Steps: 525 | Train Loss: 0.0683340 Vali Loss: 0.0689948 Test Loss: 0.0700031
EarlyStopping counter: 2 out of 20
Updating learning rate to 9.81977711858925e-05
	iters: 100, epoch: 109 | loss: 0.0649114
	speed: 0.2691s/iter; left time: 27096.6551s
	iters: 200, epoch: 109 | loss: 0.0655917
	speed: 0.0818s/iter; left time: 8231.2893s
	iters: 300, epoch: 109 | loss: 0.0693519
	speed: 0.0817s/iter; left time: 8212.8719s
	iters: 400, epoch: 109 | loss: 0.0666573
	speed: 0.0820s/iter; left time: 8236.2165s
	iters: 500, epoch: 109 | loss: 0.0686564
	speed: 0.0815s/iter; left time: 8177.9577s
Epoch: 109 cost time: 43.36239194869995
[2025-05-29 10:20:16] [32mIntermediate result: 0.0700476  (Index 108)[0m
Epoch: 109, Steps: 525 | Train Loss: 0.0677067 Vali Loss: 0.0688681 Test Loss: 0.0700476
Validation loss decreased (0.068874 --> 0.068868).  Saving model ...
Updating learning rate to 9.799337054288256e-05
	iters: 100, epoch: 110 | loss: 0.0625711
	speed: 0.2670s/iter; left time: 26745.8841s
	iters: 200, epoch: 110 | loss: 0.0717645
	speed: 0.0821s/iter; left time: 8219.6270s
	iters: 300, epoch: 110 | loss: 0.0612161
	speed: 0.0819s/iter; left time: 8191.3408s
	iters: 400, epoch: 110 | loss: 0.0677580
	speed: 0.0815s/iter; left time: 8142.1210s
	iters: 500, epoch: 110 | loss: 0.0631742
	speed: 0.0815s/iter; left time: 8132.4371s
Epoch: 110 cost time: 43.40260362625122
[2025-05-29 10:21:16] [32mIntermediate result: 0.07028665  (Index 109)[0m
Epoch: 110, Steps: 525 | Train Loss: 0.0676948 Vali Loss: 0.0693409 Test Loss: 0.0702866
EarlyStopping counter: 1 out of 20
Updating learning rate to 9.777822920206661e-05
	iters: 100, epoch: 111 | loss: 0.0711817
	speed: 0.2705s/iter; left time: 26960.0583s
	iters: 200, epoch: 111 | loss: 0.0700494
	speed: 0.0820s/iter; left time: 8159.1459s
	iters: 300, epoch: 111 | loss: 0.0608733
	speed: 0.0819s/iter; left time: 8141.5963s
	iters: 400, epoch: 111 | loss: 0.0702362
	speed: 0.0820s/iter; left time: 8151.1874s
	iters: 500, epoch: 111 | loss: 0.0599674
	speed: 0.0821s/iter; left time: 8153.0569s
Epoch: 111 cost time: 43.458176136016846
[2025-05-29 10:22:16] [32mIntermediate result: 0.07077543  (Index 110)[0m
Epoch: 111, Steps: 525 | Train Loss: 0.0676223 Vali Loss: 0.0697255 Test Loss: 0.0707754
EarlyStopping counter: 2 out of 20
Updating learning rate to 9.755239531129786e-05
	iters: 100, epoch: 112 | loss: 0.0674108
	speed: 0.2692s/iter; left time: 26685.7376s
	iters: 200, epoch: 112 | loss: 0.0694841
	speed: 0.0815s/iter; left time: 8071.5580s
	iters: 300, epoch: 112 | loss: 0.0660633
	speed: 0.0817s/iter; left time: 8087.0592s
	iters: 400, epoch: 112 | loss: 0.0680019
	speed: 0.0822s/iter; left time: 8119.4429s
	iters: 500, epoch: 112 | loss: 0.0616572
	speed: 0.0823s/iter; left time: 8126.5694s
Epoch: 112 cost time: 43.48537564277649
[2025-05-29 10:23:15] [32mIntermediate result: 0.06962955  (Index 111)[0m
Epoch: 112, Steps: 525 | Train Loss: 0.0675410 Vali Loss: 0.0685282 Test Loss: 0.0696295
Validation loss decreased (0.068868 --> 0.068528).  Saving model ...
Updating learning rate to 9.731591941138337e-05
	iters: 100, epoch: 113 | loss: 0.0723913
	speed: 0.2690s/iter; left time: 26520.7400s
	iters: 200, epoch: 113 | loss: 0.0686680
	speed: 0.0818s/iter; left time: 8057.0273s
	iters: 300, epoch: 113 | loss: 0.0695366
	speed: 0.0813s/iter; left time: 8002.6037s
	iters: 400, epoch: 113 | loss: 0.0702460
	speed: 0.0817s/iter; left time: 8033.0805s
	iters: 500, epoch: 113 | loss: 0.0638995
	speed: 0.0817s/iter; left time: 8021.0242s
Epoch: 113 cost time: 43.372398138046265
[2025-05-29 10:24:15] [32mIntermediate result: 0.07007202  (Index 112)[0m
Epoch: 113, Steps: 525 | Train Loss: 0.0675642 Vali Loss: 0.0689511 Test Loss: 0.0700720
EarlyStopping counter: 1 out of 20
Updating learning rate to 9.70688544247734e-05
	iters: 100, epoch: 114 | loss: 0.0795877
	speed: 0.2700s/iter; left time: 26482.7674s
	iters: 200, epoch: 114 | loss: 0.0613159
	speed: 0.0816s/iter; left time: 7997.2932s
	iters: 300, epoch: 114 | loss: 0.0754160
	speed: 0.0820s/iter; left time: 8028.7886s
	iters: 400, epoch: 114 | loss: 0.0647239
	speed: 0.0818s/iter; left time: 8002.1361s
	iters: 500, epoch: 114 | loss: 0.0761605
	speed: 0.0819s/iter; left time: 7999.2318s
Epoch: 114 cost time: 43.39724588394165
[2025-05-29 10:25:15] [32mIntermediate result: 0.07017399  (Index 113)[0m
Epoch: 114, Steps: 525 | Train Loss: 0.0673468 Vali Loss: 0.0689217 Test Loss: 0.0701740
EarlyStopping counter: 2 out of 20
Updating learning rate to 9.681125564371744e-05
	iters: 100, epoch: 115 | loss: 0.0743834
	speed: 0.2703s/iter; left time: 26370.5274s
	iters: 200, epoch: 115 | loss: 0.0669233
	speed: 0.0819s/iter; left time: 7977.5869s
	iters: 300, epoch: 115 | loss: 0.0706895
	speed: 0.0822s/iter; left time: 8006.5735s
	iters: 400, epoch: 115 | loss: 0.0730042
	speed: 0.0817s/iter; left time: 7944.4016s
	iters: 500, epoch: 115 | loss: 0.0664433
	speed: 0.0819s/iter; left time: 7961.4454s
Epoch: 115 cost time: 43.51637530326843
[2025-05-29 10:26:14] [32mIntermediate result: 0.07006602  (Index 114)[0m
Epoch: 115, Steps: 525 | Train Loss: 0.0674444 Vali Loss: 0.0687556 Test Loss: 0.0700660
EarlyStopping counter: 3 out of 20
Updating learning rate to 9.654318071789002e-05
	iters: 100, epoch: 116 | loss: 0.0708330
	speed: 0.2687s/iter; left time: 26074.5897s
	iters: 200, epoch: 116 | loss: 0.0640110
	speed: 0.0824s/iter; left time: 7988.7041s
	iters: 300, epoch: 116 | loss: 0.0703960
	speed: 0.0821s/iter; left time: 7946.1444s
	iters: 400, epoch: 116 | loss: 0.0698010
	speed: 0.0819s/iter; left time: 7923.4590s
	iters: 500, epoch: 116 | loss: 0.0624708
	speed: 0.0822s/iter; left time: 7943.4684s
Epoch: 116 cost time: 43.56254839897156
[2025-05-29 10:27:14] [32mIntermediate result: 0.07168097  (Index 115)[0m
Epoch: 116, Steps: 525 | Train Loss: 0.0669218 Vali Loss: 0.0704239 Test Loss: 0.0716810
EarlyStopping counter: 4 out of 20
Updating learning rate to 9.626468964148899e-05
	iters: 100, epoch: 117 | loss: 0.0696948
	speed: 0.2689s/iter; left time: 25951.7193s
	iters: 200, epoch: 117 | loss: 0.0757835
	speed: 0.0823s/iter; left time: 7936.1625s
	iters: 300, epoch: 117 | loss: 0.0629247
	speed: 0.0820s/iter; left time: 7899.8016s
	iters: 400, epoch: 117 | loss: 0.0637712
	speed: 0.0819s/iter; left time: 7879.2971s
	iters: 500, epoch: 117 | loss: 0.0709447
	speed: 0.0820s/iter; left time: 7883.5654s
Epoch: 117 cost time: 43.52487397193909
[2025-05-29 10:28:14] [32mIntermediate result: 0.07014803  (Index 116)[0m
Epoch: 117, Steps: 525 | Train Loss: 0.0669918 Vali Loss: 0.0687485 Test Loss: 0.0701480
EarlyStopping counter: 5 out of 20
Updating learning rate to 9.597584473980893e-05
	iters: 100, epoch: 118 | loss: 0.0739974
	speed: 0.2679s/iter; left time: 25712.2102s
	iters: 200, epoch: 118 | loss: 0.0692928
	speed: 0.0827s/iter; left time: 7929.9809s
	iters: 300, epoch: 118 | loss: 0.0659328
	speed: 0.0822s/iter; left time: 7870.7531s
	iters: 400, epoch: 118 | loss: 0.0680327
	speed: 0.0820s/iter; left time: 7845.1880s
	iters: 500, epoch: 118 | loss: 0.0664438
	speed: 0.0821s/iter; left time: 7845.9235s
Epoch: 118 cost time: 43.563037633895874
[2025-05-29 10:29:13] [32mIntermediate result: 0.06997564  (Index 117)[0m
Epoch: 118, Steps: 525 | Train Loss: 0.0667770 Vali Loss: 0.0685730 Test Loss: 0.0699756
EarlyStopping counter: 6 out of 20
Updating learning rate to 9.567671065529307e-05
	iters: 100, epoch: 119 | loss: 0.0770713
	speed: 0.2675s/iter; left time: 25537.6195s
	iters: 200, epoch: 119 | loss: 0.0627156
	speed: 0.0809s/iter; left time: 7716.2271s
	iters: 300, epoch: 119 | loss: 0.0664789
	speed: 0.0809s/iter; left time: 7701.2696s
	iters: 400, epoch: 119 | loss: 0.0644939
	speed: 0.0814s/iter; left time: 7747.8768s
	iters: 500, epoch: 119 | loss: 0.0598933
	speed: 0.0812s/iter; left time: 7718.7319s
Epoch: 119 cost time: 43.00588059425354
[2025-05-29 10:30:13] [32mIntermediate result: 0.069498956  (Index 118)[0m
Epoch: 119, Steps: 525 | Train Loss: 0.0665809 Vali Loss: 0.0684749 Test Loss: 0.0694990
Validation loss decreased (0.068528 --> 0.068475).  Saving model ...
Updating learning rate to 9.536735433306653e-05
	iters: 100, epoch: 120 | loss: 0.0717288
	speed: 0.2684s/iter; left time: 25476.2112s
	iters: 200, epoch: 120 | loss: 0.0657254
	speed: 0.0817s/iter; left time: 7751.1953s
	iters: 300, epoch: 120 | loss: 0.0614995
	speed: 0.0821s/iter; left time: 7773.9919s
	iters: 400, epoch: 120 | loss: 0.0599684
	speed: 0.0821s/iter; left time: 7770.1007s
	iters: 500, epoch: 120 | loss: 0.0704128
	speed: 0.0818s/iter; left time: 7735.3978s
Epoch: 120 cost time: 43.46113562583923
[2025-05-29 10:31:12] [32mIntermediate result: 0.069753535  (Index 119)[0m
Epoch: 120, Steps: 525 | Train Loss: 0.0668865 Vali Loss: 0.0685699 Test Loss: 0.0697535
EarlyStopping counter: 1 out of 20
Updating learning rate to 9.504784500595414e-05
	iters: 100, epoch: 121 | loss: 0.0636957
	speed: 0.2677s/iter; left time: 25267.4226s
	iters: 200, epoch: 121 | loss: 0.0678808
	speed: 0.0816s/iter; left time: 7698.8812s
	iters: 300, epoch: 121 | loss: 0.0680256
	speed: 0.0817s/iter; left time: 7697.4471s
	iters: 400, epoch: 121 | loss: 0.0691006
	speed: 0.0816s/iter; left time: 7676.3941s
	iters: 500, epoch: 121 | loss: 0.0723389
	speed: 0.0818s/iter; left time: 7687.2377s
Epoch: 121 cost time: 43.32562804222107
[2025-05-29 10:32:12] [32mIntermediate result: 0.069191135  (Index 120)[0m
Epoch: 121, Steps: 525 | Train Loss: 0.0664561 Vali Loss: 0.0679356 Test Loss: 0.0691911
Validation loss decreased (0.068475 --> 0.067936).  Saving model ...
Updating learning rate to 9.471825417898653e-05
	iters: 100, epoch: 122 | loss: 0.0654170
	speed: 0.2684s/iter; left time: 25195.8951s
	iters: 200, epoch: 122 | loss: 0.0657719
	speed: 0.0822s/iter; left time: 7705.1916s
	iters: 300, epoch: 122 | loss: 0.0667892
	speed: 0.0813s/iter; left time: 7612.4757s
	iters: 400, epoch: 122 | loss: 0.0643238
	speed: 0.0817s/iter; left time: 7642.6126s
	iters: 500, epoch: 122 | loss: 0.0661402
	speed: 0.0810s/iter; left time: 7576.0899s
Epoch: 122 cost time: 43.217981576919556
[2025-05-29 10:33:11] [32mIntermediate result: 0.069743335  (Index 121)[0m
Epoch: 122, Steps: 525 | Train Loss: 0.0665748 Vali Loss: 0.0685130 Test Loss: 0.0697433
EarlyStopping counter: 1 out of 20
Updating learning rate to 9.437865561339746e-05
	iters: 100, epoch: 123 | loss: 0.0611612
	speed: 0.2684s/iter; left time: 25052.4522s
	iters: 200, epoch: 123 | loss: 0.0676302
	speed: 0.0817s/iter; left time: 7621.5097s
	iters: 300, epoch: 123 | loss: 0.0601662
	speed: 0.0820s/iter; left time: 7634.5765s
	iters: 400, epoch: 123 | loss: 0.0594938
	speed: 0.0820s/iter; left time: 7634.4518s
	iters: 500, epoch: 123 | loss: 0.0631196
	speed: 0.0816s/iter; left time: 7581.9061s
Epoch: 123 cost time: 43.416431188583374
[2025-05-29 10:34:11] [32mIntermediate result: 0.06979204  (Index 122)[0m
Epoch: 123, Steps: 525 | Train Loss: 0.0662551 Vali Loss: 0.0686868 Test Loss: 0.0697920
EarlyStopping counter: 2 out of 20
Updating learning rate to 9.40291253101164e-05
	iters: 100, epoch: 124 | loss: 0.0674513
	speed: 0.2693s/iter; left time: 25001.3828s
	iters: 200, epoch: 124 | loss: 0.0693704
	speed: 0.0815s/iter; left time: 7556.2390s
	iters: 300, epoch: 124 | loss: 0.0606384
	speed: 0.0819s/iter; left time: 7589.6771s
	iters: 400, epoch: 124 | loss: 0.0678070
	speed: 0.0818s/iter; left time: 7571.4463s
	iters: 500, epoch: 124 | loss: 0.0617628
	speed: 0.0817s/iter; left time: 7549.8420s
Epoch: 124 cost time: 43.38905167579651
[2025-05-29 10:35:10] [32mIntermediate result: 0.071671404  (Index 123)[0m
Epoch: 124, Steps: 525 | Train Loss: 0.0666217 Vali Loss: 0.0707175 Test Loss: 0.0716714
EarlyStopping counter: 3 out of 20
Updating learning rate to 9.36697414927597e-05
	iters: 100, epoch: 125 | loss: 0.0598652
	speed: 0.2682s/iter; left time: 24753.4907s
	iters: 200, epoch: 125 | loss: 0.0704779
	speed: 0.0816s/iter; left time: 7527.3040s
	iters: 300, epoch: 125 | loss: 0.0631906
	speed: 0.0813s/iter; left time: 7490.9712s
	iters: 400, epoch: 125 | loss: 0.0643806
	speed: 0.0811s/iter; left time: 7457.7758s
	iters: 500, epoch: 125 | loss: 0.0739004
	speed: 0.0815s/iter; left time: 7490.0631s
Epoch: 125 cost time: 43.244399070739746
[2025-05-29 10:36:10] [32mIntermediate result: 0.07026648  (Index 124)[0m
Epoch: 125, Steps: 525 | Train Loss: 0.0660849 Vali Loss: 0.0688330 Test Loss: 0.0702665
EarlyStopping counter: 4 out of 20
Updating learning rate to 9.330058459012456e-05
	iters: 100, epoch: 126 | loss: 0.0672811
	speed: 0.2667s/iter; left time: 24476.9326s
	iters: 200, epoch: 126 | loss: 0.0618951
	speed: 0.0817s/iter; left time: 7491.2549s
	iters: 300, epoch: 126 | loss: 0.0650386
	speed: 0.0817s/iter; left time: 7478.9570s
	iters: 400, epoch: 126 | loss: 0.0711144
	speed: 0.0817s/iter; left time: 7476.8762s
	iters: 500, epoch: 126 | loss: 0.0693588
	speed: 0.0816s/iter; left time: 7457.5847s
Epoch: 126 cost time: 43.28182053565979
[2025-05-29 10:37:09] [32mIntermediate result: 0.0706715  (Index 125)[0m
Epoch: 126, Steps: 525 | Train Loss: 0.0659722 Vali Loss: 0.0695319 Test Loss: 0.0706715
EarlyStopping counter: 5 out of 20
Updating learning rate to 9.292173721818922e-05
	iters: 100, epoch: 127 | loss: 0.0662388
	speed: 0.2664s/iter; left time: 24311.9773s
	iters: 200, epoch: 127 | loss: 0.0614819
	speed: 0.0814s/iter; left time: 7417.4337s
	iters: 300, epoch: 127 | loss: 0.0654635
	speed: 0.0816s/iter; left time: 7430.0749s
	iters: 400, epoch: 127 | loss: 0.0650963
	speed: 0.0816s/iter; left time: 7417.0607s
	iters: 500, epoch: 127 | loss: 0.0677639
	speed: 0.0815s/iter; left time: 7401.7578s
Epoch: 127 cost time: 43.26718044281006
[2025-05-29 10:38:08] [32mIntermediate result: 0.069433734  (Index 126)[0m
Epoch: 127, Steps: 525 | Train Loss: 0.0660110 Vali Loss: 0.0682634 Test Loss: 0.0694337
EarlyStopping counter: 6 out of 20
Updating learning rate to 9.253328416162388e-05
	iters: 100, epoch: 128 | loss: 0.0735662
	speed: 0.2651s/iter; left time: 24048.0715s
	iters: 200, epoch: 128 | loss: 0.0714772
	speed: 0.0811s/iter; left time: 7351.7060s
	iters: 300, epoch: 128 | loss: 0.0613224
	speed: 0.0812s/iter; left time: 7353.4221s
	iters: 400, epoch: 128 | loss: 0.0757000
	speed: 0.0813s/iter; left time: 7348.9021s
	iters: 500, epoch: 128 | loss: 0.0727264
	speed: 0.0815s/iter; left time: 7362.6112s
Epoch: 128 cost time: 43.15402126312256
[2025-05-29 10:39:07] [32mIntermediate result: 0.06894795  (Index 127)[0m
Epoch: 128, Steps: 525 | Train Loss: 0.0657669 Vali Loss: 0.0678983 Test Loss: 0.0689479
Validation loss decreased (0.067936 --> 0.067898).  Saving model ...
Updating learning rate to 9.213531235481619e-05
	iters: 100, epoch: 129 | loss: 0.0694104
	speed: 0.2712s/iter; left time: 24466.8896s
	iters: 200, epoch: 129 | loss: 0.0661622
	speed: 0.0815s/iter; left time: 7341.5326s
	iters: 300, epoch: 129 | loss: 0.0623501
	speed: 0.0816s/iter; left time: 7343.4575s
	iters: 400, epoch: 129 | loss: 0.0663787
	speed: 0.0816s/iter; left time: 7337.4139s
	iters: 500, epoch: 129 | loss: 0.0673519
	speed: 0.0817s/iter; left time: 7337.0287s
Epoch: 129 cost time: 43.34140229225159
[2025-05-29 10:40:07] [32mIntermediate result: 0.06971702  (Index 128)[0m
Epoch: 129, Steps: 525 | Train Loss: 0.0657475 Vali Loss: 0.0685464 Test Loss: 0.0697170
EarlyStopping counter: 1 out of 20
Updating learning rate to 9.172791086241563e-05
	iters: 100, epoch: 130 | loss: 0.0646999
	speed: 0.2684s/iter; left time: 24066.0532s
	iters: 200, epoch: 130 | loss: 0.0754157
	speed: 0.0816s/iter; left time: 7308.8468s
	iters: 300, epoch: 130 | loss: 0.0567151
	speed: 0.0813s/iter; left time: 7274.7953s
	iters: 400, epoch: 130 | loss: 0.0564960
	speed: 0.0813s/iter; left time: 7262.9496s
	iters: 500, epoch: 130 | loss: 0.0633243
	speed: 0.0817s/iter; left time: 7292.2625s
Epoch: 130 cost time: 43.164907932281494
[2025-05-29 10:41:07] [32mIntermediate result: 0.06976875  (Index 129)[0m
Epoch: 130, Steps: 525 | Train Loss: 0.0657151 Vali Loss: 0.0686829 Test Loss: 0.0697687
EarlyStopping counter: 2 out of 20
Updating learning rate to 9.131117085940122e-05
	iters: 100, epoch: 131 | loss: 0.0717070
	speed: 0.2729s/iter; left time: 24331.4306s
	iters: 200, epoch: 131 | loss: 0.0667667
	speed: 0.0812s/iter; left time: 7235.3515s
	iters: 300, epoch: 131 | loss: 0.0627200
	speed: 0.0814s/iter; left time: 7241.6180s
	iters: 400, epoch: 131 | loss: 0.0601665
	speed: 0.0817s/iter; left time: 7260.3092s
	iters: 500, epoch: 131 | loss: 0.0633605
	speed: 0.0818s/iter; left time: 7255.4126s
Epoch: 131 cost time: 43.26155662536621
[2025-05-29 10:42:07] [32mIntermediate result: 0.06896341  (Index 130)[0m
Epoch: 131, Steps: 525 | Train Loss: 0.0653438 Vali Loss: 0.0676325 Test Loss: 0.0689634
Validation loss decreased (0.067898 --> 0.067632).  Saving model ...
Updating learning rate to 9.088518561067675e-05
	iters: 100, epoch: 132 | loss: 0.0764381
	speed: 0.2696s/iter; left time: 23897.4810s
	iters: 200, epoch: 132 | loss: 0.0658477
	speed: 0.0811s/iter; left time: 7176.7892s
	iters: 300, epoch: 132 | loss: 0.0615520
	speed: 0.0812s/iter; left time: 7181.5714s
	iters: 400, epoch: 132 | loss: 0.0607227
	speed: 0.0813s/iter; left time: 7182.2586s
	iters: 500, epoch: 132 | loss: 0.0626811
	speed: 0.0810s/iter; left time: 7149.9859s
Epoch: 132 cost time: 43.06350016593933
[2025-05-29 10:43:06] [32mIntermediate result: 0.069556735  (Index 131)[0m
Epoch: 132, Steps: 525 | Train Loss: 0.0656623 Vali Loss: 0.0682463 Test Loss: 0.0695567
EarlyStopping counter: 1 out of 20
Updating learning rate to 9.045005045019863e-05
	iters: 100, epoch: 133 | loss: 0.0656769
	speed: 0.2661s/iter; left time: 23446.0880s
	iters: 200, epoch: 133 | loss: 0.0650355
	speed: 0.0815s/iter; left time: 7168.3218s
	iters: 300, epoch: 133 | loss: 0.0688665
	speed: 0.0819s/iter; left time: 7195.8362s
	iters: 400, epoch: 133 | loss: 0.0680258
	speed: 0.0818s/iter; left time: 7183.9787s
	iters: 500, epoch: 133 | loss: 0.0635064
	speed: 0.0817s/iter; left time: 7163.0758s
Epoch: 133 cost time: 43.35467314720154
[2025-05-29 10:44:05] [32mIntermediate result: 0.07017289  (Index 132)[0m
Epoch: 133, Steps: 525 | Train Loss: 0.0654017 Vali Loss: 0.0687903 Test Loss: 0.0701729
EarlyStopping counter: 2 out of 20
Updating learning rate to 9.000586275964033e-05
	iters: 100, epoch: 134 | loss: 0.0671561
	speed: 0.2679s/iter; left time: 23463.3006s
	iters: 200, epoch: 134 | loss: 0.0659666
	speed: 0.0820s/iter; left time: 7173.6684s
	iters: 300, epoch: 134 | loss: 0.0642953
	speed: 0.0817s/iter; left time: 7135.1116s
	iters: 400, epoch: 134 | loss: 0.0615723
	speed: 0.0814s/iter; left time: 7101.0021s
	iters: 500, epoch: 134 | loss: 0.0655167
	speed: 0.0814s/iter; left time: 7100.2992s
Epoch: 134 cost time: 43.33441162109375
[2025-05-29 10:45:04] [32mIntermediate result: 0.069269896  (Index 133)[0m
Epoch: 134, Steps: 525 | Train Loss: 0.0652166 Vali Loss: 0.0678752 Test Loss: 0.0692699
EarlyStopping counter: 3 out of 20
Updating learning rate to 8.95527219465988e-05
	iters: 100, epoch: 135 | loss: 0.0604437
	speed: 0.2666s/iter; left time: 23208.2551s
	iters: 200, epoch: 135 | loss: 0.0630624
	speed: 0.0818s/iter; left time: 7112.5566s
	iters: 300, epoch: 135 | loss: 0.0687860
	speed: 0.0819s/iter; left time: 7113.7173s
	iters: 400, epoch: 135 | loss: 0.0602958
	speed: 0.0819s/iter; left time: 7100.8103s
	iters: 500, epoch: 135 | loss: 0.0679290
	speed: 0.0821s/iter; left time: 7112.3270s
Epoch: 135 cost time: 43.428977489471436
[2025-05-29 10:46:04] [32mIntermediate result: 0.070230186  (Index 134)[0m
Epoch: 135, Steps: 525 | Train Loss: 0.0651387 Vali Loss: 0.0689221 Test Loss: 0.0702302
EarlyStopping counter: 4 out of 20
Updating learning rate to 8.909072942234738e-05
	iters: 100, epoch: 136 | loss: 0.0645388
	speed: 0.2684s/iter; left time: 23222.4695s
	iters: 200, epoch: 136 | loss: 0.0616171
	speed: 0.0821s/iter; left time: 7095.5114s
	iters: 300, epoch: 136 | loss: 0.0637513
	speed: 0.0821s/iter; left time: 7085.9021s
	iters: 400, epoch: 136 | loss: 0.0653776
	speed: 0.0820s/iter; left time: 7067.5657s
	iters: 500, epoch: 136 | loss: 0.0712406
	speed: 0.0819s/iter; left time: 7056.8047s
Epoch: 136 cost time: 43.511929988861084
[2025-05-29 10:47:04] [32mIntermediate result: 0.06909943  (Index 135)[0m
Epoch: 136, Steps: 525 | Train Loss: 0.0653188 Vali Loss: 0.0678652 Test Loss: 0.0690994
EarlyStopping counter: 5 out of 20
Updating learning rate to 8.861998857914033e-05
	iters: 100, epoch: 137 | loss: 0.0605954
	speed: 0.2668s/iter; left time: 22945.2621s
	iters: 200, epoch: 137 | loss: 0.0638089
	speed: 0.0812s/iter; left time: 6974.1836s
	iters: 300, epoch: 137 | loss: 0.0559849
	speed: 0.0815s/iter; left time: 6995.1523s
	iters: 400, epoch: 137 | loss: 0.0718623
	speed: 0.0818s/iter; left time: 7010.6857s
	iters: 500, epoch: 137 | loss: 0.0641188
	speed: 0.0820s/iter; left time: 7018.2826s
Epoch: 137 cost time: 43.25197958946228
[2025-05-29 10:48:03] [32mIntermediate result: 0.07135991  (Index 136)[0m
Epoch: 137, Steps: 525 | Train Loss: 0.0648045 Vali Loss: 0.0699312 Test Loss: 0.0713599
EarlyStopping counter: 6 out of 20
Updating learning rate to 8.814060476707402e-05
	iters: 100, epoch: 138 | loss: 0.0620674
	speed: 0.2676s/iter; left time: 22876.9686s
	iters: 200, epoch: 138 | loss: 0.0658912
	speed: 0.0821s/iter; left time: 7010.1482s
	iters: 300, epoch: 138 | loss: 0.0650584
	speed: 0.0819s/iter; left time: 6980.3582s
	iters: 400, epoch: 138 | loss: 0.0582720
	speed: 0.0822s/iter; left time: 6998.4321s
	iters: 500, epoch: 138 | loss: 0.0691620
	speed: 0.0821s/iter; left time: 6986.6948s
Epoch: 138 cost time: 43.503827810287476
[2025-05-29 10:49:03] [32mIntermediate result: 0.06900032  (Index 137)[0m
Epoch: 138, Steps: 525 | Train Loss: 0.0647827 Vali Loss: 0.0679287 Test Loss: 0.0690003
EarlyStopping counter: 7 out of 20
Updating learning rate to 8.765268527050995e-05
	iters: 100, epoch: 139 | loss: 0.0643912
	speed: 0.2680s/iter; left time: 22766.7938s
	iters: 200, epoch: 139 | loss: 0.0731312
	speed: 0.0820s/iter; left time: 6954.5788s
	iters: 300, epoch: 139 | loss: 0.0651613
	speed: 0.0819s/iter; left time: 6942.1825s
	iters: 400, epoch: 139 | loss: 0.0679129
	speed: 0.0818s/iter; left time: 6924.6032s
	iters: 500, epoch: 139 | loss: 0.0643471
	speed: 0.0822s/iter; left time: 6952.6814s
Epoch: 139 cost time: 43.48979163169861
[2025-05-29 10:50:02] [32mIntermediate result: 0.069719106  (Index 138)[0m
Epoch: 139, Steps: 525 | Train Loss: 0.0645671 Vali Loss: 0.0684113 Test Loss: 0.0697191
EarlyStopping counter: 8 out of 20
Updating learning rate to 8.715633928406493e-05
	iters: 100, epoch: 140 | loss: 0.0615320
	speed: 0.2694s/iter; left time: 22740.2016s
	iters: 200, epoch: 140 | loss: 0.0669959
	speed: 0.0820s/iter; left time: 6911.8281s
	iters: 300, epoch: 140 | loss: 0.0645560
	speed: 0.0819s/iter; left time: 6894.3587s
	iters: 400, epoch: 140 | loss: 0.0714355
	speed: 0.0821s/iter; left time: 6906.6435s
	iters: 500, epoch: 140 | loss: 0.0719588
	speed: 0.0824s/iter; left time: 6922.5574s
Epoch: 140 cost time: 43.51616597175598
[2025-05-29 10:51:02] [32mIntermediate result: 0.0708745  (Index 139)[0m
Epoch: 140, Steps: 525 | Train Loss: 0.0648167 Vali Loss: 0.0696322 Test Loss: 0.0708745
EarlyStopping counter: 9 out of 20
Updating learning rate to 8.665167788817368e-05
	iters: 100, epoch: 141 | loss: 0.0609907
	speed: 0.2681s/iter; left time: 22492.1712s
	iters: 200, epoch: 141 | loss: 0.0617960
	speed: 0.0811s/iter; left time: 6797.6100s
	iters: 300, epoch: 141 | loss: 0.0653931
	speed: 0.0811s/iter; left time: 6791.0053s
	iters: 400, epoch: 141 | loss: 0.0649000
	speed: 0.0812s/iter; left time: 6790.9048s
	iters: 500, epoch: 141 | loss: 0.0684969
	speed: 0.0813s/iter; left time: 6790.9264s
Epoch: 141 cost time: 43.13197994232178
[2025-05-29 10:52:01] [32mIntermediate result: 0.06881414  (Index 140)[0m
Epoch: 141, Steps: 525 | Train Loss: 0.0646864 Vali Loss: 0.0676696 Test Loss: 0.0688141
EarlyStopping counter: 10 out of 20
Updating learning rate to 8.613881402422945e-05
	iters: 100, epoch: 142 | loss: 0.0643671
	speed: 0.2675s/iter; left time: 22306.1623s
	iters: 200, epoch: 142 | loss: 0.0598729
	speed: 0.0814s/iter; left time: 6780.3079s
	iters: 300, epoch: 142 | loss: 0.0604013
	speed: 0.0812s/iter; left time: 6756.8968s
	iters: 400, epoch: 142 | loss: 0.0686314
	speed: 0.0810s/iter; left time: 6732.5574s
	iters: 500, epoch: 142 | loss: 0.0580619
	speed: 0.0813s/iter; left time: 6747.5171s
Epoch: 142 cost time: 43.16067695617676
[2025-05-29 10:53:01] [32mIntermediate result: 0.068602555  (Index 141)[0m
Epoch: 142, Steps: 525 | Train Loss: 0.0644120 Vali Loss: 0.0674872 Test Loss: 0.0686026
Validation loss decreased (0.067632 --> 0.067487).  Saving model ...
Updating learning rate to 8.561786246930815e-05
	iters: 100, epoch: 143 | loss: 0.0695538
	speed: 0.2700s/iter; left time: 22368.3707s
	iters: 200, epoch: 143 | loss: 0.0689920
	speed: 0.0814s/iter; left time: 6736.9341s
	iters: 300, epoch: 143 | loss: 0.0661643
	speed: 0.0813s/iter; left time: 6720.6082s
	iters: 400, epoch: 143 | loss: 0.0655136
	speed: 0.0815s/iter; left time: 6730.0149s
	iters: 500, epoch: 143 | loss: 0.0616900
	speed: 0.0820s/iter; left time: 6757.8655s
Epoch: 143 cost time: 43.31149935722351
[2025-05-29 10:54:00] [32mIntermediate result: 0.06862003  (Index 142)[0m
Epoch: 143, Steps: 525 | Train Loss: 0.0645119 Vali Loss: 0.0675274 Test Loss: 0.0686200
EarlyStopping counter: 1 out of 20
Updating learning rate to 8.508893981048162e-05
	iters: 100, epoch: 144 | loss: 0.0570060
	speed: 0.2664s/iter; left time: 21932.6567s
	iters: 200, epoch: 144 | loss: 0.0665063
	speed: 0.0819s/iter; left time: 6731.8534s
	iters: 300, epoch: 144 | loss: 0.0661204
	speed: 0.0819s/iter; left time: 6725.1363s
	iters: 400, epoch: 144 | loss: 0.0730967
	speed: 0.0821s/iter; left time: 6734.3886s
	iters: 500, epoch: 144 | loss: 0.0670727
	speed: 0.0823s/iter; left time: 6741.7793s
Epoch: 144 cost time: 43.496079206466675
[2025-05-29 10:55:00] [32mIntermediate result: 0.071272865  (Index 143)[0m
Epoch: 144, Steps: 525 | Train Loss: 0.0643603 Vali Loss: 0.0702556 Test Loss: 0.0712729
EarlyStopping counter: 2 out of 20
Updating learning rate to 8.455216441872593e-05
	iters: 100, epoch: 145 | loss: 0.0607974
	speed: 0.2695s/iter; left time: 22042.3049s
	iters: 200, epoch: 145 | loss: 0.0686279
	speed: 0.0819s/iter; left time: 6691.0907s
	iters: 300, epoch: 145 | loss: 0.0569235
	speed: 0.0822s/iter; left time: 6706.0051s
	iters: 400, epoch: 145 | loss: 0.0697488
	speed: 0.0819s/iter; left time: 6671.5320s
	iters: 500, epoch: 145 | loss: 0.0633024
	speed: 0.0820s/iter; left time: 6673.4065s
Epoch: 145 cost time: 43.48634719848633
[2025-05-29 10:55:59] [32mIntermediate result: 0.068962105  (Index 144)[0m
Epoch: 145, Steps: 525 | Train Loss: 0.0642721 Vali Loss: 0.0677891 Test Loss: 0.0689621
EarlyStopping counter: 3 out of 20
Updating learning rate to 8.400765642243034e-05
	iters: 100, epoch: 146 | loss: 0.0675307
	speed: 0.2687s/iter; left time: 21837.0394s
	iters: 200, epoch: 146 | loss: 0.0545857
	speed: 0.0822s/iter; left time: 6668.8485s
	iters: 300, epoch: 146 | loss: 0.0704329
	speed: 0.0816s/iter; left time: 6617.9711s
	iters: 400, epoch: 146 | loss: 0.0658383
	speed: 0.0818s/iter; left time: 6620.9597s
	iters: 500, epoch: 146 | loss: 0.0588396
	speed: 0.0822s/iter; left time: 6644.2335s
Epoch: 146 cost time: 43.46704411506653
[2025-05-29 10:56:59] [32mIntermediate result: 0.06893964  (Index 145)[0m
Epoch: 146, Steps: 525 | Train Loss: 0.0640685 Vali Loss: 0.0677985 Test Loss: 0.0689396
EarlyStopping counter: 4 out of 20
Updating learning rate to 8.3455537680513e-05
	iters: 100, epoch: 147 | loss: 0.0604792
	speed: 0.2665s/iter; left time: 21518.3105s
	iters: 200, epoch: 147 | loss: 0.0569022
	speed: 0.0817s/iter; left time: 6589.7398s
	iters: 300, epoch: 147 | loss: 0.0664151
	speed: 0.0817s/iter; left time: 6578.5176s
	iters: 400, epoch: 147 | loss: 0.0630980
	speed: 0.0817s/iter; left time: 6576.0026s
	iters: 500, epoch: 147 | loss: 0.0681997
	speed: 0.0817s/iter; left time: 6566.4321s
Epoch: 147 cost time: 43.32845950126648
[2025-05-29 10:57:58] [32mIntermediate result: 0.07104669  (Index 146)[0m
Epoch: 147, Steps: 525 | Train Loss: 0.0642980 Vali Loss: 0.0699914 Test Loss: 0.0710467
EarlyStopping counter: 5 out of 20
Updating learning rate to 8.289593175514938e-05
	iters: 100, epoch: 148 | loss: 0.0672511
	speed: 0.2683s/iter; left time: 21523.9724s
	iters: 200, epoch: 148 | loss: 0.0657373
	speed: 0.0821s/iter; left time: 6579.7210s
	iters: 300, epoch: 148 | loss: 0.0691846
	speed: 0.0824s/iter; left time: 6597.0881s
	iters: 400, epoch: 148 | loss: 0.0686792
	speed: 0.0822s/iter; left time: 6569.5047s
	iters: 500, epoch: 148 | loss: 0.0623816
	speed: 0.0823s/iter; left time: 6569.5985s
Epoch: 148 cost time: 43.60375189781189
[2025-05-29 10:58:58] [32mIntermediate result: 0.069383994  (Index 147)[0m
Epoch: 148, Steps: 525 | Train Loss: 0.0641772 Vali Loss: 0.0680960 Test Loss: 0.0693840
EarlyStopping counter: 6 out of 20
Updating learning rate to 8.232896388411948e-05
	iters: 100, epoch: 149 | loss: 0.0604922
	speed: 0.2685s/iter; left time: 21400.1277s
	iters: 200, epoch: 149 | loss: 0.0623434
	speed: 0.0820s/iter; left time: 6525.0771s
	iters: 300, epoch: 149 | loss: 0.0649804
	speed: 0.0810s/iter; left time: 6440.9629s
	iters: 400, epoch: 149 | loss: 0.0606700
	speed: 0.0817s/iter; left time: 6485.7786s
	iters: 500, epoch: 149 | loss: 0.0661223
	speed: 0.0817s/iter; left time: 6476.1497s
Epoch: 149 cost time: 43.29459500312805
[2025-05-29 10:59:57] [32mIntermediate result: 0.07015729  (Index 148)[0m
Epoch: 149, Steps: 525 | Train Loss: 0.0638977 Vali Loss: 0.0686919 Test Loss: 0.0701573
EarlyStopping counter: 7 out of 20
Updating learning rate to 8.175476095278012e-05
	iters: 100, epoch: 150 | loss: 0.0626718
	speed: 0.2691s/iter; left time: 21304.9167s
	iters: 200, epoch: 150 | loss: 0.0651596
	speed: 0.0825s/iter; left time: 6526.6960s
	iters: 300, epoch: 150 | loss: 0.0598255
	speed: 0.0821s/iter; left time: 6480.6108s
	iters: 400, epoch: 150 | loss: 0.0567955
	speed: 0.0815s/iter; left time: 6430.6152s
	iters: 500, epoch: 150 | loss: 0.0725678
	speed: 0.0820s/iter; left time: 6459.1062s
Epoch: 150 cost time: 43.52349829673767
[2025-05-29 11:00:57] [32mIntermediate result: 0.068975106  (Index 149)[0m
Epoch: 150, Steps: 525 | Train Loss: 0.0637905 Vali Loss: 0.0678834 Test Loss: 0.0689751
EarlyStopping counter: 8 out of 20
Updating learning rate to 8.117345146566841e-05
	iters: 100, epoch: 151 | loss: 0.0626494
	speed: 0.2671s/iter; left time: 21008.9934s
	iters: 200, epoch: 151 | loss: 0.0591229
	speed: 0.0819s/iter; left time: 6431.4852s
	iters: 300, epoch: 151 | loss: 0.0622044
	speed: 0.0818s/iter; left time: 6419.1855s
	iters: 400, epoch: 151 | loss: 0.0701925
	speed: 0.0816s/iter; left time: 6395.0596s
	iters: 500, epoch: 151 | loss: 0.0647940
	speed: 0.0819s/iter; left time: 6410.4010s
Epoch: 151 cost time: 43.342400550842285
[2025-05-29 11:01:57] [32mIntermediate result: 0.06905855  (Index 150)[0m
Epoch: 151, Steps: 525 | Train Loss: 0.0638297 Vali Loss: 0.0680142 Test Loss: 0.0690586
EarlyStopping counter: 9 out of 20
Updating learning rate to 8.05851655177429e-05
	iters: 100, epoch: 152 | loss: 0.0647689
	speed: 0.2687s/iter; left time: 20992.4360s
	iters: 200, epoch: 152 | loss: 0.0648626
	speed: 0.0816s/iter; left time: 6364.6181s
	iters: 300, epoch: 152 | loss: 0.0605898
	speed: 0.0818s/iter; left time: 6374.9332s
	iters: 400, epoch: 152 | loss: 0.0629385
	speed: 0.0815s/iter; left time: 6343.4008s
	iters: 500, epoch: 152 | loss: 0.0626370
	speed: 0.0816s/iter; left time: 6343.5174s
Epoch: 152 cost time: 43.34003806114197
[2025-05-29 11:02:56] [32mIntermediate result: 0.07034198  (Index 151)[0m
Epoch: 152, Steps: 525 | Train Loss: 0.0636510 Vali Loss: 0.0690680 Test Loss: 0.0703420
EarlyStopping counter: 10 out of 20
Updating learning rate to 7.999003476526883e-05
	iters: 100, epoch: 153 | loss: 0.0612243
	speed: 0.2683s/iter; left time: 20818.4877s
	iters: 200, epoch: 153 | loss: 0.0729503
	speed: 0.0818s/iter; left time: 6337.7263s
	iters: 300, epoch: 153 | loss: 0.0663852
	speed: 0.0818s/iter; left time: 6330.5607s
	iters: 400, epoch: 153 | loss: 0.0631577
	speed: 0.0816s/iter; left time: 6304.9505s
	iters: 500, epoch: 153 | loss: 0.0644787
	speed: 0.0818s/iter; left time: 6312.3038s
Epoch: 153 cost time: 43.31658172607422
[2025-05-29 11:03:56] [32mIntermediate result: 0.0686989  (Index 152)[0m
Epoch: 153, Steps: 525 | Train Loss: 0.0636625 Vali Loss: 0.0675383 Test Loss: 0.0686989
EarlyStopping counter: 11 out of 20
Updating learning rate to 7.938819239635387e-05
	iters: 100, epoch: 154 | loss: 0.0614231
	speed: 0.2685s/iter; left time: 20695.4405s
	iters: 200, epoch: 154 | loss: 0.0630356
	speed: 0.0822s/iter; left time: 6330.3515s
	iters: 300, epoch: 154 | loss: 0.0564139
	speed: 0.0821s/iter; left time: 6308.9851s
	iters: 400, epoch: 154 | loss: 0.0659470
	speed: 0.0819s/iter; left time: 6291.0919s
	iters: 500, epoch: 154 | loss: 0.0673867
	speed: 0.0820s/iter; left time: 6289.0344s
Epoch: 154 cost time: 43.51564431190491
[2025-05-29 11:04:55] [32mIntermediate result: 0.06855514  (Index 153)[0m
Epoch: 154, Steps: 525 | Train Loss: 0.0634205 Vali Loss: 0.0673007 Test Loss: 0.0685551
Validation loss decreased (0.067487 --> 0.067301).  Saving model ...
Updating learning rate to 7.877977310114122e-05
	iters: 100, epoch: 155 | loss: 0.0552348
	speed: 0.2677s/iter; left time: 20492.1292s
	iters: 200, epoch: 155 | loss: 0.0592504
	speed: 0.0815s/iter; left time: 6228.1227s
	iters: 300, epoch: 155 | loss: 0.0642634
	speed: 0.0817s/iter; left time: 6240.4973s
	iters: 400, epoch: 155 | loss: 0.0702875
	speed: 0.0818s/iter; left time: 6240.9260s
	iters: 500, epoch: 155 | loss: 0.0688470
	speed: 0.0819s/iter; left time: 6235.9610s
Epoch: 155 cost time: 43.31202030181885
[2025-05-29 11:05:55] [32mIntermediate result: 0.07033315  (Index 154)[0m
Epoch: 155, Steps: 525 | Train Loss: 0.0635458 Vali Loss: 0.0694758 Test Loss: 0.0703332
EarlyStopping counter: 1 out of 20
Updating learning rate to 7.816491304166633e-05
	iters: 100, epoch: 156 | loss: 0.0701267
	speed: 0.2692s/iter; left time: 20463.4994s
	iters: 200, epoch: 156 | loss: 0.0632911
	speed: 0.0820s/iter; left time: 6223.6546s
	iters: 300, epoch: 156 | loss: 0.0574248
	speed: 0.0820s/iter; left time: 6217.8528s
	iters: 400, epoch: 156 | loss: 0.0609077
	speed: 0.0819s/iter; left time: 6200.5035s
	iters: 500, epoch: 156 | loss: 0.0772893
	speed: 0.0818s/iter; left time: 6189.0126s
Epoch: 156 cost time: 43.487024784088135
[2025-05-29 11:06:55] [32mIntermediate result: 0.06900106  (Index 155)[0m
Epoch: 156, Steps: 525 | Train Loss: 0.0634827 Vali Loss: 0.0677702 Test Loss: 0.0690011
EarlyStopping counter: 2 out of 20
Updating learning rate to 7.754374982138437e-05
	iters: 100, epoch: 157 | loss: 0.0576077
	speed: 0.2692s/iter; left time: 20323.7219s
	iters: 200, epoch: 157 | loss: 0.0611081
	speed: 0.0819s/iter; left time: 6173.7215s
	iters: 300, epoch: 157 | loss: 0.0645157
	speed: 0.0815s/iter; left time: 6135.2170s
	iters: 400, epoch: 157 | loss: 0.0625799
	speed: 0.0818s/iter; left time: 6153.6552s
	iters: 500, epoch: 157 | loss: 0.0690631
	speed: 0.0818s/iter; left time: 6142.3130s
Epoch: 157 cost time: 43.371477365493774
[2025-05-29 11:07:54] [32mIntermediate result: 0.06941469  (Index 156)[0m
Epoch: 157, Steps: 525 | Train Loss: 0.0631689 Vali Loss: 0.0681077 Test Loss: 0.0694147
EarlyStopping counter: 3 out of 20
Updating learning rate to 7.691642245437509e-05
	iters: 100, epoch: 158 | loss: 0.0621271
	speed: 0.2680s/iter; left time: 20096.9325s
	iters: 200, epoch: 158 | loss: 0.0648985
	speed: 0.0817s/iter; left time: 6120.8480s
	iters: 300, epoch: 158 | loss: 0.0591694
	speed: 0.0818s/iter; left time: 6114.1381s
	iters: 400, epoch: 158 | loss: 0.0591402
	speed: 0.0817s/iter; left time: 6100.1917s
	iters: 500, epoch: 158 | loss: 0.0599932
	speed: 0.0816s/iter; left time: 6087.1921s
Epoch: 158 cost time: 43.36142420768738
[2025-05-29 11:08:54] [32mIntermediate result: 0.06833279  (Index 157)[0m
Epoch: 158, Steps: 525 | Train Loss: 0.0633160 Vali Loss: 0.0671313 Test Loss: 0.0683328
Validation loss decreased (0.067301 --> 0.067131).  Saving model ...
Updating learning rate to 7.628307133423198e-05
	iters: 100, epoch: 159 | loss: 0.0570663
	speed: 0.2693s/iter; left time: 20049.4270s
	iters: 200, epoch: 159 | loss: 0.0604531
	speed: 0.0817s/iter; left time: 6071.0236s
	iters: 300, epoch: 159 | loss: 0.0636026
	speed: 0.0820s/iter; left time: 6086.5161s
	iters: 400, epoch: 159 | loss: 0.0668345
	speed: 0.0819s/iter; left time: 6073.5935s
	iters: 500, epoch: 159 | loss: 0.0583346
	speed: 0.0822s/iter; left time: 6083.5149s
Epoch: 159 cost time: 43.48084998130798
[2025-05-29 11:09:53] [32mIntermediate result: 0.0688802  (Index 158)[0m
Epoch: 159, Steps: 525 | Train Loss: 0.0631916 Vali Loss: 0.0677318 Test Loss: 0.0688802
EarlyStopping counter: 1 out of 20
Updating learning rate to 7.564383820264262e-05
	iters: 100, epoch: 160 | loss: 0.0649219
	speed: 0.2675s/iter; left time: 19775.2676s
	iters: 200, epoch: 160 | loss: 0.0656900
	speed: 0.0816s/iter; left time: 6021.2546s
	iters: 300, epoch: 160 | loss: 0.0581459
	speed: 0.0820s/iter; left time: 6042.8008s
	iters: 400, epoch: 160 | loss: 0.0704433
	speed: 0.0819s/iter; left time: 6030.6198s
	iters: 500, epoch: 160 | loss: 0.0555813
	speed: 0.0816s/iter; left time: 6002.4895s
Epoch: 160 cost time: 43.35274696350098
[2025-05-29 11:10:53] [32mIntermediate result: 0.069613926  (Index 159)[0m
Epoch: 160, Steps: 525 | Train Loss: 0.0630722 Vali Loss: 0.0687063 Test Loss: 0.0696139
EarlyStopping counter: 2 out of 20
Updating learning rate to 7.499886611766751e-05
	iters: 100, epoch: 161 | loss: 0.0618539
	speed: 0.2688s/iter; left time: 19731.6662s
	iters: 200, epoch: 161 | loss: 0.0618838
	speed: 0.0818s/iter; left time: 5994.6945s
	iters: 300, epoch: 161 | loss: 0.0631857
	speed: 0.0810s/iter; left time: 5928.4149s
	iters: 400, epoch: 161 | loss: 0.0587170
	speed: 0.0816s/iter; left time: 5966.2751s
	iters: 500, epoch: 161 | loss: 0.0612411
	speed: 0.0812s/iter; left time: 5930.6316s
Epoch: 161 cost time: 43.2252562046051
[2025-05-29 11:11:52] [32mIntermediate result: 0.06856522  (Index 160)[0m
Epoch: 161, Steps: 525 | Train Loss: 0.0630618 Vali Loss: 0.0673548 Test Loss: 0.0685652
EarlyStopping counter: 3 out of 20
Updating learning rate to 7.434829942172411e-05
	iters: 100, epoch: 162 | loss: 0.0647488
	speed: 0.2666s/iter; left time: 19431.7746s
	iters: 200, epoch: 162 | loss: 0.0612974
	speed: 0.0817s/iter; left time: 5947.6812s
	iters: 300, epoch: 162 | loss: 0.0664225
	speed: 0.0817s/iter; left time: 5936.4810s
	iters: 400, epoch: 162 | loss: 0.0646306
	speed: 0.0817s/iter; left time: 5929.5750s
	iters: 500, epoch: 162 | loss: 0.0641231
	speed: 0.0819s/iter; left time: 5938.8663s
Epoch: 162 cost time: 43.3251850605011
[2025-05-29 11:12:52] [32mIntermediate result: 0.069456406  (Index 161)[0m
Epoch: 162, Steps: 525 | Train Loss: 0.0629518 Vali Loss: 0.0681180 Test Loss: 0.0694564
EarlyStopping counter: 4 out of 20
Updating learning rate to 7.369228370928355e-05
	iters: 100, epoch: 163 | loss: 0.0646779
	speed: 0.2711s/iter; left time: 19615.4504s
	iters: 200, epoch: 163 | loss: 0.0593183
	speed: 0.0820s/iter; left time: 5924.4664s
	iters: 300, epoch: 163 | loss: 0.0635992
	speed: 0.0818s/iter; left time: 5902.4314s
	iters: 400, epoch: 163 | loss: 0.0601661
	speed: 0.0823s/iter; left time: 5931.6739s
	iters: 500, epoch: 163 | loss: 0.0610240
	speed: 0.0824s/iter; left time: 5928.6042s
Epoch: 163 cost time: 43.58931112289429
[2025-05-29 11:13:52] [32mIntermediate result: 0.06907548  (Index 162)[0m
Epoch: 163, Steps: 525 | Train Loss: 0.0626777 Vali Loss: 0.0679405 Test Loss: 0.0690755
EarlyStopping counter: 5 out of 20
Updating learning rate to 7.303096579428717e-05
	iters: 100, epoch: 164 | loss: 0.0629350
	speed: 0.2688s/iter; left time: 19304.4385s
	iters: 200, epoch: 164 | loss: 0.0583491
	speed: 0.0822s/iter; left time: 5896.9978s
	iters: 300, epoch: 164 | loss: 0.0635681
	speed: 0.0824s/iter; left time: 5901.7770s
	iters: 400, epoch: 164 | loss: 0.0666730
	speed: 0.0823s/iter; left time: 5887.2731s
	iters: 500, epoch: 164 | loss: 0.0615004
	speed: 0.0818s/iter; left time: 5844.2408s
Epoch: 164 cost time: 43.56378507614136
[2025-05-29 11:14:51] [32mIntermediate result: 0.06874239  (Index 163)[0m
Epoch: 164, Steps: 525 | Train Loss: 0.0627641 Vali Loss: 0.0674237 Test Loss: 0.0687424
EarlyStopping counter: 6 out of 20
Updating learning rate to 7.236449367728997e-05
	iters: 100, epoch: 165 | loss: 0.0662484
	speed: 0.2690s/iter; left time: 19183.1701s
	iters: 200, epoch: 165 | loss: 0.0611401
	speed: 0.0816s/iter; left time: 5810.8645s
	iters: 300, epoch: 165 | loss: 0.0611325
	speed: 0.0816s/iter; left time: 5805.1851s
	iters: 400, epoch: 165 | loss: 0.0602866
	speed: 0.0815s/iter; left time: 5788.4636s
	iters: 500, epoch: 165 | loss: 0.0594972
	speed: 0.0819s/iter; left time: 5806.7921s
Epoch: 165 cost time: 43.335755825042725
[2025-05-29 11:15:51] [32mIntermediate result: 0.0692499  (Index 164)[0m
Epoch: 165, Steps: 525 | Train Loss: 0.0627188 Vali Loss: 0.0680977 Test Loss: 0.0692499
EarlyStopping counter: 7 out of 20
Updating learning rate to 7.169301651233878e-05
	iters: 100, epoch: 166 | loss: 0.0663961
	speed: 0.2696s/iter; left time: 19077.9544s
	iters: 200, epoch: 166 | loss: 0.0593051
	speed: 0.0818s/iter; left time: 5783.5713s
	iters: 300, epoch: 166 | loss: 0.0561209
	speed: 0.0823s/iter; left time: 5806.1174s
	iters: 400, epoch: 166 | loss: 0.0643692
	speed: 0.0821s/iter; left time: 5788.1778s
	iters: 500, epoch: 166 | loss: 0.0647068
	speed: 0.0819s/iter; left time: 5762.4721s
Epoch: 166 cost time: 43.50376558303833
[2025-05-29 11:16:51] [32mIntermediate result: 0.06850297  (Index 165)[0m
Epoch: 166, Steps: 525 | Train Loss: 0.0625674 Vali Loss: 0.0672847 Test Loss: 0.0685030
EarlyStopping counter: 8 out of 20
Updating learning rate to 7.1016684573592e-05
	iters: 100, epoch: 167 | loss: 0.0585224
	speed: 0.2718s/iter; left time: 19096.2999s
	iters: 200, epoch: 167 | loss: 0.0576130
	speed: 0.0815s/iter; left time: 5718.6690s
	iters: 300, epoch: 167 | loss: 0.0601781
	speed: 0.0822s/iter; left time: 5760.9359s
	iters: 400, epoch: 167 | loss: 0.0636715
	speed: 0.0821s/iter; left time: 5745.4237s
	iters: 500, epoch: 167 | loss: 0.0575250
	speed: 0.0822s/iter; left time: 5741.9819s
Epoch: 167 cost time: 43.49989557266235
[2025-05-29 11:17:51] [32mIntermediate result: 0.06870031  (Index 166)[0m
Epoch: 167, Steps: 525 | Train Loss: 0.0625765 Vali Loss: 0.0675501 Test Loss: 0.0687003
EarlyStopping counter: 9 out of 20
Updating learning rate to 7.033564922168878e-05
	iters: 100, epoch: 168 | loss: 0.0591677
	speed: 0.2686s/iter; left time: 18726.2032s
	iters: 200, epoch: 168 | loss: 0.0622869
	speed: 0.0815s/iter; left time: 5674.2350s
	iters: 300, epoch: 168 | loss: 0.0624269
	speed: 0.0815s/iter; left time: 5669.3967s
	iters: 400, epoch: 168 | loss: 0.0633491
	speed: 0.0815s/iter; left time: 5658.7214s
	iters: 500, epoch: 168 | loss: 0.0694641
	speed: 0.0817s/iter; left time: 5667.3929s
Epoch: 168 cost time: 43.32318663597107
[2025-05-29 11:18:50] [32mIntermediate result: 0.06895639  (Index 167)[0m
Epoch: 168, Steps: 525 | Train Loss: 0.0626433 Vali Loss: 0.0676692 Test Loss: 0.0689564
EarlyStopping counter: 10 out of 20
Updating learning rate to 6.965006286987523e-05
	iters: 100, epoch: 169 | loss: 0.0599496
	speed: 0.2670s/iter; left time: 18473.6100s
	iters: 200, epoch: 169 | loss: 0.0588561
	speed: 0.0814s/iter; left time: 5621.8392s
	iters: 300, epoch: 169 | loss: 0.0618239
	speed: 0.0813s/iter; left time: 5607.5935s
	iters: 400, epoch: 169 | loss: 0.0653563
	speed: 0.0813s/iter; left time: 5599.3529s
	iters: 500, epoch: 169 | loss: 0.0555342
	speed: 0.0816s/iter; left time: 5615.3734s
Epoch: 169 cost time: 43.230602979660034
[2025-05-29 11:19:49] [32mIntermediate result: 0.06846962  (Index 168)[0m
Epoch: 169, Steps: 525 | Train Loss: 0.0623345 Vali Loss: 0.0673379 Test Loss: 0.0684696
EarlyStopping counter: 11 out of 20
Updating learning rate to 6.896007894989461e-05
	iters: 100, epoch: 170 | loss: 0.0620127
	speed: 0.2677s/iter; left time: 18383.1821s
	iters: 200, epoch: 170 | loss: 0.0655765
	speed: 0.0814s/iter; left time: 5580.8432s
	iters: 300, epoch: 170 | loss: 0.0594163
	speed: 0.0819s/iter; left time: 5606.4508s
	iters: 400, epoch: 170 | loss: 0.0640471
	speed: 0.0814s/iter; left time: 5567.9551s
	iters: 500, epoch: 170 | loss: 0.0619574
	speed: 0.0818s/iter; left time: 5581.9883s
Epoch: 170 cost time: 43.383670806884766
[2025-05-29 11:20:49] [32mIntermediate result: 0.068150066  (Index 169)[0m
Epoch: 170, Steps: 525 | Train Loss: 0.0623876 Vali Loss: 0.0669232 Test Loss: 0.0681501
Validation loss decreased (0.067131 --> 0.066923).  Saving model ...
Updating learning rate to 6.826585187765017e-05
	iters: 100, epoch: 171 | loss: 0.0594233
	speed: 0.2664s/iter; left time: 18152.0370s
	iters: 200, epoch: 171 | loss: 0.0570424
	speed: 0.0814s/iter; left time: 5541.3391s
	iters: 300, epoch: 171 | loss: 0.0629952
	speed: 0.0814s/iter; left time: 5532.2313s
	iters: 400, epoch: 171 | loss: 0.0693823
	speed: 0.0813s/iter; left time: 5517.5503s
	iters: 500, epoch: 171 | loss: 0.0574533
	speed: 0.0816s/iter; left time: 5526.5220s
Epoch: 171 cost time: 43.22117590904236
[2025-05-29 11:21:48] [32mIntermediate result: 0.06828286  (Index 170)[0m
Epoch: 171, Steps: 525 | Train Loss: 0.0622256 Vali Loss: 0.0672066 Test Loss: 0.0682829
EarlyStopping counter: 1 out of 20
Updating learning rate to 6.756753701864713e-05
	iters: 100, epoch: 172 | loss: 0.0587185
	speed: 0.2659s/iter; left time: 17980.9203s
	iters: 200, epoch: 172 | loss: 0.0608844
	speed: 0.0814s/iter; left time: 5499.6441s
	iters: 300, epoch: 172 | loss: 0.0618776
	speed: 0.0814s/iter; left time: 5489.0242s
	iters: 400, epoch: 172 | loss: 0.0657182
	speed: 0.0815s/iter; left time: 5489.2892s
	iters: 500, epoch: 172 | loss: 0.0633341
	speed: 0.0816s/iter; left time: 5482.8490s
Epoch: 172 cost time: 43.221328020095825
[2025-05-29 11:22:47] [32mIntermediate result: 0.06840494  (Index 171)[0m
Epoch: 172, Steps: 525 | Train Loss: 0.0622676 Vali Loss: 0.0672102 Test Loss: 0.0684049
EarlyStopping counter: 2 out of 20
Updating learning rate to 6.686529065322271e-05
	iters: 100, epoch: 173 | loss: 0.0604968
	speed: 0.2656s/iter; left time: 17819.5268s
	iters: 200, epoch: 173 | loss: 0.0672248
	speed: 0.0814s/iter; left time: 5455.1637s
	iters: 300, epoch: 173 | loss: 0.0598706
	speed: 0.0815s/iter; left time: 5451.2204s
	iters: 400, epoch: 173 | loss: 0.0649586
	speed: 0.0815s/iter; left time: 5447.0018s
	iters: 500, epoch: 173 | loss: 0.0701896
	speed: 0.0812s/iter; left time: 5415.0089s
Epoch: 173 cost time: 43.24817109107971
[2025-05-29 11:23:46] [32mIntermediate result: 0.06847576  (Index 172)[0m
Epoch: 173, Steps: 525 | Train Loss: 0.0622966 Vali Loss: 0.0673773 Test Loss: 0.0684758
EarlyStopping counter: 3 out of 20
Updating learning rate to 6.615926994157094e-05
	iters: 100, epoch: 174 | loss: 0.0592458
	speed: 0.2671s/iter; left time: 17779.9793s
	iters: 200, epoch: 174 | loss: 0.0595351
	speed: 0.0814s/iter; left time: 5408.4908s
	iters: 300, epoch: 174 | loss: 0.0647878
	speed: 0.0817s/iter; left time: 5423.6376s
	iters: 400, epoch: 174 | loss: 0.0616934
	speed: 0.0815s/iter; left time: 5399.7625s
	iters: 500, epoch: 174 | loss: 0.0603333
	speed: 0.0817s/iter; left time: 5407.6100s
Epoch: 174 cost time: 43.290921449661255
[2025-05-29 11:24:45] [32mIntermediate result: 0.06886247  (Index 173)[0m
Epoch: 174, Steps: 525 | Train Loss: 0.0621862 Vali Loss: 0.0676960 Test Loss: 0.0688625
EarlyStopping counter: 4 out of 20
Updating learning rate to 6.54496328885709e-05
	iters: 100, epoch: 175 | loss: 0.0652017
	speed: 0.2654s/iter; left time: 17531.5730s
	iters: 200, epoch: 175 | loss: 0.0633932
	speed: 0.0816s/iter; left time: 5380.3110s
	iters: 300, epoch: 175 | loss: 0.0659311
	speed: 0.0814s/iter; left time: 5360.1980s
	iters: 400, epoch: 175 | loss: 0.0657207
	speed: 0.0815s/iter; left time: 5360.1445s
	iters: 500, epoch: 175 | loss: 0.0616642
	speed: 0.0814s/iter; left time: 5345.3047s
Epoch: 175 cost time: 43.25270962715149
[2025-05-29 11:25:45] [32mIntermediate result: 0.06861819  (Index 174)[0m
Epoch: 175, Steps: 525 | Train Loss: 0.0620943 Vali Loss: 0.0674881 Test Loss: 0.0686182
EarlyStopping counter: 5 out of 20
Updating learning rate to 6.473653830842581e-05
	iters: 100, epoch: 176 | loss: 0.0592072
	speed: 0.2661s/iter; left time: 17437.5176s
	iters: 200, epoch: 176 | loss: 0.0632078
	speed: 0.0815s/iter; left time: 5333.2770s
	iters: 300, epoch: 176 | loss: 0.0606120
	speed: 0.0814s/iter; left time: 5319.4397s
	iters: 400, epoch: 176 | loss: 0.0663476
	speed: 0.0819s/iter; left time: 5339.6087s
	iters: 500, epoch: 176 | loss: 0.0600129
	speed: 0.0816s/iter; left time: 5315.5515s
Epoch: 176 cost time: 43.31679153442383
[2025-05-29 11:26:44] [32mIntermediate result: 0.068430774  (Index 175)[0m
Epoch: 176, Steps: 525 | Train Loss: 0.0619086 Vali Loss: 0.0674206 Test Loss: 0.0684308
EarlyStopping counter: 6 out of 20
Updating learning rate to 6.40201457891209e-05
	iters: 100, epoch: 177 | loss: 0.0666638
	speed: 0.2662s/iter; left time: 17305.1106s
	iters: 200, epoch: 177 | loss: 0.0537105
	speed: 0.0813s/iter; left time: 5276.3657s
	iters: 300, epoch: 177 | loss: 0.0688732
	speed: 0.0814s/iter; left time: 5273.5904s
	iters: 400, epoch: 177 | loss: 0.0633009
	speed: 0.0817s/iter; left time: 5287.8565s
	iters: 500, epoch: 177 | loss: 0.0596829
	speed: 0.0816s/iter; left time: 5274.1575s
Epoch: 177 cost time: 43.28321051597595
[2025-05-29 11:27:43] [32mIntermediate result: 0.068772964  (Index 176)[0m
Epoch: 177, Steps: 525 | Train Loss: 0.0618832 Vali Loss: 0.0675624 Test Loss: 0.0687730
EarlyStopping counter: 7 out of 20
Updating learning rate to 6.330061565670825e-05
	iters: 100, epoch: 178 | loss: 0.0736211
	speed: 0.2653s/iter; left time: 17102.8200s
	iters: 200, epoch: 178 | loss: 0.0638486
	speed: 0.0814s/iter; left time: 5238.4704s
	iters: 300, epoch: 178 | loss: 0.0571247
	speed: 0.0816s/iter; left time: 5245.7173s
	iters: 400, epoch: 178 | loss: 0.0680465
	speed: 0.0817s/iter; left time: 5244.1994s
	iters: 500, epoch: 178 | loss: 0.0573702
	speed: 0.0814s/iter; left time: 5217.2014s
Epoch: 178 cost time: 43.27684950828552
[2025-05-29 11:28:42] [32mIntermediate result: 0.06885313  (Index 177)[0m
Epoch: 178, Steps: 525 | Train Loss: 0.0618530 Vali Loss: 0.0677932 Test Loss: 0.0688531
EarlyStopping counter: 8 out of 20
Updating learning rate to 6.257810893942639e-05
	iters: 100, epoch: 179 | loss: 0.0646887
	speed: 0.2656s/iter; left time: 16984.6296s
	iters: 200, epoch: 179 | loss: 0.0676361
	speed: 0.0812s/iter; left time: 5183.4887s
	iters: 300, epoch: 179 | loss: 0.0554810
	speed: 0.0815s/iter; left time: 5193.0374s
	iters: 400, epoch: 179 | loss: 0.0577418
	speed: 0.0815s/iter; left time: 5187.2534s
	iters: 500, epoch: 179 | loss: 0.0648534
	speed: 0.0817s/iter; left time: 5189.8181s
Epoch: 179 cost time: 43.21103882789612
[2025-05-29 11:29:41] [32mIntermediate result: 0.06883192  (Index 178)[0m
Epoch: 179, Steps: 525 | Train Loss: 0.0617041 Vali Loss: 0.0677526 Test Loss: 0.0688319
EarlyStopping counter: 9 out of 20
Updating learning rate to 6.185278733166281e-05
	iters: 100, epoch: 180 | loss: 0.0589035
	speed: 0.2660s/iter; left time: 16871.8599s
	iters: 200, epoch: 180 | loss: 0.0646966
	speed: 0.0816s/iter; left time: 5167.8846s
	iters: 300, epoch: 180 | loss: 0.0654986
	speed: 0.0815s/iter; left time: 5154.6208s
	iters: 400, epoch: 180 | loss: 0.0625387
	speed: 0.0813s/iter; left time: 5131.0006s
	iters: 500, epoch: 180 | loss: 0.0597482
	speed: 0.0813s/iter; left time: 5124.4224s
Epoch: 180 cost time: 43.22173762321472
[2025-05-29 11:30:40] [32mIntermediate result: 0.06850836  (Index 179)[0m
Epoch: 180, Steps: 525 | Train Loss: 0.0617945 Vali Loss: 0.0673680 Test Loss: 0.0685084
EarlyStopping counter: 10 out of 20
Updating learning rate to 6.112481315776727e-05
	iters: 100, epoch: 181 | loss: 0.0587363
	speed: 0.2666s/iter; left time: 16770.3993s
	iters: 200, epoch: 181 | loss: 0.0598843
	speed: 0.0814s/iter; left time: 5115.0821s
	iters: 300, epoch: 181 | loss: 0.0640768
	speed: 0.0815s/iter; left time: 5109.8489s
	iters: 400, epoch: 181 | loss: 0.0614389
	speed: 0.0814s/iter; left time: 5096.4434s
	iters: 500, epoch: 181 | loss: 0.0680580
	speed: 0.0814s/iter; left time: 5085.2586s
Epoch: 181 cost time: 43.278240442276
[2025-05-29 11:31:40] [32mIntermediate result: 0.06842592  (Index 180)[0m
Epoch: 181, Steps: 525 | Train Loss: 0.0617493 Vali Loss: 0.0672538 Test Loss: 0.0684259
EarlyStopping counter: 11 out of 20
Updating learning rate to 6.0394349335724164e-05
	iters: 100, epoch: 182 | loss: 0.0617932
	speed: 0.2670s/iter; left time: 16651.9268s
	iters: 200, epoch: 182 | loss: 0.0663648
	speed: 0.0817s/iter; left time: 5086.5898s
	iters: 300, epoch: 182 | loss: 0.0550894
	speed: 0.0816s/iter; left time: 5074.3635s
	iters: 400, epoch: 182 | loss: 0.0645827
	speed: 0.0813s/iter; left time: 5049.2764s
	iters: 500, epoch: 182 | loss: 0.0644623
	speed: 0.0813s/iter; left time: 5037.4948s
Epoch: 182 cost time: 43.240278482437134
[2025-05-29 11:32:39] [32mIntermediate result: 0.068340674  (Index 181)[0m
Epoch: 182, Steps: 525 | Train Loss: 0.0616127 Vali Loss: 0.0673402 Test Loss: 0.0683407
EarlyStopping counter: 12 out of 20
Updating learning rate to 5.966155934069226e-05
	iters: 100, epoch: 183 | loss: 0.0640126
	speed: 0.2662s/iter; left time: 16467.1097s
	iters: 200, epoch: 183 | loss: 0.0600120
	speed: 0.0813s/iter; left time: 5020.0192s
	iters: 300, epoch: 183 | loss: 0.0680484
	speed: 0.0816s/iter; left time: 5033.4506s
	iters: 400, epoch: 183 | loss: 0.0603002
	speed: 0.0816s/iter; left time: 5019.9175s
	iters: 500, epoch: 183 | loss: 0.0629861
	speed: 0.0815s/iter; left time: 5008.0919s
Epoch: 183 cost time: 43.293906927108765
[2025-05-29 11:33:38] [32mIntermediate result: 0.068215735  (Index 182)[0m
Epoch: 183, Steps: 525 | Train Loss: 0.0617430 Vali Loss: 0.0671885 Test Loss: 0.0682157
EarlyStopping counter: 13 out of 20
Updating learning rate to 5.8926607168419307e-05
	iters: 100, epoch: 184 | loss: 0.0605048
	speed: 0.2676s/iter; left time: 16410.1365s
	iters: 200, epoch: 184 | loss: 0.0541212
	speed: 0.0814s/iter; left time: 4983.2348s
	iters: 300, epoch: 184 | loss: 0.0674251
	speed: 0.0817s/iter; left time: 4991.5631s
	iters: 400, epoch: 184 | loss: 0.0658024
	speed: 0.0814s/iter; left time: 4970.5165s
	iters: 500, epoch: 184 | loss: 0.0575805
	speed: 0.0815s/iter; left time: 4963.9405s
Epoch: 184 cost time: 43.251750469207764
[2025-05-29 11:34:38] [32mIntermediate result: 0.06851509  (Index 183)[0m
Epoch: 184, Steps: 525 | Train Loss: 0.0613710 Vali Loss: 0.0674579 Test Loss: 0.0685151
EarlyStopping counter: 14 out of 20
Updating learning rate to 5.8189657298540515e-05
	iters: 100, epoch: 185 | loss: 0.0650128
	speed: 0.2661s/iter; left time: 16176.8675s
	iters: 200, epoch: 185 | loss: 0.0629889
	speed: 0.0818s/iter; left time: 4966.9664s
	iters: 300, epoch: 185 | loss: 0.0508834
	speed: 0.0818s/iter; left time: 4956.8216s
	iters: 400, epoch: 185 | loss: 0.0676741
	speed: 0.0817s/iter; left time: 4944.8633s
	iters: 500, epoch: 185 | loss: 0.0617613
	speed: 0.0817s/iter; left time: 4935.7784s
Epoch: 185 cost time: 43.41626715660095
[2025-05-29 11:35:37] [32mIntermediate result: 0.06833389  (Index 184)[0m
Epoch: 185, Steps: 525 | Train Loss: 0.0614213 Vali Loss: 0.0671359 Test Loss: 0.0683339
EarlyStopping counter: 15 out of 20
Updating learning rate to 5.745087465776865e-05
	iters: 100, epoch: 186 | loss: 0.0652621
	speed: 0.2682s/iter; left time: 16166.8002s
	iters: 200, epoch: 186 | loss: 0.0541719
	speed: 0.0815s/iter; left time: 4906.5734s
	iters: 300, epoch: 186 | loss: 0.0562456
	speed: 0.0815s/iter; left time: 4894.0486s
	iters: 400, epoch: 186 | loss: 0.0686389
	speed: 0.0815s/iter; left time: 4889.0166s
	iters: 500, epoch: 186 | loss: 0.0642873
	speed: 0.0815s/iter; left time: 4877.9383s
Epoch: 186 cost time: 43.27165412902832
[2025-05-29 11:36:36] [32mIntermediate result: 0.069121264  (Index 185)[0m
Epoch: 186, Steps: 525 | Train Loss: 0.0613683 Vali Loss: 0.0679915 Test Loss: 0.0691213
EarlyStopping counter: 16 out of 20
Updating learning rate to 5.671042458298389e-05
	iters: 100, epoch: 187 | loss: 0.0573785
	speed: 0.2674s/iter; left time: 15975.0097s
	iters: 200, epoch: 187 | loss: 0.0639665
	speed: 0.0817s/iter; left time: 4875.6937s
	iters: 300, epoch: 187 | loss: 0.0592063
	speed: 0.0817s/iter; left time: 4866.8040s
	iters: 400, epoch: 187 | loss: 0.0575688
	speed: 0.0811s/iter; left time: 4823.2131s
	iters: 500, epoch: 187 | loss: 0.0687260
	speed: 0.0814s/iter; left time: 4828.2241s
Epoch: 187 cost time: 43.28883337974548
[2025-05-29 11:37:36] [32mIntermediate result: 0.0684619  (Index 186)[0m
Epoch: 187, Steps: 525 | Train Loss: 0.0612834 Vali Loss: 0.0673792 Test Loss: 0.0684619
EarlyStopping counter: 17 out of 20
Updating learning rate to 5.596847278423212e-05
	iters: 100, epoch: 188 | loss: 0.0645280
	speed: 0.2658s/iter; left time: 15743.3192s
	iters: 200, epoch: 188 | loss: 0.0641834
	speed: 0.0814s/iter; left time: 4813.5575s
	iters: 300, epoch: 188 | loss: 0.0589772
	speed: 0.0816s/iter; left time: 4817.7523s
	iters: 400, epoch: 188 | loss: 0.0617588
	speed: 0.0818s/iter; left time: 4821.6418s
	iters: 500, epoch: 188 | loss: 0.0584537
	speed: 0.0817s/iter; left time: 4805.2777s
Epoch: 188 cost time: 43.38184118270874
[2025-05-29 11:38:35] [32mIntermediate result: 0.068298265  (Index 187)[0m
Epoch: 188, Steps: 525 | Train Loss: 0.0612428 Vali Loss: 0.0671590 Test Loss: 0.0682983
EarlyStopping counter: 18 out of 20
Updating learning rate to 5.5225185307639656e-05
	iters: 100, epoch: 189 | loss: 0.0641186
	speed: 0.2662s/iter; left time: 15629.0150s
	iters: 200, epoch: 189 | loss: 0.0616581
	speed: 0.0814s/iter; left time: 4772.1817s
	iters: 300, epoch: 189 | loss: 0.0593814
	speed: 0.0813s/iter; left time: 4758.9614s
	iters: 400, epoch: 189 | loss: 0.0636894
	speed: 0.0815s/iter; left time: 4759.9116s
	iters: 500, epoch: 189 | loss: 0.0549640
	speed: 0.0815s/iter; left time: 4752.4908s
Epoch: 189 cost time: 43.20692443847656
[2025-05-29 11:39:34] [32mIntermediate result: 0.06815498  (Index 188)[0m
Epoch: 189, Steps: 525 | Train Loss: 0.0611399 Vali Loss: 0.0669851 Test Loss: 0.0681550
EarlyStopping counter: 19 out of 20
Updating learning rate to 5.4480728498252655e-05
	iters: 100, epoch: 190 | loss: 0.0586325
	speed: 0.2683s/iter; left time: 15609.3516s
	iters: 200, epoch: 190 | loss: 0.0547391
	speed: 0.0818s/iter; left time: 4749.1961s
	iters: 300, epoch: 190 | loss: 0.0657671
	speed: 0.0818s/iter; left time: 4741.6918s
	iters: 400, epoch: 190 | loss: 0.0672728
	speed: 0.0814s/iter; left time: 4712.9124s
	iters: 500, epoch: 190 | loss: 0.0612886
	speed: 0.0812s/iter; left time: 4691.2837s
Epoch: 190 cost time: 43.336209297180176
[2025-05-29 11:40:33] [32mIntermediate result: 0.06801954  (Index 189)[0m
Epoch: 190, Steps: 525 | Train Loss: 0.0611166 Vali Loss: 0.0669155 Test Loss: 0.0680195
Validation loss decreased (0.066923 --> 0.066916).  Saving model ...
Updating learning rate to 5.373526896280971e-05
	iters: 100, epoch: 191 | loss: 0.0656090
	speed: 0.2661s/iter; left time: 15343.2405s
	iters: 200, epoch: 191 | loss: 0.0598461
	speed: 0.0818s/iter; left time: 4705.3646s
	iters: 300, epoch: 191 | loss: 0.0534317
	speed: 0.0811s/iter; left time: 4660.8874s
	iters: 400, epoch: 191 | loss: 0.0629235
	speed: 0.0818s/iter; left time: 4690.8597s
	iters: 500, epoch: 191 | loss: 0.0599570
	speed: 0.0817s/iter; left time: 4675.1262s
Epoch: 191 cost time: 43.28725743293762
[2025-05-29 11:41:33] [32mIntermediate result: 0.06846174  (Index 190)[0m
Epoch: 191, Steps: 525 | Train Loss: 0.0611900 Vali Loss: 0.0672354 Test Loss: 0.0684617
EarlyStopping counter: 1 out of 20
Updating learning rate to 5.298897353245588e-05
	iters: 100, epoch: 192 | loss: 0.0617333
	speed: 0.2668s/iter; left time: 15240.5650s
	iters: 200, epoch: 192 | loss: 0.0599441
	speed: 0.0820s/iter; left time: 4675.8915s
	iters: 300, epoch: 192 | loss: 0.0524257
	speed: 0.0816s/iter; left time: 4645.7230s
	iters: 400, epoch: 192 | loss: 0.0584859
	speed: 0.0815s/iter; left time: 4631.3401s
	iters: 500, epoch: 192 | loss: 0.0593616
	speed: 0.0818s/iter; left time: 4638.1517s
Epoch: 192 cost time: 43.403939723968506
[2025-05-29 11:42:32] [32mIntermediate result: 0.068706855  (Index 191)[0m
Epoch: 192, Steps: 525 | Train Loss: 0.0610177 Vali Loss: 0.0676463 Test Loss: 0.0687069
EarlyStopping counter: 2 out of 20
Updating learning rate to 5.224200922540647e-05
	iters: 100, epoch: 193 | loss: 0.0638940
	speed: 0.2659s/iter; left time: 15049.2136s
	iters: 200, epoch: 193 | loss: 0.0629005
	speed: 0.0814s/iter; left time: 4600.6395s
	iters: 300, epoch: 193 | loss: 0.0588263
	speed: 0.0815s/iter; left time: 4595.4175s
	iters: 400, epoch: 193 | loss: 0.0556519
	speed: 0.0815s/iter; left time: 4587.0465s
	iters: 500, epoch: 193 | loss: 0.0601250
	speed: 0.0812s/iter; left time: 4564.5179s
Epoch: 193 cost time: 43.23796725273132
[2025-05-29 11:43:31] [32mIntermediate result: 0.068378456  (Index 192)[0m
Epoch: 193, Steps: 525 | Train Loss: 0.0610774 Vali Loss: 0.0673041 Test Loss: 0.0683785
EarlyStopping counter: 3 out of 20
Updating learning rate to 5.1494543209569006e-05
	iters: 100, epoch: 194 | loss: 0.0606320
	speed: 0.2653s/iter; left time: 14879.2017s
	iters: 200, epoch: 194 | loss: 0.0602146
	speed: 0.0816s/iter; left time: 4566.6491s
	iters: 300, epoch: 194 | loss: 0.0663744
	speed: 0.0814s/iter; left time: 4546.1572s
	iters: 400, epoch: 194 | loss: 0.0491139
	speed: 0.0815s/iter; left time: 4548.0116s
	iters: 500, epoch: 194 | loss: 0.0624434
	speed: 0.0814s/iter; left time: 4530.3758s
Epoch: 194 cost time: 43.242799043655396
[2025-05-29 11:44:30] [32mIntermediate result: 0.06802379  (Index 193)[0m
Epoch: 194, Steps: 525 | Train Loss: 0.0609820 Vali Loss: 0.0668445 Test Loss: 0.0680238
Validation loss decreased (0.066916 --> 0.066844).  Saving model ...
Updating learning rate to 5.074674276513155e-05
	iters: 100, epoch: 195 | loss: 0.0616074
	speed: 0.2653s/iter; left time: 14738.7536s
	iters: 200, epoch: 195 | loss: 0.0603773
	speed: 0.0813s/iter; left time: 4507.8183s
	iters: 300, epoch: 195 | loss: 0.0601780
	speed: 0.0812s/iter; left time: 4496.1439s
	iters: 400, epoch: 195 | loss: 0.0606869
	speed: 0.0814s/iter; left time: 4495.9238s
	iters: 500, epoch: 195 | loss: 0.0575348
	speed: 0.0813s/iter; left time: 4483.6453s
Epoch: 195 cost time: 43.132784843444824
[2025-05-29 11:45:29] [32mIntermediate result: 0.068514556  (Index 194)[0m
Epoch: 195, Steps: 525 | Train Loss: 0.0608375 Vali Loss: 0.0673435 Test Loss: 0.0685146
EarlyStopping counter: 1 out of 20
Updating learning rate to 4.999877524712618e-05
	iters: 100, epoch: 196 | loss: 0.0631982
	speed: 0.2665s/iter; left time: 14664.2926s
	iters: 200, epoch: 196 | loss: 0.0642472
	speed: 0.0817s/iter; left time: 4489.1188s
	iters: 300, epoch: 196 | loss: 0.0543567
	speed: 0.0815s/iter; left time: 4470.5796s
	iters: 400, epoch: 196 | loss: 0.0570991
	speed: 0.0819s/iter; left time: 4482.7219s
	iters: 500, epoch: 196 | loss: 0.0597275
	speed: 0.0819s/iter; left time: 4475.7037s
Epoch: 196 cost time: 43.42078232765198
[2025-05-29 11:46:29] [32mIntermediate result: 0.06829574  (Index 195)[0m
Epoch: 196, Steps: 525 | Train Loss: 0.0608458 Vali Loss: 0.0671679 Test Loss: 0.0682957
EarlyStopping counter: 2 out of 20
Updating learning rate to 4.925080804797534e-05
	iters: 100, epoch: 197 | loss: 0.0666265
	speed: 0.2713s/iter; left time: 14787.5676s
	iters: 200, epoch: 197 | loss: 0.0614714
	speed: 0.0819s/iter; left time: 4455.2457s
	iters: 300, epoch: 197 | loss: 0.0559252
	speed: 0.0822s/iter; left time: 4466.0102s
	iters: 400, epoch: 197 | loss: 0.0557374
	speed: 0.0820s/iter; left time: 4446.2803s
	iters: 500, epoch: 197 | loss: 0.0701295
	speed: 0.0820s/iter; left time: 4438.8944s
Epoch: 197 cost time: 43.53191637992859
[2025-05-29 11:47:29] [32mIntermediate result: 0.06832421  (Index 196)[0m
Epoch: 197, Steps: 525 | Train Loss: 0.0608088 Vali Loss: 0.0671806 Test Loss: 0.0683242
EarlyStopping counter: 3 out of 20
Updating learning rate to 4.850300856003015e-05
	iters: 100, epoch: 198 | loss: 0.0537828
	speed: 0.2689s/iter; left time: 14513.2985s
	iters: 200, epoch: 198 | loss: 0.0603664
	speed: 0.0813s/iter; left time: 4381.7084s
	iters: 300, epoch: 198 | loss: 0.0609938
	speed: 0.0819s/iter; left time: 4404.4785s
	iters: 400, epoch: 198 | loss: 0.0590218
	speed: 0.0820s/iter; left time: 4403.1406s
	iters: 500, epoch: 198 | loss: 0.0639783
	speed: 0.0817s/iter; left time: 4375.8193s
Epoch: 198 cost time: 43.340627908706665
[2025-05-29 11:48:28] [32mIntermediate result: 0.06820153  (Index 197)[0m
Epoch: 198, Steps: 525 | Train Loss: 0.0607085 Vali Loss: 0.0672078 Test Loss: 0.0682015
EarlyStopping counter: 4 out of 20
Updating learning rate to 4.775554413810857e-05
	iters: 100, epoch: 199 | loss: 0.0578856
	speed: 0.2678s/iter; left time: 14314.5500s
	iters: 200, epoch: 199 | loss: 0.0654336
	speed: 0.0818s/iter; left time: 4365.7475s
	iters: 300, epoch: 199 | loss: 0.0550430
	speed: 0.0816s/iter; left time: 4344.2025s
	iters: 400, epoch: 199 | loss: 0.0578785
	speed: 0.0816s/iter; left time: 4337.1699s
	iters: 500, epoch: 199 | loss: 0.0622070
	speed: 0.0819s/iter; left time: 4344.3549s
Epoch: 199 cost time: 43.42373824119568
[2025-05-29 11:49:28] [32mIntermediate result: 0.06803111  (Index 198)[0m
Epoch: 199, Steps: 525 | Train Loss: 0.0607374 Vali Loss: 0.0669333 Test Loss: 0.0680311
EarlyStopping counter: 5 out of 20
Updating learning rate to 4.700858206204199e-05
	iters: 100, epoch: 200 | loss: 0.0569322
	speed: 0.2664s/iter; left time: 14101.2832s
	iters: 200, epoch: 200 | loss: 0.0587288
	speed: 0.0816s/iter; left time: 4313.0153s
	iters: 300, epoch: 200 | loss: 0.0666100
	speed: 0.0817s/iter; left time: 4307.7400s
	iters: 400, epoch: 200 | loss: 0.0647669
	speed: 0.0817s/iter; left time: 4297.3067s
	iters: 500, epoch: 200 | loss: 0.0584879
	speed: 0.0817s/iter; left time: 4289.1857s
Epoch: 200 cost time: 43.347554206848145
[2025-05-29 11:50:27] [32mIntermediate result: 0.06840676  (Index 199)[0m
Epoch: 200, Steps: 525 | Train Loss: 0.0607409 Vali Loss: 0.0675480 Test Loss: 0.0684068
EarlyStopping counter: 6 out of 20
Updating learning rate to 4.626228949923865e-05
	iters: 100, epoch: 201 | loss: 0.0531766
	speed: 0.2671s/iter; left time: 13994.7736s
	iters: 200, epoch: 201 | loss: 0.0626286
	speed: 0.0822s/iter; left time: 4300.8922s
	iters: 300, epoch: 201 | loss: 0.0644528
	speed: 0.0823s/iter; left time: 4297.3322s
	iters: 400, epoch: 201 | loss: 0.0640139
	speed: 0.0819s/iter; left time: 4266.0277s
	iters: 500, epoch: 201 | loss: 0.0651803
	speed: 0.0820s/iter; left time: 4264.4959s
Epoch: 201 cost time: 43.588314056396484
[2025-05-29 11:51:27] [32mIntermediate result: 0.069497466  (Index 200)[0m
Epoch: 201, Steps: 525 | Train Loss: 0.0605952 Vali Loss: 0.0683946 Test Loss: 0.0694975
EarlyStopping counter: 7 out of 20
Updating learning rate to 4.5516833467272096e-05
	iters: 100, epoch: 202 | loss: 0.0545329
	speed: 0.2686s/iter; left time: 13933.5597s
	iters: 200, epoch: 202 | loss: 0.0700016
	speed: 0.0815s/iter; left time: 4221.1290s
	iters: 300, epoch: 202 | loss: 0.0628294
	speed: 0.0816s/iter; left time: 4219.1715s
	iters: 400, epoch: 202 | loss: 0.0605280
	speed: 0.0813s/iter; left time: 4193.7589s
	iters: 500, epoch: 202 | loss: 0.0568734
	speed: 0.0816s/iter; left time: 4202.2683s
Epoch: 202 cost time: 43.30886363983154
[2025-05-29 11:52:26] [32mIntermediate result: 0.06812783  (Index 201)[0m
Epoch: 202, Steps: 525 | Train Loss: 0.0604835 Vali Loss: 0.0670018 Test Loss: 0.0681278
EarlyStopping counter: 8 out of 20
Updating learning rate to 4.477238079650332e-05
	iters: 100, epoch: 203 | loss: 0.0696982
	speed: 0.2677s/iter; left time: 13746.2736s
	iters: 200, epoch: 203 | loss: 0.0624224
	speed: 0.0817s/iter; left time: 4185.6764s
	iters: 300, epoch: 203 | loss: 0.0612398
	speed: 0.0817s/iter; left time: 4179.6241s
	iters: 400, epoch: 203 | loss: 0.0510704
	speed: 0.0817s/iter; left time: 4173.3118s
	iters: 500, epoch: 203 | loss: 0.0642245
	speed: 0.0814s/iter; left time: 4148.6184s
Epoch: 203 cost time: 43.30836868286133
[2025-05-29 11:53:26] [32mIntermediate result: 0.06823889  (Index 202)[0m
Epoch: 203, Steps: 525 | Train Loss: 0.0604721 Vali Loss: 0.0671231 Test Loss: 0.0682389
EarlyStopping counter: 9 out of 20
Updating learning rate to 4.402909809274474e-05
	iters: 100, epoch: 204 | loss: 0.0581644
	speed: 0.2660s/iter; left time: 13520.4808s
	iters: 200, epoch: 204 | loss: 0.0566435
	speed: 0.0815s/iter; left time: 4133.5633s
	iters: 300, epoch: 204 | loss: 0.0558737
	speed: 0.0817s/iter; left time: 4137.0874s
	iters: 400, epoch: 204 | loss: 0.0609436
	speed: 0.0820s/iter; left time: 4145.2933s
	iters: 500, epoch: 204 | loss: 0.0570934
	speed: 0.0813s/iter; left time: 4098.6421s
Epoch: 204 cost time: 43.331419229507446
[2025-05-29 11:54:25] [32mIntermediate result: 0.0688265  (Index 203)[0m
Epoch: 204, Steps: 525 | Train Loss: 0.0604566 Vali Loss: 0.0676772 Test Loss: 0.0688265
EarlyStopping counter: 10 out of 20
Updating learning rate to 4.328715169997433e-05
	iters: 100, epoch: 205 | loss: 0.0635675
	speed: 0.2666s/iter; left time: 13412.6556s
	iters: 200, epoch: 205 | loss: 0.0614758
	speed: 0.0816s/iter; left time: 4094.0626s
	iters: 300, epoch: 205 | loss: 0.0636891
	speed: 0.0817s/iter; left time: 4092.5758s
	iters: 400, epoch: 205 | loss: 0.0507953
	speed: 0.0818s/iter; left time: 4090.8473s
	iters: 500, epoch: 205 | loss: 0.0570536
	speed: 0.0815s/iter; left time: 4068.5690s
Epoch: 205 cost time: 43.371256828308105
[2025-05-29 11:55:24] [32mIntermediate result: 0.06831448  (Index 204)[0m
Epoch: 205, Steps: 525 | Train Loss: 0.0604464 Vali Loss: 0.0673030 Test Loss: 0.0683145
EarlyStopping counter: 11 out of 20
Updating learning rate to 4.254670766310858e-05
	iters: 100, epoch: 206 | loss: 0.0599250
	speed: 0.2667s/iter; left time: 13273.3576s
	iters: 200, epoch: 206 | loss: 0.0651127
	speed: 0.0823s/iter; left time: 4089.6119s
	iters: 300, epoch: 206 | loss: 0.0633697
	speed: 0.0817s/iter; left time: 4049.4050s
	iters: 400, epoch: 206 | loss: 0.0609727
	speed: 0.0816s/iter; left time: 4039.1462s
	iters: 500, epoch: 206 | loss: 0.0597558
	speed: 0.0818s/iter; left time: 4038.6463s
Epoch: 206 cost time: 43.49059772491455
[2025-05-29 11:56:24] [32mIntermediate result: 0.06806096  (Index 205)[0m
Epoch: 206, Steps: 525 | Train Loss: 0.0604365 Vali Loss: 0.0669210 Test Loss: 0.0680610
EarlyStopping counter: 12 out of 20
Updating learning rate to 4.180793169084209e-05
	iters: 100, epoch: 207 | loss: 0.0666181
	speed: 0.2658s/iter; left time: 13090.4195s
	iters: 200, epoch: 207 | loss: 0.0677664
	speed: 0.0814s/iter; left time: 4003.3465s
	iters: 300, epoch: 207 | loss: 0.0560422
	speed: 0.0815s/iter; left time: 3998.8259s
	iters: 400, epoch: 207 | loss: 0.0604645
	speed: 0.0815s/iter; left time: 3990.6555s
	iters: 500, epoch: 207 | loss: 0.0540649
	speed: 0.0816s/iter; left time: 3986.5317s
Epoch: 207 cost time: 43.2282292842865
[2025-05-29 11:57:23] [32mIntermediate result: 0.068018444  (Index 206)[0m
Epoch: 207, Steps: 525 | Train Loss: 0.0603362 Vali Loss: 0.0668811 Test Loss: 0.0680184
EarlyStopping counter: 13 out of 20
Updating learning rate to 4.10709891185627e-05
	iters: 100, epoch: 208 | loss: 0.0638972
	speed: 0.2647s/iter; left time: 12898.6529s
	iters: 200, epoch: 208 | loss: 0.0582835
	speed: 0.0814s/iter; left time: 3958.3446s
	iters: 300, epoch: 208 | loss: 0.0638768
	speed: 0.0813s/iter; left time: 3945.5828s
	iters: 400, epoch: 208 | loss: 0.0601415
	speed: 0.0815s/iter; left time: 3946.1278s
	iters: 500, epoch: 208 | loss: 0.0576030
	speed: 0.0813s/iter; left time: 3930.1726s
Epoch: 208 cost time: 43.2062463760376
[2025-05-29 11:58:22] [32mIntermediate result: 0.06810241  (Index 207)[0m
Epoch: 208, Steps: 525 | Train Loss: 0.0603079 Vali Loss: 0.0669897 Test Loss: 0.0681024
EarlyStopping counter: 14 out of 20
Updating learning rate to 4.033604487134996e-05
	iters: 100, epoch: 209 | loss: 0.0671526
	speed: 0.2656s/iter; left time: 12801.2787s
	iters: 200, epoch: 209 | loss: 0.0548069
	speed: 0.0814s/iter; left time: 3914.9620s
	iters: 300, epoch: 209 | loss: 0.0646133
	speed: 0.0815s/iter; left time: 3913.6327s
	iters: 400, epoch: 209 | loss: 0.0573813
	speed: 0.0818s/iter; left time: 3916.8032s
	iters: 500, epoch: 209 | loss: 0.0621868
	speed: 0.0815s/iter; left time: 3896.6349s
Epoch: 209 cost time: 43.2876033782959
[2025-05-29 11:59:21] [32mIntermediate result: 0.068292715  (Index 208)[0m
Epoch: 209, Steps: 525 | Train Loss: 0.0601748 Vali Loss: 0.0671418 Test Loss: 0.0682927
EarlyStopping counter: 15 out of 20
Updating learning rate to 3.960326342706549e-05
	iters: 100, epoch: 210 | loss: 0.0534293
	speed: 0.2669s/iter; left time: 12722.4943s
	iters: 200, epoch: 210 | loss: 0.0625652
	speed: 0.0813s/iter; left time: 3869.0827s
	iters: 300, epoch: 210 | loss: 0.0562605
	speed: 0.0815s/iter; left time: 3869.2783s
	iters: 400, epoch: 210 | loss: 0.0686432
	speed: 0.0815s/iter; left time: 3859.5280s
	iters: 500, epoch: 210 | loss: 0.0645435
	speed: 0.0815s/iter; left time: 3853.4318s
Epoch: 210 cost time: 43.30575633049011
[2025-05-29 12:00:20] [32mIntermediate result: 0.068194464  (Index 209)[0m
Epoch: 210, Steps: 525 | Train Loss: 0.0602137 Vali Loss: 0.0670042 Test Loss: 0.0681945
EarlyStopping counter: 16 out of 20
Updating learning rate to 3.8872808779543436e-05
	iters: 100, epoch: 211 | loss: 0.0533765
	speed: 0.2669s/iter; left time: 12583.3368s
	iters: 200, epoch: 211 | loss: 0.0629104
	speed: 0.0822s/iter; left time: 3866.7745s
	iters: 300, epoch: 211 | loss: 0.0545480
	speed: 0.0829s/iter; left time: 3891.0457s
	iters: 400, epoch: 211 | loss: 0.0625525
	speed: 0.0826s/iter; left time: 3867.7208s
	iters: 500, epoch: 211 | loss: 0.0619786
	speed: 0.0821s/iter; left time: 3838.8929s
Epoch: 211 cost time: 43.67043590545654
[2025-05-29 12:01:20] [32mIntermediate result: 0.06804246  (Index 210)[0m
Epoch: 211, Steps: 525 | Train Loss: 0.0601506 Vali Loss: 0.0669072 Test Loss: 0.0680425
EarlyStopping counter: 17 out of 20
Updating learning rate to 3.814484440188929e-05
	iters: 100, epoch: 212 | loss: 0.0629921
	speed: 0.2681s/iter; left time: 12499.0103s
	iters: 200, epoch: 212 | loss: 0.0623216
	speed: 0.0809s/iter; left time: 3764.4352s
	iters: 300, epoch: 212 | loss: 0.0573703
	speed: 0.0814s/iter; left time: 3780.7045s
	iters: 400, epoch: 212 | loss: 0.0578765
	speed: 0.0809s/iter; left time: 3747.9975s
	iters: 500, epoch: 212 | loss: 0.0585861
	speed: 0.0813s/iter; left time: 3758.8494s
Epoch: 212 cost time: 43.08605337142944
[2025-05-29 12:02:19] [32mIntermediate result: 0.068217546  (Index 211)[0m
Epoch: 212, Steps: 525 | Train Loss: 0.0601494 Vali Loss: 0.0670841 Test Loss: 0.0682175
EarlyStopping counter: 18 out of 20
Updating learning rate to 3.74195332098951e-05
	iters: 100, epoch: 213 | loss: 0.0611363
	speed: 0.2640s/iter; left time: 12169.1548s
	iters: 200, epoch: 213 | loss: 0.0520180
	speed: 0.0816s/iter; left time: 3751.7222s
	iters: 300, epoch: 213 | loss: 0.0635115
	speed: 0.0816s/iter; left time: 3746.3411s
	iters: 400, epoch: 213 | loss: 0.0584569
	speed: 0.0818s/iter; left time: 3748.5093s
	iters: 500, epoch: 213 | loss: 0.0595882
	speed: 0.0813s/iter; left time: 3715.5151s
Epoch: 213 cost time: 43.28328824043274
[2025-05-29 12:03:18] [32mIntermediate result: 0.06801878  (Index 212)[0m
Epoch: 213, Steps: 525 | Train Loss: 0.0600362 Vali Loss: 0.0669054 Test Loss: 0.0680188
EarlyStopping counter: 19 out of 20
Updating learning rate to 3.6697037525579674e-05
	iters: 100, epoch: 214 | loss: 0.0544612
	speed: 0.2655s/iter; left time: 12101.9865s
	iters: 200, epoch: 214 | loss: 0.0612997
	speed: 0.0812s/iter; left time: 3693.0533s
	iters: 300, epoch: 214 | loss: 0.0602934
	speed: 0.0812s/iter; left time: 3683.5309s
	iters: 400, epoch: 214 | loss: 0.0599469
	speed: 0.0814s/iter; left time: 3684.4593s
	iters: 500, epoch: 214 | loss: 0.0608396
	speed: 0.0814s/iter; left time: 3677.5560s
Epoch: 214 cost time: 43.15123128890991
[2025-05-29 12:04:17] [32mIntermediate result: 0.06815449  (Index 213)[0m
Epoch: 214, Steps: 525 | Train Loss: 0.0601002 Vali Loss: 0.0670901 Test Loss: 0.0681545
EarlyStopping counter: 20 out of 20
Early stopping
>>>>>>>testing : 96_12_PRNN_TST_PEMS_ftM_sl96_ll18_pl12_dm16_nh4_el3_dl1_df128_fc1_ebtimeF_dtTrue_Exp_0<<<<<<<<<<<<<<<<<<<<<<<<<<<<<<<<<
test 5538
mse:0.06802383810281754, mae:0.16544577479362488, rse:0.25708821415901184
[2025-05-29 12:04:31] [32mFinal result: 0.06802384[0m
