Args in experiment:
Namespace(activation='gelu', affine=1, batch_size=32, c_out=7, checkpoints='./checkpoints/', d_ff=256, d_layers=1, d_model=128, data='Solar', data_path='solar_AL.txt', dec_in=7, decomposition=0, des='Exp', device_ids=[0, 1], devices='0,1', dis=10, distil=True, do_predict=False, dropout=0.2, dvices='0,1', e_layers=3, embed='timeF', embed_type=0, enc_in=137, factor=1, fc_dropout=0.2, features='M', freq='h', gpu=0, head_dropout=0.0, hidden_size=512, individual=0, is_training=1, itr=1, k=20, kernel_size=25, label_len=18, learning_rate=0.0001, loss='mse', lradj='TST', model='PRNN_TST', model_id='96_720', moving_avg=25, n_heads=16, num_layers=1, num_workers=10, output_attention=False, padding_patch='end', patch_len=16, patience=20, pct_start=0.2, pred_len=720, random_seed=2021, revin=1, rnn_inp=96, root_path='./dataset/', seq_len=96, stride=8, subtract_last=0, target='OT', test_flop=False, top_k=3, train_epochs=300, use_amp=False, use_gpu=True, use_multi_gpu=True)
Use GPU: cuda:0
>>>>>>>start training : 96_720_PRNN_TST_Solar_ftM_sl96_ll18_pl720_dm128_nh16_el3_dl1_df256_fc1_ebtimeF_dtTrue_Exp_0>>>>>>>>>>>>>>>>>>>>>>>>>>
module.model.revin_layer.affine_weight: 137
module.model.revin_layer.affine_bias: 137
module.model.rnn.weight_ih_l0: 262144
module.model.rnn.weight_hh_l0: 262144
module.model.rnn.bias_ih_l0: 512
module.model.rnn.bias_hh_l0: 512
module.model.embed.weight: 8192
module.model.embed.bias: 512
module.model.fc.weight: 4055040
module.model.fc.bias: 720
Total trainable parameters: 4590050
train 35977
val 4537
test 9793
	iters: 100, epoch: 1 | loss: 0.6574153
	speed: 0.0835s/iter; left time: 28152.2427s
	iters: 200, epoch: 1 | loss: 0.4529066
	speed: 0.0606s/iter; left time: 20406.8032s
	iters: 300, epoch: 1 | loss: 0.4976513
	speed: 0.0606s/iter; left time: 20401.1060s
	iters: 400, epoch: 1 | loss: 0.4210501
	speed: 0.0602s/iter; left time: 20285.9844s
	iters: 500, epoch: 1 | loss: 0.4216557
	speed: 0.0431s/iter; left time: 14503.4506s
	iters: 600, epoch: 1 | loss: 0.2866839
	speed: 0.0385s/iter; left time: 12956.4883s
	iters: 700, epoch: 1 | loss: 0.3418761
	speed: 0.0441s/iter; left time: 14830.7827s
	iters: 800, epoch: 1 | loss: 0.3366812
	speed: 0.0418s/iter; left time: 14073.9977s
	iters: 900, epoch: 1 | loss: 0.2924286
	speed: 0.0537s/iter; left time: 18076.0721s
	iters: 1000, epoch: 1 | loss: 0.3455400
	speed: 0.0602s/iter; left time: 20251.8070s
	iters: 1100, epoch: 1 | loss: 0.3218188
	speed: 0.0600s/iter; left time: 20153.0280s
Epoch: 1 cost time: 61.25102519989014
[2025-05-28 15:09:11] [32mIntermediate result: 0.402771  (Index 0)[0m
Epoch: 1, Steps: 1124 | Train Loss: 0.4407719 Vali Loss: 0.2826326 Test Loss: 0.4027710
Validation loss decreased (inf --> 0.282633).  Saving model ...
Updating learning rate to 4.065784282218307e-06
	iters: 100, epoch: 2 | loss: 0.3090343
	speed: 0.3234s/iter; left time: 108646.9384s
	iters: 200, epoch: 2 | loss: 0.3500923
	speed: 0.0602s/iter; left time: 20233.5490s
	iters: 300, epoch: 2 | loss: 0.3080187
	speed: 0.0602s/iter; left time: 20215.4325s
	iters: 400, epoch: 2 | loss: 0.2972925
	speed: 0.0608s/iter; left time: 20405.5247s
	iters: 500, epoch: 2 | loss: 0.2788974
	speed: 0.0599s/iter; left time: 20104.0338s
	iters: 600, epoch: 2 | loss: 0.3159193
	speed: 0.0598s/iter; left time: 20073.3679s
	iters: 700, epoch: 2 | loss: 0.3434969
	speed: 0.0604s/iter; left time: 20255.9151s
	iters: 800, epoch: 2 | loss: 0.3396952
	speed: 0.0418s/iter; left time: 14013.7467s
	iters: 900, epoch: 2 | loss: 0.3187128
	speed: 0.0398s/iter; left time: 13326.3149s
	iters: 1000, epoch: 2 | loss: 0.2752763
	speed: 0.0444s/iter; left time: 14861.9861s
	iters: 1100, epoch: 2 | loss: 0.2766604
	speed: 0.0408s/iter; left time: 13671.5681s
Epoch: 2 cost time: 60.0242760181427
[2025-05-28 15:10:38] [32mIntermediate result: 0.38362843  (Index 1)[0m
Epoch: 2, Steps: 1124 | Train Loss: 0.3134758 Vali Loss: 0.2571060 Test Loss: 0.3836284
Validation loss decreased (0.282633 --> 0.257106).  Saving model ...
Updating learning rate to 4.262956813382127e-06
	iters: 100, epoch: 3 | loss: 0.2932440
	speed: 0.3467s/iter; left time: 116109.2820s
	iters: 200, epoch: 3 | loss: 0.3297808
	speed: 0.0447s/iter; left time: 14960.2452s
	iters: 300, epoch: 3 | loss: 0.2999517
	speed: 0.0394s/iter; left time: 13182.4353s
	iters: 400, epoch: 3 | loss: 0.3265556
	speed: 0.0610s/iter; left time: 20398.5367s
	iters: 500, epoch: 3 | loss: 0.2571562
	speed: 0.0597s/iter; left time: 19957.3727s
	iters: 600, epoch: 3 | loss: 0.3302824
	speed: 0.0603s/iter; left time: 20171.0924s
	iters: 700, epoch: 3 | loss: 0.2610540
	speed: 0.0606s/iter; left time: 20255.8153s
	iters: 800, epoch: 3 | loss: 0.3003187
	speed: 0.0606s/iter; left time: 20243.3364s
	iters: 900, epoch: 3 | loss: 0.3165734
	speed: 0.0602s/iter; left time: 20121.0635s
	iters: 1000, epoch: 3 | loss: 0.3139394
	speed: 0.0436s/iter; left time: 14556.8312s
	iters: 1100, epoch: 3 | loss: 0.3231858
	speed: 0.0396s/iter; left time: 13217.7986s
Epoch: 3 cost time: 59.598594427108765
[2025-05-28 15:12:05] [32mIntermediate result: 0.37886915  (Index 2)[0m
Epoch: 3, Steps: 1124 | Train Loss: 0.2986036 Vali Loss: 0.2453889 Test Loss: 0.3788691
Validation loss decreased (0.257106 --> 0.245389).  Saving model ...
Updating learning rate to 4.590977141264964e-06
	iters: 100, epoch: 4 | loss: 0.3002805
	speed: 0.3545s/iter; left time: 118295.1324s
	iters: 200, epoch: 4 | loss: 0.3679239
	speed: 0.0515s/iter; left time: 17188.5206s
	iters: 300, epoch: 4 | loss: 0.2965409
	speed: 0.0429s/iter; left time: 14312.5051s
	iters: 400, epoch: 4 | loss: 0.2515798
	speed: 0.0413s/iter; left time: 13785.7040s
	iters: 500, epoch: 4 | loss: 0.2663343
	speed: 0.0449s/iter; left time: 14949.8363s
	iters: 600, epoch: 4 | loss: 0.3084605
	speed: 0.0461s/iter; left time: 15356.7536s
	iters: 700, epoch: 4 | loss: 0.3242068
	speed: 0.0604s/iter; left time: 20129.4462s
	iters: 800, epoch: 4 | loss: 0.3011507
	speed: 0.0607s/iter; left time: 20227.2719s
	iters: 900, epoch: 4 | loss: 0.2847805
	speed: 0.0603s/iter; left time: 20086.3074s
	iters: 1000, epoch: 4 | loss: 0.2826808
	speed: 0.0602s/iter; left time: 20029.8782s
	iters: 1100, epoch: 4 | loss: 0.2898669
	speed: 0.0608s/iter; left time: 20234.6065s
Epoch: 4 cost time: 61.94240975379944
[2025-05-28 15:13:34] [32mIntermediate result: 0.35717586  (Index 3)[0m
Epoch: 4, Steps: 1124 | Train Loss: 0.2888280 Vali Loss: 0.2326609 Test Loss: 0.3571759
Validation loss decreased (0.245389 --> 0.232661).  Saving model ...
Updating learning rate to 5.048946158290858e-06
	iters: 100, epoch: 5 | loss: 0.2545203
	speed: 0.3584s/iter; left time: 119203.5358s
	iters: 200, epoch: 5 | loss: 0.2778416
	speed: 0.0598s/iter; left time: 19880.0478s
	iters: 300, epoch: 5 | loss: 0.2350403
	speed: 0.0604s/iter; left time: 20073.8541s
	iters: 400, epoch: 5 | loss: 0.2617396
	speed: 0.0605s/iter; left time: 20116.4981s
	iters: 500, epoch: 5 | loss: 0.2493000
	speed: 0.0440s/iter; left time: 14614.3052s
	iters: 600, epoch: 5 | loss: 0.2428424
	speed: 0.0392s/iter; left time: 13020.6319s
	iters: 700, epoch: 5 | loss: 0.2533294
	speed: 0.0442s/iter; left time: 14678.5814s
	iters: 800, epoch: 5 | loss: 0.2498524
	speed: 0.0401s/iter; left time: 13304.3458s
	iters: 900, epoch: 5 | loss: 0.2509145
	speed: 0.0544s/iter; left time: 18062.8654s
	iters: 1000, epoch: 5 | loss: 0.2401283
	speed: 0.0599s/iter; left time: 19881.8938s
	iters: 1100, epoch: 5 | loss: 0.3063383
	speed: 0.0595s/iter; left time: 19716.8589s
Epoch: 5 cost time: 61.270050048828125
[2025-05-28 15:15:03] [32mIntermediate result: 0.33972028  (Index 4)[0m
Epoch: 5, Steps: 1124 | Train Loss: 0.2800841 Vali Loss: 0.2229598 Test Loss: 0.3397203
Validation loss decreased (0.232661 --> 0.222960).  Saving model ...
Updating learning rate to 5.635608565998846e-06
	iters: 100, epoch: 6 | loss: 0.2707075
	speed: 0.3705s/iter; left time: 122826.3190s
	iters: 200, epoch: 6 | loss: 0.2849635
	speed: 0.0608s/iter; left time: 20160.0148s
	iters: 300, epoch: 6 | loss: 0.3160920
	speed: 0.0603s/iter; left time: 19992.6483s
	iters: 400, epoch: 6 | loss: 0.2933502
	speed: 0.0607s/iter; left time: 20098.5758s
	iters: 500, epoch: 6 | loss: 0.2974901
	speed: 0.0603s/iter; left time: 19957.1558s
	iters: 600, epoch: 6 | loss: 0.2302893
	speed: 0.0616s/iter; left time: 20389.2703s
	iters: 700, epoch: 6 | loss: 0.2372982
	speed: 0.0450s/iter; left time: 14905.4061s
	iters: 800, epoch: 6 | loss: 0.2549892
	speed: 0.0378s/iter; left time: 12492.0753s
	iters: 900, epoch: 6 | loss: 0.2571565
	speed: 0.0443s/iter; left time: 14654.9657s
	iters: 1000, epoch: 6 | loss: 0.2847137
	speed: 0.0446s/iter; left time: 14733.2544s
	iters: 1100, epoch: 6 | loss: 0.2755464
	speed: 0.0494s/iter; left time: 16334.7290s
Epoch: 6 cost time: 61.45634984970093
[2025-05-28 15:16:31] [32mIntermediate result: 0.33674932  (Index 5)[0m
Epoch: 6, Steps: 1124 | Train Loss: 0.2725669 Vali Loss: 0.2166235 Test Loss: 0.3367493
Validation loss decreased (0.222960 --> 0.216623).  Saving model ...
Updating learning rate to 6.34935631583078e-06
	iters: 100, epoch: 7 | loss: 0.2553474
	speed: 0.3483s/iter; left time: 115070.0535s
	iters: 200, epoch: 7 | loss: 0.2311386
	speed: 0.0463s/iter; left time: 15289.3578s
	iters: 300, epoch: 7 | loss: 0.2869957
	speed: 0.0453s/iter; left time: 14951.1191s
	iters: 400, epoch: 7 | loss: 0.2223705
	speed: 0.0603s/iter; left time: 19906.7635s
	iters: 500, epoch: 7 | loss: 0.2650623
	speed: 0.0614s/iter; left time: 20274.5619s
	iters: 600, epoch: 7 | loss: 0.2320183
	speed: 0.0614s/iter; left time: 20256.7843s
	iters: 700, epoch: 7 | loss: 0.2322168
	speed: 0.0606s/iter; left time: 19992.0504s
	iters: 800, epoch: 7 | loss: 0.2724434
	speed: 0.0605s/iter; left time: 19931.4599s
	iters: 900, epoch: 7 | loss: 0.2455056
	speed: 0.0527s/iter; left time: 17374.7961s
	iters: 1000, epoch: 7 | loss: 0.3052717
	speed: 0.0439s/iter; left time: 14455.1460s
	iters: 1100, epoch: 7 | loss: 0.2778096
	speed: 0.0412s/iter; left time: 13554.4901s
Epoch: 7 cost time: 60.84356355667114
[2025-05-28 15:18:00] [32mIntermediate result: 0.3326931  (Index 6)[0m
Epoch: 7, Steps: 1124 | Train Loss: 0.2670348 Vali Loss: 0.2117687 Test Loss: 0.3326931
Validation loss decreased (0.216623 --> 0.211769).  Saving model ...
Updating learning rate to 7.1882330168113445e-06
	iters: 100, epoch: 8 | loss: 0.2707947
	speed: 0.3612s/iter; left time: 118918.5683s
	iters: 200, epoch: 8 | loss: 0.2161130
	speed: 0.0442s/iter; left time: 14557.3426s
	iters: 300, epoch: 8 | loss: 0.2523344
	speed: 0.0388s/iter; left time: 12782.3829s
	iters: 400, epoch: 8 | loss: 0.2469618
	speed: 0.0441s/iter; left time: 14512.1238s
	iters: 500, epoch: 8 | loss: 0.2296591
	speed: 0.0394s/iter; left time: 12961.7193s
	iters: 600, epoch: 8 | loss: 0.3268149
	speed: 0.0613s/iter; left time: 20145.0561s
	iters: 700, epoch: 8 | loss: 0.2897452
	speed: 0.0618s/iter; left time: 20301.6507s
	iters: 800, epoch: 8 | loss: 0.2475715
	speed: 0.0616s/iter; left time: 20252.0831s
	iters: 900, epoch: 8 | loss: 0.2542273
	speed: 0.0610s/iter; left time: 20030.0856s
	iters: 1000, epoch: 8 | loss: 0.2426559
	speed: 0.0620s/iter; left time: 20366.1291s
	iters: 1100, epoch: 8 | loss: 0.2670515
	speed: 0.0604s/iter; left time: 19834.4291s
Epoch: 8 cost time: 61.33883476257324
[2025-05-28 15:19:30] [32mIntermediate result: 0.326718  (Index 7)[0m
Epoch: 8, Steps: 1124 | Train Loss: 0.2628342 Vali Loss: 0.2085932 Test Loss: 0.3267180
Validation loss decreased (0.211769 --> 0.208593).  Saving model ...
Updating learning rate to 8.149939298038715e-06
	iters: 100, epoch: 9 | loss: 0.2330252
	speed: 0.3682s/iter; left time: 120818.5373s
	iters: 200, epoch: 9 | loss: 0.2542533
	speed: 0.0604s/iter; left time: 19825.6692s
	iters: 300, epoch: 9 | loss: 0.2128884
	speed: 0.0565s/iter; left time: 18530.2925s
	iters: 400, epoch: 9 | loss: 0.2565261
	speed: 0.0432s/iter; left time: 14164.3998s
	iters: 500, epoch: 9 | loss: 0.2675326
	speed: 0.0393s/iter; left time: 12869.9452s
	iters: 600, epoch: 9 | loss: 0.2386384
	speed: 0.0455s/iter; left time: 14918.2669s
	iters: 700, epoch: 9 | loss: 0.2636127
	speed: 0.0398s/iter; left time: 13030.7565s
	iters: 800, epoch: 9 | loss: 0.2252834
	speed: 0.0620s/iter; left time: 20284.7570s
	iters: 900, epoch: 9 | loss: 0.2787329
	speed: 0.0621s/iter; left time: 20330.5821s
	iters: 1000, epoch: 9 | loss: 0.2363635
	speed: 0.0611s/iter; left time: 19976.2577s
	iters: 1100, epoch: 9 | loss: 0.2759882
	speed: 0.0618s/iter; left time: 20226.0872s
Epoch: 9 cost time: 62.43169403076172
[2025-05-28 15:21:00] [32mIntermediate result: 0.3182893  (Index 8)[0m
Epoch: 9, Steps: 1124 | Train Loss: 0.2601343 Vali Loss: 0.2069501 Test Loss: 0.3182893
Validation loss decreased (0.208593 --> 0.206950).  Saving model ...
Updating learning rate to 9.231839111287256e-06
	iters: 100, epoch: 10 | loss: 0.2805427
	speed: 0.3680s/iter; left time: 120330.9936s
	iters: 200, epoch: 10 | loss: 0.2451290
	speed: 0.0608s/iter; left time: 19882.9952s
	iters: 300, epoch: 10 | loss: 0.3118148
	speed: 0.0608s/iter; left time: 19879.7369s
	iters: 400, epoch: 10 | loss: 0.2724860
	speed: 0.0611s/iter; left time: 19957.1881s
	iters: 500, epoch: 10 | loss: 0.2773253
	speed: 0.0566s/iter; left time: 18471.0757s
	iters: 600, epoch: 10 | loss: 0.2424709
	speed: 0.0414s/iter; left time: 13504.0117s
	iters: 700, epoch: 10 | loss: 0.2239617
	speed: 0.0393s/iter; left time: 12835.8570s
	iters: 800, epoch: 10 | loss: 0.2314955
	speed: 0.0460s/iter; left time: 15024.4729s
	iters: 900, epoch: 10 | loss: 0.2496741
	speed: 0.0397s/iter; left time: 12936.6016s
	iters: 1000, epoch: 10 | loss: 0.2582254
	speed: 0.0614s/iter; left time: 20024.7214s
	iters: 1100, epoch: 10 | loss: 0.2516062
	speed: 0.0619s/iter; left time: 20193.9685s
Epoch: 10 cost time: 62.5248019695282
[2025-05-28 15:22:32] [32mIntermediate result: 0.3154338  (Index 9)[0m
Epoch: 10, Steps: 1124 | Train Loss: 0.2577178 Vali Loss: 0.2037110 Test Loss: 0.3154338
Validation loss decreased (0.206950 --> 0.203711).  Saving model ...
Updating learning rate to 1.0430966956446683e-05
	iters: 100, epoch: 11 | loss: 0.2562441
	speed: 0.3864s/iter; left time: 125921.7154s
	iters: 200, epoch: 11 | loss: 0.2875385
	speed: 0.0611s/iter; left time: 19890.9098s
	iters: 300, epoch: 11 | loss: 0.2351270
	speed: 0.0616s/iter; left time: 20061.5572s
	iters: 400, epoch: 11 | loss: 0.2747748
	speed: 0.0621s/iter; left time: 20214.3196s
	iters: 500, epoch: 11 | loss: 0.2440177
	speed: 0.0617s/iter; left time: 20079.0615s
	iters: 600, epoch: 11 | loss: 0.2482625
	speed: 0.0615s/iter; left time: 20021.6386s
	iters: 700, epoch: 11 | loss: 0.2447137
	speed: 0.0452s/iter; left time: 14711.0277s
	iters: 800, epoch: 11 | loss: 0.2568232
	speed: 0.0394s/iter; left time: 12803.7144s
	iters: 900, epoch: 11 | loss: 0.2332299
	speed: 0.0457s/iter; left time: 14869.5910s
	iters: 1000, epoch: 11 | loss: 0.2292384
	speed: 0.0420s/iter; left time: 13638.7868s
	iters: 1100, epoch: 11 | loss: 0.2518323
	speed: 0.0535s/iter; left time: 17395.5545s
Epoch: 11 cost time: 62.17827033996582
[2025-05-28 15:24:04] [32mIntermediate result: 0.31392443  (Index 10)[0m
Epoch: 11, Steps: 1124 | Train Loss: 0.2554494 Vali Loss: 0.2047092 Test Loss: 0.3139244
EarlyStopping counter: 1 out of 20
Updating learning rate to 1.1744036009992773e-05
	iters: 100, epoch: 12 | loss: 0.2763032
	speed: 0.3769s/iter; left time: 122385.9320s
	iters: 200, epoch: 12 | loss: 0.2524378
	speed: 0.0434s/iter; left time: 14089.6573s
	iters: 300, epoch: 12 | loss: 0.3215919
	speed: 0.0622s/iter; left time: 20173.4662s
	iters: 400, epoch: 12 | loss: 0.3054865
	speed: 0.0623s/iter; left time: 20204.9507s
	iters: 500, epoch: 12 | loss: 0.2505865
	speed: 0.0618s/iter; left time: 20045.0506s
	iters: 600, epoch: 12 | loss: 0.2405199
	speed: 0.0617s/iter; left time: 20002.7430s
	iters: 700, epoch: 12 | loss: 0.2456409
	speed: 0.0617s/iter; left time: 19992.0344s
	iters: 800, epoch: 12 | loss: 0.2401110
	speed: 0.0527s/iter; left time: 17081.9909s
	iters: 900, epoch: 12 | loss: 0.2291041
	speed: 0.0449s/iter; left time: 14544.1929s
	iters: 1000, epoch: 12 | loss: 0.2561666
	speed: 0.0423s/iter; left time: 13697.4358s
	iters: 1100, epoch: 12 | loss: 0.2041633
	speed: 0.0469s/iter; left time: 15186.8685s
Epoch: 12 cost time: 61.720383405685425
[2025-05-28 15:25:34] [32mIntermediate result: 0.3209231  (Index 11)[0m
Epoch: 12, Steps: 1124 | Train Loss: 0.2538791 Vali Loss: 0.2045936 Test Loss: 0.3209231
EarlyStopping counter: 2 out of 20
Updating learning rate to 1.316744713420922e-05
	iters: 100, epoch: 13 | loss: 0.2485024
	speed: 0.3596s/iter; left time: 116361.8189s
	iters: 200, epoch: 13 | loss: 0.2536851
	speed: 0.0470s/iter; left time: 15203.2546s
	iters: 300, epoch: 13 | loss: 0.2523939
	speed: 0.0437s/iter; left time: 14126.0014s
	iters: 400, epoch: 13 | loss: 0.2384978
	speed: 0.0547s/iter; left time: 17686.3859s
	iters: 500, epoch: 13 | loss: 0.2492165
	speed: 0.0617s/iter; left time: 19950.0793s
	iters: 600, epoch: 13 | loss: 0.2671179
	speed: 0.0620s/iter; left time: 20042.7281s
	iters: 700, epoch: 13 | loss: 0.2198564
	speed: 0.0613s/iter; left time: 19811.5637s
	iters: 800, epoch: 13 | loss: 0.2588232
	speed: 0.0605s/iter; left time: 19529.6315s
	iters: 900, epoch: 13 | loss: 0.2489632
	speed: 0.0608s/iter; left time: 19638.5271s
	iters: 1000, epoch: 13 | loss: 0.2378740
	speed: 0.0486s/iter; left time: 15688.8111s
	iters: 1100, epoch: 13 | loss: 0.2111985
	speed: 0.0395s/iter; left time: 12731.8153s
Epoch: 13 cost time: 61.3689124584198
[2025-05-28 15:27:05] [32mIntermediate result: 0.30746007  (Index 12)[0m
Epoch: 13, Steps: 1124 | Train Loss: 0.2520619 Vali Loss: 0.2015988 Test Loss: 0.3074601
Validation loss decreased (0.203711 --> 0.201599).  Saving model ...
Updating learning rate to 1.4697298742466527e-05
	iters: 100, epoch: 14 | loss: 0.2490936
	speed: 0.3859s/iter; left time: 124451.5303s
	iters: 200, epoch: 14 | loss: 0.2739750
	speed: 0.0436s/iter; left time: 14066.3983s
	iters: 300, epoch: 14 | loss: 0.2529455
	speed: 0.0408s/iter; left time: 13148.3106s
	iters: 400, epoch: 14 | loss: 0.2499131
	speed: 0.0476s/iter; left time: 15332.7473s
	iters: 500, epoch: 14 | loss: 0.2426835
	speed: 0.0427s/iter; left time: 13748.1489s
	iters: 600, epoch: 14 | loss: 0.2330050
	speed: 0.0602s/iter; left time: 19382.9977s
	iters: 700, epoch: 14 | loss: 0.2813440
	speed: 0.0604s/iter; left time: 19450.4299s
	iters: 800, epoch: 14 | loss: 0.2475250
	speed: 0.0604s/iter; left time: 19445.5328s
	iters: 900, epoch: 14 | loss: 0.2274622
	speed: 0.0608s/iter; left time: 19567.2204s
	iters: 1000, epoch: 14 | loss: 0.2477771
	speed: 0.0609s/iter; left time: 19595.9012s
	iters: 1100, epoch: 14 | loss: 0.2801748
	speed: 0.0602s/iter; left time: 19365.3175s
Epoch: 14 cost time: 62.38263535499573
[2025-05-28 15:28:35] [32mIntermediate result: 0.3096424  (Index 13)[0m
Epoch: 14, Steps: 1124 | Train Loss: 0.2508264 Vali Loss: 0.1998938 Test Loss: 0.3096424
Validation loss decreased (0.201599 --> 0.199894).  Saving model ...
Updating learning rate to 1.6329397493516806e-05
	iters: 100, epoch: 15 | loss: 0.2482771
	speed: 0.3593s/iter; left time: 115462.2720s
	iters: 200, epoch: 15 | loss: 0.2751400
	speed: 0.0604s/iter; left time: 19404.7444s
	iters: 300, epoch: 15 | loss: 0.2064749
	speed: 0.0606s/iter; left time: 19466.7191s
	iters: 400, epoch: 15 | loss: 0.2645210
	speed: 0.0461s/iter; left time: 14807.7428s
	iters: 500, epoch: 15 | loss: 0.2729861
	speed: 0.0401s/iter; left time: 12862.6056s
	iters: 600, epoch: 15 | loss: 0.2284078
	speed: 0.0464s/iter; left time: 14880.4748s
	iters: 700, epoch: 15 | loss: 0.2550633
	speed: 0.0427s/iter; left time: 13696.5637s
	iters: 800, epoch: 15 | loss: 0.2419270
	speed: 0.0524s/iter; left time: 16799.5081s
	iters: 900, epoch: 15 | loss: 0.2477371
	speed: 0.0599s/iter; left time: 19211.8687s
	iters: 1000, epoch: 15 | loss: 0.2607228
	speed: 0.0600s/iter; left time: 19212.4861s
	iters: 1100, epoch: 15 | loss: 0.2099411
	speed: 0.0601s/iter; left time: 19265.2981s
Epoch: 15 cost time: 61.98371505737305
[2025-05-28 15:30:04] [32mIntermediate result: 0.30055988  (Index 14)[0m
Epoch: 15, Steps: 1124 | Train Loss: 0.2492936 Vali Loss: 0.2025044 Test Loss: 0.3005599
EarlyStopping counter: 1 out of 20
Updating learning rate to 1.8059269785491416e-05
	iters: 100, epoch: 16 | loss: 0.2769533
	speed: 0.3609s/iter; left time: 115573.9589s
	iters: 200, epoch: 16 | loss: 0.2340962
	speed: 0.0606s/iter; left time: 19413.9536s
	iters: 300, epoch: 16 | loss: 0.2126593
	speed: 0.0598s/iter; left time: 19128.7056s
	iters: 400, epoch: 16 | loss: 0.2330446
	speed: 0.0598s/iter; left time: 19136.1676s
	iters: 500, epoch: 16 | loss: 0.2186149
	speed: 0.0598s/iter; left time: 19133.3633s
	iters: 600, epoch: 16 | loss: 0.2453036
	speed: 0.0601s/iter; left time: 19211.8357s
	iters: 700, epoch: 16 | loss: 0.1948946
	speed: 0.0428s/iter; left time: 13696.2803s
	iters: 800, epoch: 16 | loss: 0.2467782
	speed: 0.0406s/iter; left time: 12973.7179s
	iters: 900, epoch: 16 | loss: 0.2389641
	speed: 0.0452s/iter; left time: 14446.7818s
	iters: 1000, epoch: 16 | loss: 0.2391395
	speed: 0.0392s/iter; left time: 12525.6555s
	iters: 1100, epoch: 16 | loss: 0.3040615
	speed: 0.0597s/iter; left time: 19056.1038s
Epoch: 16 cost time: 62.1286780834198
[2025-05-28 15:31:34] [32mIntermediate result: 0.300111  (Index 15)[0m
Epoch: 16, Steps: 1124 | Train Loss: 0.2479618 Vali Loss: 0.1982330 Test Loss: 0.3001110
Validation loss decreased (0.199894 --> 0.198233).  Saving model ...
Updating learning rate to 1.988217401809629e-05
	iters: 100, epoch: 17 | loss: 0.2831588
	speed: 0.3672s/iter; left time: 117187.1281s
	iters: 200, epoch: 17 | loss: 0.2575620
	speed: 0.0461s/iter; left time: 14706.6917s
	iters: 300, epoch: 17 | loss: 0.2517863
	speed: 0.0598s/iter; left time: 19080.2165s
	iters: 400, epoch: 17 | loss: 0.2621981
	speed: 0.0598s/iter; left time: 19074.9793s
	iters: 500, epoch: 17 | loss: 0.2474038
	speed: 0.0595s/iter; left time: 18964.3243s
	iters: 600, epoch: 17 | loss: 0.2285561
	speed: 0.0599s/iter; left time: 19096.7839s
	iters: 700, epoch: 17 | loss: 0.2417673
	speed: 0.0600s/iter; left time: 19100.0527s
	iters: 800, epoch: 17 | loss: 0.2160960
	speed: 0.0601s/iter; left time: 19145.4084s
	iters: 900, epoch: 17 | loss: 0.2344734
	speed: 0.0415s/iter; left time: 13213.7880s
	iters: 1000, epoch: 17 | loss: 0.2388370
	speed: 0.0405s/iter; left time: 12894.7660s
	iters: 1100, epoch: 17 | loss: 0.2874571
	speed: 0.0464s/iter; left time: 14775.9400s
Epoch: 17 cost time: 61.02936244010925
[2025-05-28 15:33:05] [32mIntermediate result: 0.296413  (Index 16)[0m
Epoch: 17, Steps: 1124 | Train Loss: 0.2464771 Vali Loss: 0.1989949 Test Loss: 0.2964130
EarlyStopping counter: 1 out of 20
Updating learning rate to 2.1793113589394184e-05
	iters: 100, epoch: 18 | loss: 0.2248903
	speed: 0.3637s/iter; left time: 115657.7369s
	iters: 200, epoch: 18 | loss: 0.1984268
	speed: 0.0427s/iter; left time: 13572.7236s
	iters: 300, epoch: 18 | loss: 0.2668594
	speed: 0.0449s/iter; left time: 14279.9943s
	iters: 400, epoch: 18 | loss: 0.2277525
	speed: 0.0464s/iter; left time: 14741.7789s
	iters: 500, epoch: 18 | loss: 0.2300839
	speed: 0.0604s/iter; left time: 19168.0675s
	iters: 600, epoch: 18 | loss: 0.2078730
	speed: 0.0611s/iter; left time: 19394.6821s
	iters: 700, epoch: 18 | loss: 0.2288036
	speed: 0.0606s/iter; left time: 19239.0592s
	iters: 800, epoch: 18 | loss: 0.2625494
	speed: 0.0603s/iter; left time: 19138.9808s
	iters: 900, epoch: 18 | loss: 0.2573103
	speed: 0.0598s/iter; left time: 18981.2011s
	iters: 1000, epoch: 18 | loss: 0.2832901
	speed: 0.0563s/iter; left time: 17837.0384s
	iters: 1100, epoch: 18 | loss: 0.2520308
	speed: 0.0431s/iter; left time: 13671.5089s
Epoch: 18 cost time: 60.29979109764099
[2025-05-28 15:34:32] [32mIntermediate result: 0.30208817  (Index 17)[0m
Epoch: 18, Steps: 1124 | Train Loss: 0.2450221 Vali Loss: 0.1990468 Test Loss: 0.3020882
EarlyStopping counter: 2 out of 20
Updating learning rate to 2.3786850591549254e-05
	iters: 100, epoch: 19 | loss: 0.2207116
	speed: 0.3586s/iter; left time: 113630.0662s
	iters: 200, epoch: 19 | loss: 0.2928066
	speed: 0.0598s/iter; left time: 18951.9699s
	iters: 300, epoch: 19 | loss: 0.2511720
	speed: 0.0430s/iter; left time: 13622.4920s
	iters: 400, epoch: 19 | loss: 0.3154188
	speed: 0.0390s/iter; left time: 12345.1814s
	iters: 500, epoch: 19 | loss: 0.1988249
	speed: 0.0454s/iter; left time: 14373.3997s
	iters: 600, epoch: 19 | loss: 0.2630293
	speed: 0.0425s/iter; left time: 13436.8378s
	iters: 700, epoch: 19 | loss: 0.2906324
	speed: 0.0517s/iter; left time: 16345.0586s
	iters: 800, epoch: 19 | loss: 0.2077800
	speed: 0.0599s/iter; left time: 18938.9196s
	iters: 900, epoch: 19 | loss: 0.2473538
	speed: 0.0602s/iter; left time: 19020.2830s
	iters: 1000, epoch: 19 | loss: 0.2692238
	speed: 0.0596s/iter; left time: 18822.0255s
	iters: 1100, epoch: 19 | loss: 0.2733648
	speed: 0.0596s/iter; left time: 18838.1086s
Epoch: 19 cost time: 61.40703821182251
[2025-05-28 15:36:01] [32mIntermediate result: 0.2969603  (Index 18)[0m
Epoch: 19, Steps: 1124 | Train Loss: 0.2438494 Vali Loss: 0.1957982 Test Loss: 0.2969603
Validation loss decreased (0.198233 --> 0.195798).  Saving model ...
Updating learning rate to 2.5857920167994026e-05
	iters: 100, epoch: 20 | loss: 0.2112205
	speed: 0.3661s/iter; left time: 115598.0096s
	iters: 200, epoch: 20 | loss: 0.2140741
	speed: 0.0596s/iter; left time: 18819.9112s
	iters: 300, epoch: 20 | loss: 0.2417673
	speed: 0.0610s/iter; left time: 19251.8551s
	iters: 400, epoch: 20 | loss: 0.2415894
	speed: 0.0615s/iter; left time: 19402.1707s
	iters: 500, epoch: 20 | loss: 0.2326763
	speed: 0.0569s/iter; left time: 17945.4870s
	iters: 600, epoch: 20 | loss: 0.2391664
	speed: 0.0427s/iter; left time: 13468.4023s
	iters: 700, epoch: 20 | loss: 0.2594394
	speed: 0.0410s/iter; left time: 12925.8999s
	iters: 800, epoch: 20 | loss: 0.2288739
	speed: 0.0458s/iter; left time: 14414.9464s
	iters: 900, epoch: 20 | loss: 0.2330760
	speed: 0.0406s/iter; left time: 12773.0398s
	iters: 1000, epoch: 20 | loss: 0.2260747
	speed: 0.0598s/iter; left time: 18826.6404s
	iters: 1100, epoch: 20 | loss: 0.2610462
	speed: 0.0600s/iter; left time: 18872.2139s
Epoch: 20 cost time: 61.782954931259155
[2025-05-28 15:37:33] [32mIntermediate result: 0.28884718  (Index 19)[0m
Epoch: 20, Steps: 1124 | Train Loss: 0.2429188 Vali Loss: 0.1926175 Test Loss: 0.2888472
Validation loss decreased (0.195798 --> 0.192617).  Saving model ...
Updating learning rate to 2.8000645492665534e-05
	iters: 100, epoch: 21 | loss: 0.2107494
	speed: 0.3910s/iter; left time: 123003.9185s
	iters: 200, epoch: 21 | loss: 0.2875895
	speed: 0.0602s/iter; left time: 18939.2581s
	iters: 300, epoch: 21 | loss: 0.2628731
	speed: 0.0608s/iter; left time: 19123.6220s
	iters: 400, epoch: 21 | loss: 0.2388592
	speed: 0.0607s/iter; left time: 19066.4165s
	iters: 500, epoch: 21 | loss: 0.2394435
	speed: 0.0601s/iter; left time: 18899.1626s
	iters: 600, epoch: 21 | loss: 0.2357678
	speed: 0.0602s/iter; left time: 18896.9765s
	iters: 700, epoch: 21 | loss: 0.2624832
	speed: 0.0472s/iter; left time: 14836.8556s
	iters: 800, epoch: 21 | loss: 0.2839195
	speed: 0.0407s/iter; left time: 12786.7349s
	iters: 900, epoch: 21 | loss: 0.2112704
	speed: 0.0439s/iter; left time: 13791.2328s
	iters: 1000, epoch: 21 | loss: 0.2185747
	speed: 0.0449s/iter; left time: 14082.7505s
	iters: 1100, epoch: 21 | loss: 0.2299665
	speed: 0.0481s/iter; left time: 15079.8072s
Epoch: 21 cost time: 61.940178871154785
[2025-05-28 15:39:04] [32mIntermediate result: 0.30123433  (Index 20)[0m
Epoch: 21, Steps: 1124 | Train Loss: 0.2417180 Vali Loss: 0.1944823 Test Loss: 0.3012343
EarlyStopping counter: 1 out of 20
Updating learning rate to 3.0209153330252393e-05
	iters: 100, epoch: 22 | loss: 0.3099242
	speed: 0.3717s/iter; left time: 116514.2140s
	iters: 200, epoch: 22 | loss: 0.2427574
	speed: 0.0372s/iter; left time: 11667.5964s
	iters: 300, epoch: 22 | loss: 0.2716154
	speed: 0.0590s/iter; left time: 18494.0500s
	iters: 400, epoch: 22 | loss: 0.2442067
	speed: 0.0599s/iter; left time: 18770.0613s
	iters: 500, epoch: 22 | loss: 0.2151154
	speed: 0.0601s/iter; left time: 18825.1290s
	iters: 600, epoch: 22 | loss: 0.2133352
	speed: 0.0602s/iter; left time: 18855.9353s
	iters: 700, epoch: 22 | loss: 0.2881534
	speed: 0.0600s/iter; left time: 18766.0004s
	iters: 800, epoch: 22 | loss: 0.2820303
	speed: 0.0599s/iter; left time: 18737.1064s
	iters: 900, epoch: 22 | loss: 0.2108704
	speed: 0.0479s/iter; left time: 14984.7401s
	iters: 1000, epoch: 22 | loss: 0.2169634
	speed: 0.0405s/iter; left time: 12665.4282s
	iters: 1100, epoch: 22 | loss: 0.2304758
	speed: 0.0477s/iter; left time: 14913.9224s
Epoch: 22 cost time: 61.120052099227905
[2025-05-28 15:40:35] [32mIntermediate result: 0.28509247  (Index 21)[0m
Epoch: 22, Steps: 1124 | Train Loss: 0.2406651 Vali Loss: 0.1945894 Test Loss: 0.2850925
EarlyStopping counter: 2 out of 20
Updating learning rate to 3.2477390134801696e-05
	iters: 100, epoch: 23 | loss: 0.2377758
	speed: 0.3710s/iter; left time: 115875.6708s
	iters: 200, epoch: 23 | loss: 0.2597345
	speed: 0.0393s/iter; left time: 12274.5202s
	iters: 300, epoch: 23 | loss: 0.1921103
	speed: 0.0452s/iter; left time: 14116.2608s
	iters: 400, epoch: 23 | loss: 0.2087317
	speed: 0.0437s/iter; left time: 13647.1871s
	iters: 500, epoch: 23 | loss: 0.2399419
	speed: 0.0603s/iter; left time: 18806.6321s
	iters: 600, epoch: 23 | loss: 0.2056586
	speed: 0.0602s/iter; left time: 18778.0701s
	iters: 700, epoch: 23 | loss: 0.2632982
	speed: 0.0610s/iter; left time: 19017.0117s
	iters: 800, epoch: 23 | loss: 0.2505405
	speed: 0.0602s/iter; left time: 18764.9089s
	iters: 900, epoch: 23 | loss: 0.2632152
	speed: 0.0604s/iter; left time: 18819.2810s
	iters: 1000, epoch: 23 | loss: 0.2834543
	speed: 0.0600s/iter; left time: 18681.3453s
	iters: 1100, epoch: 23 | loss: 0.2666860
	speed: 0.0403s/iter; left time: 12539.8569s
Epoch: 23 cost time: 60.349480628967285
[2025-05-28 15:42:03] [32mIntermediate result: 0.28648317  (Index 22)[0m
Epoch: 23, Steps: 1124 | Train Loss: 0.2396037 Vali Loss: 0.1983290 Test Loss: 0.2864832
EarlyStopping counter: 3 out of 20
Updating learning rate to 3.479913864255977e-05
	iters: 100, epoch: 24 | loss: 0.2846021
	speed: 0.3713s/iter; left time: 115575.8467s
	iters: 200, epoch: 24 | loss: 0.2761173
	speed: 0.0601s/iter; left time: 18685.6506s
	iters: 300, epoch: 24 | loss: 0.2949516
	speed: 0.0433s/iter; left time: 13477.5365s
	iters: 400, epoch: 24 | loss: 0.2292770
	speed: 0.0392s/iter; left time: 12199.6772s
	iters: 500, epoch: 24 | loss: 0.2237165
	speed: 0.0456s/iter; left time: 14185.0744s
	iters: 600, epoch: 24 | loss: 0.2871968
	speed: 0.0386s/iter; left time: 11988.4269s
	iters: 700, epoch: 24 | loss: 0.2913444
	speed: 0.0579s/iter; left time: 17990.8542s
	iters: 800, epoch: 24 | loss: 0.2279140
	speed: 0.0600s/iter; left time: 18626.2112s
	iters: 900, epoch: 24 | loss: 0.2083670
	speed: 0.0600s/iter; left time: 18615.2106s
	iters: 1000, epoch: 24 | loss: 0.2669111
	speed: 0.0592s/iter; left time: 18379.3522s
	iters: 1100, epoch: 24 | loss: 0.2324827
	speed: 0.0594s/iter; left time: 18436.8305s
Epoch: 24 cost time: 61.58754777908325
[2025-05-28 15:43:31] [32mIntermediate result: 0.28630167  (Index 23)[0m
Epoch: 24, Steps: 1124 | Train Loss: 0.2385862 Vali Loss: 0.1975874 Test Loss: 0.2863017
EarlyStopping counter: 4 out of 20
Updating learning rate to 3.716803491356517e-05
	iters: 100, epoch: 25 | loss: 0.2450531
	speed: 0.3574s/iter; left time: 110829.9539s
	iters: 200, epoch: 25 | loss: 0.2634993
	speed: 0.0608s/iter; left time: 18862.4986s
	iters: 300, epoch: 25 | loss: 0.2487443
	speed: 0.0602s/iter; left time: 18667.2453s
	iters: 400, epoch: 25 | loss: 0.2152197
	speed: 0.0608s/iter; left time: 18844.0699s
	iters: 500, epoch: 25 | loss: 0.1962161
	speed: 0.0591s/iter; left time: 18312.3308s
	iters: 600, epoch: 25 | loss: 0.2495360
	speed: 0.0398s/iter; left time: 12332.6739s
	iters: 700, epoch: 25 | loss: 0.2384338
	speed: 0.0396s/iter; left time: 12268.9629s
	iters: 800, epoch: 25 | loss: 0.2629470
	speed: 0.0457s/iter; left time: 14128.4148s
	iters: 900, epoch: 25 | loss: 0.2541129
	speed: 0.0419s/iter; left time: 12961.5024s
	iters: 1000, epoch: 25 | loss: 0.1945208
	speed: 0.0595s/iter; left time: 18385.1844s
	iters: 1100, epoch: 25 | loss: 0.2279859
	speed: 0.0595s/iter; left time: 18395.6130s
Epoch: 25 cost time: 62.065863370895386
[2025-05-28 15:45:03] [32mIntermediate result: 0.29020637  (Index 24)[0m
Epoch: 25, Steps: 1124 | Train Loss: 0.2376046 Vali Loss: 0.1966896 Test Loss: 0.2902064
EarlyStopping counter: 5 out of 20
Updating learning rate to 3.9577585775282986e-05
	iters: 100, epoch: 26 | loss: 0.2176021
	speed: 0.3758s/iter; left time: 116111.4180s
	iters: 200, epoch: 26 | loss: 0.2051790
	speed: 0.0603s/iter; left time: 18635.0826s
	iters: 300, epoch: 26 | loss: 0.2228651
	speed: 0.0611s/iter; left time: 18860.5293s
	iters: 400, epoch: 26 | loss: 0.2613138
	speed: 0.0615s/iter; left time: 18971.6577s
	iters: 500, epoch: 26 | loss: 0.2960300
	speed: 0.0611s/iter; left time: 18842.9694s
	iters: 600, epoch: 26 | loss: 0.2334188
	speed: 0.0607s/iter; left time: 18737.3971s
	iters: 700, epoch: 26 | loss: 0.1982120
	speed: 0.0504s/iter; left time: 15557.6829s
	iters: 800, epoch: 26 | loss: 0.2610164
	speed: 0.0438s/iter; left time: 13509.6064s
	iters: 900, epoch: 26 | loss: 0.3147084
	speed: 0.0398s/iter; left time: 12267.8629s
	iters: 1000, epoch: 26 | loss: 0.2737025
	speed: 0.0443s/iter; left time: 13663.5461s
	iters: 1100, epoch: 26 | loss: 0.2482076
	speed: 0.0438s/iter; left time: 13484.1032s
Epoch: 26 cost time: 60.8083553314209
[2025-05-28 15:46:32] [32mIntermediate result: 0.2779284  (Index 25)[0m
Epoch: 26, Steps: 1124 | Train Loss: 0.2374839 Vali Loss: 0.1915243 Test Loss: 0.2779284
Validation loss decreased (0.192617 --> 0.191524).  Saving model ...
Updating learning rate to 4.202118662046711e-05
	iters: 100, epoch: 27 | loss: 0.2138494
	speed: 0.3658s/iter; left time: 112629.8368s
	iters: 200, epoch: 27 | loss: 0.2360821
	speed: 0.0427s/iter; left time: 13138.0464s
	iters: 300, epoch: 27 | loss: 0.2323468
	speed: 0.0528s/iter; left time: 16248.8152s
	iters: 400, epoch: 27 | loss: 0.1979652
	speed: 0.0599s/iter; left time: 18438.6739s
	iters: 500, epoch: 27 | loss: 0.2526995
	speed: 0.0599s/iter; left time: 18404.1937s
	iters: 600, epoch: 27 | loss: 0.2491892
	speed: 0.0604s/iter; left time: 18557.7007s
	iters: 700, epoch: 27 | loss: 0.2067571
	speed: 0.0603s/iter; left time: 18532.8008s
	iters: 800, epoch: 27 | loss: 0.2011722
	speed: 0.0601s/iter; left time: 18450.7286s
	iters: 900, epoch: 27 | loss: 0.1944218
	speed: 0.0501s/iter; left time: 15382.0553s
	iters: 1000, epoch: 27 | loss: 0.2149265
	speed: 0.0439s/iter; left time: 13487.8830s
	iters: 1100, epoch: 27 | loss: 0.2531188
	speed: 0.0408s/iter; left time: 12531.4376s
Epoch: 27 cost time: 60.54679989814758
[2025-05-28 15:48:00] [32mIntermediate result: 0.27861497  (Index 26)[0m
Epoch: 27, Steps: 1124 | Train Loss: 0.2367347 Vali Loss: 0.1868351 Test Loss: 0.2786150
Validation loss decreased (0.191524 --> 0.186835).  Saving model ...
Updating learning rate to 4.4492139510466385e-05
	iters: 100, epoch: 28 | loss: 0.2011032
	speed: 0.3563s/iter; left time: 109284.3765s
	iters: 200, epoch: 28 | loss: 0.2277313
	speed: 0.0437s/iter; left time: 13404.5383s
	iters: 300, epoch: 28 | loss: 0.2491848
	speed: 0.0392s/iter; left time: 12031.4369s
	iters: 400, epoch: 28 | loss: 0.2186508
	speed: 0.0466s/iter; left time: 14267.5388s
	iters: 500, epoch: 28 | loss: 0.2166199
	speed: 0.0440s/iter; left time: 13491.6701s
	iters: 600, epoch: 28 | loss: 0.2413554
	speed: 0.0602s/iter; left time: 18428.3206s
	iters: 700, epoch: 28 | loss: 0.2741763
	speed: 0.0603s/iter; left time: 18461.3010s
	iters: 800, epoch: 28 | loss: 0.2476013
	speed: 0.0599s/iter; left time: 18336.0291s
	iters: 900, epoch: 28 | loss: 0.2089636
	speed: 0.0598s/iter; left time: 18293.1242s
	iters: 1000, epoch: 28 | loss: 0.2821382
	speed: 0.0600s/iter; left time: 18340.3760s
	iters: 1100, epoch: 28 | loss: 0.2128157
	speed: 0.0598s/iter; left time: 18298.2430s
Epoch: 28 cost time: 61.74806070327759
[2025-05-28 15:49:30] [32mIntermediate result: 0.27768034  (Index 27)[0m
Epoch: 28, Steps: 1124 | Train Loss: 0.2359452 Vali Loss: 0.1920184 Test Loss: 0.2776803
EarlyStopping counter: 1 out of 20
Updating learning rate to 4.6983671534353116e-05
	iters: 100, epoch: 29 | loss: 0.2609212
	speed: 0.3712s/iter; left time: 113439.2604s
	iters: 200, epoch: 29 | loss: 0.2256935
	speed: 0.0600s/iter; left time: 18318.1940s
	iters: 300, epoch: 29 | loss: 0.2328342
	speed: 0.0602s/iter; left time: 18394.6211s
	iters: 400, epoch: 29 | loss: 0.2330138
	speed: 0.0430s/iter; left time: 13120.3931s
	iters: 500, epoch: 29 | loss: 0.2405982
	speed: 0.0403s/iter; left time: 12296.7327s
	iters: 600, epoch: 29 | loss: 0.2272551
	speed: 0.0476s/iter; left time: 14510.0090s
	iters: 700, epoch: 29 | loss: 0.2465502
	speed: 0.0385s/iter; left time: 11730.9134s
	iters: 800, epoch: 29 | loss: 0.2861106
	speed: 0.0605s/iter; left time: 18445.3756s
	iters: 900, epoch: 29 | loss: 0.2724570
	speed: 0.0597s/iter; left time: 18198.9055s
	iters: 1000, epoch: 29 | loss: 0.2165785
	speed: 0.0603s/iter; left time: 18373.0895s
	iters: 1100, epoch: 29 | loss: 0.2173802
	speed: 0.0609s/iter; left time: 18564.5985s
Epoch: 29 cost time: 62.43121099472046
[2025-05-28 15:51:01] [32mIntermediate result: 0.26880682  (Index 28)[0m
Epoch: 29, Steps: 1124 | Train Loss: 0.2353884 Vali Loss: 0.2004953 Test Loss: 0.2688068
EarlyStopping counter: 2 out of 20
Updating learning rate to 4.948895337355167e-05
	iters: 100, epoch: 30 | loss: 0.2437835
	speed: 0.3768s/iter; left time: 114739.4589s
	iters: 200, epoch: 30 | loss: 0.2500878
	speed: 0.0605s/iter; left time: 18403.5084s
	iters: 300, epoch: 30 | loss: 0.2112030
	speed: 0.0604s/iter; left time: 18370.0641s
	iters: 400, epoch: 30 | loss: 0.2619820
	speed: 0.0606s/iter; left time: 18434.6364s
	iters: 500, epoch: 30 | loss: 0.2475329
	speed: 0.0599s/iter; left time: 18219.0928s
	iters: 600, epoch: 30 | loss: 0.2887692
	speed: 0.0444s/iter; left time: 13489.7276s
	iters: 700, epoch: 30 | loss: 0.2156070
	speed: 0.0401s/iter; left time: 12185.2812s
	iters: 800, epoch: 30 | loss: 0.2657513
	speed: 0.0462s/iter; left time: 14040.0396s
	iters: 900, epoch: 30 | loss: 0.2130513
	speed: 0.0395s/iter; left time: 12001.6400s
	iters: 1000, epoch: 30 | loss: 0.2264878
	speed: 0.0596s/iter; left time: 18087.7130s
	iters: 1100, epoch: 30 | loss: 0.2339632
	speed: 0.0614s/iter; left time: 18643.3299s
Epoch: 30 cost time: 62.82266640663147
[2025-05-28 15:52:31] [32mIntermediate result: 0.27787223  (Index 29)[0m
Epoch: 30, Steps: 1124 | Train Loss: 0.2349181 Vali Loss: 0.1882879 Test Loss: 0.2778722
EarlyStopping counter: 3 out of 20
Updating learning rate to 5.2001118021080965e-05
	iters: 100, epoch: 31 | loss: 0.2556419
	speed: 0.3468s/iter; left time: 105206.5079s
	iters: 200, epoch: 31 | loss: 0.2226964
	speed: 0.0597s/iter; left time: 18110.2641s
	iters: 300, epoch: 31 | loss: 0.2256923
	speed: 0.0608s/iter; left time: 18441.1231s
	iters: 400, epoch: 31 | loss: 0.2616875
	speed: 0.0605s/iter; left time: 18350.8423s
	iters: 500, epoch: 31 | loss: 0.2198406
	speed: 0.0607s/iter; left time: 18397.5698s
	iters: 600, epoch: 31 | loss: 0.2272883
	speed: 0.0605s/iter; left time: 18313.7848s
	iters: 700, epoch: 31 | loss: 0.2389853
	speed: 0.0602s/iter; left time: 18240.4895s
	iters: 800, epoch: 31 | loss: 0.2265600
	speed: 0.0445s/iter; left time: 13457.3376s
	iters: 900, epoch: 31 | loss: 0.2511284
	speed: 0.0392s/iter; left time: 11866.8031s
	iters: 1000, epoch: 31 | loss: 0.2685065
	speed: 0.0454s/iter; left time: 13740.1454s
	iters: 1100, epoch: 31 | loss: 0.2435044
	speed: 0.0424s/iter; left time: 12817.6230s
Epoch: 31 cost time: 60.03728652000427
[2025-05-28 15:54:00] [32mIntermediate result: 0.27131572  (Index 30)[0m
Epoch: 31, Steps: 1124 | Train Loss: 0.2337753 Vali Loss: 0.1914275 Test Loss: 0.2713157
EarlyStopping counter: 4 out of 20
Updating learning rate to 5.451327960410133e-05
	iters: 100, epoch: 32 | loss: 0.2155512
	speed: 0.3512s/iter; left time: 106156.8334s
	iters: 200, epoch: 32 | loss: 0.2924814
	speed: 0.0462s/iter; left time: 13949.4140s
	iters: 300, epoch: 32 | loss: 0.2141867
	speed: 0.0396s/iter; left time: 11965.5349s
	iters: 400, epoch: 32 | loss: 0.2106943
	speed: 0.0569s/iter; left time: 17166.2697s
	iters: 500, epoch: 32 | loss: 0.2681578
	speed: 0.0595s/iter; left time: 17957.6611s
	iters: 600, epoch: 32 | loss: 0.2605406
	speed: 0.0600s/iter; left time: 18093.9211s
	iters: 700, epoch: 32 | loss: 0.1815633
	speed: 0.0606s/iter; left time: 18287.0394s
	iters: 800, epoch: 32 | loss: 0.2438451
	speed: 0.0607s/iter; left time: 18302.2399s
	iters: 900, epoch: 32 | loss: 0.2407297
	speed: 0.0606s/iter; left time: 18259.0389s
	iters: 1000, epoch: 32 | loss: 0.2275801
	speed: 0.0458s/iter; left time: 13807.9529s
	iters: 1100, epoch: 32 | loss: 0.2021764
	speed: 0.0420s/iter; left time: 12656.9916s
Epoch: 32 cost time: 59.66626000404358
[2025-05-28 15:55:27] [32mIntermediate result: 0.27553508  (Index 31)[0m
Epoch: 32, Steps: 1124 | Train Loss: 0.2336793 Vali Loss: 0.1863272 Test Loss: 0.2755351
Validation loss decreased (0.186835 --> 0.186327).  Saving model ...
Updating learning rate to 5.701855225817296e-05
	iters: 100, epoch: 33 | loss: 0.2599810
	speed: 0.3649s/iter; left time: 109890.0822s
	iters: 200, epoch: 33 | loss: 0.2708701
	speed: 0.0500s/iter; left time: 15045.3879s
	iters: 300, epoch: 33 | loss: 0.2661004
	speed: 0.0447s/iter; left time: 13465.5339s
	iters: 400, epoch: 33 | loss: 0.1974993
	speed: 0.0384s/iter; left time: 11560.3349s
	iters: 500, epoch: 33 | loss: 0.2513530
	speed: 0.0468s/iter; left time: 14074.9786s
	iters: 600, epoch: 33 | loss: 0.2188614
	speed: 0.0328s/iter; left time: 9851.7920s
	iters: 700, epoch: 33 | loss: 0.2353979
	speed: 0.0374s/iter; left time: 11233.6646s
	iters: 800, epoch: 33 | loss: 0.1921213
	speed: 0.0391s/iter; left time: 11740.6351s
	iters: 900, epoch: 33 | loss: 0.2486892
	speed: 0.0362s/iter; left time: 10884.8314s
	iters: 1000, epoch: 33 | loss: 0.2533562
	speed: 0.0337s/iter; left time: 10117.5976s
	iters: 1100, epoch: 33 | loss: 0.2010155
	speed: 0.0368s/iter; left time: 11039.8305s
Epoch: 33 cost time: 48.2646758556366
[2025-05-28 15:56:43] [32mIntermediate result: 0.26957962  (Index 32)[0m
Epoch: 33, Steps: 1124 | Train Loss: 0.2331587 Vali Loss: 0.1890787 Test Loss: 0.2695796
EarlyStopping counter: 1 out of 20
Updating learning rate to 5.9510069001491286e-05
	iters: 100, epoch: 34 | loss: 0.2486344
	speed: 0.3348s/iter; left time: 100451.7361s
	iters: 200, epoch: 34 | loss: 0.2310332
	speed: 0.0312s/iter; left time: 9368.2436s
	iters: 300, epoch: 34 | loss: 0.2416343
	speed: 0.0311s/iter; left time: 9313.5077s
	iters: 400, epoch: 34 | loss: 0.2158740
	speed: 0.0319s/iter; left time: 9546.5039s
	iters: 500, epoch: 34 | loss: 0.2271219
	speed: 0.0317s/iter; left time: 9482.8319s
	iters: 600, epoch: 34 | loss: 0.2782179
	speed: 0.0323s/iter; left time: 9674.8563s
	iters: 700, epoch: 34 | loss: 0.2396342
	speed: 0.0327s/iter; left time: 9796.2016s
	iters: 800, epoch: 34 | loss: 0.2105439
	speed: 0.0316s/iter; left time: 9464.1904s
	iters: 900, epoch: 34 | loss: 0.2348931
	speed: 0.0322s/iter; left time: 9619.6254s
	iters: 1000, epoch: 34 | loss: 0.2276775
	speed: 0.0329s/iter; left time: 9853.9281s
	iters: 1100, epoch: 34 | loss: 0.2506114
	speed: 0.0379s/iter; left time: 11337.5539s
Epoch: 34 cost time: 38.85623240470886
[2025-05-28 15:57:51] [32mIntermediate result: 0.27949607  (Index 33)[0m
Epoch: 34, Steps: 1124 | Train Loss: 0.2324727 Vali Loss: 0.1938985 Test Loss: 0.2794961
EarlyStopping counter: 2 out of 20
Updating learning rate to 6.19810005573649e-05
	iters: 100, epoch: 35 | loss: 0.2021029
	speed: 0.3755s/iter; left time: 112241.3814s
	iters: 200, epoch: 35 | loss: 0.2448398
	speed: 0.0441s/iter; left time: 13181.1282s
	iters: 300, epoch: 35 | loss: 0.2219193
	speed: 0.0364s/iter; left time: 10877.8840s
	iters: 400, epoch: 35 | loss: 0.2432704
	speed: 0.0357s/iter; left time: 10656.0238s
	iters: 500, epoch: 35 | loss: 0.2433473
	speed: 0.0360s/iter; left time: 10759.9787s
	iters: 600, epoch: 35 | loss: 0.2194478
	speed: 0.0361s/iter; left time: 10759.8021s
	iters: 700, epoch: 35 | loss: 0.2310346
	speed: 0.0360s/iter; left time: 10729.7826s
	iters: 800, epoch: 35 | loss: 0.2314532
	speed: 0.0364s/iter; left time: 10846.6757s
	iters: 900, epoch: 35 | loss: 0.2387876
	speed: 0.0357s/iter; left time: 10655.1054s
	iters: 1000, epoch: 35 | loss: 0.2200324
	speed: 0.0355s/iter; left time: 10582.1745s
	iters: 1100, epoch: 35 | loss: 0.2344389
	speed: 0.0540s/iter; left time: 16087.3591s
Epoch: 35 cost time: 47.47877097129822
[2025-05-28 15:59:07] [32mIntermediate result: 0.2767146  (Index 34)[0m
Epoch: 35, Steps: 1124 | Train Loss: 0.2327745 Vali Loss: 0.1913968 Test Loss: 0.2767146
EarlyStopping counter: 3 out of 20
Updating learning rate to 6.442457407334326e-05
	iters: 100, epoch: 36 | loss: 0.2065458
	speed: 0.3614s/iter; left time: 107602.2073s
	iters: 200, epoch: 36 | loss: 0.2362138
	speed: 0.0365s/iter; left time: 10860.8598s
	iters: 300, epoch: 36 | loss: 0.2358155
	speed: 0.0366s/iter; left time: 10882.4835s
	iters: 400, epoch: 36 | loss: 0.2137393
	speed: 0.0367s/iter; left time: 10905.0852s
	iters: 500, epoch: 36 | loss: 0.2913391
	speed: 0.0368s/iter; left time: 10948.8041s
	iters: 600, epoch: 36 | loss: 0.2093469
	speed: 0.0360s/iter; left time: 10715.9466s
	iters: 700, epoch: 36 | loss: 0.2330153
	speed: 0.0372s/iter; left time: 11061.8263s
	iters: 800, epoch: 36 | loss: 0.1937357
	speed: 0.0360s/iter; left time: 10684.2384s
	iters: 900, epoch: 36 | loss: 0.2220600
	speed: 0.0558s/iter; left time: 16575.7598s
	iters: 1000, epoch: 36 | loss: 0.2254018
	speed: 0.0566s/iter; left time: 16811.5112s
	iters: 1100, epoch: 36 | loss: 0.2284261
	speed: 0.0564s/iter; left time: 16745.9915s
Epoch: 36 cost time: 49.160109996795654
[2025-05-28 16:00:23] [32mIntermediate result: 0.26838878  (Index 35)[0m
Epoch: 36, Steps: 1124 | Train Loss: 0.2321719 Vali Loss: 0.1937285 Test Loss: 0.2683888
EarlyStopping counter: 4 out of 20
Updating learning rate to 6.683409168568478e-05
	iters: 100, epoch: 37 | loss: 0.2088480
	speed: 0.3403s/iter; left time: 100955.1081s
	iters: 200, epoch: 37 | loss: 0.2349304
	speed: 0.0377s/iter; left time: 11176.0675s
	iters: 300, epoch: 37 | loss: 0.2620615
	speed: 0.0364s/iter; left time: 10786.6525s
	iters: 400, epoch: 37 | loss: 0.2065546
	speed: 0.0367s/iter; left time: 10878.0289s
	iters: 500, epoch: 37 | loss: 0.2806474
	speed: 0.0355s/iter; left time: 10526.3882s
	iters: 600, epoch: 37 | loss: 0.2277317
	speed: 0.0353s/iter; left time: 10456.2597s
	iters: 700, epoch: 37 | loss: 0.2522002
	speed: 0.0529s/iter; left time: 15654.0939s
	iters: 800, epoch: 37 | loss: 0.2306058
	speed: 0.0562s/iter; left time: 16640.9324s
	iters: 900, epoch: 37 | loss: 0.2305374
	speed: 0.0565s/iter; left time: 16714.1489s
	iters: 1000, epoch: 37 | loss: 0.1903713
	speed: 0.0569s/iter; left time: 16815.8818s
	iters: 1100, epoch: 37 | loss: 0.2042495
	speed: 0.0566s/iter; left time: 16725.1213s
Epoch: 37 cost time: 53.34459662437439
[2025-05-28 16:01:43] [32mIntermediate result: 0.275589  (Index 36)[0m
Epoch: 37, Steps: 1124 | Train Loss: 0.2313664 Vali Loss: 0.1954449 Test Loss: 0.2755890
EarlyStopping counter: 5 out of 20
Updating learning rate to 6.920294887828034e-05
	iters: 100, epoch: 38 | loss: 0.2348424
	speed: 0.3357s/iter; left time: 99217.0554s
	iters: 200, epoch: 38 | loss: 0.2243789
	speed: 0.0363s/iter; left time: 10736.0622s
	iters: 300, epoch: 38 | loss: 0.2474771
	speed: 0.0355s/iter; left time: 10494.0149s
	iters: 400, epoch: 38 | loss: 0.1969117
	speed: 0.0351s/iter; left time: 10376.2586s
	iters: 500, epoch: 38 | loss: 0.2219520
	speed: 0.0470s/iter; left time: 13869.8531s
	iters: 600, epoch: 38 | loss: 0.1969477
	speed: 0.0562s/iter; left time: 16585.8495s
	iters: 700, epoch: 38 | loss: 0.1978928
	speed: 0.0568s/iter; left time: 16743.2750s
	iters: 800, epoch: 38 | loss: 0.2110859
	speed: 0.0568s/iter; left time: 16743.3030s
	iters: 900, epoch: 38 | loss: 0.2594779
	speed: 0.0567s/iter; left time: 16703.2760s
	iters: 1000, epoch: 38 | loss: 0.2249459
	speed: 0.0567s/iter; left time: 16717.4831s
	iters: 1100, epoch: 38 | loss: 0.2079043
	speed: 0.0565s/iter; left time: 16644.4316s
Epoch: 38 cost time: 56.29704165458679
[2025-05-28 16:03:06] [32mIntermediate result: 0.27230614  (Index 37)[0m
Epoch: 38, Steps: 1124 | Train Loss: 0.2309641 Vali Loss: 0.1906729 Test Loss: 0.2723061
EarlyStopping counter: 6 out of 20
Updating learning rate to 7.15246525857094e-05
	iters: 100, epoch: 39 | loss: 0.2266691
	speed: 0.3271s/iter; left time: 96298.3149s
	iters: 200, epoch: 39 | loss: 0.2267256
	speed: 0.0368s/iter; left time: 10818.2275s
	iters: 300, epoch: 39 | loss: 0.2557230
	speed: 0.0474s/iter; left time: 13943.1958s
	iters: 400, epoch: 39 | loss: 0.2166278
	speed: 0.0564s/iter; left time: 16596.1950s
	iters: 500, epoch: 39 | loss: 0.2138438
	speed: 0.0564s/iter; left time: 16571.6997s
	iters: 600, epoch: 39 | loss: 0.2370984
	speed: 0.0564s/iter; left time: 16579.9231s
	iters: 700, epoch: 39 | loss: 0.2307890
	speed: 0.0564s/iter; left time: 16561.6672s
	iters: 800, epoch: 39 | loss: 0.2274552
	speed: 0.0569s/iter; left time: 16718.7970s
	iters: 900, epoch: 39 | loss: 0.2740684
	speed: 0.0567s/iter; left time: 16645.9876s
	iters: 1000, epoch: 39 | loss: 0.2146828
	speed: 0.0568s/iter; left time: 16673.8119s
	iters: 1100, epoch: 39 | loss: 0.1871198
	speed: 0.0480s/iter; left time: 14083.5203s
Epoch: 39 cost time: 58.92000436782837
[2025-05-28 16:04:28] [32mIntermediate result: 0.26822847  (Index 38)[0m
Epoch: 39, Steps: 1124 | Train Loss: 0.2302795 Vali Loss: 0.1871516 Test Loss: 0.2682285
EarlyStopping counter: 7 out of 20
Updating learning rate to 7.379283899080877e-05
	iters: 100, epoch: 40 | loss: 0.2400309
	speed: 0.2967s/iter; left time: 87021.4075s
	iters: 200, epoch: 40 | loss: 0.2451157
	speed: 0.0498s/iter; left time: 14588.3841s
	iters: 300, epoch: 40 | loss: 0.2365701
	speed: 0.0570s/iter; left time: 16715.7617s
	iters: 400, epoch: 40 | loss: 0.2486222
	speed: 0.0564s/iter; left time: 16513.6487s
	iters: 500, epoch: 40 | loss: 0.1963295
	speed: 0.0560s/iter; left time: 16397.5455s
	iters: 600, epoch: 40 | loss: 0.2563728
	speed: 0.0563s/iter; left time: 16479.2454s
	iters: 700, epoch: 40 | loss: 0.2527909
	speed: 0.0572s/iter; left time: 16733.6446s
	iters: 800, epoch: 40 | loss: 0.2671665
	speed: 0.0567s/iter; left time: 16596.7440s
	iters: 900, epoch: 40 | loss: 0.2514341
	speed: 0.0562s/iter; left time: 16429.7041s
	iters: 1000, epoch: 40 | loss: 0.2231662
	speed: 0.0454s/iter; left time: 13264.4563s
	iters: 1100, epoch: 40 | loss: 0.2386409
	speed: 0.0375s/iter; left time: 10957.9328s
Epoch: 40 cost time: 59.4366774559021
[2025-05-28 16:05:53] [32mIntermediate result: 0.27139  (Index 39)[0m
Epoch: 40, Steps: 1124 | Train Loss: 0.2302027 Vali Loss: 0.1909340 Test Loss: 0.2713900
EarlyStopping counter: 8 out of 20
Updating learning rate to 7.600129096797021e-05
	iters: 100, epoch: 41 | loss: 0.2352698
	speed: 0.3373s/iter; left time: 98528.7325s
	iters: 200, epoch: 41 | loss: 0.2481623
	speed: 0.0569s/iter; left time: 16606.6708s
	iters: 300, epoch: 41 | loss: 0.2455752
	speed: 0.0573s/iter; left time: 16719.1548s
	iters: 400, epoch: 41 | loss: 0.2283984
	speed: 0.0564s/iter; left time: 16449.3588s
	iters: 500, epoch: 41 | loss: 0.2485935
	speed: 0.0568s/iter; left time: 16582.3512s
	iters: 600, epoch: 41 | loss: 0.1882210
	speed: 0.0559s/iter; left time: 16315.5750s
	iters: 700, epoch: 41 | loss: 0.2497223
	speed: 0.0569s/iter; left time: 16602.2811s
	iters: 800, epoch: 41 | loss: 0.2537529
	speed: 0.0495s/iter; left time: 14416.3870s
	iters: 900, epoch: 41 | loss: 0.2420268
	speed: 0.0362s/iter; left time: 10552.6231s
	iters: 1000, epoch: 41 | loss: 0.2375074
	speed: 0.0361s/iter; left time: 10499.8422s
	iters: 1100, epoch: 41 | loss: 0.2266452
	speed: 0.0370s/iter; left time: 10766.3698s
Epoch: 41 cost time: 58.22477388381958
[2025-05-28 16:07:17] [32mIntermediate result: 0.26653966  (Index 40)[0m
Epoch: 41, Steps: 1124 | Train Loss: 0.2295375 Vali Loss: 0.1920424 Test Loss: 0.2665397
EarlyStopping counter: 9 out of 20
Updating learning rate to 7.814395512435499e-05
	iters: 100, epoch: 42 | loss: 0.1978674
	speed: 0.3454s/iter; left time: 100523.2519s
	iters: 200, epoch: 42 | loss: 0.2321565
	speed: 0.0566s/iter; left time: 16469.1263s
	iters: 300, epoch: 42 | loss: 0.2081942
	speed: 0.0567s/iter; left time: 16488.5559s
	iters: 400, epoch: 42 | loss: 0.2428390
	speed: 0.0579s/iter; left time: 16844.9904s
	iters: 500, epoch: 42 | loss: 0.2378873
	speed: 0.0573s/iter; left time: 16650.5450s
	iters: 600, epoch: 42 | loss: 0.2281154
	speed: 0.0518s/iter; left time: 15040.3631s
	iters: 700, epoch: 42 | loss: 0.2816041
	speed: 0.0367s/iter; left time: 10672.4604s
	iters: 800, epoch: 42 | loss: 0.2404028
	speed: 0.0362s/iter; left time: 10505.2715s
	iters: 900, epoch: 42 | loss: 0.2118292
	speed: 0.0384s/iter; left time: 11158.0480s
	iters: 1000, epoch: 42 | loss: 0.2401198
	speed: 0.0377s/iter; left time: 10925.0655s
	iters: 1100, epoch: 42 | loss: 0.2332074
	speed: 0.0373s/iter; left time: 10819.1374s
Epoch: 42 cost time: 55.24960541725159
[2025-05-28 16:08:39] [32mIntermediate result: 0.26978448  (Index 41)[0m
Epoch: 42, Steps: 1124 | Train Loss: 0.2293541 Vali Loss: 0.1959557 Test Loss: 0.2697845
EarlyStopping counter: 10 out of 20
Updating learning rate to 8.021495839231457e-05
	iters: 100, epoch: 43 | loss: 0.1944195
	speed: 0.3530s/iter; left time: 102324.9489s
	iters: 200, epoch: 43 | loss: 0.1971860
	speed: 0.0565s/iter; left time: 16377.9042s
	iters: 300, epoch: 43 | loss: 0.2204448
	speed: 0.0570s/iter; left time: 16521.0069s
	iters: 400, epoch: 43 | loss: 0.2232956
	speed: 0.0562s/iter; left time: 16275.4232s
	iters: 500, epoch: 43 | loss: 0.2204363
	speed: 0.0361s/iter; left time: 10454.5421s
	iters: 600, epoch: 43 | loss: 0.2345275
	speed: 0.0361s/iter; left time: 10459.8962s
	iters: 700, epoch: 43 | loss: 0.2862843
	speed: 0.0356s/iter; left time: 10306.3721s
	iters: 800, epoch: 43 | loss: 0.2320838
	speed: 0.0364s/iter; left time: 10525.4527s
	iters: 900, epoch: 43 | loss: 0.2108475
	speed: 0.0360s/iter; left time: 10407.9570s
	iters: 1000, epoch: 43 | loss: 0.2315083
	speed: 0.0373s/iter; left time: 10783.0149s
	iters: 1100, epoch: 43 | loss: 0.2208963
	speed: 0.0371s/iter; left time: 10714.4094s
Epoch: 43 cost time: 51.15670847892761
[2025-05-28 16:09:58] [32mIntermediate result: 0.27020764  (Index 42)[0m
Epoch: 43, Steps: 1124 | Train Loss: 0.2290070 Vali Loss: 0.1921764 Test Loss: 0.2702076
EarlyStopping counter: 11 out of 20
Updating learning rate to 8.220862412753843e-05
	iters: 100, epoch: 44 | loss: 0.2508787
	speed: 0.3672s/iter; left time: 106048.4769s
	iters: 200, epoch: 44 | loss: 0.2242015
	speed: 0.0568s/iter; left time: 16387.1309s
	iters: 300, epoch: 44 | loss: 0.1912999
	speed: 0.0411s/iter; left time: 11861.8285s
	iters: 400, epoch: 44 | loss: 0.2406136
	speed: 0.0372s/iter; left time: 10720.4766s
	iters: 500, epoch: 44 | loss: 0.1845915
	speed: 0.0357s/iter; left time: 10287.0061s
	iters: 600, epoch: 44 | loss: 0.2383550
	speed: 0.0366s/iter; left time: 10544.7487s
	iters: 700, epoch: 44 | loss: 0.1974084
	speed: 0.0370s/iter; left time: 10663.8663s
	iters: 800, epoch: 44 | loss: 0.2453208
	speed: 0.0367s/iter; left time: 10560.1216s
	iters: 900, epoch: 44 | loss: 0.2439675
	speed: 0.0377s/iter; left time: 10856.3983s
	iters: 1000, epoch: 44 | loss: 0.1979841
	speed: 0.0360s/iter; left time: 10358.7100s
	iters: 1100, epoch: 44 | loss: 0.1957184
	speed: 0.0408s/iter; left time: 11732.9628s
Epoch: 44 cost time: 48.62235164642334
[2025-05-28 16:11:16] [32mIntermediate result: 0.26711488  (Index 43)[0m
Epoch: 44, Steps: 1124 | Train Loss: 0.2282794 Vali Loss: 0.1897367 Test Loss: 0.2671149
EarlyStopping counter: 12 out of 20
Updating learning rate to 8.411948766880257e-05
	iters: 100, epoch: 45 | loss: 0.2323134
	speed: 0.3693s/iter; left time: 106237.2784s
	iters: 200, epoch: 45 | loss: 0.2500343
	speed: 0.0358s/iter; left time: 10292.5299s
	iters: 300, epoch: 45 | loss: 0.1821756
	speed: 0.0362s/iter; left time: 10405.2976s
	iters: 400, epoch: 45 | loss: 0.2515684
	speed: 0.0369s/iter; left time: 10611.4168s
	iters: 500, epoch: 45 | loss: 0.2281161
	speed: 0.0350s/iter; left time: 10061.0001s
	iters: 600, epoch: 45 | loss: 0.1972471
	speed: 0.0373s/iter; left time: 10718.9320s
	iters: 700, epoch: 45 | loss: 0.2411530
	speed: 0.0364s/iter; left time: 10451.0478s
	iters: 800, epoch: 45 | loss: 0.2375781
	speed: 0.0362s/iter; left time: 10375.7901s
	iters: 900, epoch: 45 | loss: 0.2443402
	speed: 0.0385s/iter; left time: 11037.0312s
	iters: 1000, epoch: 45 | loss: 0.2381942
	speed: 0.0569s/iter; left time: 16313.9947s
	iters: 1100, epoch: 45 | loss: 0.2325119
	speed: 0.0567s/iter; left time: 16245.5740s
Epoch: 45 cost time: 48.022066593170166
[2025-05-28 16:12:32] [32mIntermediate result: 0.27414548  (Index 44)[0m
Epoch: 45, Steps: 1124 | Train Loss: 0.2280085 Vali Loss: 0.1902345 Test Loss: 0.2741455
EarlyStopping counter: 13 out of 20
Updating learning rate to 8.59423113166704e-05
	iters: 100, epoch: 46 | loss: 0.2140651
	speed: 0.3485s/iter; left time: 99866.5653s
	iters: 200, epoch: 46 | loss: 0.2418456
	speed: 0.0387s/iter; left time: 11071.2513s
	iters: 300, epoch: 46 | loss: 0.2589044
	speed: 0.0369s/iter; left time: 10560.7867s
	iters: 400, epoch: 46 | loss: 0.2372708
	speed: 0.0365s/iter; left time: 10443.2112s
	iters: 500, epoch: 46 | loss: 0.2470686
	speed: 0.0381s/iter; left time: 10899.1368s
	iters: 600, epoch: 46 | loss: 0.2055181
	speed: 0.0382s/iter; left time: 10936.8119s
	iters: 700, epoch: 46 | loss: 0.2423754
	speed: 0.0429s/iter; left time: 12272.5209s
	iters: 800, epoch: 46 | loss: 0.2061678
	speed: 0.0570s/iter; left time: 16281.6210s
	iters: 900, epoch: 46 | loss: 0.2423086
	speed: 0.0572s/iter; left time: 16330.8589s
	iters: 1000, epoch: 46 | loss: 0.2047748
	speed: 0.0569s/iter; left time: 16247.6784s
	iters: 1100, epoch: 46 | loss: 0.2302268
	speed: 0.0565s/iter; left time: 16121.5971s
Epoch: 46 cost time: 52.95892548561096
[2025-05-28 16:13:53] [32mIntermediate result: 0.26902068  (Index 45)[0m
Epoch: 46, Steps: 1124 | Train Loss: 0.2277172 Vali Loss: 0.1872128 Test Loss: 0.2690207
EarlyStopping counter: 14 out of 20
Updating learning rate to 8.76720986900883e-05
	iters: 100, epoch: 47 | loss: 0.2660472
	speed: 0.3470s/iter; left time: 99044.8097s
	iters: 200, epoch: 47 | loss: 0.3124952
	speed: 0.0370s/iter; left time: 10561.1981s
	iters: 300, epoch: 47 | loss: 0.2263595
	speed: 0.0364s/iter; left time: 10383.2606s
	iters: 400, epoch: 47 | loss: 0.1926272
	speed: 0.0362s/iter; left time: 10311.9914s
	iters: 500, epoch: 47 | loss: 0.2309871
	speed: 0.0455s/iter; left time: 12966.1688s
	iters: 600, epoch: 47 | loss: 0.2075650
	speed: 0.0567s/iter; left time: 16158.1846s
	iters: 700, epoch: 47 | loss: 0.2107663
	speed: 0.0571s/iter; left time: 16265.4736s
	iters: 800, epoch: 47 | loss: 0.2167295
	speed: 0.0564s/iter; left time: 16065.6971s
	iters: 900, epoch: 47 | loss: 0.2563703
	speed: 0.0570s/iter; left time: 16228.9508s
	iters: 1000, epoch: 47 | loss: 0.2439536
	speed: 0.0572s/iter; left time: 16283.9855s
	iters: 1100, epoch: 47 | loss: 0.2417504
	speed: 0.0572s/iter; left time: 16260.5306s
Epoch: 47 cost time: 56.69921135902405
[2025-05-28 16:15:15] [32mIntermediate result: 0.2616625  (Index 46)[0m
Epoch: 47, Steps: 1124 | Train Loss: 0.2272475 Vali Loss: 0.1852251 Test Loss: 0.2616625
Validation loss decreased (0.186327 --> 0.185225).  Saving model ...
Updating learning rate to 8.930410842152502e-05
	iters: 100, epoch: 48 | loss: 0.2687573
	speed: 0.3241s/iter; left time: 92145.7041s
	iters: 200, epoch: 48 | loss: 0.2120892
	speed: 0.0376s/iter; left time: 10693.6475s
	iters: 300, epoch: 48 | loss: 0.1670980
	speed: 0.0440s/iter; left time: 12508.6021s
	iters: 400, epoch: 48 | loss: 0.2393012
	speed: 0.0571s/iter; left time: 16223.2341s
	iters: 500, epoch: 48 | loss: 0.2717980
	speed: 0.0573s/iter; left time: 16265.4424s
	iters: 600, epoch: 48 | loss: 0.2162017
	speed: 0.0563s/iter; left time: 15988.7818s
	iters: 700, epoch: 48 | loss: 0.2323302
	speed: 0.0570s/iter; left time: 16163.5785s
	iters: 800, epoch: 48 | loss: 0.2323576
	speed: 0.0565s/iter; left time: 16010.9268s
	iters: 900, epoch: 48 | loss: 0.2325819
	speed: 0.0567s/iter; left time: 16065.0977s
	iters: 1000, epoch: 48 | loss: 0.2355377
	speed: 0.0570s/iter; left time: 16160.9070s
	iters: 1100, epoch: 48 | loss: 0.1920311
	speed: 0.0491s/iter; left time: 13916.2633s
Epoch: 48 cost time: 59.23157262802124
[2025-05-28 16:16:38] [32mIntermediate result: 0.26447353  (Index 47)[0m
Epoch: 48, Steps: 1124 | Train Loss: 0.2266582 Vali Loss: 0.1912111 Test Loss: 0.2644735
EarlyStopping counter: 1 out of 20
Updating learning rate to 9.083386715311575e-05
	iters: 100, epoch: 49 | loss: 0.2366063
	speed: 0.3019s/iter; left time: 85488.3161s
	iters: 200, epoch: 49 | loss: 0.2280460
	speed: 0.0535s/iter; left time: 15146.9955s
	iters: 300, epoch: 49 | loss: 0.2238372
	speed: 0.0567s/iter; left time: 16040.1674s
	iters: 400, epoch: 49 | loss: 0.2369281
	speed: 0.0570s/iter; left time: 16130.8659s
	iters: 500, epoch: 49 | loss: 0.1840308
	speed: 0.0564s/iter; left time: 15947.8407s
	iters: 600, epoch: 49 | loss: 0.2054185
	speed: 0.0565s/iter; left time: 15975.1643s
	iters: 700, epoch: 49 | loss: 0.2290165
	speed: 0.0570s/iter; left time: 16095.9833s
	iters: 800, epoch: 49 | loss: 0.2215789
	speed: 0.0567s/iter; left time: 16023.3415s
	iters: 900, epoch: 49 | loss: 0.2001306
	speed: 0.0565s/iter; left time: 15948.0429s
	iters: 1000, epoch: 49 | loss: 0.2159245
	speed: 0.0410s/iter; left time: 11583.5470s
	iters: 1100, epoch: 49 | loss: 0.2160771
	speed: 0.0371s/iter; left time: 10464.5092s
Epoch: 49 cost time: 59.46795701980591
[2025-05-28 16:18:01] [32mIntermediate result: 0.26102656  (Index 48)[0m
Epoch: 49, Steps: 1124 | Train Loss: 0.2265548 Vali Loss: 0.1895078 Test Loss: 0.2610266
EarlyStopping counter: 2 out of 20
Updating learning rate to 9.22571817981886e-05
	iters: 100, epoch: 50 | loss: 0.2197971
	speed: 0.3242s/iter; left time: 91421.1907s
	iters: 200, epoch: 50 | loss: 0.2105515
	speed: 0.0561s/iter; left time: 15805.7101s
	iters: 300, epoch: 50 | loss: 0.2385739
	speed: 0.0583s/iter; left time: 16430.3738s
	iters: 400, epoch: 50 | loss: 0.1969769
	speed: 0.0569s/iter; left time: 16029.0901s
	iters: 500, epoch: 50 | loss: 0.2517346
	speed: 0.0566s/iter; left time: 15935.8344s
	iters: 600, epoch: 50 | loss: 0.2180424
	speed: 0.0567s/iter; left time: 15969.4805s
	iters: 700, epoch: 50 | loss: 0.2141107
	speed: 0.0566s/iter; left time: 15937.2973s
	iters: 800, epoch: 50 | loss: 0.1989116
	speed: 0.0505s/iter; left time: 14210.5102s
	iters: 900, epoch: 50 | loss: 0.2189887
	speed: 0.0374s/iter; left time: 10527.1650s
	iters: 1000, epoch: 50 | loss: 0.1989291
	speed: 0.0370s/iter; left time: 10397.5379s
	iters: 1100, epoch: 50 | loss: 0.2442121
	speed: 0.0350s/iter; left time: 9844.4787s
Epoch: 50 cost time: 58.50139355659485
[2025-05-28 16:19:25] [32mIntermediate result: 0.2603216  (Index 49)[0m
Epoch: 50, Steps: 1124 | Train Loss: 0.2260785 Vali Loss: 0.1868490 Test Loss: 0.2603216
EarlyStopping counter: 3 out of 20
Updating learning rate to 9.357015103456452e-05
	iters: 100, epoch: 51 | loss: 0.2177383
	speed: 0.3343s/iter; left time: 93892.7383s
	iters: 200, epoch: 51 | loss: 0.2436199
	speed: 0.0563s/iter; left time: 15810.8567s
	iters: 300, epoch: 51 | loss: 0.2232541
	speed: 0.0569s/iter; left time: 15961.7915s
	iters: 400, epoch: 51 | loss: 0.2071447
	speed: 0.0563s/iter; left time: 15790.4655s
	iters: 500, epoch: 51 | loss: 0.2502515
	speed: 0.0566s/iter; left time: 15879.8438s
	iters: 600, epoch: 51 | loss: 0.2144402
	speed: 0.0568s/iter; left time: 15935.9378s
	iters: 700, epoch: 51 | loss: 0.2284788
	speed: 0.0383s/iter; left time: 10723.7976s
	iters: 800, epoch: 51 | loss: 0.2344565
	speed: 0.0367s/iter; left time: 10290.0006s
	iters: 900, epoch: 51 | loss: 0.2344230
	speed: 0.0364s/iter; left time: 10204.6548s
	iters: 1000, epoch: 51 | loss: 0.2577192
	speed: 0.0363s/iter; left time: 10164.5260s
	iters: 1100, epoch: 51 | loss: 0.2384219
	speed: 0.0364s/iter; left time: 10174.8344s
Epoch: 51 cost time: 55.045639753341675
[2025-05-28 16:20:46] [32mIntermediate result: 0.26374003  (Index 50)[0m
Epoch: 51, Steps: 1124 | Train Loss: 0.2256126 Vali Loss: 0.1905093 Test Loss: 0.2637400
EarlyStopping counter: 4 out of 20
Updating learning rate to 9.476917599812727e-05
	iters: 100, epoch: 52 | loss: 0.2580908
	speed: 0.3540s/iter; left time: 99034.6467s
	iters: 200, epoch: 52 | loss: 0.2066428
	speed: 0.0571s/iter; left time: 15961.4345s
	iters: 300, epoch: 52 | loss: 0.2066314
	speed: 0.0576s/iter; left time: 16113.1837s
	iters: 400, epoch: 52 | loss: 0.2333785
	speed: 0.0564s/iter; left time: 15762.3872s
	iters: 500, epoch: 52 | loss: 0.2361775
	speed: 0.0361s/iter; left time: 10082.7198s
	iters: 600, epoch: 52 | loss: 0.2419948
	speed: 0.0362s/iter; left time: 10117.4863s
	iters: 700, epoch: 52 | loss: 0.2330763
	speed: 0.0369s/iter; left time: 10306.5064s
	iters: 800, epoch: 52 | loss: 0.2572413
	speed: 0.0370s/iter; left time: 10328.1526s
	iters: 900, epoch: 52 | loss: 0.2328117
	speed: 0.0368s/iter; left time: 10270.1796s
	iters: 1000, epoch: 52 | loss: 0.2402652
	speed: 0.0376s/iter; left time: 10482.0205s
	iters: 1100, epoch: 52 | loss: 0.2076192
	speed: 0.0393s/iter; left time: 10949.3117s
Epoch: 52 cost time: 51.82699728012085
[2025-05-28 16:22:07] [32mIntermediate result: 0.2649788  (Index 51)[0m
Epoch: 52, Steps: 1124 | Train Loss: 0.2251740 Vali Loss: 0.1897269 Test Loss: 0.2649788
EarlyStopping counter: 5 out of 20
Updating learning rate to 9.585097014735232e-05
	iters: 100, epoch: 53 | loss: 0.2323980
	speed: 0.3741s/iter; left time: 104233.6989s
	iters: 200, epoch: 53 | loss: 0.1851991
	speed: 0.0490s/iter; left time: 13654.2117s
	iters: 300, epoch: 53 | loss: 0.2618968
	speed: 0.0375s/iter; left time: 10441.3794s
	iters: 400, epoch: 53 | loss: 0.2208500
	speed: 0.0386s/iter; left time: 10755.7022s
	iters: 500, epoch: 53 | loss: 0.2540551
	speed: 0.0369s/iter; left time: 10270.3567s
	iters: 600, epoch: 53 | loss: 0.2567137
	speed: 0.0376s/iter; left time: 10453.5246s
	iters: 700, epoch: 53 | loss: 0.2177854
	speed: 0.0368s/iter; left time: 10226.9941s
	iters: 800, epoch: 53 | loss: 0.1970931
	speed: 0.0360s/iter; left time: 9993.1348s
	iters: 900, epoch: 53 | loss: 0.2063404
	speed: 0.0362s/iter; left time: 10071.0232s
	iters: 1000, epoch: 53 | loss: 0.1992374
	speed: 0.0359s/iter; left time: 9963.1435s
	iters: 1100, epoch: 53 | loss: 0.2343835
	speed: 0.0511s/iter; left time: 14189.8580s
Epoch: 53 cost time: 48.67019319534302
[2025-05-28 16:23:26] [32mIntermediate result: 0.27008817  (Index 52)[0m
Epoch: 53, Steps: 1124 | Train Loss: 0.2250328 Vali Loss: 0.1888839 Test Loss: 0.2700882
EarlyStopping counter: 6 out of 20
Updating learning rate to 9.681256827175567e-05
	iters: 100, epoch: 54 | loss: 0.2451421
	speed: 0.3703s/iter; left time: 102776.3366s
	iters: 200, epoch: 54 | loss: 0.2340997
	speed: 0.0358s/iter; left time: 9925.5003s
	iters: 300, epoch: 54 | loss: 0.1942748
	speed: 0.0366s/iter; left time: 10154.2842s
	iters: 400, epoch: 54 | loss: 0.2067131
	speed: 0.0369s/iter; left time: 10239.7255s
	iters: 500, epoch: 54 | loss: 0.2288314
	speed: 0.0372s/iter; left time: 10302.0022s
	iters: 600, epoch: 54 | loss: 0.2250214
	speed: 0.0365s/iter; left time: 10124.5222s
	iters: 700, epoch: 54 | loss: 0.2598596
	speed: 0.0367s/iter; left time: 10156.5633s
	iters: 800, epoch: 54 | loss: 0.2300655
	speed: 0.0352s/iter; left time: 9757.9130s
	iters: 900, epoch: 54 | loss: 0.2308716
	speed: 0.0561s/iter; left time: 15537.5595s
	iters: 1000, epoch: 54 | loss: 0.2100539
	speed: 0.0566s/iter; left time: 15662.2741s
	iters: 1100, epoch: 54 | loss: 0.2197920
	speed: 0.0566s/iter; left time: 15659.6424s
Epoch: 54 cost time: 49.69771122932434
[2025-05-28 16:24:42] [32mIntermediate result: 0.26039496  (Index 53)[0m
Epoch: 54, Steps: 1124 | Train Loss: 0.2245050 Vali Loss: 0.1873996 Test Loss: 0.2603950
EarlyStopping counter: 7 out of 20
Updating learning rate to 9.765133461957084e-05
	iters: 100, epoch: 55 | loss: 0.2072955
	speed: 0.3402s/iter; left time: 94021.6270s
	iters: 200, epoch: 55 | loss: 0.1884008
	speed: 0.0365s/iter; left time: 10074.3350s
	iters: 300, epoch: 55 | loss: 0.1978906
	speed: 0.0361s/iter; left time: 9980.7108s
	iters: 400, epoch: 55 | loss: 0.2309381
	speed: 0.0368s/iter; left time: 10172.4363s
	iters: 500, epoch: 55 | loss: 0.2122897
	speed: 0.0378s/iter; left time: 10431.2918s
	iters: 600, epoch: 55 | loss: 0.2069693
	speed: 0.0359s/iter; left time: 9898.6914s
	iters: 700, epoch: 55 | loss: 0.2460100
	speed: 0.0474s/iter; left time: 13062.2926s
	iters: 800, epoch: 55 | loss: 0.2124499
	speed: 0.0569s/iter; left time: 15692.7727s
	iters: 900, epoch: 55 | loss: 0.2358577
	speed: 0.0573s/iter; left time: 15781.4645s
	iters: 1000, epoch: 55 | loss: 0.2284055
	speed: 0.0573s/iter; left time: 15790.4716s
	iters: 1100, epoch: 55 | loss: 0.2448712
	speed: 0.0580s/iter; left time: 15987.0589s
Epoch: 55 cost time: 53.26782035827637
[2025-05-28 16:26:02] [32mIntermediate result: 0.2647915  (Index 54)[0m
Epoch: 55, Steps: 1124 | Train Loss: 0.2236224 Vali Loss: 0.1898238 Test Loss: 0.2647915
EarlyStopping counter: 8 out of 20
Updating learning rate to 9.83649701223753e-05
	iters: 100, epoch: 56 | loss: 0.2608818
	speed: 0.3362s/iter; left time: 92548.6272s
	iters: 200, epoch: 56 | loss: 0.2502441
	speed: 0.0371s/iter; left time: 10203.2560s
	iters: 300, epoch: 56 | loss: 0.2167089
	speed: 0.0379s/iter; left time: 10434.5280s
	iters: 400, epoch: 56 | loss: 0.2246807
	speed: 0.0366s/iter; left time: 10065.6318s
	iters: 500, epoch: 56 | loss: 0.2503657
	speed: 0.0487s/iter; left time: 13396.4956s
	iters: 600, epoch: 56 | loss: 0.2131805
	speed: 0.0571s/iter; left time: 15701.0544s
	iters: 700, epoch: 56 | loss: 0.2145324
	speed: 0.0564s/iter; left time: 15490.6151s
	iters: 800, epoch: 56 | loss: 0.2218641
	speed: 0.0568s/iter; left time: 15597.5404s
	iters: 900, epoch: 56 | loss: 0.1949047
	speed: 0.0568s/iter; left time: 15603.5850s
	iters: 1000, epoch: 56 | loss: 0.2537674
	speed: 0.0569s/iter; left time: 15620.2234s
	iters: 1100, epoch: 56 | loss: 0.2210066
	speed: 0.0570s/iter; left time: 15645.5761s
Epoch: 56 cost time: 56.744324922561646
[2025-05-28 16:27:24] [32mIntermediate result: 0.26842445  (Index 55)[0m
Epoch: 56, Steps: 1124 | Train Loss: 0.2236615 Vali Loss: 0.1933128 Test Loss: 0.2684245
EarlyStopping counter: 9 out of 20
Updating learning rate to 9.895151869686421e-05
	iters: 100, epoch: 57 | loss: 0.2225667
	speed: 0.3263s/iter; left time: 89459.3230s
	iters: 200, epoch: 57 | loss: 0.2011798
	speed: 0.0377s/iter; left time: 10320.3091s
	iters: 300, epoch: 57 | loss: 0.2299382
	speed: 0.0510s/iter; left time: 13963.8336s
	iters: 400, epoch: 57 | loss: 0.2139100
	speed: 0.0563s/iter; left time: 15416.4988s
	iters: 500, epoch: 57 | loss: 0.2361359
	speed: 0.0570s/iter; left time: 15608.0019s
	iters: 600, epoch: 57 | loss: 0.1820595
	speed: 0.0570s/iter; left time: 15588.8784s
	iters: 700, epoch: 57 | loss: 0.2098944
	speed: 0.0568s/iter; left time: 15530.6998s
	iters: 800, epoch: 57 | loss: 0.2475259
	speed: 0.0567s/iter; left time: 15513.2850s
	iters: 900, epoch: 57 | loss: 0.2073207
	speed: 0.0570s/iter; left time: 15575.3545s
	iters: 1000, epoch: 57 | loss: 0.2193872
	speed: 0.0569s/iter; left time: 15542.8020s
	iters: 1100, epoch: 57 | loss: 0.1968792
	speed: 0.0461s/iter; left time: 12600.6990s
Epoch: 57 cost time: 59.772478103637695
[2025-05-28 16:28:50] [32mIntermediate result: 0.25790408  (Index 56)[0m
Epoch: 57, Steps: 1124 | Train Loss: 0.2233920 Vali Loss: 0.1875354 Test Loss: 0.2579041
EarlyStopping counter: 10 out of 20
Updating learning rate to 9.940937260649755e-05
	iters: 100, epoch: 58 | loss: 0.2209364
	speed: 0.3352s/iter; left time: 91519.0589s
	iters: 200, epoch: 58 | loss: 0.2235315
	speed: 0.0561s/iter; left time: 15324.6049s
	iters: 300, epoch: 58 | loss: 0.2221687
	speed: 0.0572s/iter; left time: 15609.3229s
	iters: 400, epoch: 58 | loss: 0.2139901
	speed: 0.0578s/iter; left time: 15755.6448s
	iters: 500, epoch: 58 | loss: 0.2304960
	speed: 0.0570s/iter; left time: 15528.3017s
	iters: 600, epoch: 58 | loss: 0.2090725
	speed: 0.0565s/iter; left time: 15396.7515s
	iters: 700, epoch: 58 | loss: 0.2367862
	speed: 0.0566s/iter; left time: 15412.1105s
	iters: 800, epoch: 58 | loss: 0.1906502
	speed: 0.0567s/iter; left time: 15434.9533s
	iters: 900, epoch: 58 | loss: 0.1866314
	speed: 0.0415s/iter; left time: 11289.3619s
	iters: 1000, epoch: 58 | loss: 0.2250019
	speed: 0.0380s/iter; left time: 10337.2583s
	iters: 1100, epoch: 58 | loss: 0.2198120
	speed: 0.0403s/iter; left time: 10950.5063s
Epoch: 58 cost time: 59.91377067565918
[2025-05-28 16:30:15] [32mIntermediate result: 0.2662515  (Index 57)[0m
Epoch: 58, Steps: 1124 | Train Loss: 0.2228338 Vali Loss: 0.1864028 Test Loss: 0.2662515
EarlyStopping counter: 11 out of 20
Updating learning rate to 9.973727686832511e-05
	iters: 100, epoch: 59 | loss: 0.2931044
	speed: 0.3474s/iter; left time: 94471.8230s
	iters: 200, epoch: 59 | loss: 0.2301167
	speed: 0.0567s/iter; left time: 15398.4988s
	iters: 300, epoch: 59 | loss: 0.1965615
	speed: 0.0568s/iter; left time: 15439.7865s
	iters: 400, epoch: 59 | loss: 0.2088854
	speed: 0.0574s/iter; left time: 15582.4544s
	iters: 500, epoch: 59 | loss: 0.2214877
	speed: 0.0568s/iter; left time: 15431.5229s
	iters: 600, epoch: 59 | loss: 0.2421872
	speed: 0.0556s/iter; left time: 15102.3677s
	iters: 700, epoch: 59 | loss: 0.2196517
	speed: 0.0355s/iter; left time: 9625.0338s
	iters: 800, epoch: 59 | loss: 0.2165173
	speed: 0.0370s/iter; left time: 10036.9161s
	iters: 900, epoch: 59 | loss: 0.2553423
	speed: 0.0365s/iter; left time: 9888.8651s
	iters: 1000, epoch: 59 | loss: 0.2245986
	speed: 0.0374s/iter; left time: 10126.2287s
	iters: 1100, epoch: 59 | loss: 0.2208126
	speed: 0.0365s/iter; left time: 9892.3248s
Epoch: 59 cost time: 55.5469696521759
[2025-05-28 16:31:39] [32mIntermediate result: 0.26382995  (Index 58)[0m
Epoch: 59, Steps: 1124 | Train Loss: 0.2219823 Vali Loss: 0.1831887 Test Loss: 0.2638299
Validation loss decreased (0.185225 --> 0.183189).  Saving model ...
Updating learning rate to 9.993433269290934e-05
	iters: 100, epoch: 60 | loss: 0.1985092
	speed: 0.3720s/iter; left time: 100743.5228s
	iters: 200, epoch: 60 | loss: 0.2190225
	speed: 0.0589s/iter; left time: 15945.0564s
	iters: 300, epoch: 60 | loss: 0.2319754
	speed: 0.0590s/iter; left time: 15975.5527s
	iters: 400, epoch: 60 | loss: 0.2235176
	speed: 0.0412s/iter; left time: 11135.4337s
	iters: 500, epoch: 60 | loss: 0.1823394
	speed: 0.0374s/iter; left time: 10107.4378s
	iters: 600, epoch: 60 | loss: 0.2227393
	speed: 0.0376s/iter; left time: 10174.4371s
	iters: 700, epoch: 60 | loss: 0.2179191
	speed: 0.0380s/iter; left time: 10263.7736s
	iters: 800, epoch: 60 | loss: 0.1892285
	speed: 0.0381s/iter; left time: 10290.5030s
	iters: 900, epoch: 60 | loss: 0.2093463
	speed: 0.0381s/iter; left time: 10285.7422s
	iters: 1000, epoch: 60 | loss: 0.2410396
	speed: 0.0388s/iter; left time: 10463.7744s
	iters: 1100, epoch: 60 | loss: 0.2329116
	speed: 0.0393s/iter; left time: 10590.6653s
Epoch: 60 cost time: 51.46636915206909
[2025-05-28 16:33:00] [32mIntermediate result: 0.25725576  (Index 59)[0m
Epoch: 60, Steps: 1124 | Train Loss: 0.2215955 Vali Loss: 0.1916185 Test Loss: 0.2572558
EarlyStopping counter: 1 out of 20
Updating learning rate to 9.999999999660935e-05
	iters: 100, epoch: 61 | loss: 0.2114056
	speed: 0.3749s/iter; left time: 101103.8979s
	iters: 200, epoch: 61 | loss: 0.1947607
	speed: 0.0388s/iter; left time: 10465.1870s
	iters: 300, epoch: 61 | loss: 0.2029489
	speed: 0.0375s/iter; left time: 10104.5267s
	iters: 400, epoch: 61 | loss: 0.2092341
	speed: 0.0381s/iter; left time: 10261.8043s
	iters: 500, epoch: 61 | loss: 0.2434901
	speed: 0.0402s/iter; left time: 10828.6441s
	iters: 600, epoch: 61 | loss: 0.2138532
	speed: 0.0383s/iter; left time: 10310.4679s
	iters: 700, epoch: 61 | loss: 0.2360619
	speed: 0.0381s/iter; left time: 10256.1788s
	iters: 800, epoch: 61 | loss: 0.2434946
	speed: 0.0402s/iter; left time: 10800.0932s
	iters: 900, epoch: 61 | loss: 0.1939697
	speed: 0.0453s/iter; left time: 12167.2797s
	iters: 1000, epoch: 61 | loss: 0.2436784
	speed: 0.0584s/iter; left time: 15694.6195s
	iters: 1100, epoch: 61 | loss: 0.2069592
	speed: 0.0584s/iter; left time: 15691.5726s
Epoch: 61 cost time: 51.792359828948975
[2025-05-28 16:34:21] [32mIntermediate result: 0.25920084  (Index 60)[0m
Epoch: 61, Steps: 1124 | Train Loss: 0.2213576 Vali Loss: 0.1860069 Test Loss: 0.2592008
EarlyStopping counter: 2 out of 20
Updating learning rate to 9.999570877048185e-05
	iters: 100, epoch: 62 | loss: 0.2194436
	speed: 0.3589s/iter; left time: 96380.5591s
	iters: 200, epoch: 62 | loss: 0.2161402
	speed: 0.0374s/iter; left time: 10038.3291s
	iters: 300, epoch: 62 | loss: 0.2389374
	speed: 0.0376s/iter; left time: 10096.0979s
	iters: 400, epoch: 62 | loss: 0.2126377
	speed: 0.0378s/iter; left time: 10128.8927s
	iters: 500, epoch: 62 | loss: 0.1956807
	speed: 0.0377s/iter; left time: 10107.5572s
	iters: 600, epoch: 62 | loss: 0.1895013
	speed: 0.0425s/iter; left time: 11396.5405s
	iters: 700, epoch: 62 | loss: 0.2413115
	speed: 0.0588s/iter; left time: 15749.6602s
	iters: 800, epoch: 62 | loss: 0.2015675
	speed: 0.0580s/iter; left time: 15522.0452s
	iters: 900, epoch: 62 | loss: 0.2440943
	speed: 0.0580s/iter; left time: 15535.9648s
	iters: 1000, epoch: 62 | loss: 0.2298958
	speed: 0.0581s/iter; left time: 15561.7779s
	iters: 1100, epoch: 62 | loss: 0.2377520
	speed: 0.0600s/iter; left time: 16044.1026s
Epoch: 62 cost time: 55.76875901222229
[2025-05-28 16:35:43] [32mIntermediate result: 0.2564104  (Index 61)[0m
Epoch: 62, Steps: 1124 | Train Loss: 0.2211420 Vali Loss: 0.1796719 Test Loss: 0.2564104
Validation loss decreased (0.183189 --> 0.179672).  Saving model ...
Updating learning rate to 9.998285107130411e-05
	iters: 100, epoch: 63 | loss: 0.2150223
	speed: 0.3431s/iter; left time: 91751.4244s
	iters: 200, epoch: 63 | loss: 0.2489744
	speed: 0.0368s/iter; left time: 9833.3896s
	iters: 300, epoch: 63 | loss: 0.2196078
	speed: 0.0408s/iter; left time: 10894.2992s
	iters: 400, epoch: 63 | loss: 0.2302853
	speed: 0.0587s/iter; left time: 15685.6402s
	iters: 500, epoch: 63 | loss: 0.1943643
	speed: 0.0584s/iter; left time: 15586.2794s
	iters: 600, epoch: 63 | loss: 0.2002682
	speed: 0.0583s/iter; left time: 15550.8241s
	iters: 700, epoch: 63 | loss: 0.2420491
	speed: 0.0591s/iter; left time: 15760.4590s
	iters: 800, epoch: 63 | loss: 0.2199681
	speed: 0.0585s/iter; left time: 15597.4285s
	iters: 900, epoch: 63 | loss: 0.2342148
	speed: 0.0580s/iter; left time: 15456.5737s
	iters: 1000, epoch: 63 | loss: 0.2535757
	speed: 0.0592s/iter; left time: 15778.6297s
	iters: 1100, epoch: 63 | loss: 0.2427502
	speed: 0.0421s/iter; left time: 11207.9810s
Epoch: 63 cost time: 59.98734712600708
[2025-05-28 16:37:08] [32mIntermediate result: 0.25432482  (Index 62)[0m
Epoch: 63, Steps: 1124 | Train Loss: 0.2207168 Vali Loss: 0.1861221 Test Loss: 0.2543248
EarlyStopping counter: 1 out of 20
Updating learning rate to 9.996142910217667e-05
	iters: 100, epoch: 64 | loss: 0.2196363
	speed: 0.3283s/iter; left time: 87415.2904s
	iters: 200, epoch: 64 | loss: 0.2104660
	speed: 0.0581s/iter; left time: 15459.7325s
	iters: 300, epoch: 64 | loss: 0.2220115
	speed: 0.0578s/iter; left time: 15374.2548s
	iters: 400, epoch: 64 | loss: 0.2135552
	speed: 0.0562s/iter; left time: 14955.3779s
	iters: 500, epoch: 64 | loss: 0.1858208
	speed: 0.0576s/iter; left time: 15323.9774s
	iters: 600, epoch: 64 | loss: 0.1913669
	speed: 0.0594s/iter; left time: 15776.0300s
	iters: 700, epoch: 64 | loss: 0.2261159
	speed: 0.0577s/iter; left time: 15326.1473s
	iters: 800, epoch: 64 | loss: 0.1773788
	speed: 0.0537s/iter; left time: 14262.9585s
	iters: 900, epoch: 64 | loss: 0.1811807
	speed: 0.0380s/iter; left time: 10076.0933s
	iters: 1000, epoch: 64 | loss: 0.2085279
	speed: 0.0384s/iter; left time: 10190.2964s
	iters: 1100, epoch: 64 | loss: 0.2020239
	speed: 0.0383s/iter; left time: 10171.5518s
Epoch: 64 cost time: 59.91736149787903
[2025-05-28 16:38:34] [32mIntermediate result: 0.25886482  (Index 63)[0m
Epoch: 64, Steps: 1124 | Train Loss: 0.2201836 Vali Loss: 0.1964129 Test Loss: 0.2588648
EarlyStopping counter: 2 out of 20
Updating learning rate to 9.993144653364371e-05
	iters: 100, epoch: 65 | loss: 0.2361731
	speed: 0.3488s/iter; left time: 92480.7976s
	iters: 200, epoch: 65 | loss: 0.2144791
	speed: 0.0584s/iter; left time: 15476.6006s
	iters: 300, epoch: 65 | loss: 0.2040564
	speed: 0.0572s/iter; left time: 15149.7257s
	iters: 400, epoch: 65 | loss: 0.2174789
	speed: 0.0577s/iter; left time: 15277.7110s
	iters: 500, epoch: 65 | loss: 0.2031046
	speed: 0.0574s/iter; left time: 15203.2251s
	iters: 600, epoch: 65 | loss: 0.2209706
	speed: 0.0484s/iter; left time: 12799.3508s
	iters: 700, epoch: 65 | loss: 0.2139762
	speed: 0.0386s/iter; left time: 10204.0686s
	iters: 800, epoch: 65 | loss: 0.2614143
	speed: 0.0386s/iter; left time: 10200.5452s
	iters: 900, epoch: 65 | loss: 0.2102960
	speed: 0.0390s/iter; left time: 10316.5596s
	iters: 1000, epoch: 65 | loss: 0.2276454
	speed: 0.0390s/iter; left time: 10305.7915s
	iters: 1100, epoch: 65 | loss: 0.2465739
	speed: 0.0395s/iter; left time: 10447.1165s
Epoch: 65 cost time: 56.090344190597534
[2025-05-28 16:39:58] [32mIntermediate result: 0.26218644  (Index 64)[0m
Epoch: 65, Steps: 1124 | Train Loss: 0.2198736 Vali Loss: 0.1945208 Test Loss: 0.2621864
EarlyStopping counter: 3 out of 20
Updating learning rate to 9.989290850306397e-05
	iters: 100, epoch: 66 | loss: 0.1828718
	speed: 0.3685s/iter; left time: 97286.8357s
	iters: 200, epoch: 66 | loss: 0.2225790
	speed: 0.0570s/iter; left time: 15056.8251s
	iters: 300, epoch: 66 | loss: 0.1909448
	speed: 0.0521s/iter; left time: 13756.0488s
	iters: 400, epoch: 66 | loss: 0.2078615
	speed: 0.0384s/iter; left time: 10127.7548s
	iters: 500, epoch: 66 | loss: 0.2195371
	speed: 0.0384s/iter; left time: 10117.8019s
	iters: 600, epoch: 66 | loss: 0.2092044
	speed: 0.0372s/iter; left time: 9811.2935s
	iters: 700, epoch: 66 | loss: 0.1901768
	speed: 0.0373s/iter; left time: 9836.0396s
	iters: 800, epoch: 66 | loss: 0.2393284
	speed: 0.0385s/iter; left time: 10148.2294s
	iters: 900, epoch: 66 | loss: 0.2199130
	speed: 0.0383s/iter; left time: 10095.2887s
	iters: 1000, epoch: 66 | loss: 0.1816931
	speed: 0.0371s/iter; left time: 9762.5218s
	iters: 1100, epoch: 66 | loss: 0.2167756
	speed: 0.0373s/iter; left time: 9805.7412s
Epoch: 66 cost time: 49.897634506225586
[2025-05-28 16:41:18] [32mIntermediate result: 0.25628397  (Index 65)[0m
Epoch: 66, Steps: 1124 | Train Loss: 0.2194426 Vali Loss: 0.1922510 Test Loss: 0.2562840
EarlyStopping counter: 4 out of 20
Updating learning rate to 9.984582161373057e-05
	iters: 100, epoch: 67 | loss: 0.2183630
	speed: 0.3733s/iter; left time: 98144.5414s
	iters: 200, epoch: 67 | loss: 0.1783618
	speed: 0.0377s/iter; left time: 9910.5500s
	iters: 300, epoch: 67 | loss: 0.1901794
	speed: 0.0373s/iter; left time: 9790.1134s
	iters: 400, epoch: 67 | loss: 0.2097830
	speed: 0.0383s/iter; left time: 10069.8143s
	iters: 500, epoch: 67 | loss: 0.2070646
	speed: 0.0383s/iter; left time: 10044.4411s
	iters: 600, epoch: 67 | loss: 0.2549863
	speed: 0.0381s/iter; left time: 10001.5743s
	iters: 700, epoch: 67 | loss: 0.2081635
	speed: 0.0377s/iter; left time: 9892.3541s
	iters: 800, epoch: 67 | loss: 0.2171515
	speed: 0.0374s/iter; left time: 9815.8839s
	iters: 900, epoch: 67 | loss: 0.2197065
	speed: 0.0469s/iter; left time: 12303.4339s
	iters: 1000, epoch: 67 | loss: 0.2270437
	speed: 0.0589s/iter; left time: 15443.6426s
	iters: 1100, epoch: 67 | loss: 0.2136666
	speed: 0.0585s/iter; left time: 15334.4592s
Epoch: 67 cost time: 50.513643980026245
[2025-05-28 16:42:37] [32mIntermediate result: 0.2564251  (Index 66)[0m
Epoch: 67, Steps: 1124 | Train Loss: 0.2189395 Vali Loss: 0.1855007 Test Loss: 0.2564251
EarlyStopping counter: 5 out of 20
Updating learning rate to 9.979019393373964e-05
	iters: 100, epoch: 68 | loss: 0.2058952
	speed: 0.3571s/iter; left time: 93499.2811s
	iters: 200, epoch: 68 | loss: 0.2508626
	speed: 0.0380s/iter; left time: 9936.0326s
	iters: 300, epoch: 68 | loss: 0.2059663
	speed: 0.0370s/iter; left time: 9677.6046s
	iters: 400, epoch: 68 | loss: 0.2001825
	speed: 0.0382s/iter; left time: 9979.5099s
	iters: 500, epoch: 68 | loss: 0.2466098
	speed: 0.0386s/iter; left time: 10084.1525s
	iters: 600, epoch: 68 | loss: 0.2280776
	speed: 0.0472s/iter; left time: 12345.0954s
	iters: 700, epoch: 68 | loss: 0.1836095
	speed: 0.0585s/iter; left time: 15281.0395s
	iters: 800, epoch: 68 | loss: 0.2146089
	speed: 0.0577s/iter; left time: 15072.3959s
	iters: 900, epoch: 68 | loss: 0.2237034
	speed: 0.0575s/iter; left time: 15019.7069s
	iters: 1000, epoch: 68 | loss: 0.2284985
	speed: 0.0590s/iter; left time: 15384.4629s
	iters: 1100, epoch: 68 | loss: 0.2139900
	speed: 0.0576s/iter; left time: 15021.1762s
Epoch: 68 cost time: 56.08472681045532
[2025-05-28 16:44:00] [32mIntermediate result: 0.25345352  (Index 67)[0m
Epoch: 68, Steps: 1124 | Train Loss: 0.2187508 Vali Loss: 0.1835369 Test Loss: 0.2534535
EarlyStopping counter: 6 out of 20
Updating learning rate to 9.972603499460774e-05
	iters: 100, epoch: 69 | loss: 0.1958823
	speed: 0.3383s/iter; left time: 88187.0813s
	iters: 200, epoch: 69 | loss: 0.2317750
	speed: 0.0389s/iter; left time: 10137.8608s
	iters: 300, epoch: 69 | loss: 0.2272489
	speed: 0.0467s/iter; left time: 12158.4376s
	iters: 400, epoch: 69 | loss: 0.2101071
	speed: 0.0592s/iter; left time: 15411.0789s
	iters: 500, epoch: 69 | loss: 0.2076277
	speed: 0.0591s/iter; left time: 15387.5381s
	iters: 600, epoch: 69 | loss: 0.1744801
	speed: 0.0583s/iter; left time: 15167.0108s
	iters: 700, epoch: 69 | loss: 0.2163140
	speed: 0.0587s/iter; left time: 15255.1023s
	iters: 800, epoch: 69 | loss: 0.2005124
	speed: 0.0582s/iter; left time: 15130.0989s
	iters: 900, epoch: 69 | loss: 0.2080118
	speed: 0.0588s/iter; left time: 15284.7107s
	iters: 1000, epoch: 69 | loss: 0.2151329
	speed: 0.0593s/iter; left time: 15407.3317s
	iters: 1100, epoch: 69 | loss: 0.1934003
	speed: 0.0386s/iter; left time: 10034.2666s
Epoch: 69 cost time: 60.50425362586975
[2025-05-28 16:45:24] [32mIntermediate result: 0.25205517  (Index 68)[0m
Epoch: 69, Steps: 1124 | Train Loss: 0.2181029 Vali Loss: 0.1840399 Test Loss: 0.2520552
EarlyStopping counter: 7 out of 20
Updating learning rate to 9.965335578963882e-05
	iters: 100, epoch: 70 | loss: 0.2581285
	speed: 0.3182s/iter; left time: 82595.7255s
	iters: 200, epoch: 70 | loss: 0.2438031
	speed: 0.0586s/iter; left time: 15201.0581s
	iters: 300, epoch: 70 | loss: 0.2175336
	speed: 0.0579s/iter; left time: 15012.9182s
	iters: 400, epoch: 70 | loss: 0.2373174
	speed: 0.0589s/iter; left time: 15260.5741s
	iters: 500, epoch: 70 | loss: 0.2040752
	speed: 0.0583s/iter; left time: 15095.9063s
	iters: 600, epoch: 70 | loss: 0.2078755
	speed: 0.0586s/iter; left time: 15183.3552s
	iters: 700, epoch: 70 | loss: 0.2096388
	speed: 0.0584s/iter; left time: 15115.1799s
	iters: 800, epoch: 70 | loss: 0.2178869
	speed: 0.0523s/iter; left time: 13534.6899s
	iters: 900, epoch: 70 | loss: 0.2091496
	speed: 0.0379s/iter; left time: 9805.9845s
	iters: 1000, epoch: 70 | loss: 0.2320941
	speed: 0.0372s/iter; left time: 9622.3593s
	iters: 1100, epoch: 70 | loss: 0.1914662
	speed: 0.0374s/iter; left time: 9676.7101s
Epoch: 70 cost time: 59.922476291656494
[2025-05-28 16:46:50] [32mIntermediate result: 0.2617931  (Index 69)[0m
Epoch: 70, Steps: 1124 | Train Loss: 0.2179723 Vali Loss: 0.1941741 Test Loss: 0.2617931
EarlyStopping counter: 8 out of 20
Updating learning rate to 9.95721687720405e-05
	iters: 100, epoch: 71 | loss: 0.2140540
	speed: 0.3569s/iter; left time: 92234.1475s
	iters: 200, epoch: 71 | loss: 0.2186554
	speed: 0.0588s/iter; left time: 15183.6712s
	iters: 300, epoch: 71 | loss: 0.2195261
	speed: 0.0585s/iter; left time: 15102.2516s
	iters: 400, epoch: 71 | loss: 0.2119369
	speed: 0.0592s/iter; left time: 15269.4393s
	iters: 500, epoch: 71 | loss: 0.2289295
	speed: 0.0564s/iter; left time: 14554.1619s
	iters: 600, epoch: 71 | loss: 0.2071969
	speed: 0.0371s/iter; left time: 9579.0248s
	iters: 700, epoch: 71 | loss: 0.2029078
	speed: 0.0379s/iter; left time: 9761.2334s
	iters: 800, epoch: 71 | loss: 0.2121793
	speed: 0.0368s/iter; left time: 9474.8479s
	iters: 900, epoch: 71 | loss: 0.2033578
	speed: 0.0379s/iter; left time: 9752.2302s
	iters: 1000, epoch: 71 | loss: 0.2104053
	speed: 0.0382s/iter; left time: 9828.2870s
	iters: 1100, epoch: 71 | loss: 0.2322017
	speed: 0.0376s/iter; left time: 9671.3394s
Epoch: 71 cost time: 54.833312034606934
[2025-05-28 16:48:14] [32mIntermediate result: 0.2588838  (Index 70)[0m
Epoch: 71, Steps: 1124 | Train Loss: 0.2177495 Vali Loss: 0.1855485 Test Loss: 0.2588838
EarlyStopping counter: 9 out of 20
Updating learning rate to 9.948248785279026e-05
	iters: 100, epoch: 72 | loss: 0.2107953
	speed: 0.3734s/iter; left time: 96070.3435s
	iters: 200, epoch: 72 | loss: 0.2666973
	speed: 0.0561s/iter; left time: 14423.2749s
	iters: 300, epoch: 72 | loss: 0.2201462
	speed: 0.0416s/iter; left time: 10689.3191s
	iters: 400, epoch: 72 | loss: 0.2167752
	speed: 0.0366s/iter; left time: 9404.8325s
	iters: 500, epoch: 72 | loss: 0.2146672
	speed: 0.0376s/iter; left time: 9669.7126s
	iters: 600, epoch: 72 | loss: 0.2537447
	speed: 0.0381s/iter; left time: 9774.3403s
	iters: 700, epoch: 72 | loss: 0.2391519
	speed: 0.0386s/iter; left time: 9911.1019s
	iters: 800, epoch: 72 | loss: 0.2135859
	speed: 0.0381s/iter; left time: 9774.9905s
	iters: 900, epoch: 72 | loss: 0.2606778
	speed: 0.0381s/iter; left time: 9761.1145s
	iters: 1000, epoch: 72 | loss: 0.1949488
	speed: 0.0379s/iter; left time: 9726.6102s
	iters: 1100, epoch: 72 | loss: 0.1869266
	speed: 0.0492s/iter; left time: 12606.7029s
Epoch: 72 cost time: 50.26279950141907
[2025-05-28 16:49:33] [32mIntermediate result: 0.25178677  (Index 71)[0m
Epoch: 72, Steps: 1124 | Train Loss: 0.2172113 Vali Loss: 0.1846960 Test Loss: 0.2517868
EarlyStopping counter: 10 out of 20
Updating learning rate to 9.938432839825197e-05
	iters: 100, epoch: 73 | loss: 0.2420912
	speed: 0.3637s/iter; left time: 93165.3161s
	iters: 200, epoch: 73 | loss: 0.1733875
	speed: 0.0383s/iter; left time: 9812.6093s
	iters: 300, epoch: 73 | loss: 0.2293617
	speed: 0.0370s/iter; left time: 9464.2703s
	iters: 400, epoch: 73 | loss: 0.2236695
	speed: 0.0397s/iter; left time: 10167.9757s
	iters: 500, epoch: 73 | loss: 0.1843435
	speed: 0.0395s/iter; left time: 10115.2591s
	iters: 600, epoch: 73 | loss: 0.1878248
	speed: 0.0380s/iter; left time: 9716.4206s
	iters: 700, epoch: 73 | loss: 0.1956024
	speed: 0.0371s/iter; left time: 9484.4809s
	iters: 800, epoch: 73 | loss: 0.1847705
	speed: 0.0427s/iter; left time: 10915.8442s
	iters: 900, epoch: 73 | loss: 0.2624384
	speed: 0.0582s/iter; left time: 14860.4465s
	iters: 1000, epoch: 73 | loss: 0.2101836
	speed: 0.0591s/iter; left time: 15091.3397s
	iters: 1100, epoch: 73 | loss: 0.2417435
	speed: 0.0589s/iter; left time: 15020.3611s
Epoch: 73 cost time: 52.080390214920044
[2025-05-28 16:50:53] [32mIntermediate result: 0.25437507  (Index 72)[0m
Epoch: 73, Steps: 1124 | Train Loss: 0.2169682 Vali Loss: 0.1834452 Test Loss: 0.2543751
EarlyStopping counter: 11 out of 20
Updating learning rate to 9.927770722754282e-05
	iters: 100, epoch: 74 | loss: 0.2046697
	speed: 0.3508s/iter; left time: 89461.4931s
	iters: 200, epoch: 74 | loss: 0.2240166
	speed: 0.0369s/iter; left time: 9406.6864s
	iters: 300, epoch: 74 | loss: 0.2036926
	speed: 0.0371s/iter; left time: 9442.8279s
	iters: 400, epoch: 74 | loss: 0.2328334
	speed: 0.0382s/iter; left time: 9726.0212s
	iters: 500, epoch: 74 | loss: 0.2413878
	speed: 0.0371s/iter; left time: 9452.4437s
	iters: 600, epoch: 74 | loss: 0.2040699
	speed: 0.0578s/iter; left time: 14704.4350s
	iters: 700, epoch: 74 | loss: 0.2218266
	speed: 0.0574s/iter; left time: 14612.3376s
	iters: 800, epoch: 74 | loss: 0.2327187
	speed: 0.0581s/iter; left time: 14779.1097s
	iters: 900, epoch: 74 | loss: 0.2046919
	speed: 0.0572s/iter; left time: 14537.5345s
	iters: 1000, epoch: 74 | loss: 0.2377727
	speed: 0.0576s/iter; left time: 14648.3338s
	iters: 1100, epoch: 74 | loss: 0.2320877
	speed: 0.0568s/iter; left time: 14420.1111s
Epoch: 74 cost time: 56.45052790641785
[2025-05-28 16:52:16] [32mIntermediate result: 0.25822893  (Index 73)[0m
Epoch: 74, Steps: 1124 | Train Loss: 0.2163600 Vali Loss: 0.1826399 Test Loss: 0.2582289
EarlyStopping counter: 12 out of 20
Updating learning rate to 9.916264260965154e-05
	iters: 100, epoch: 75 | loss: 0.2251171
	speed: 0.3362s/iter; left time: 85372.5748s
	iters: 200, epoch: 75 | loss: 0.2026262
	speed: 0.0381s/iter; left time: 9659.6723s
	iters: 300, epoch: 75 | loss: 0.2246389
	speed: 0.0507s/iter; left time: 12853.2021s
	iters: 400, epoch: 75 | loss: 0.2350121
	speed: 0.0588s/iter; left time: 14922.9215s
	iters: 500, epoch: 75 | loss: 0.2121127
	speed: 0.0596s/iter; left time: 15121.5487s
	iters: 600, epoch: 75 | loss: 0.2117089
	speed: 0.0583s/iter; left time: 14775.6555s
	iters: 700, epoch: 75 | loss: 0.2018369
	speed: 0.0586s/iter; left time: 14843.4514s
	iters: 800, epoch: 75 | loss: 0.2020884
	speed: 0.0585s/iter; left time: 14807.2965s
	iters: 900, epoch: 75 | loss: 0.2094904
	speed: 0.0593s/iter; left time: 14998.5517s
	iters: 1000, epoch: 75 | loss: 0.2188799
	speed: 0.0531s/iter; left time: 13446.2900s
	iters: 1100, epoch: 75 | loss: 0.2298545
	speed: 0.0393s/iter; left time: 9944.0357s
Epoch: 75 cost time: 59.89090085029602
[2025-05-28 16:53:41] [32mIntermediate result: 0.25560087  (Index 74)[0m
Epoch: 75, Steps: 1124 | Train Loss: 0.2161155 Vali Loss: 0.1922120 Test Loss: 0.2556009
EarlyStopping counter: 13 out of 20
Updating learning rate to 9.903915426030803e-05
	iters: 100, epoch: 76 | loss: 0.1939135
	speed: 0.3341s/iter; left time: 84470.2602s
	iters: 200, epoch: 76 | loss: 0.2001664
	speed: 0.0568s/iter; left time: 14364.1563s
	iters: 300, epoch: 76 | loss: 0.1893767
	speed: 0.0573s/iter; left time: 14480.0960s
	iters: 400, epoch: 76 | loss: 0.1907221
	speed: 0.0580s/iter; left time: 14643.5721s
	iters: 500, epoch: 76 | loss: 0.2196139
	speed: 0.0581s/iter; left time: 14655.0165s
	iters: 600, epoch: 76 | loss: 0.2418494
	speed: 0.0578s/iter; left time: 14579.3284s
	iters: 700, epoch: 76 | loss: 0.2022431
	speed: 0.0573s/iter; left time: 14456.5440s
	iters: 800, epoch: 76 | loss: 0.2592570
	speed: 0.0435s/iter; left time: 10970.4702s
	iters: 900, epoch: 76 | loss: 0.2247933
	speed: 0.0374s/iter; left time: 9426.5822s
	iters: 1000, epoch: 76 | loss: 0.2146717
	speed: 0.0369s/iter; left time: 9288.0872s
	iters: 1100, epoch: 76 | loss: 0.1823310
	speed: 0.0390s/iter; left time: 9822.5343s
Epoch: 76 cost time: 59.1173038482666
[2025-05-28 16:55:07] [32mIntermediate result: 0.25616783  (Index 75)[0m
Epoch: 76, Steps: 1124 | Train Loss: 0.2160808 Vali Loss: 0.1859393 Test Loss: 0.2561678
EarlyStopping counter: 14 out of 20
Updating learning rate to 9.890726333860526e-05
	iters: 100, epoch: 77 | loss: 0.2051353
	speed: 0.3607s/iter; left time: 90769.6012s
	iters: 200, epoch: 77 | loss: 0.2236161
	speed: 0.0578s/iter; left time: 14535.1651s
	iters: 300, epoch: 77 | loss: 0.1970312
	speed: 0.0586s/iter; left time: 14736.4134s
	iters: 400, epoch: 77 | loss: 0.2158635
	speed: 0.0581s/iter; left time: 14609.7592s
	iters: 500, epoch: 77 | loss: 0.2169201
	speed: 0.0517s/iter; left time: 12994.7606s
	iters: 600, epoch: 77 | loss: 0.2206437
	speed: 0.0368s/iter; left time: 9237.8061s
	iters: 700, epoch: 77 | loss: 0.1912338
	speed: 0.0373s/iter; left time: 9358.5443s
	iters: 800, epoch: 77 | loss: 0.2205451
	speed: 0.0366s/iter; left time: 9189.6359s
	iters: 900, epoch: 77 | loss: 0.1885907
	speed: 0.0364s/iter; left time: 9131.9350s
	iters: 1000, epoch: 77 | loss: 0.2137213
	speed: 0.0365s/iter; left time: 9163.9992s
	iters: 1100, epoch: 77 | loss: 0.1892345
	speed: 0.0369s/iter; left time: 9248.5483s
Epoch: 77 cost time: 53.38226532936096
[2025-05-28 16:56:30] [32mIntermediate result: 0.25154734  (Index 76)[0m
Epoch: 77, Steps: 1124 | Train Loss: 0.2155416 Vali Loss: 0.1824724 Test Loss: 0.2515473
EarlyStopping counter: 15 out of 20
Updating learning rate to 9.876699244337367e-05
	iters: 100, epoch: 78 | loss: 0.2291380
	speed: 0.3783s/iter; left time: 94789.9063s
	iters: 200, epoch: 78 | loss: 0.2294140
	speed: 0.0587s/iter; left time: 14714.1024s
	iters: 300, epoch: 78 | loss: 0.2256800
	speed: 0.0400s/iter; left time: 10015.0571s
	iters: 400, epoch: 78 | loss: 0.2150374
	speed: 0.0371s/iter; left time: 9279.6675s
	iters: 500, epoch: 78 | loss: 0.2144411
	speed: 0.0370s/iter; left time: 9254.7832s
	iters: 600, epoch: 78 | loss: 0.1974196
	speed: 0.0396s/iter; left time: 9891.6510s
	iters: 700, epoch: 78 | loss: 0.2174374
	speed: 0.0396s/iter; left time: 9896.8004s
	iters: 800, epoch: 78 | loss: 0.2105570
	speed: 0.0398s/iter; left time: 9948.8549s
	iters: 900, epoch: 78 | loss: 0.2091878
	speed: 0.0387s/iter; left time: 9660.3878s
	iters: 1000, epoch: 78 | loss: 0.2216627
	speed: 0.0388s/iter; left time: 9678.4649s
	iters: 1100, epoch: 78 | loss: 0.2172373
	speed: 0.0524s/iter; left time: 13083.6861s
Epoch: 78 cost time: 51.338597774505615
[2025-05-28 16:57:50] [32mIntermediate result: 0.25164372  (Index 77)[0m
Epoch: 78, Steps: 1124 | Train Loss: 0.2151745 Vali Loss: 0.1813590 Test Loss: 0.2516437
EarlyStopping counter: 16 out of 20
Updating learning rate to 9.861836560930903e-05
	iters: 100, epoch: 79 | loss: 0.2488191
	speed: 0.3634s/iter; left time: 90651.0619s
	iters: 200, epoch: 79 | loss: 0.2110857
	speed: 0.0370s/iter; left time: 9233.9032s
	iters: 300, epoch: 79 | loss: 0.2697076
	speed: 0.0363s/iter; left time: 9037.6851s
	iters: 400, epoch: 79 | loss: 0.1897060
	speed: 0.0372s/iter; left time: 9255.4154s
	iters: 500, epoch: 79 | loss: 0.1958554
	speed: 0.0369s/iter; left time: 9190.4782s
	iters: 600, epoch: 79 | loss: 0.2694232
	speed: 0.0365s/iter; left time: 9086.2328s
	iters: 700, epoch: 79 | loss: 0.2437295
	speed: 0.0372s/iter; left time: 9244.9250s
	iters: 800, epoch: 79 | loss: 0.2659799
	speed: 0.0414s/iter; left time: 10299.5608s
	iters: 900, epoch: 79 | loss: 0.1640173
	speed: 0.0581s/iter; left time: 14433.3623s
	iters: 1000, epoch: 79 | loss: 0.2184469
	speed: 0.0574s/iter; left time: 14261.3499s
	iters: 1100, epoch: 79 | loss: 0.2102375
	speed: 0.0581s/iter; left time: 14428.5267s
Epoch: 79 cost time: 50.87023901939392
[2025-05-28 16:59:09] [32mIntermediate result: 0.25175467  (Index 78)[0m
Epoch: 79, Steps: 1124 | Train Loss: 0.2151177 Vali Loss: 0.1842761 Test Loss: 0.2517547
EarlyStopping counter: 17 out of 20
Updating learning rate to 9.846140830285423e-05
	iters: 100, epoch: 80 | loss: 0.2199279
	speed: 0.3531s/iter; left time: 87684.1162s
	iters: 200, epoch: 80 | loss: 0.1976780
	speed: 0.0363s/iter; left time: 9020.0403s
	iters: 300, epoch: 80 | loss: 0.2493408
	speed: 0.0368s/iter; left time: 9135.3921s
	iters: 400, epoch: 80 | loss: 0.2148935
	speed: 0.0377s/iter; left time: 9360.2738s
	iters: 500, epoch: 80 | loss: 0.1992929
	speed: 0.0403s/iter; left time: 9993.5190s
	iters: 600, epoch: 80 | loss: 0.2192688
	speed: 0.0586s/iter; left time: 14525.7731s
	iters: 700, epoch: 80 | loss: 0.2045846
	speed: 0.0578s/iter; left time: 14307.3853s
	iters: 800, epoch: 80 | loss: 0.2516561
	speed: 0.0580s/iter; left time: 14361.0710s
	iters: 900, epoch: 80 | loss: 0.2109752
	speed: 0.0588s/iter; left time: 14546.4332s
	iters: 1000, epoch: 80 | loss: 0.2555245
	speed: 0.0594s/iter; left time: 14686.5545s
	iters: 1100, epoch: 80 | loss: 0.2233488
	speed: 0.0585s/iter; left time: 14457.3612s
Epoch: 80 cost time: 57.42091512680054
[2025-05-28 17:00:33] [32mIntermediate result: 0.25263476  (Index 79)[0m
Epoch: 80, Steps: 1124 | Train Loss: 0.2146205 Vali Loss: 0.1881722 Test Loss: 0.2526348
EarlyStopping counter: 18 out of 20
Updating learning rate to 9.829614741783572e-05
	iters: 100, epoch: 81 | loss: 0.2171565
	speed: 0.3280s/iter; left time: 81076.4735s
	iters: 200, epoch: 81 | loss: 0.1974059
	speed: 0.0364s/iter; left time: 8991.9019s
	iters: 300, epoch: 81 | loss: 0.2095786
	speed: 0.0562s/iter; left time: 13877.4725s
	iters: 400, epoch: 81 | loss: 0.2201210
	speed: 0.0580s/iter; left time: 14330.2220s
	iters: 500, epoch: 81 | loss: 0.2623022
	speed: 0.0595s/iter; left time: 14671.1344s
	iters: 600, epoch: 81 | loss: 0.1861270
	speed: 0.0596s/iter; left time: 14705.8053s
	iters: 700, epoch: 81 | loss: 0.1846269
	speed: 0.0587s/iter; left time: 14479.1334s
	iters: 800, epoch: 81 | loss: 0.1711699
	speed: 0.0584s/iter; left time: 14396.5147s
	iters: 900, epoch: 81 | loss: 0.2370002
	speed: 0.0588s/iter; left time: 14482.0121s
	iters: 1000, epoch: 81 | loss: 0.2359455
	speed: 0.0485s/iter; left time: 11950.1025s
	iters: 1100, epoch: 81 | loss: 0.2307745
	speed: 0.0365s/iter; left time: 8981.5744s
Epoch: 81 cost time: 59.32276701927185
[2025-05-28 17:01:56] [32mIntermediate result: 0.25284472  (Index 80)[0m
Epoch: 81, Steps: 1124 | Train Loss: 0.2142585 Vali Loss: 0.1908004 Test Loss: 0.2528447
EarlyStopping counter: 19 out of 20
Updating learning rate to 9.812261127085539e-05
	iters: 100, epoch: 82 | loss: 0.2252301
	speed: 0.3276s/iter; left time: 80612.6806s
	iters: 200, epoch: 82 | loss: 0.2144516
	speed: 0.0584s/iter; left time: 14365.6765s
	iters: 300, epoch: 82 | loss: 0.2145682
	speed: 0.0580s/iter; left time: 14256.1572s
	iters: 400, epoch: 82 | loss: 0.2402880
	speed: 0.0587s/iter; left time: 14437.7310s
	iters: 500, epoch: 82 | loss: 0.2015858
	speed: 0.0580s/iter; left time: 14250.8838s
	iters: 600, epoch: 82 | loss: 0.1915245
	speed: 0.0588s/iter; left time: 14441.0884s
	iters: 700, epoch: 82 | loss: 0.2181195
	speed: 0.0581s/iter; left time: 14263.5703s
	iters: 800, epoch: 82 | loss: 0.2045080
	speed: 0.0407s/iter; left time: 9982.2432s
	iters: 900, epoch: 82 | loss: 0.2616595
	speed: 0.0373s/iter; left time: 9141.0149s
	iters: 1000, epoch: 82 | loss: 0.2204096
	speed: 0.0366s/iter; left time: 8977.3248s
	iters: 1100, epoch: 82 | loss: 0.2373262
	speed: 0.0368s/iter; left time: 9015.8676s
Epoch: 82 cost time: 59.09090709686279
[2025-05-28 17:03:22] [32mIntermediate result: 0.2547418  (Index 81)[0m
Epoch: 82, Steps: 1124 | Train Loss: 0.2140926 Vali Loss: 0.1854415 Test Loss: 0.2547418
EarlyStopping counter: 20 out of 20
Early stopping
>>>>>>>testing : 96_720_PRNN_TST_Solar_ftM_sl96_ll18_pl720_dm128_nh16_el3_dl1_df256_fc1_ebtimeF_dtTrue_Exp_0<<<<<<<<<<<<<<<<<<<<<<<<<<<<<<<<<
test 9793
mse:0.25640830397605896, mae:0.28855645656585693, rse:0.587121307849884
[2025-05-28 17:05:14] [32mFinal result: 0.2564083[0m
